step,t,solve_ms,mx,my,myaw_deg,v,min_dist,ref_x,ref_y,steer_rad,accel_cmd,throttle,brake,z,vz,obs_clear
0.000000,0.000000,13.831900,0.000000,0.000000,0.000000,2.500000,0.000000,0.000000,0.000000,-0.008724,-0.000090,0.000000,0.000000,0.000000,0.000000,7.338835
1.000000,0.050000,14.417800,0.125000,0.000000,-0.041657,2.499996,0.025000,0.100000,0.000000,-0.010263,-0.018990,0.000000,0.000000,0.000000,0.000000,7.214661
2.000000,0.100000,13.634200,0.250000,-0.000091,-0.090661,2.499046,0.050000,0.200000,0.000000,0.003671,0.098617,0.000000,0.000000,0.000000,0.000000,7.090468
3.000000,0.150000,14.799400,0.374952,-0.000289,-0.073141,2.503977,0.025050,0.400000,0.000000,0.005856,0.051343,0.000000,0.000000,0.000000,0.000000,6.967087
4.000000,0.200000,14.493600,0.500151,-0.000448,-0.045137,2.506544,0.000473,0.500000,0.000000,0.010202,0.055353,0.000000,0.000000,0.000000,0.000000,6.843605
5.000000,0.250000,14.460400,0.625478,-0.000547,0.003702,2.509312,0.025484,0.600000,0.000000,0.010782,-0.082885,0.000000,0.000000,0.000000,0.000000,6.720241
6.000000,0.300000,14.649500,0.750943,-0.000539,0.055377,2.505167,0.049060,0.800000,0.000000,0.001038,-0.072910,0.000000,0.000000,0.000000,0.000000,6.596791
7.000000,0.350000,14.706700,0.876202,-0.000418,0.060344,2.501522,0.023802,0.900000,0.000000,-0.002997,-0.068421,0.000000,0.000000,0.000000,0.000000,6.473086
8.000000,0.400000,14.348100,1.001278,-0.000286,0.046026,2.498101,0.001309,1.000000,0.000000,-0.011763,-0.034340,0.000000,0.000000,0.000000,0.000000,6.349410
9.000000,0.450000,13.499200,1.126183,-0.000186,-0.010099,2.496384,0.026183,1.100000,0.000000,-0.015611,-0.045748,0.000000,0.000000,0.000000,0.000000,6.225542
10.000000,0.500000,14.419600,1.251002,-0.000208,-0.084536,2.494096,0.048999,1.300000,0.000000,-0.007262,-0.099673,0.000000,0.000000,0.000000,0.000000,6.101666
11.000000,0.550000,13.683900,1.375707,-0.000392,-0.119129,2.489113,0.024297,1.400000,0.000000,-0.008891,-0.203021,0.000000,0.000000,0.000000,0.000000,5.978392
12.000000,0.600000,14.627100,1.500162,-0.000651,-0.161396,2.478962,0.000671,1.500000,0.000000,-0.015307,-0.080957,0.000000,0.000000,0.000000,0.000000,5.855373
13.000000,0.650000,14.724400,1.624110,-0.001000,-0.233873,2.474914,0.024130,1.600000,0.000000,-0.003014,0.016801,0.000000,0.000000,0.000000,0.000000,5.732663
14.000000,0.700000,14.560600,1.747854,-0.001505,-0.248119,2.475754,0.047878,1.700000,0.000000,0.013448,0.095802,0.000000,0.000000,0.000000,0.000000,5.610803
15.000000,0.750000,14.879000,1.871641,-0.002041,-0.184529,2.480544,0.028433,1.900000,0.000000,0.001672,-0.158593,0.000000,0.000000,0.000000,0.000000,5.489687
16.000000,0.800000,14.552300,1.995667,-0.002440,-0.176608,2.472614,0.004973,2.000000,0.000000,-0.000044,0.153745,0.000000,0.000000,0.000000,0.000000,5.367870
17.000000,0.850000,14.692100,2.119297,-0.002822,-0.176816,2.480302,0.019503,2.100000,0.000000,-0.011211,-0.241365,0.000000,0.000000,0.000000,0.000000,5.246444
18.000000,0.900000,14.715900,2.243312,-0.003204,-0.229926,2.468233,0.043430,2.200000,0.000000,-0.015823,-0.097298,0.000000,0.000000,0.000000,0.000000,5.124265
19.000000,0.950000,14.452400,2.366723,-0.003699,-0.304522,2.463369,0.033482,2.400000,0.000000,-0.015936,0.124416,0.000000,0.000000,0.000000,0.000000,5.002624
20.000000,1.000000,14.574500,2.489889,-0.004354,-0.379502,2.469589,0.011008,2.500000,0.000000,-0.007939,0.054420,0.000000,0.000000,0.000000,0.000000,4.881373
21.000000,1.050000,14.756300,2.613366,-0.005172,-0.416946,2.472310,0.014332,2.600000,0.000000,0.015198,-0.145839,0.000000,0.000000,0.000000,0.000000,4.760279
22.000000,1.100000,14.460800,2.736978,-0.006072,-0.345178,2.465018,0.037473,2.700000,0.000000,0.008620,0.033738,0.000000,0.000000,0.000000,0.000000,4.640042
23.000000,1.150000,14.701100,2.860227,-0.006814,-0.304594,2.466705,0.040352,2.900000,0.000000,0.012254,-0.083131,0.000000,0.000000,0.000000,0.000000,4.519980
24.000000,1.200000,14.657600,2.983561,-0.007470,-0.246860,2.462549,0.018057,3.000000,0.000000,0.007868,-0.054413,0.000000,0.000000,0.000000,0.000000,4.400051
25.000000,1.250000,14.727100,3.106687,-0.008000,-0.209857,2.459828,0.010427,3.100000,0.000000,-0.004689,0.169518,0.000000,0.000000,0.000000,0.000000,4.280249
26.000000,1.300000,13.830900,3.229677,-0.008451,-0.231887,2.468304,0.030857,3.200000,0.000000,-0.008229,-0.176494,0.000000,0.000000,0.000000,0.000000,4.160252
27.000000,1.350000,14.427800,3.353092,-0.008950,-0.270679,2.459479,0.047755,3.400000,0.000000,0.016300,0.047685,0.000000,0.000000,0.000000,0.000000,4.039885
28.000000,1.400000,14.318600,3.476064,-0.009531,-0.194108,2.461864,0.025764,3.500000,0.000000,0.007485,0.041288,0.000000,0.000000,0.000000,0.000000,3.920912
29.000000,1.450000,14.576100,3.599157,-0.009948,-0.158915,2.463928,0.009984,3.600000,0.000000,0.002689,0.129421,0.000000,0.000000,0.000000,0.000000,3.801640
30.000000,1.500000,14.467500,3.722353,-0.010290,-0.146260,2.470399,0.024607,3.700000,0.000000,0.000181,0.182012,0.000000,0.000000,0.000000,0.000000,3.682256
31.000000,1.550000,14.613300,3.845872,-0.010605,-0.145407,2.479500,0.047082,3.800000,0.000000,0.001070,0.154094,0.000000,0.000000,0.000000,0.000000,3.562654
32.000000,1.600000,14.475100,3.969847,-0.010920,-0.140340,2.487204,0.032070,4.000000,0.000000,0.009674,0.129291,0.000000,0.000000,0.000000,0.000000,3.442827
33.000000,1.650000,14.852500,4.094207,-0.011224,-0.094386,2.493669,0.012631,4.100000,0.000000,0.011010,0.084345,0.000000,0.000000,0.000000,0.000000,3.323062
34.000000,1.700000,14.696200,4.218890,-0.011430,-0.041946,2.497886,0.022079,4.200000,0.000000,-0.000842,-0.109417,0.000000,0.000000,0.000000,0.000000,3.203193
35.000000,1.750000,14.804600,4.343784,-0.011521,-0.045961,2.492415,0.045275,4.300000,0.000000,-0.005331,-0.105318,0.000000,0.000000,0.000000,0.000000,3.083015
36.000000,1.800000,14.485200,4.468405,-0.011621,-0.071338,2.487149,0.033665,4.500000,0.000000,0.011654,0.017808,0.000000,0.000000,0.000000,0.000000,2.963262
37.000000,1.850000,14.528000,4.592762,-0.011776,-0.015977,2.488040,0.013822,4.600000,0.000000,-0.004856,0.125488,0.000000,0.000000,0.000000,0.000000,2.844432
38.000000,1.900000,14.393200,4.717164,-0.011811,-0.039050,2.494314,0.020835,4.700000,0.000000,0.001918,-0.085625,0.000000,0.000000,0.000000,0.000000,2.725469
39.000000,1.950000,14.982700,4.841880,-0.011896,-0.029914,2.490033,0.043537,4.800000,0.000000,-0.017652,-0.030538,0.000000,0.000000,0.000000,0.000000,2.606687
40.000000,2.000000,14.939100,4.966382,-0.011961,-0.113868,2.488506,0.035683,5.000000,0.000000,0.002657,-0.037904,0.000000,0.000000,0.000000,0.000000,2.488154
41.000000,2.050000,14.945000,5.090807,-0.012208,-0.101241,2.486611,0.015282,5.100000,0.000000,0.012379,-0.076009,0.000000,0.000000,0.000000,0.000000,2.370486
42.000000,2.100000,14.674900,5.215137,-0.012428,-0.042449,2.482810,0.019585,5.200000,0.000000,-0.006513,-0.335307,0.000000,0.000000,0.000000,0.000000,2.253428
43.000000,2.150000,14.489300,5.339277,-0.012520,-0.073331,2.466045,0.041225,5.300000,0.000000,-0.044260,-0.381435,0.000000,0.000000,0.000000,0.000000,2.136755
44.000000,2.200000,14.628500,5.462580,-0.012677,-0.281922,2.446973,0.039510,5.500000,0.000000,-0.050736,-0.176592,0.000000,0.000000,0.000000,0.000000,2.021231
45.000000,2.250000,14.770000,5.584927,-0.013279,-0.519232,2.438144,0.020088,5.600000,0.000000,-0.044301,-0.475669,0.000000,0.000000,0.000000,0.000000,1.907603
46.000000,2.300000,14.500400,5.706829,-0.014384,-0.725655,2.414360,0.015923,5.700000,0.000000,-0.060646,-0.274822,0.000000,0.000000,0.000000,0.000000,1.795548
47.000000,2.350000,14.848900,5.827537,-0.015913,-1.005644,2.400619,0.031805,5.800000,0.000000,-0.074922,-0.242564,0.000000,0.000000,0.000000,0.000000,1.685920
48.000000,2.400000,13.519400,5.947550,-0.018020,-1.349793,2.388491,0.050850,5.900000,0.000000,-0.053031,-0.420887,0.000000,0.000000,0.000000,0.000000,1.578647
49.000000,2.450000,14.644500,6.066941,-0.020833,-1.591930,2.367447,0.039075,6.100000,0.000000,-0.077991,-0.292712,0.000000,0.000000,0.000000,0.000000,1.473427
50.000000,2.500000,14.481700,6.185268,-0.024121,-1.945281,2.352811,0.028264,6.200000,0.000000,-0.068110,-0.121601,0.000000,0.000000,0.000000,0.000000,1.371475
51.000000,2.550000,13.787300,6.302841,-0.028115,-2.251808,2.346731,0.028258,6.300000,0.000000,-0.063689,-0.113786,0.000000,0.000000,0.000000,0.000000,1.272193
52.000000,2.600000,14.651500,6.420087,-0.032725,-2.537643,2.341042,0.038398,6.400000,0.000000,-0.096389,-0.044795,0.000000,0.000000,0.000000,0.000000,1.175410
53.000000,2.650000,14.510100,6.537024,-0.037908,-2.969942,2.338802,0.052988,6.500000,0.000000,-0.061953,0.048228,0.000000,0.000000,0.000000,0.000000,1.082844
54.000000,2.700000,14.481500,6.653807,-0.043966,-3.247025,2.341213,0.063772,6.700000,0.000000,-0.058192,0.055710,0.000000,0.000000,0.000000,0.000000,0.992156
55.000000,2.750000,14.334500,6.770680,-0.050597,-3.507519,2.343999,0.058478,6.800000,0.000000,-0.070842,0.001464,0.000000,0.000000,0.000000,0.000000,0.904352
56.000000,2.800000,14.405300,6.887660,-0.057767,-3.825191,2.344072,0.059070,6.900000,0.000000,-0.048447,0.091092,0.000000,0.000000,0.000000,0.000000,0.820752
57.000000,2.850000,14.403600,7.004603,-0.065586,-4.042250,2.348627,0.065747,7.000000,0.000000,-0.045479,-0.033161,0.000000,0.000000,0.000000,0.000000,0.739680
58.000000,2.900000,14.349500,7.121742,-0.073864,-4.246391,2.346969,0.076997,7.100000,0.000000,-0.058296,0.027843,0.000000,0.000000,0.000000,0.000000,0.662326
59.000000,2.950000,14.204500,7.238768,-0.082553,-4.507991,2.348361,0.091203,7.200000,0.000000,-0.043552,-0.213357,0.000000,0.000000,0.000000,0.000000,0.590677
60.000000,3.000000,14.620400,7.355823,-0.091782,-4.703448,2.337693,0.101861,7.400000,0.000000,-0.030068,0.068463,0.000000,0.000000,0.000000,0.000000,0.522844
61.000000,3.050000,14.601500,7.472314,-0.101366,-4.837732,2.341116,0.105079,7.500000,0.000000,-0.057826,-0.033575,0.000000,0.000000,0.000000,0.000000,0.459317
62.000000,3.100000,14.520500,7.588953,-0.111238,-5.096573,2.339437,0.111785,7.600000,0.000000,-0.031575,0.082569,0.000000,0.000000,0.000000,0.000000,0.404533
63.000000,3.150000,14.513800,7.705462,-0.121629,-5.237697,2.343566,0.121752,7.700000,0.000000,-0.032958,0.132142,0.000000,0.000000,0.000000,0.000000,0.353385
64.000000,3.200000,14.713900,7.822151,-0.132326,-5.385269,2.350173,0.134168,7.800000,0.000000,0.001688,0.087581,0.000000,0.000000,0.000000,0.000000,0.309077
65.000000,3.250000,14.363500,7.939141,-0.143355,-5.377691,2.354552,0.148602,7.900000,0.000000,0.001979,0.073005,0.000000,0.000000,0.000000,0.000000,0.267032
66.000000,3.300000,14.611600,8.056350,-0.154388,-5.368793,2.358202,0.160440,8.100000,0.000000,-0.011852,0.020562,0.000000,0.000000,0.000000,0.000000,0.231817
67.000000,3.350000,14.180500,8.173743,-0.165421,-5.422176,2.359230,0.167492,8.200000,0.000000,-0.008921,0.173381,0.000000,0.000000,0.000000,0.000000,0.206140
68.000000,3.400000,15.579900,8.291177,-0.176567,-5.462375,2.367899,0.176788,8.300000,0.000000,-0.007552,-0.121710,0.000000,0.000000,0.000000,0.000000,0.188069
69.000000,3.450000,14.200200,8.409034,-0.187838,-5.496528,2.361814,0.188055,8.400000,0.000000,0.017033,0.098233,0.000000,0.000000,0.000000,0.000000,0.178037
70.000000,3.500000,14.473000,8.526582,-0.199149,-5.419690,2.366725,0.200915,8.500000,0.000000,0.017314,0.031356,0.000000,0.000000,0.000000,0.000000,0.172100
71.000000,3.550000,14.426900,8.644389,-0.210326,-5.341421,2.368293,0.214959,8.600000,0.000000,0.005750,-0.008953,0.000000,0.000000,0.000000,0.000000,0.174121
72.000000,3.600000,14.460300,8.762290,-0.221349,-5.315412,2.367846,0.224538,8.800000,0.000000,0.008477,0.155098,0.000000,0.000000,0.000000,0.000000,0.186307
73.000000,3.650000,14.440400,8.880173,-0.232317,-5.277075,2.375600,0.233161,8.900000,0.000000,0.021851,0.140462,0.000000,0.000000,0.000000,0.000000,0.206009
74.000000,3.700000,14.415500,8.998449,-0.243241,-5.177919,2.382624,0.243246,9.000000,0.000000,0.031946,0.160404,0.000000,0.000000,0.000000,0.000000,0.230963
75.000000,3.750000,13.496100,9.117095,-0.253993,-5.032499,2.390644,0.254567,9.100000,0.000000,0.042993,-0.018232,0.000000,0.000000,0.000000,0.000000,0.261324
76.000000,3.800000,15.351200,9.236166,-0.264478,-4.836082,2.389732,0.266939,9.200000,0.000000,0.042730,-0.016677,0.000000,0.000000,0.000000,0.000000,0.296484
77.000000,3.850000,14.476900,9.355227,-0.274552,-4.640942,2.388898,0.278178,9.400000,0.000000,0.050424,0.002420,0.000000,0.000000,0.000000,0.000000,0.338035
78.000000,3.900000,13.558800,9.474280,-0.284216,-4.410689,2.389019,0.285377,9.500000,0.000000,0.044295,0.002207,0.000000,0.000000,0.000000,0.000000,0.384010
79.000000,3.950000,13.752100,9.593378,-0.293402,-4.208454,2.389130,0.293477,9.600000,0.000000,0.067161,0.184187,0.000000,0.000000,0.000000,0.000000,0.436620
80.000000,4.000000,13.478300,9.712512,-0.302169,-3.901545,2.398339,0.302428,9.700000,0.000000,0.024019,-0.011985,0.000000,0.000000,0.000000,0.000000,0.477732
81.000000,4.050000,14.725500,9.832151,-0.310328,-3.791507,2.397740,0.311989,9.800000,0.000000,0.068513,0.137001,0.000000,0.000000,0.000000,0.000000,0.413689
82.000000,4.100000,14.621900,9.951776,-0.318256,-3.477271,2.404590,0.321889,10.000000,0.000000,0.048531,0.020436,0.000000,0.000000,0.000000,0.000000,0.356398
83.000000,4.150000,14.635200,10.071784,-0.325548,-3.254223,2.405612,0.326768,10.100000,0.000000,0.067700,0.232002,0.000000,0.000000,0.000000,0.000000,0.303208
84.000000,4.200000,14.747300,10.191870,-0.332376,-2.942709,2.417212,0.332475,10.200000,0.000000,0.042909,0.049231,0.000000,0.000000,0.000000,0.000000,0.256276
85.000000,4.250000,14.501800,10.312572,-0.338581,-2.744494,2.419673,0.338814,10.300000,0.000000,0.057286,0.022580,0.000000,0.000000,0.000000,0.000000,0.214392
86.000000,4.300000,14.545100,10.433417,-0.344373,-2.479472,2.420802,0.345991,10.400000,0.000000,0.061245,-0.394983,0.000000,0.000000,0.000000,0.000000,0.179583
87.000000,4.350000,14.557300,10.554343,-0.349610,-2.195957,2.401053,0.352578,10.600000,0.000000,0.063619,-0.264580,0.000000,0.000000,0.000000,0.000000,0.151809
88.000000,4.400000,14.486600,10.674308,-0.354210,-1.903827,2.387824,0.355140,10.700000,0.000000,0.077609,-0.494585,0.000000,0.000000,0.000000,0.000000,0.131467
89.000000,4.450000,14.946100,10.793633,-0.358176,-1.549184,2.363095,0.358233,10.800000,0.000000,0.080163,-0.662639,0.000000,0.000000,0.000000,0.000000,0.118640
90.000000,4.500000,14.513000,10.911745,-0.361371,-1.186619,2.329963,0.361561,10.900000,0.000000,0.109686,-0.523840,0.000000,0.000000,0.000000,0.000000,0.113033
91.000000,4.550000,13.429000,11.028218,-0.363783,-0.696561,2.303771,0.364876,11.000000,0.000000,0.116158,-0.695639,0.000000,0.000000,0.000000,0.000000,0.114343
92.000000,4.600000,15.041600,11.143398,-0.365184,-0.183170,2.268989,0.367753,11.100000,0.000000,0.130483,-0.683665,0.000000,0.000000,0.000000,0.000000,0.121813
93.000000,4.650000,14.791500,11.256847,-0.365546,0.385501,2.234806,0.368085,11.300000,0.000000,0.126324,-0.715798,0.000000,0.000000,0.000000,0.000000,0.134866
94.000000,4.700000,13.402500,11.368585,-0.364794,0.927559,2.199016,0.366145,11.400000,0.000000,0.132172,-0.682889,0.000000,0.000000,0.000000,0.000000,0.153093
95.000000,4.750000,14.364500,11.478521,-0.363015,1.485910,2.164871,0.363649,11.500000,0.000000,0.156258,-0.386579,0.000000,0.000000,0.000000,0.000000,0.175965
96.000000,4.800000,14.482800,11.586728,-0.360208,2.137284,2.145542,0.360452,11.600000,0.000000,0.137719,-0.345902,0.000000,0.000000,0.000000,0.000000,0.202594
97.000000,4.850000,14.405100,11.693931,-0.356207,2.705208,2.128247,0.356259,11.700000,0.000000,0.152134,-0.212533,0.000000,0.000000,0.000000,0.000000,0.233385
98.000000,4.900000,14.476900,11.800224,-0.351184,3.328396,2.117621,0.351185,11.800000,0.000000,0.138756,-0.007062,0.000000,0.000000,0.000000,0.000000,0.267499
99.000000,4.950000,14.288100,11.905927,-0.345037,3.893202,2.117268,0.345088,11.900000,0.000000,0.146688,-0.001105,0.000000,0.000000,0.000000,0.000000,0.305308
100.000000,5.000000,14.420200,12.011546,-0.337849,4.490652,2.117212,0.338047,12.000000,0.000000,0.147325,-0.021981,0.000000,0.000000,0.000000,0.000000,0.346297
101.000000,5.050000,14.359400,12.117082,-0.329561,5.090722,2.116113,0.330003,12.100000,0.000000,0.124409,-0.032434,0.000000,0.000000,0.000000,0.000000,0.390373
102.000000,5.100000,14.483700,12.222470,-0.320172,5.596129,2.114492,0.320960,12.200000,0.000000,0.135008,0.044411,0.000000,0.000000,0.000000,0.000000,0.438091
103.000000,5.150000,14.786100,12.327691,-0.309863,6.144679,2.116712,0.311097,12.300000,0.000000,0.109984,0.140695,0.000000,0.000000,0.000000,0.000000,0.488294
104.000000,5.200000,14.641300,12.432918,-0.298534,6.591102,2.123747,0.300343,12.400000,0.000000,0.117456,0.283634,0.000000,0.000000,0.000000,0.000000,0.529193
105.000000,5.250000,14.422500,12.538404,-0.286346,7.069714,2.137929,0.288909,12.500000,0.000000,0.102797,0.277395,0.000000,0.000000,0.000000,0.000000,0.493133
106.000000,5.300000,14.392200,12.644487,-0.273189,7.490934,2.151798,0.276788,12.600000,0.000000,0.129545,0.088192,0.000000,0.000000,0.000000,0.000000,0.457957
107.000000,5.350000,14.901500,12.751159,-0.259163,8.026317,2.156208,0.263725,12.800000,0.000000,0.090464,0.236770,0.000000,0.000000,0.000000,0.000000,0.411700
108.000000,5.400000,14.238300,12.857913,-0.244109,8.399872,2.168046,0.247711,12.900000,0.000000,0.101057,0.264195,0.000000,0.000000,0.000000,0.000000,0.354793
109.000000,5.450000,14.662800,12.965153,-0.228274,8.819747,2.181256,0.230918,13.000000,0.000000,0.086039,0.385805,0.000000,0.000000,0.000000,0.000000,0.304938
110.000000,5.500000,14.330600,13.072926,-0.211552,9.179062,2.200546,0.213277,13.100000,0.000000,0.086851,0.262562,0.000000,0.000000,0.000000,0.000000,0.260234
111.000000,5.550000,14.380900,13.181544,-0.194000,9.544994,2.213674,0.194876,13.200000,0.000000,0.075311,-0.018387,0.000000,0.000000,0.000000,0.000000,0.222671
112.000000,5.600000,14.502800,13.290696,-0.175646,9.863998,2.212755,0.175892,13.300000,0.000000,0.067538,0.099868,0.000000,0.000000,0.000000,0.000000,0.191397
113.000000,5.650000,14.316900,13.399698,-0.156693,10.149853,2.217749,0.156693,13.400000,0.000000,0.077857,0.332946,0.000000,0.000000,0.000000,0.000000,0.167250
114.000000,5.700000,14.266500,13.508850,-0.137152,10.480293,2.234396,0.137437,13.500000,0.000000,0.035265,0.149471,0.000000,0.000000,0.000000,0.000000,0.153007
115.000000,5.750000,14.432800,13.618706,-0.116830,10.630845,2.241869,0.118318,13.600000,0.000000,0.017192,0.343138,0.000000,0.000000,0.000000,0.000000,0.140890
116.000000,5.800000,14.073900,13.728876,-0.096151,10.704460,2.259026,0.100394,13.700000,0.000000,0.012214,0.159358,0.000000,0.000000,0.000000,0.000000,0.134021
117.000000,5.850000,14.584800,13.839861,-0.075171,10.757161,2.266994,0.085086,13.800000,0.000000,0.008178,0.131562,0.000000,0.000000,0.000000,0.000000,0.134333
118.000000,5.900000,14.283900,13.951219,-0.054015,10.792569,2.273572,0.072782,14.000000,0.000000,-0.011792,0.114980,0.000000,0.000000,0.000000,0.000000,0.141992
119.000000,5.950000,13.437300,14.062887,-0.032728,10.741362,2.279321,0.049482,14.100000,0.000000,-0.027363,0.223535,0.000000,0.000000,0.000000,0.000000,0.154003
120.000000,6.000000,14.619000,14.174856,-0.011488,10.622215,2.290498,0.027644,14.200000,0.000000,-0.009816,0.072558,0.000000,0.000000,0.000000,0.000000,0.170669
121.000000,6.050000,14.540700,14.287419,0.009623,10.579271,2.294126,0.015840,14.300000,0.000000,-0.006438,0.181900,0.000000,0.000000,0.000000,0.000000,0.197759
122.000000,6.100000,14.315700,14.400175,0.030683,10.551061,2.303221,0.030683,14.400000,0.000000,-0.014540,0.074868,0.000000,0.000000,0.000000,0.000000,0.232530
123.000000,6.150000,14.492600,14.513389,0.051770,10.487097,2.306964,0.053473,14.500000,0.000000,-0.028075,0.052028,0.000000,0.000000,0.000000,0.000000,0.272595
124.000000,6.200000,14.187300,14.626810,0.072765,10.363366,2.309566,0.077547,14.600000,0.000000,-0.026581,0.193768,0.000000,0.000000,0.000000,0.000000,0.316377
125.000000,6.250000,14.263300,14.740405,0.093538,10.246093,2.319254,0.101892,14.700000,0.000000,-0.035948,0.057327,0.000000,0.000000,0.000000,0.000000,0.366152
126.000000,6.300000,14.502200,14.854518,0.114165,10.086792,2.322120,0.122891,14.900000,0.000000,-0.034770,0.044642,0.000000,0.000000,0.000000,0.000000,0.419662
127.000000,6.350000,13.932200,14.968830,0.134500,9.932526,2.324353,0.138065,15.000000,0.000000,-0.042636,0.195631,0.000000,0.000000,0.000000,0.000000,0.456016
128.000000,6.400000,14.811600,15.083305,0.154546,9.743144,2.334134,0.170509,15.157077,0.000822,-0.041079,0.106951,0.000000,0.000000,0.000000,0.000000,0.394407
129.000000,6.450000,15.320700,15.198329,0.174297,9.559916,2.339482,0.178312,15.157077,0.000822,-0.040370,-0.106608,0.000000,0.000000,0.000000,0.000000,0.337084
130.000000,6.500000,14.875600,15.313678,0.193724,9.379440,2.334151,0.190434,15.314136,0.003290,-0.042133,0.267212,0.000000,0.000000,0.000000,0.000000,0.284702
131.000000,6.550000,15.052100,15.428826,0.212744,9.191503,2.347512,0.209661,15.471161,0.007402,-0.040035,0.158604,0.000000,0.000000,0.000000,0.000000,0.238044
132.000000,6.600000,14.691600,15.544694,0.231493,9.011911,2.355442,0.233736,15.628135,0.013158,-0.023780,0.209121,0.000000,0.000000,0.000000,0.000000,0.197099
133.000000,6.650000,13.784800,15.661012,0.249941,8.904915,2.365898,0.239055,15.628135,0.013158,-0.027360,0.169952,0.000000,0.000000,0.000000,0.000000,0.162250
134.000000,6.700000,13.571300,15.777881,0.268252,8.781256,2.374396,0.247798,15.785039,0.020557,-0.026081,0.065933,0.000000,0.000000,0.000000,0.000000,0.134643
135.000000,6.750000,14.553500,15.895210,0.286376,8.662957,2.377692,0.260980,15.941858,0.029599,-0.028452,-0.005279,0.000000,0.000000,0.000000,0.000000,0.114633
136.000000,6.800000,14.484700,16.012738,0.304283,8.533718,2.377428,0.277603,16.098573,0.040283,-0.031050,0.011072,0.000000,0.000000,0.000000,0.000000,0.102659
137.000000,6.850000,14.423700,16.130293,0.321922,8.392689,2.377982,0.283420,16.098573,0.040283,-0.037375,0.092329,0.000000,0.000000,0.000000,0.000000,0.098878
138.000000,6.900000,14.812000,16.247919,0.339276,8.222865,2.382598,0.286761,16.255168,0.052607,-0.032661,-0.090431,0.000000,0.000000,0.000000,0.000000,0.103260
139.000000,6.950000,14.568600,16.365824,0.356315,8.074191,2.378077,0.293342,16.411625,0.066571,-0.017938,0.107481,0.000000,0.000000,0.000000,0.000000,0.115732
140.000000,7.000000,14.527800,16.483549,0.373015,7.992710,2.383451,0.302836,16.567927,0.082172,-0.024012,0.062495,0.000000,0.000000,0.000000,0.000000,0.136335
141.000000,7.050000,14.415000,16.601564,0.389586,7.883384,2.386576,0.309249,16.567927,0.082172,-0.055777,0.050614,0.000000,0.000000,0.000000,0.000000,0.164790
142.000000,7.100000,14.626900,16.719765,0.405953,7.628885,2.389106,0.306574,16.724057,0.099409,-0.033332,-0.137222,0.000000,0.000000,0.000000,0.000000,0.199922
143.000000,7.150000,13.449300,16.838163,0.421811,7.476742,2.382245,0.306401,16.879998,0.118279,-0.026928,0.274715,0.000000,0.000000,0.000000,0.000000,0.242202
144.000000,7.200000,14.600200,16.956263,0.437311,7.354194,2.395981,0.308925,17.035734,0.138782,-0.019781,0.049214,0.000000,0.000000,0.000000,0.000000,0.290916
145.000000,7.250000,13.403200,17.075076,0.452645,7.263664,2.398442,0.314009,17.191245,0.160915,-0.035529,0.139482,0.000000,0.000000,0.000000,0.000000,0.346161
146.000000,7.300000,14.209100,17.194036,0.467808,7.100847,2.405416,0.306905,17.191245,0.160915,-0.026859,0.105362,0.000000,0.000000,0.000000,0.000000,0.406419
147.000000,7.350000,14.634300,17.313384,0.482675,6.977426,2.410684,0.299836,17.346517,0.184675,-0.014912,-0.081296,0.000000,0.000000,0.000000,0.000000,0.462684
148.000000,7.400000,14.587900,17.433026,0.497317,6.908767,2.406619,0.295313,17.501531,0.210059,-0.043175,-0.001482,0.000000,0.000000,0.000000,0.000000,0.399585
149.000000,7.450000,14.486400,17.552483,0.511792,6.710199,2.406545,0.293677,17.656271,0.237066,-0.009980,0.097341,0.000000,0.000000,0.000000,0.000000,0.347555
150.000000,7.500000,14.351700,17.671986,0.525852,6.664330,2.411412,0.289213,17.656271,0.237066,-0.045352,-0.072045,0.000000,0.000000,0.000000,0.000000,0.294792
151.000000,7.550000,14.480400,17.791742,0.539844,6.455319,2.407810,0.274809,17.810720,0.265691,-0.020271,-0.088132,0.000000,0.000000,0.000000,0.000000,0.255400
152.000000,7.600000,14.465800,17.911369,0.553379,6.362089,2.403403,0.262945,17.964860,0.295932,0.002038,-0.039339,0.000000,0.000000,0.000000,0.000000,0.217844
153.000000,7.650000,14.662900,18.030799,0.566696,6.371445,2.401436,0.254558,18.118675,0.327786,-0.015553,0.083757,0.000000,0.000000,0.000000,0.000000,0.183384
154.000000,7.700000,15.144100,18.150130,0.580021,6.300108,2.405624,0.250499,18.272149,0.361249,-0.006674,0.269070,0.000000,0.000000,0.000000,0.000000,0.160363
155.000000,7.750000,13.294100,18.269684,0.593220,6.269444,2.419078,0.231984,18.272149,0.361249,0.020260,0.051411,0.000000,0.000000,0.000000,0.000000,0.143799
156.000000,7.800000,14.341200,18.389915,0.606428,6.363060,2.421648,0.213065,18.425263,0.396316,0.036091,-0.031675,0.000000,0.000000,0.000000,0.000000,0.130814
157.000000,7.850000,14.545900,18.510251,0.619848,6.530052,2.420064,0.198765,18.578002,0.432986,0.039117,0.022150,0.000000,0.000000,0.000000,0.000000,0.124359
158.000000,7.900000,14.418900,18.630470,0.633609,6.710941,2.421172,0.190618,18.730348,0.471253,0.040643,0.177902,0.000000,0.000000,0.000000,0.000000,0.127197
159.000000,7.950000,14.673100,18.750699,0.647756,6.898984,2.430067,0.177672,18.730348,0.471253,0.038733,-0.259966,0.000000,0.000000,0.000000,0.000000,0.139616
160.000000,8.000000,14.262500,18.871322,0.662351,7.078838,2.417069,0.151635,18.882286,0.511113,0.050851,-0.102901,0.000000,0.000000,0.000000,0.000000,0.162076
161.000000,8.050000,14.675600,18.991255,0.677244,7.313781,2.411924,0.131741,19.033797,0.552561,0.044685,0.108364,0.000000,0.000000,0.000000,0.000000,0.191883
162.000000,8.100000,14.500900,19.110870,0.692596,7.519755,2.417342,0.122004,19.184867,0.595595,0.072823,-0.150532,0.000000,0.000000,0.000000,0.000000,0.231456
163.000000,8.150000,14.527600,19.230697,0.708414,7.856559,2.409815,0.121773,19.184867,0.595595,0.056354,0.020409,0.000000,0.000000,0.000000,0.000000,0.275909
164.000000,8.200000,14.418200,19.350057,0.724884,8.116198,2.410836,0.085923,19.335477,0.640208,0.067026,-0.052060,0.000000,0.000000,0.000000,0.000000,0.330477
165.000000,8.250000,14.482600,19.469391,0.741902,8.425275,2.408233,0.057829,19.485612,0.686395,0.046929,-0.080028,0.000000,0.000000,0.000000,0.000000,0.391207
166.000000,8.300000,14.425600,19.588503,0.759545,8.641280,2.404231,0.053202,19.635255,0.734152,0.069372,-0.183059,0.000000,0.000000,0.000000,0.000000,0.460521
167.000000,8.350000,15.197800,19.707350,0.777607,8.960332,2.395078,0.077262,19.784390,0.783474,0.085371,-0.024275,0.000000,0.000000,0.000000,0.000000,0.533491
168.000000,8.400000,15.058000,19.825643,0.796258,9.351795,2.393865,0.043189,19.784390,0.783474,0.076328,-0.095441,0.000000,0.000000,0.000000,0.000000,0.610581
169.000000,8.450000,14.588200,19.943745,0.815708,9.701440,2.389092,0.021521,19.933000,0.834354,0.070857,-0.022345,0.000000,0.000000,0.000000,0.000000,0.693511
170.000000,8.500000,14.413900,20.061492,0.835838,10.025290,2.387975,0.054582,20.081069,0.886788,0.083140,0.033752,0.000000,0.000000,0.000000,0.000000,0.781077
171.000000,8.550000,14.548500,20.179067,0.856623,10.405343,2.389663,0.097634,20.228581,0.940770,0.081354,-0.038502,0.000000,0.000000,0.000000,0.000000,0.871943
172.000000,8.600000,14.320200,20.296585,0.878203,10.777457,2.387738,0.092408,20.228581,0.940770,0.067106,0.087875,0.000000,0.000000,0.000000,0.000000,0.966647
173.000000,8.650000,15.440800,20.413866,0.900528,11.083936,2.392131,0.103158,20.375519,0.996294,0.094231,-0.071037,0.000000,0.000000,0.000000,0.000000,1.064947
174.000000,8.700000,14.749000,20.531242,0.923522,11.515724,2.388580,0.130169,20.521868,1.053353,0.089704,-0.212066,0.000000,0.000000,0.000000,0.000000,1.165461
175.000000,8.750000,14.459200,20.648267,0.947364,11.926039,2.377976,0.164955,20.521868,1.053353,0.081291,-0.130710,0.000000,0.000000,0.000000,0.000000,1.268715
176.000000,8.800000,14.477800,20.764599,0.971934,12.296045,2.371441,0.170319,20.667612,1.111941,0.072776,-0.161991,0.000000,0.000000,0.000000,0.000000,1.374003
177.000000,8.850000,14.432400,20.880451,0.997186,12.626238,2.363341,0.187521,20.812734,1.172053,0.089775,-0.089401,0.000000,0.000000,0.000000,0.000000,1.481046
178.000000,8.900000,13.341500,20.995761,1.023016,13.032542,2.358871,0.214161,20.957218,1.233681,0.092552,-0.254631,0.000000,0.000000,0.000000,0.000000,1.589419
179.000000,8.950000,13.247400,21.110666,1.049613,13.450694,2.346140,0.239640,20.957218,1.233681,0.084678,-0.150293,0.000000,0.000000,0.000000,0.000000,1.699320
180.000000,9.000000,14.417600,21.224756,1.076899,13.831027,2.338625,0.252324,21.101050,1.296818,0.076162,-0.261219,0.000000,0.000000,0.000000,0.000000,1.810097
181.000000,9.050000,14.866900,21.338296,1.104853,14.171858,2.325564,0.273310,21.244212,1.361458,0.094492,-0.205895,0.000000,0.000000,0.000000,0.000000,1.921685
182.000000,9.100000,14.574700,21.451036,1.133321,14.592798,2.315269,0.301226,21.386689,1.427594,0.093946,-0.192410,0.000000,0.000000,0.000000,0.000000,2.034078
183.000000,9.150000,14.483300,21.563065,1.162488,15.009437,2.305649,0.318418,21.386689,1.427594,0.089248,-0.260970,0.000000,0.000000,0.000000,0.000000,2.147106
184.000000,9.200000,14.536100,21.674414,1.192343,15.403484,2.292600,0.336205,21.528466,1.495218,0.084467,-0.265567,0.000000,0.000000,0.000000,0.000000,2.260556
185.000000,9.250000,15.071100,21.784927,1.222791,15.774211,2.279322,0.360502,21.669528,1.564324,0.099318,-0.060108,0.000000,0.000000,0.000000,0.000000,2.374092
186.000000,9.300000,14.956500,21.894601,1.253772,16.207988,2.276317,0.383536,21.669528,1.564324,0.088720,-0.009018,0.000000,0.000000,0.000000,0.000000,2.488214
187.000000,9.350000,13.675700,22.003893,1.285541,16.594708,2.275866,0.399629,21.809857,1.634902,0.093217,-0.090338,0.000000,0.000000,0.000000,0.000000,2.602588
188.000000,9.400000,14.677100,22.112947,1.318040,17.001061,2.271349,0.421879,21.949441,1.706946,0.107483,-0.072696,0.000000,0.000000,0.000000,0.000000,2.717760
189.000000,9.450000,14.481800,22.221551,1.351246,17.469120,2.267714,0.447847,21.949441,1.706946,0.119011,-0.353688,0.000000,0.000000,0.000000,0.000000,2.833930
190.000000,9.500000,14.715600,22.329707,1.385284,17.987005,2.250030,0.463089,22.088261,1.780448,0.110537,-0.140343,0.000000,0.000000,0.000000,0.000000,2.951109
191.000000,9.550000,14.800100,22.436711,1.420024,18.463952,2.243013,0.483552,22.226305,1.855400,0.104103,0.065587,0.000000,0.000000,0.000000,0.000000,3.067638
192.000000,9.600000,14.231800,22.543088,1.455543,18.911531,2.246292,0.508965,22.363556,1.931793,0.107927,-0.063875,0.000000,0.000000,0.000000,0.000000,3.184029
193.000000,9.650000,14.173400,22.649340,1.491945,19.376356,2.243098,0.524536,22.363556,1.931793,0.113973,-0.137917,0.000000,0.000000,0.000000,0.000000,3.301265
194.000000,9.700000,13.582000,22.755142,1.529155,19.866741,2.236202,0.544006,22.500000,2.009619,0.107319,-0.199488,0.000000,0.000000,0.000000,0.000000,3.419126
195.000000,9.750000,14.704900,22.860298,1.567152,20.326850,2.226228,0.568039,22.635621,2.088870,0.111347,-0.096647,0.000000,0.000000,0.000000,0.000000,3.536675
196.000000,9.800000,14.555300,22.964678,1.605819,20.802242,2.221396,0.584479,22.635621,2.088870,0.096410,-0.008984,0.000000,0.000000,0.000000,0.000000,3.654311
197.000000,9.850000,14.458100,23.068507,1.645265,21.212536,2.220946,0.603096,22.770405,2.169536,0.102914,-0.007290,0.000000,0.000000,0.000000,0.000000,3.771103
198.000000,9.900000,14.824400,23.172030,1.685445,21.650614,2.220582,0.626261,22.904337,2.251610,0.114522,-0.082777,0.000000,0.000000,0.000000,0.000000,3.888545
199.000000,9.950000,14.824100,23.275226,1.726408,22.138435,2.216443,0.642958,22.904337,2.251610,0.106414,-0.184673,0.000000,0.000000,0.000000,0.000000,4.007004
200.000000,10.000000,14.438900,23.377878,1.768171,22.590604,2.207209,0.661295,23.037402,2.335081,0.106986,0.172910,0.000000,0.000000,0.000000,0.000000,4.124966
201.000000,10.050000,14.405800,23.479771,1.810566,23.043330,2.215855,0.683779,23.169586,2.419941,0.114453,-0.218758,0.000000,0.000000,0.000000,0.000000,4.242699
202.000000,10.100000,14.283400,23.581724,1.853933,23.529817,2.204917,0.700160,23.169586,2.419941,0.114466,-0.308101,0.000000,0.000000,0.000000,0.000000,4.361643
203.000000,10.150000,14.437900,23.682803,1.897946,24.013957,2.189512,0.718207,23.300873,2.506181,0.114983,-0.004207,0.000000,0.000000,0.000000,0.000000,4.480212
204.000000,10.200000,14.432100,23.782803,1.942498,24.496908,2.189302,0.740116,23.431251,2.593791,0.108746,-0.054982,0.000000,0.000000,0.000000,0.000000,4.598180
205.000000,10.250000,14.647100,23.882414,1.987887,24.953402,2.186552,0.755426,23.431251,2.593791,0.101839,-0.170563,0.000000,0.000000,0.000000,0.000000,4.715826
206.000000,10.300000,14.833400,23.981536,2.034010,25.380158,2.178024,0.773291,23.560704,2.682762,0.115562,-0.039637,0.000000,0.000000,0.000000,0.000000,4.832915
207.000000,10.350000,14.484100,24.079927,2.080688,25.863016,2.176042,0.795025,23.689218,2.773083,0.114757,-0.180450,0.000000,0.000000,0.000000,0.000000,4.950744
208.000000,10.400000,15.041800,24.177831,2.128150,26.342045,2.167020,0.809125,23.689218,2.773083,0.112908,0.085450,0.000000,0.000000,0.000000,0.000000,5.068069
209.000000,10.450000,14.260600,24.274931,2.176228,26.811335,2.171292,0.827018,23.816779,2.864745,0.130051,-0.092997,0.000000,0.000000,0.000000,0.000000,5.174943
210.000000,10.500000,14.242800,24.371825,2.225197,27.353702,2.166643,0.846817,23.816779,2.864745,0.108043,-0.010175,0.000000,0.000000,0.000000,0.000000,5.282198
211.000000,10.550000,13.349400,24.468044,2.274973,27.802528,2.166134,0.861073,23.943373,2.957738,0.111375,-0.236689,0.000000,0.000000,0.000000,0.000000,5.389706
212.000000,10.600000,14.346400,24.563848,2.325490,28.265201,2.154299,0.879078,24.068987,3.052051,0.097817,-0.223117,0.000000,0.000000,0.000000,0.000000,5.497416
213.000000,10.650000,14.504000,24.658719,2.376499,28.668950,2.143144,0.896747,24.068987,3.052051,0.104413,0.118945,0.000000,0.000000,0.000000,0.000000,5.604801
214.000000,10.700000,14.404800,24.752740,2.427907,29.097884,2.149091,0.911425,24.193606,3.147675,0.117058,0.153571,0.000000,0.000000,0.000000,0.000000,5.711793
215.000000,10.750000,14.371900,24.846632,2.480163,29.580549,2.156769,0.929861,24.317217,3.244598,0.116974,-0.073004,0.000000,0.000000,0.000000,0.000000,5.819272
216.000000,10.800000,14.683100,24.940416,2.533397,30.064591,2.153119,0.945613,24.317217,3.244598,0.130830,-0.164433,0.000000,0.000000,0.000000,0.000000,5.927341
217.000000,10.850000,14.436100,25.033588,2.587330,30.605675,2.144897,0.960899,24.439806,3.342811,0.119646,0.118253,0.000000,0.000000,0.000000,0.000000,6.035482
218.000000,10.900000,14.344300,25.125892,2.641931,31.098151,2.150810,0.979433,24.561360,3.442301,0.115484,0.110858,0.000000,0.000000,0.000000,0.000000,6.143356
219.000000,10.950000,14.326300,25.217978,2.697477,31.574649,2.156353,0.992930,24.561360,3.442301,0.112584,-0.115347,0.000000,0.000000,0.000000,0.000000,6.251656
220.000000,11.000000,14.514700,25.309834,2.753931,32.040276,2.150586,1.008498,24.681865,3.543060,0.123360,-0.236326,0.000000,0.000000,0.000000,0.000000,6.360346
221.000000,11.050000,14.629200,25.400984,2.810977,32.549538,2.138769,1.026195,24.681865,3.543060,0.117014,0.039265,0.000000,0.000000,0.000000,0.000000,6.458238
222.000000,11.100000,14.347700,25.491125,2.868513,33.029704,2.140733,1.038698,24.801309,3.645074,0.131382,-0.071308,0.000000,0.000000,0.000000,0.000000,6.556299
223.000000,11.150000,13.835400,25.580863,2.926856,33.569972,2.137167,1.054511,24.919678,3.748334,0.130389,-0.141272,0.000000,0.000000,0.000000,0.000000,6.653661
224.000000,11.200000,14.420900,25.669899,2.985944,34.105216,2.130104,1.069612,24.919678,3.748334,0.130648,-0.078226,0.000000,0.000000,0.000000,0.000000,6.751229
225.000000,11.250000,15.235100,25.758086,3.045662,34.639760,2.126192,1.082377,25.036959,3.852828,0.112180,0.106921,0.000000,0.000000,0.000000,0.000000,6.848730
226.000000,11.300000,14.402500,25.845551,3.106090,35.097212,2.131538,1.098231,25.153140,3.958544,0.111094,-0.080638,0.000000,0.000000,0.000000,0.000000,6.947539
227.000000,11.350000,14.406800,25.932750,3.167369,35.551340,2.127507,1.110743,25.153140,3.958544,0.118528,0.145651,0.000000,0.000000,0.000000,0.000000,7.046842
228.000000,11.400000,14.299000,26.019297,3.229219,36.035214,2.134789,1.124035,25.268207,4.065471,0.124709,0.095184,0.000000,0.000000,0.000000,0.000000,7.145646
229.000000,11.450000,14.465200,26.105612,3.292011,36.546323,2.139548,1.139950,25.268207,4.065471,0.120434,-0.083676,0.000000,0.000000,0.000000,0.000000,7.244577
230.000000,11.500000,14.686900,26.191555,3.355714,37.040840,2.135364,1.150684,25.382148,4.173597,0.121668,0.205713,0.000000,0.000000,0.000000,0.000000,7.344166
231.000000,11.550000,14.662800,26.276778,3.420029,37.539493,2.145650,1.164396,25.494950,4.282910,0.121445,-0.298696,0.000000,0.000000,0.000000,0.000000,7.443639
232.000000,11.600000,14.482100,26.361846,3.485397,38.039622,2.130715,1.177937,25.494950,4.282910,0.121270,-0.084902,0.000000,0.000000,0.000000,0.000000,7.543749
233.000000,11.650000,14.338800,26.445752,3.551045,38.535549,2.126470,1.189005,25.606602,4.393398,0.127994,-0.063988,0.000000,0.000000,0.000000,0.000000,7.643301
234.000000,11.700000,14.422700,26.528921,3.617285,39.058223,2.123271,1.202994,25.717090,4.505050,0.124834,0.123071,0.000000,0.000000,0.000000,0.000000,7.742415
235.000000,11.750000,13.309000,26.611357,3.684179,39.567091,2.129424,1.213895,25.717090,4.505050,0.120614,-0.190287,0.000000,0.000000,0.000000,0.000000,7.841666
236.000000,11.800000,14.711700,26.693434,3.752000,40.060009,2.119910,1.225334,25.826403,4.617852,0.111530,-0.052818,0.000000,0.000000,0.000000,0.000000,7.941519
237.000000,11.850000,14.437300,26.774560,3.820217,40.513444,2.117269,1.239041,25.826403,4.617852,0.128247,0.107714,0.000000,0.000000,0.000000,0.000000,8.041445
238.000000,11.900000,14.875500,26.855043,3.888989,41.034897,2.122655,1.248064,25.934529,4.731793,0.113816,0.002514,0.000000,0.000000,0.000000,0.000000,8.140520
239.000000,11.950000,14.657400,26.935100,3.958667,41.498305,2.122780,1.259955,26.041456,4.846860,0.123248,-0.111818,0.000000,0.000000,0.000000,0.000000,8.240579
240.000000,12.000000,14.973200,27.014595,4.028995,42.000525,2.117190,1.271182,26.041456,4.846860,0.137414,0.215436,0.000000,0.000000,0.000000,0.000000,8.340274
241.000000,12.050000,14.616000,27.093263,4.099829,42.559688,2.127961,1.280712,26.147172,4.963041,0.129215,0.130352,0.000000,0.000000,0.000000,0.000000,8.439164
242.000000,12.100000,15.098100,27.171633,4.171792,43.087774,2.134479,1.292968,26.251666,5.080322,0.142807,0.045334,0.000000,0.000000,0.000000,0.000000,8.538961
243.000000,12.150000,15.085600,27.249575,4.244697,43.673925,2.136746,1.301572,26.251666,5.080322,0.109928,0.011024,0.000000,0.000000,0.000000,0.000000,8.638581
244.000000,12.200000,15.016800,27.326848,4.318474,44.124344,2.137297,1.311265,26.354926,5.198691,0.103570,0.173013,0.000000,0.000000,0.000000,0.000000,8.739585
245.000000,12.250000,14.577800,27.403559,4.392875,44.548630,2.145947,1.322486,26.354926,5.198691,0.118649,0.107782,0.000000,0.000000,0.000000,0.000000,8.840837
246.000000,12.300000,14.886300,27.480025,4.468146,45.037203,2.151337,1.330106,26.456940,5.318135,0.122174,-0.129296,0.000000,0.000000,0.000000,0.000000,8.941958
247.000000,12.350000,14.951500,27.556037,4.544257,45.541697,2.144872,1.340374,26.557699,5.438640,0.145745,0.213341,0.000000,0.000000,0.000000,0.000000,9.043210
248.000000,12.400000,14.616700,27.631149,4.620803,46.142992,2.155539,1.349501,26.557699,5.438640,0.121993,0.079990,0.000000,0.000000,0.000000,0.000000,9.143407
249.000000,12.450000,14.478800,27.705824,4.698518,46.647715,2.159538,1.357247,26.657189,5.560194,0.130080,0.052454,0.000000,0.000000,0.000000,0.000000,9.244832
250.000000,12.500000,14.572000,27.779948,4.777033,47.187265,2.162161,1.367508,26.755402,5.682783,0.122430,0.049490,0.000000,0.000000,0.000000,0.000000,9.346190
251.000000,12.550000,14.759200,27.853419,4.856338,47.695372,2.164636,1.374282,26.755402,5.682783,0.123403,-0.229338,0.000000,0.000000,0.000000,0.000000,9.447852
252.000000,12.600000,14.508500,27.926266,4.936384,48.208142,2.153169,1.382124,26.852325,5.806394,0.121694,-0.095404,0.000000,0.000000,0.000000,0.000000,9.549567
253.000000,12.650000,14.806200,27.998013,5.016651,48.711061,2.148398,1.391508,26.852325,5.806394,0.126461,0.014741,0.000000,0.000000,0.000000,0.000000,9.650737
254.000000,12.700000,14.748700,28.068895,5.097366,49.232731,2.149135,1.396957,26.947949,5.931013,0.137098,0.129966,0.000000,0.000000,0.000000,0.000000,9.751523
255.000000,12.750000,14.647800,28.139063,5.178750,49.799010,2.155634,1.404863,27.042262,6.056627,0.145658,0.173090,0.000000,0.000000,0.000000,0.000000,9.852068
256.000000,12.800000,14.679900,28.208633,5.261072,50.402957,2.164288,1.411853,27.042262,6.056627,0.132657,0.059469,0.000000,0.000000,0.000000,0.000000,9.952702
257.000000,12.850000,14.782500,28.277607,5.344456,50.954534,2.167262,1.417214,27.135255,6.183221,0.124373,-0.074474,0.000000,0.000000,0.000000,0.000000,10.053914
258.000000,12.900000,14.837600,28.345869,5.428616,51.472005,2.163538,1.424876,27.226917,6.310782,0.123180,-0.052384,0.000000,0.000000,0.000000,0.000000,10.155322
259.000000,12.950000,14.828300,28.413252,5.513243,51.983580,2.160919,1.429496,27.226917,6.310782,0.120056,0.211266,0.000000,0.000000,0.000000,0.000000,10.256485
260.000000,13.000000,14.492300,28.479796,5.598365,52.481449,2.171482,1.434819,27.317238,6.439296,0.132699,0.186494,0.000000,0.000000,0.000000,0.000000,10.357474
261.000000,13.050000,14.907500,28.545919,5.684482,53.035037,2.180807,1.442014,27.317238,6.439296,0.138037,0.095561,0.000000,0.000000,0.000000,0.000000,10.458710
262.000000,13.100000,14.699600,28.611488,5.771605,53.613644,2.185585,1.445039,27.406209,6.568749,0.135119,0.110431,0.000000,0.000000,0.000000,0.000000,10.560227
263.000000,13.150000,14.733700,28.676316,5.859579,54.181109,2.191106,1.450221,27.493819,6.699127,0.116938,0.252860,0.000000,0.000000,0.000000,0.000000,10.661884
264.000000,13.200000,14.844800,28.740430,5.948414,54.672701,2.203749,1.455201,27.493819,6.699127,0.120888,0.146422,0.000000,0.000000,0.000000,0.000000,10.763808
265.000000,13.250000,15.179400,28.804146,6.038312,55.183995,2.211071,1.458018,27.580059,6.830414,0.126470,0.337867,0.000000,0.000000,0.000000,0.000000,10.866173
266.000000,13.300000,14.887200,28.867265,6.129075,55.720924,2.227964,1.463010,27.664919,6.962598,0.123516,-0.002078,0.000000,0.000000,0.000000,0.000000,10.968723
267.000000,13.350000,15.245700,28.930008,6.221124,56.249187,2.227860,1.466367,27.664919,6.962598,0.128647,0.220916,0.000000,0.000000,0.000000,0.000000,11.071928
268.000000,13.400000,14.892500,28.991896,6.313743,56.799608,2.238906,1.468913,27.748390,7.095663,0.128239,0.148088,0.000000,0.000000,0.000000,0.000000,11.174976
269.000000,13.450000,14.851000,29.053193,6.407414,57.350981,2.246310,1.473448,27.830464,7.229595,0.122969,0.196306,0.000000,0.000000,0.000000,0.000000,11.278383
270.000000,13.500000,14.976500,29.113787,6.501983,57.881208,2.256126,1.475241,27.830464,7.229595,0.144443,0.273636,0.000000,0.000000,0.000000,0.000000,11.381965
271.000000,13.550000,15.147500,29.173763,6.597524,58.507960,2.269807,1.477263,27.911130,7.364379,0.140261,0.157217,0.000000,0.000000,0.000000,0.000000,11.485904
272.000000,13.600000,15.752100,29.233048,6.694299,59.120010,2.277668,1.481005,27.990381,7.500000,0.121858,0.320319,0.000000,0.000000,0.000000,0.000000,11.590277
273.000000,13.650000,15.462900,29.291498,6.792039,59.652734,2.293684,1.481254,27.990381,7.500000,0.132282,0.197222,0.000000,0.000000,0.000000,0.000000,11.694704
274.000000,13.700000,15.031900,29.349441,6.891009,60.235616,2.303545,1.482307,28.068207,7.636444,0.131531,0.098116,0.000000,0.000000,0.000000,0.000000,11.799765
275.000000,13.750000,13.949600,29.406619,6.990991,60.817642,2.308451,1.485031,28.144600,7.773695,0.135870,0.134929,0.000000,0.000000,0.000000,0.000000,11.905071
276.000000,13.800000,14.533300,29.462898,7.091763,61.420382,2.315197,1.484230,28.144600,7.773695,0.132516,0.170047,0.000000,0.000000,0.000000,0.000000,12.010444
277.000000,13.850000,14.961000,29.518275,7.193418,62.009784,2.323700,1.484138,28.219552,7.911739,0.137582,0.148772,0.000000,0.000000,0.000000,0.000000,12.115864
278.000000,13.900000,15.136900,29.572803,7.296013,62.624247,2.331138,1.485631,28.293054,8.050559,0.126621,-0.114976,0.000000,0.000000,0.000000,0.000000,12.221525
279.000000,13.950000,15.487700,29.626399,7.399516,63.191013,2.325390,1.483801,28.293054,8.050559,0.128102,0.032852,0.000000,0.000000,0.000000,0.000000,12.327110
280.000000,14.000000,15.243100,29.678838,7.503289,63.763069,2.327032,1.482458,28.365098,8.190143,0.129174,0.014298,0.000000,0.000000,0.000000,0.000000,12.432231
281.000000,14.050000,14.558400,29.730275,7.607653,64.340371,2.327747,1.482719,28.435676,8.330472,0.130731,0.167183,0.000000,0.000000,0.000000,0.000000,12.537211
282.000000,14.100000,14.599500,29.780674,7.712563,64.924893,2.336106,1.480146,28.435676,8.330472,0.157509,0.352725,0.000000,0.000000,0.000000,0.000000,12.642014
283.000000,14.150000,15.044200,29.830177,7.818359,65.633513,2.353743,1.477602,28.504782,8.471534,0.122566,0.315407,0.000000,0.000000,0.000000,0.000000,12.747552
284.000000,14.200000,14.573800,29.878731,7.925563,66.187261,2.369513,1.476307,28.572406,8.613311,0.146550,0.000227,0.000000,0.000000,0.000000,0.000000,12.852732
285.000000,14.250000,14.933800,29.926566,8.033953,66.855254,2.369524,1.472890,28.572406,8.613311,0.128018,0.248140,0.000000,0.000000,0.000000,0.000000,12.958995
286.000000,14.300000,14.670300,29.973133,8.142894,67.437781,2.381931,1.468596,28.638542,8.755788,0.122724,0.081771,0.000000,0.000000,0.000000,0.000000,13.064434
287.000000,14.350000,15.017600,30.018829,8.252875,67.998891,2.386020,1.465722,28.703182,8.898950,0.148609,0.055698,0.000000,0.000000,0.000000,0.000000,13.169991
288.000000,14.400000,14.975800,30.063522,8.363488,68.681126,2.388805,1.461932,28.703182,8.898950,0.116734,-0.043162,0.000000,0.000000,0.000000,0.000000,13.276266
289.000000,14.450000,15.037100,30.106945,8.474755,69.216131,2.386647,1.455999,28.766319,9.042782,0.131526,0.080790,0.000000,0.000000,0.000000,0.000000,13.381281
290.000000,14.500000,15.462800,30.149290,8.586322,69.819127,2.390686,1.451578,28.827947,9.187266,0.125076,-0.113302,0.000000,0.000000,0.000000,0.000000,13.486436
291.000000,14.550000,14.958600,30.190527,8.698518,70.393208,2.385021,1.447584,28.827947,9.187266,0.123172,0.038966,0.000000,0.000000,0.000000,0.000000,13.591229
292.000000,14.600000,14.890400,30.230544,8.810855,70.957116,2.386969,1.440230,28.888059,9.332388,0.113521,0.174129,0.000000,0.000000,0.000000,0.000000,13.695403
293.000000,14.650000,14.690700,30.269484,8.923672,71.476867,2.395676,1.434337,28.946647,9.478132,0.136985,0.157071,0.000000,0.000000,0.000000,0.000000,13.798995
294.000000,14.700000,15.700900,30.307538,9.037250,72.107578,2.403529,1.429971,29.003706,9.624481,0.136054,0.114807,0.000000,0.000000,0.000000,0.000000,13.903624
295.000000,14.750000,15.171700,30.344460,9.151614,72.736003,2.409270,1.421697,29.003706,9.624481,0.122344,0.036936,0.000000,0.000000,0.000000,0.000000,14.008214
296.000000,14.800000,14.547400,30.380210,9.266651,73.301777,2.411117,1.414136,29.059230,9.771419,0.140324,0.228301,0.000000,0.000000,0.000000,0.000000,14.112110
297.000000,14.850000,14.906600,30.414850,9.382123,73.952231,2.422532,1.407986,29.113212,9.918931,0.138207,0.048394,0.000000,0.000000,0.000000,0.000000,14.216575
298.000000,14.900000,14.579900,30.448334,9.498529,74.595774,2.424951,1.399746,29.113212,9.918931,0.115647,0.066903,0.000000,0.000000,0.000000,0.000000,14.321062
299.000000,14.950000,14.805900,30.480541,9.615421,75.133775,2.428296,1.390278,29.165646,10.067000,0.118814,0.179413,0.000000,0.000000,0.000000,0.000000,14.424188
300.000000,15.000000,14.579100,30.511691,9.732772,75.687408,2.437267,1.382239,29.216526,10.215610,0.122661,0.149688,0.000000,0.000000,0.000000,0.000000,14.527300
301.000000,15.050000,14.716200,30.541817,9.850853,76.261254,2.444752,1.374571,29.216526,10.215610,0.115682,0.150353,0.000000,0.000000,0.000000,0.000000,14.630661
302.000000,15.100000,14.613100,30.570848,9.969593,76.803810,2.452269,1.363514,29.265848,10.364745,0.128098,0.189822,0.000000,0.000000,0.000000,0.000000,14.733628
303.000000,15.150000,15.086800,30.598839,10.088969,77.407060,2.461760,1.353812,29.313605,10.514388,0.112673,-0.046375,0.000000,0.000000,0.000000,0.000000,14.837252
304.000000,15.200000,13.825500,30.625675,10.209096,77.939058,2.459442,1.345315,29.359792,10.664523,0.117161,0.184160,0.000000,0.000000,0.000000,0.000000,14.940045
305.000000,15.250000,15.101500,30.651370,10.329353,78.491917,2.468650,1.334358,29.359792,10.664523,0.117729,0.004364,0.000000,0.000000,0.000000,0.000000,15.042669
306.000000,15.300000,15.049300,30.675996,10.450304,79.049559,2.468868,1.322892,29.404405,10.815133,0.113960,0.115148,0.000000,0.000000,0.000000,0.000000,15.145363
307.000000,15.350000,14.115500,30.699445,10.571500,79.589240,2.474625,1.312749,29.447439,10.966203,0.113143,0.213470,0.000000,0.000000,0.000000,0.000000,15.247490
308.000000,15.400000,14.784900,30.721804,10.693194,80.126269,2.485299,1.303281,29.447439,10.966203,0.124488,-0.105286,0.000000,0.000000,0.000000,0.000000,15.349464
309.000000,15.450000,14.580500,30.743112,10.815619,80.720232,2.480034,1.290094,29.488887,11.117714,0.107589,0.090325,0.000000,0.000000,0.000000,0.000000,15.452238
310.000000,15.500000,14.606300,30.763108,10.937998,81.231802,2.484551,1.278140,29.528747,11.269652,0.118721,-0.038579,0.000000,0.000000,0.000000,0.000000,15.553332
311.000000,15.550000,14.976700,30.782045,11.060773,81.797810,2.482622,1.267590,29.567014,11.421998,0.097876,0.240837,0.000000,0.000000,0.000000,0.000000,15.655000
312.000000,15.600000,14.910300,30.799755,11.183635,82.263373,2.494664,1.255574,29.567014,11.421998,0.104502,-0.073028,0.000000,0.000000,0.000000,0.000000,15.754852
313.000000,15.650000,14.951900,30.816546,11.307232,82.763087,2.491012,1.242012,29.603684,11.574737,0.109788,0.199057,0.000000,0.000000,0.000000,0.000000,15.855344
314.000000,15.700000,14.695800,30.832236,11.430791,83.287511,2.500965,1.229899,29.638751,11.727851,0.109184,0.143572,0.000000,0.000000,0.000000,0.000000,15.955725
315.000000,15.750000,15.074600,30.846853,11.554982,83.811110,2.508144,1.219129,29.672214,11.881325,0.108689,-0.027122,0.000000,0.000000,0.000000,0.000000,16.056118
316.000000,15.800000,14.931800,30.860372,11.679658,84.333813,2.506788,1.205151,29.672214,11.881325,0.106164,0.066502,0.000000,0.000000,0.000000,0.000000,16.156414
317.000000,15.850000,14.715800,30.872747,11.804385,84.844001,2.510113,1.191243,29.704068,12.035140,0.098739,0.083580,0.000000,0.000000,0.000000,0.000000,16.256127
318.000000,15.900000,14.509000,30.884026,11.929383,85.318898,2.514292,1.178727,29.734309,12.189280,0.122480,0.048038,0.000000,0.000000,0.000000,0.000000,16.355097
319.000000,15.950000,14.857900,30.894286,12.054678,85.909997,2.516694,1.167693,29.762934,12.343729,0.109600,0.079384,0.000000,0.000000,0.000000,0.000000,16.455666
320.000000,16.000000,14.603300,30.903261,12.180192,86.438911,2.520663,1.151994,29.762934,12.343729,0.096784,0.117166,0.000000,0.000000,0.000000,0.000000,16.554939
321.000000,16.050000,14.557100,30.911089,12.305982,86.906301,2.526521,1.137552,29.789941,12.498469,0.100849,0.136781,0.000000,0.000000,0.000000,0.000000,16.653034
322.000000,16.100000,14.731000,30.917907,12.432124,87.394585,2.533360,1.124583,29.815325,12.653483,0.084816,0.067022,0.000000,0.000000,0.000000,0.000000,16.751366
323.000000,16.150000,15.058500,30.923665,12.558661,87.805940,2.536711,1.112388,29.815325,12.653483,0.117271,0.100069,0.000000,0.000000,0.000000,0.000000,16.848397
324.000000,16.200000,14.900000,30.928521,12.685404,88.376708,2.541715,1.096397,29.839085,12.808755,0.101824,0.161594,0.000000,0.000000,0.000000,0.000000,16.947865
325.000000,16.250000,14.312100,30.932121,12.812439,88.872710,2.549794,1.081612,29.861218,12.964266,0.085992,0.087418,0.000000,0.000000,0.000000,0.000000,17.045869
326.000000,16.300000,14.748900,30.934629,12.939904,89.292503,2.554165,1.068200,29.881721,13.120002,0.094660,-0.027454,0.000000,0.000000,0.000000,0.000000,17.142565
327.000000,16.350000,15.261300,30.936206,13.067602,89.755646,2.552792,1.055786,29.881721,13.120002,0.090380,-0.007984,0.000000,0.000000,0.000000,0.000000,17.239884
328.000000,16.400000,14.582000,30.936750,13.195241,90.197493,2.552393,1.039297,29.900591,13.275943,0.075217,-0.048535,0.000000,0.000000,0.000000,0.000000,17.336493
329.000000,16.450000,14.731100,30.936310,13.322859,90.564848,2.549966,1.024321,29.917828,13.432073,0.080886,-0.075656,0.000000,0.000000,0.000000,0.000000,17.431555
330.000000,16.500000,14.807600,30.935053,13.450352,90.959629,2.546184,1.011089,29.933429,13.588375,0.095984,-0.038952,0.000000,0.000000,0.000000,0.000000,17.526815
331.000000,16.550000,14.604100,30.932921,13.577643,91.427821,2.544236,0.999549,29.933429,13.588375,0.081554,-0.098237,0.000000,0.000000,0.000000,0.000000,17.622977
332.000000,16.600000,15.037800,30.929751,13.704815,91.824984,2.539324,0.983173,29.947393,13.744832,0.090561,-0.087991,0.000000,0.000000,0.000000,0.000000,17.717529
333.000000,16.650000,14.930600,30.925708,13.831717,92.265388,2.534925,0.968503,29.959717,13.901427,0.072965,0.072137,0.000000,0.000000,0.000000,0.000000,17.812436
334.000000,16.700000,15.004500,30.920698,13.958364,92.619265,2.538532,0.955521,29.970401,14.058142,0.069132,0.093785,0.000000,0.000000,0.000000,0.000000,17.905397
335.000000,16.750000,14.889300,30.914897,14.085158,92.954968,2.543221,0.944417,29.979443,14.214961,0.072885,-0.009238,0.000000,0.000000,0.000000,0.000000,17.997997
336.000000,16.800000,15.079500,30.908342,14.212150,93.309614,2.542759,0.928903,29.979443,14.214961,0.082494,-0.053163,0.000000,0.000000,0.000000,0.000000,18.090948
337.000000,16.850000,14.862300,30.901002,14.339076,93.711142,2.540101,0.914748,29.986842,14.371865,0.073780,0.021886,0.000000,0.000000,0.000000,0.000000,18.184542
338.000000,16.900000,14.944300,30.892782,14.465815,94.069718,2.541195,0.902387,29.992598,14.528839,0.061632,0.041355,0.000000,0.000000,0.000000,0.000000,18.277044
339.000000,16.950000,14.738000,30.883764,14.592554,94.369217,2.543263,0.891948,29.996710,14.685864,0.082939,0.092315,0.000000,0.000000,0.000000,0.000000,18.368351
340.000000,17.000000,15.207800,30.874077,14.719348,94.773003,2.547879,0.878005,29.996710,14.685864,0.060569,-0.026266,0.000000,0.000000,0.000000,0.000000,18.461504
341.000000,17.050000,14.793300,30.863476,14.846300,95.068096,2.546565,0.864305,29.999178,14.842923,0.092094,-0.169137,0.000000,0.000000,0.000000,0.000000,18.552610
342.000000,17.100000,14.891100,30.852228,14.973130,95.517275,2.538108,0.852652,30.000000,15.000000,0.073396,-0.225011,0.000000,0.000000,0.000000,0.000000,18.646373
343.000000,17.150000,14.390100,30.840027,15.099448,95.873698,2.526858,0.842822,29.999178,15.157077,0.076577,-0.024680,0.000000,0.000000,0.000000,0.000000,18.737849
344.000000,17.200000,14.709100,30.827097,15.225127,96.243978,2.525624,0.830712,29.999178,15.157077,0.074930,-0.141565,0.000000,0.000000,0.000000,0.000000,18.829022
345.000000,17.250000,15.024400,30.813363,15.350659,96.606087,2.518546,0.817469,29.996710,15.314136,0.058901,-0.078133,0.000000,0.000000,0.000000,0.000000,18.919800
346.000000,17.300000,14.872000,30.798876,15.475751,96.889733,2.514639,0.806290,29.992598,15.471161,0.088736,-0.008175,0.000000,0.000000,0.000000,0.000000,19.008703
347.000000,17.350000,15.217700,30.783793,15.600575,97.317018,2.514230,0.797427,29.986842,15.628135,0.070487,-0.029813,0.000000,0.000000,0.000000,0.000000,19.100062
348.000000,17.400000,15.125900,30.767783,15.725262,97.656047,2.512740,0.786957,29.986842,15.628135,0.076912,0.088215,0.000000,0.000000,0.000000,0.000000,19.189472
349.000000,17.450000,15.019400,30.751044,15.849780,98.025878,2.517150,0.774313,29.979443,15.785039,0.074365,-0.062426,0.000000,0.000000,0.000000,0.000000,19.279249
350.000000,17.500000,14.560400,30.733472,15.974404,98.384039,2.514029,0.763765,29.970401,15.941858,0.087480,0.083923,0.000000,0.000000,0.000000,0.000000,19.368744
351.000000,17.550000,14.870600,30.715144,16.098762,98.805142,2.518225,0.755427,29.959717,16.098573,0.070350,-0.064539,0.000000,0.000000,0.000000,0.000000,19.459137
352.000000,17.600000,14.931200,30.695870,16.223190,99.144046,2.514998,0.746626,29.959717,16.098573,0.067981,0.008562,0.000000,0.000000,0.000000,0.000000,19.547816
353.000000,17.650000,14.729800,30.675886,16.347342,99.471082,2.515426,0.734302,29.947393,16.255168,0.055190,-0.100602,0.000000,0.000000,0.000000,0.000000,19.635998
354.000000,17.700000,14.617200,30.655191,16.471398,99.736491,2.510396,0.724232,29.933429,16.411625,0.070956,-0.135716,0.000000,0.000000,0.000000,0.000000,19.722864
355.000000,17.750000,14.963900,30.633963,16.595110,100.077264,2.503610,0.716650,29.917828,16.567927,0.053155,-0.023124,0.000000,0.000000,0.000000,0.000000,19.810962
356.000000,17.800000,14.736500,30.612060,16.718360,100.331669,2.502454,0.710343,29.917828,16.567927,0.069494,-0.099193,0.000000,0.000000,0.000000,0.000000,19.897004
357.000000,17.850000,14.922100,30.589619,16.841454,100.664338,2.497495,0.698957,29.900591,16.724057,0.072879,-0.187072,0.000000,0.000000,0.000000,0.000000,19.984480
358.000000,17.900000,14.654400,30.566511,16.964171,101.012578,2.488141,0.689944,29.881721,16.879998,0.054316,0.227345,0.000000,0.000000,0.000000,0.000000,20.071936
359.000000,17.950000,15.051000,30.542746,17.086288,101.270943,2.499508,0.683401,29.861218,17.035734,0.085488,-0.058755,0.000000,0.000000,0.000000,0.000000,20.157154
360.000000,18.000000,14.818600,30.518319,17.208853,101.680035,2.496570,0.679463,29.839085,17.191245,0.055872,-0.070188,0.000000,0.000000,0.000000,0.000000,20.245631
361.000000,18.050000,14.784100,30.493048,17.331096,101.946714,2.493061,0.668750,29.839085,17.191245,0.066298,-0.005167,0.000000,0.000000,0.000000,0.000000,20.330939
362.000000,18.100000,14.580000,30.467245,17.453050,102.262850,2.492803,0.660567,29.815325,17.346517,0.072375,-0.080801,0.000000,0.000000,0.000000,0.000000,20.417043
363.000000,18.150000,15.055000,30.440772,17.574846,102.608025,2.488763,0.654948,29.789941,17.501531,0.065313,-0.173656,0.000000,0.000000,0.000000,0.000000,20.503570
364.000000,18.200000,14.556900,30.413610,17.696283,102.918911,2.480080,0.651904,29.762934,17.656271,0.076498,0.127033,0.000000,0.000000,0.000000,0.000000,20.589101
365.000000,18.250000,14.637700,30.385886,17.817148,103.281958,2.486431,0.643390,29.762934,17.656271,0.064328,-0.124306,0.000000,0.000000,0.000000,0.000000,20.675256
366.000000,18.300000,14.801900,30.357324,17.938145,103.587857,2.480216,0.635912,29.734309,17.810720,0.073969,-0.022583,0.000000,0.000000,0.000000,0.000000,20.760255
367.000000,18.350000,14.561200,30.328189,18.058684,103.938877,2.479087,0.631134,29.704068,17.964860,0.074248,-0.029280,0.000000,0.000000,0.000000,0.000000,20.845831
368.000000,18.400000,14.908600,30.298330,18.178989,104.291067,2.477623,0.629014,29.672214,18.118675,0.064298,-0.115860,0.000000,0.000000,0.000000,0.000000,20.931194
369.000000,18.450000,14.814300,30.267750,18.299036,104.595740,2.471830,0.622249,29.672214,18.118675,0.064711,-0.005177,0.000000,0.000000,0.000000,0.000000,21.015347
370.000000,18.500000,14.721000,30.236606,18.418639,104.901658,2.471571,0.615540,29.638751,18.272149,0.081989,0.125758,0.000000,0.000000,0.000000,0.000000,21.099211
371.000000,18.550000,14.776900,30.204826,18.538062,105.289544,2.477859,0.611634,29.603684,18.425263,0.076985,0.015563,0.000000,0.000000,0.000000,0.000000,21.184600
372.000000,18.600000,14.702300,30.172156,18.657570,105.654587,2.478637,0.610350,29.567014,18.578002,0.067244,-0.158898,0.000000,0.000000,0.000000,0.000000,21.269459
373.000000,18.650000,15.456800,30.138714,18.776904,105.973388,2.470692,0.605313,29.567014,18.578002,0.082470,-0.106886,0.000000,0.000000,0.000000,0.000000,21.353166
374.000000,18.700000,15.652100,30.104719,18.895669,106.363420,2.465348,0.599228,29.528747,18.730348,0.070754,-0.047426,0.000000,0.000000,0.000000,0.000000,21.437939
375.000000,18.750000,14.742000,30.069991,19.013943,106.697118,2.462977,0.595831,29.488887,18.882286,0.049448,-0.000427,0.000000,0.000000,0.000000,0.000000,21.521111
376.000000,18.800000,14.985300,30.034609,19.131900,106.929908,2.462955,0.595309,29.447439,19.033797,0.083025,-0.106905,0.000000,0.000000,0.000000,0.000000,21.601931
377.000000,18.850000,14.829800,29.998748,19.249711,107.321349,2.457610,0.592082,29.447439,19.033797,0.068306,-0.209689,0.000000,0.000000,0.000000,0.000000,21.686031
378.000000,18.900000,14.635500,29.962162,19.367019,107.642455,2.447126,0.586747,29.404405,19.184867,0.056997,0.090790,0.000000,0.000000,0.000000,0.000000,21.768222
379.000000,18.950000,14.911600,29.925079,19.483620,107.909131,2.451665,0.584376,29.359792,19.335477,0.077159,0.024130,0.000000,0.000000,0.000000,0.000000,21.848782
380.000000,19.000000,14.670100,29.887384,19.600264,108.271132,2.452872,0.585122,29.313605,19.485612,0.052957,0.150505,0.000000,0.000000,0.000000,0.000000,21.931407
381.000000,19.050000,14.824500,29.848933,19.716724,108.519449,2.460397,0.583086,29.313605,19.485612,0.060570,-0.115916,0.000000,0.000000,0.000000,0.000000,22.011435
382.000000,19.100000,14.879200,29.809859,19.833373,108.804416,2.454601,0.578964,29.265848,19.635255,0.062648,-0.090597,0.000000,0.000000,0.000000,0.000000,22.092415
383.000000,19.150000,14.821800,29.770298,19.949553,109.098491,2.450071,0.577878,29.216526,19.784390,0.089225,0.132573,0.000000,0.000000,0.000000,0.000000,22.173300
384.000000,19.200000,15.104300,29.730216,20.065313,109.517111,2.456700,0.579868,29.165646,19.933000,0.073639,-0.111835,0.000000,0.000000,0.000000,0.000000,22.256573
385.000000,19.250000,15.035000,29.689178,20.181090,109.863248,2.451108,0.579341,29.165646,19.933000,0.051182,0.017218,0.000000,0.000000,0.000000,0.000000,22.338174
386.000000,19.300000,14.741400,29.647537,20.296354,110.103052,2.451969,0.576066,29.113212,20.081069,0.077193,-0.094447,0.000000,0.000000,0.000000,0.000000,22.417112
387.000000,19.350000,14.912700,29.605399,20.411484,110.465261,2.447247,0.575981,29.059230,20.228581,0.085304,0.084259,0.000000,0.000000,0.000000,0.000000,22.498668
388.000000,19.400000,14.614500,29.562616,20.526123,110.864932,2.451460,0.578845,29.003706,20.375519,0.091547,-0.040518,0.000000,0.000000,0.000000,0.000000,22.580657
389.000000,19.450000,15.080600,29.518960,20.640658,111.294754,2.449434,0.579469,29.003706,20.375519,0.063736,0.000736,0.000000,0.000000,0.000000,0.000000,22.663137
390.000000,19.500000,14.800600,29.474482,20.754768,111.593319,2.449471,0.576933,28.946647,20.521868,0.065559,-0.110946,0.000000,0.000000,0.000000,0.000000,22.742340
391.000000,19.550000,15.065000,29.429410,20.868646,111.900454,2.443923,0.577474,28.888059,20.667612,0.086762,0.084318,0.000000,0.000000,0.000000,0.000000,22.821593
392.000000,19.600000,14.533900,29.383831,20.982024,112.306438,2.448139,0.581090,28.827947,20.812734,0.068511,-0.034832,0.000000,0.000000,0.000000,0.000000,22.902707
393.000000,19.650000,15.179800,29.337370,21.095271,112.627271,2.446398,0.582528,28.827947,20.812734,0.084785,-0.160416,0.000000,0.000000,0.000000,0.000000,22.981750
394.000000,19.700000,14.427500,29.290310,21.208175,113.024360,2.438377,0.580986,28.766319,20.957218,0.078706,-0.095005,0.000000,0.000000,0.000000,0.000000,23.062262
395.000000,19.750000,14.843900,29.242624,21.320382,113.391648,2.433627,0.582327,28.703182,21.101050,0.077386,0.021653,0.000000,0.000000,0.000000,0.000000,23.141577
396.000000,19.800000,14.606400,29.194315,21.432063,113.752047,2.434709,0.586662,28.638542,21.244212,0.084777,0.087887,0.000000,0.000000,0.000000,0.000000,23.220347
397.000000,19.850000,14.898200,29.145283,21.543487,114.147206,2.439104,0.588517,28.638542,21.244212,0.065610,0.081589,0.000000,0.000000,0.000000,0.000000,23.299693
398.000000,19.900000,14.555000,29.095393,21.654770,114.453278,2.443183,0.587693,28.572406,21.386689,0.067138,-0.067168,0.000000,0.000000,0.000000,0.000000,23.376847
399.000000,19.950000,14.866400,29.044825,21.765972,114.767023,2.439825,0.589963,28.504782,21.528466,0.089280,-0.155956,0.000000,0.000000,0.000000,0.000000,23.435359
400.000000,20.000000,14.753300,28.993719,21.876742,115.184153,2.432027,0.595273,28.435676,21.669528,0.091945,-0.054858,0.000000,0.000000,0.000000,0.000000,23.487862
401.000000,20.050000,14.912900,28.941975,21.986785,115.612431,2.429284,0.597486,28.435676,21.669528,0.077727,-0.036364,0.000000,0.000000,0.000000,0.000000,23.540273
402.000000,20.100000,14.695100,28.889468,22.096314,115.973781,2.427466,0.597512,28.365098,21.809857,0.091216,-0.042270,0.000000,0.000000,0.000000,0.000000,23.590142
403.000000,20.150000,14.806800,28.836311,22.205428,116.397844,2.425352,0.600548,28.293054,21.949441,0.086700,-0.230310,0.000000,0.000000,0.000000,0.000000,23.641781
404.000000,20.200000,14.584300,28.782395,22.314050,116.800455,2.413837,0.606443,28.219552,22.088261,0.081171,0.221535,0.000000,0.000000,0.000000,0.000000,23.692353
405.000000,20.250000,14.782900,28.727977,22.421778,117.175483,2.424913,0.608054,28.219552,22.088261,0.082007,0.052897,0.000000,0.000000,0.000000,0.000000,23.728635
406.000000,20.300000,14.877100,28.672602,22.529639,117.556132,2.427558,0.608932,28.144600,22.226305,0.099803,0.133619,0.000000,0.000000,0.000000,0.000000,23.635517
407.000000,20.350000,14.813500,28.616451,22.637248,118.020388,2.434239,0.612763,28.068207,22.363556,0.070515,-0.135036,0.000000,0.000000,0.000000,0.000000,23.540790
408.000000,20.400000,14.865000,28.559272,22.744693,118.348761,2.427487,0.619283,27.990381,22.500000,0.092788,-0.235165,0.000000,0.000000,0.000000,0.000000,23.447458
409.000000,20.450000,15.035200,28.501639,22.851511,118.780181,2.415729,0.620439,27.990381,22.500000,0.071932,0.174186,0.000000,0.000000,0.000000,0.000000,23.352664
410.000000,20.500000,15.744100,28.443486,22.957377,119.112629,2.424438,0.622037,27.911130,22.635621,0.090343,0.110183,0.000000,0.000000,0.000000,0.000000,23.259404
411.000000,20.550000,15.185900,28.384509,23.063285,119.532090,2.429948,0.626693,27.830464,22.770405,0.096711,-0.125282,0.000000,0.000000,0.000000,0.000000,23.164374
412.000000,20.600000,14.970300,28.324621,23.168997,119.982316,2.423684,0.634103,27.748390,22.904337,0.082508,0.071526,0.000000,0.000000,0.000000,0.000000,23.068404
413.000000,20.650000,14.731900,28.264062,23.273964,120.365107,2.427260,0.634461,27.748390,22.904337,0.093895,0.002827,0.000000,0.000000,0.000000,0.000000,22.973264
414.000000,20.700000,14.824500,28.202712,23.378679,120.801661,2.427401,0.636939,27.664919,23.037402,0.078740,-0.160344,0.000000,0.000000,0.000000,0.000000,22.876993
415.000000,20.750000,15.144700,28.140562,23.482929,121.167457,2.419384,0.642143,27.580059,23.169586,0.071564,-0.102755,0.000000,0.000000,0.000000,0.000000,22.781354
416.000000,20.800000,14.733900,28.077955,23.586438,121.498698,2.414246,0.649359,27.580059,23.169586,0.099915,0.041292,0.000000,0.000000,0.000000,0.000000,22.686235
417.000000,20.850000,14.736500,28.014886,23.689363,121.960931,2.416311,0.649950,27.493819,23.300873,0.094253,-0.006474,0.000000,0.000000,0.000000,0.000000,22.589375
418.000000,20.900000,14.540400,27.950933,23.791864,122.397182,2.415987,0.653274,27.406209,23.431251,0.090698,-0.213307,0.000000,0.000000,0.000000,0.000000,22.492438
419.000000,20.950000,14.742000,27.886211,23.893862,122.816832,2.405322,0.659336,27.317238,23.560704,0.104995,-0.078567,0.000000,0.000000,0.000000,0.000000,22.395414
420.000000,21.000000,14.908100,27.821032,23.994934,123.300939,2.401393,0.665105,27.317238,23.560704,0.087763,0.108862,0.000000,0.000000,0.000000,0.000000,22.297696
421.000000,21.050000,14.527700,27.755109,24.095288,123.704484,2.406837,0.666243,27.226917,23.689218,0.090506,0.240614,0.000000,0.000000,0.000000,0.000000,22.200771
422.000000,21.100000,15.013500,27.688330,24.195402,124.121655,2.418867,0.670259,27.135255,23.816779,0.079994,-0.056561,0.000000,0.000000,0.000000,0.000000,22.103199
423.000000,21.150000,14.744500,27.620487,24.295525,124.491994,2.416039,0.677019,27.042262,23.943373,0.095930,-0.148401,0.000000,0.000000,0.000000,0.000000,22.005442
424.000000,21.200000,14.813700,27.552078,24.395090,124.936005,2.408619,0.681146,27.042262,23.943373,0.097713,-0.344436,0.000000,0.000000,0.000000,0.000000,21.906686
425.000000,21.250000,14.925100,27.483112,24.493819,125.386935,2.391397,0.683287,26.947949,24.068987,0.087586,-0.076577,0.000000,0.000000,0.000000,0.000000,21.807833
426.000000,21.300000,15.377900,27.413869,24.591299,125.787987,2.387569,0.688107,26.852325,24.193606,0.090502,-0.106309,0.000000,0.000000,0.000000,0.000000,21.709908
427.000000,21.350000,14.933700,27.344058,24.688137,126.201801,2.382253,0.695772,26.755402,24.317217,0.081250,-0.024254,0.000000,0.000000,0.000000,0.000000,21.611730
428.000000,21.400000,14.779700,27.273707,24.784254,126.572285,2.381040,0.697685,26.755402,24.317217,0.087910,-0.152452,0.000000,0.000000,0.000000,0.000000,21.513965
429.000000,21.450000,14.800800,27.202771,24.879866,126.973086,2.373418,0.700936,26.657189,24.439806,0.101401,0.008290,0.000000,0.000000,0.000000,0.000000,21.415691
430.000000,21.500000,15.035300,27.131398,24.974674,127.434307,2.373832,0.707078,26.557699,24.561360,0.073753,-0.071456,0.000000,0.000000,0.000000,0.000000,21.316820
431.000000,21.550000,14.989300,27.059251,25.068921,127.769290,2.370259,0.713564,26.557699,24.561360,0.094193,-0.148361,0.000000,0.000000,0.000000,0.000000,21.218943
432.000000,21.600000,14.643500,26.986664,25.162604,128.196955,2.362841,0.715343,26.456940,24.681865,0.086190,-0.023359,0.000000,0.000000,0.000000,0.000000,21.120063
433.000000,21.650000,14.934500,26.913608,25.255450,128.586872,2.361673,0.719980,26.354926,24.801309,0.090860,-0.024965,0.000000,0.000000,0.000000,0.000000,21.021587
434.000000,21.700000,14.748700,26.839960,25.347752,128.997825,2.360425,0.727555,26.251666,24.919678,0.091088,0.062450,0.000000,0.000000,0.000000,0.000000,20.922710
435.000000,21.750000,14.912600,26.765690,25.439474,129.409595,2.363548,0.731033,26.251666,24.919678,0.090938,0.062338,0.000000,0.000000,0.000000,0.000000,20.823621
436.000000,21.800000,14.617700,26.690664,25.530782,129.821230,2.366665,0.734332,26.147172,25.036959,0.095191,-0.203630,0.000000,0.000000,0.000000,0.000000,20.724152
437.000000,21.850000,15.070800,26.614884,25.621667,130.252797,2.356483,0.740498,26.041456,25.153140,0.107368,0.038901,0.000000,0.000000,0.000000,0.000000,20.624120
438.000000,21.900000,15.082200,26.538751,25.711590,130.737878,2.358428,0.747776,26.041456,25.153140,0.098627,0.125894,0.000000,0.000000,0.000000,0.000000,20.523754
439.000000,21.950000,15.629500,26.461795,25.800940,131.183566,2.364723,0.749542,25.934529,25.268207,0.090265,-0.214266,0.000000,0.000000,0.000000,0.000000,20.423352
440.000000,22.000000,15.691200,26.383940,25.889925,131.592339,2.354010,0.754112,25.826403,25.382148,0.087273,-0.066964,0.000000,0.000000,0.000000,0.000000,20.322734
441.000000,22.050000,15.934100,26.305807,25.977951,131.985705,2.350661,0.761497,25.717090,25.494950,0.080059,0.088051,0.000000,0.000000,0.000000,0.000000,20.222444
442.000000,22.100000,15.661900,26.227184,26.065315,132.345892,2.355064,0.765187,25.717090,25.494950,0.094528,0.147345,0.000000,0.000000,0.000000,0.000000,20.122336
443.000000,22.150000,14.119500,26.147865,26.152346,132.772335,2.362431,0.768636,25.606602,25.606602,0.102643,-0.078372,0.000000,0.000000,0.000000,0.000000,20.021314
444.000000,22.200000,15.103400,26.067650,26.239054,133.237086,2.358513,0.774875,25.494950,25.717090,0.088214,0.058989,0.000000,0.000000,0.000000,0.000000,19.919440
445.000000,22.250000,15.217200,25.986869,26.324965,133.635475,2.361462,0.781982,25.494950,25.717090,0.093381,0.027638,0.000000,0.000000,0.000000,0.000000,19.817954
446.000000,22.300000,14.766300,25.905390,26.410420,134.057856,2.362844,0.784129,25.382148,25.826403,0.099883,0.004100,0.000000,0.000000,0.000000,0.000000,19.715943
447.000000,22.350000,14.714900,25.823236,26.495322,134.510102,2.363049,0.789016,25.268207,25.934529,0.095529,-0.066433,0.000000,0.000000,0.000000,0.000000,19.613421
448.000000,22.400000,14.667700,25.740407,26.579579,134.942548,2.359727,0.796530,25.153140,26.041456,0.106078,-0.056360,0.000000,0.000000,0.000000,0.000000,19.510768
449.000000,22.450000,14.661700,25.657062,26.663092,135.422415,2.356909,0.800230,25.153140,26.041456,0.102436,0.041508,0.000000,0.000000,0.000000,0.000000,19.407699
450.000000,22.500000,14.553600,25.573120,26.745805,135.885137,2.358985,0.803635,25.036959,26.147172,0.106666,-0.046134,0.000000,0.000000,0.000000,0.000000,19.304589
451.000000,22.550000,14.690900,25.488439,26.827909,136.367533,2.356678,0.809657,24.919678,26.251666,0.099840,-0.094307,0.000000,0.000000,0.000000,0.000000,19.201015
452.000000,22.600000,14.849900,25.403153,26.909218,136.818406,2.351963,0.816163,24.919678,26.251666,0.105977,-0.117683,0.000000,0.000000,0.000000,0.000000,19.097459
453.000000,22.650000,14.717800,25.317402,26.989692,137.296234,2.346078,0.818095,24.801309,26.354926,0.111232,-0.050290,0.000000,0.000000,0.000000,0.000000,18.993713
454.000000,22.700000,14.796800,25.231199,27.069248,137.796697,2.343564,0.822611,24.681865,26.456940,0.114167,0.026134,0.000000,0.000000,0.000000,0.000000,18.889848
455.000000,22.750000,14.820200,25.144397,27.147964,138.309927,2.344871,0.829666,24.561360,26.557699,0.086039,0.161218,0.000000,0.000000,0.000000,0.000000,18.785767
456.000000,22.800000,14.866500,25.056845,27.225943,138.696194,2.352932,0.831899,24.561360,26.557699,0.095861,-0.102007,0.000000,0.000000,0.000000,0.000000,18.681965
457.000000,22.850000,14.821800,24.968467,27.303596,139.128295,2.347831,0.835059,24.439806,26.657189,0.099161,0.099603,0.000000,0.000000,0.000000,0.000000,18.577410
458.000000,22.900000,14.827500,24.879698,27.380413,139.574400,2.352811,0.840847,24.317217,26.755402,0.108465,0.016053,0.000000,0.000000,0.000000,0.000000,18.472799
459.000000,22.950000,14.837400,24.790144,27.456698,140.063713,2.353614,0.845859,24.317217,26.755402,0.100845,-0.084602,0.000000,0.000000,0.000000,0.000000,18.367575
460.000000,23.000000,14.868800,24.699912,27.532242,140.518561,2.349384,0.847722,24.193606,26.852325,0.090476,-0.104950,0.000000,0.000000,0.000000,0.000000,18.262205
461.000000,23.050000,14.825300,24.609245,27.606932,140.925637,2.344136,0.852137,24.068987,26.947949,0.098700,0.065892,0.000000,0.000000,0.000000,0.000000,18.156966
462.000000,23.100000,14.866800,24.518254,27.680811,141.368954,2.347431,0.859205,23.943373,27.042262,0.107747,-0.072548,0.000000,0.000000,0.000000,0.000000,18.051647
463.000000,23.150000,14.865100,24.426566,27.754086,141.853890,2.343804,0.860330,23.943373,27.042262,0.110628,0.123967,0.000000,0.000000,0.000000,0.000000,17.945848
464.000000,23.200000,14.561500,24.334403,27.826471,142.351128,2.350002,0.863547,23.816779,27.135255,0.107201,0.023053,0.000000,0.000000,0.000000,0.000000,17.839956
465.000000,23.250000,14.819100,24.241370,27.898242,142.834117,2.351155,0.869224,23.689218,27.226917,0.096229,0.148332,0.000000,0.000000,0.000000,0.000000,17.733598
466.000000,23.300000,14.741900,24.147689,27.969262,143.267562,2.358571,0.872509,23.689218,27.226917,0.096899,-0.113188,0.000000,0.000000,0.000000,0.000000,17.627079
467.000000,23.350000,14.912700,24.053177,28.039793,143.705417,2.352912,0.874423,23.560704,27.317238,0.098119,0.109197,0.000000,0.000000,0.000000,0.000000,17.520024
468.000000,23.400000,14.979500,23.958357,28.109431,144.147757,2.358372,0.878842,23.431251,27.406209,0.106151,-0.134949,0.000000,0.000000,0.000000,0.000000,17.413026
469.000000,23.450000,14.813700,23.862780,28.178496,144.627684,2.351624,0.884672,23.431251,27.406209,0.098424,0.163966,0.000000,0.000000,0.000000,0.000000,17.305540
470.000000,23.500000,14.622800,23.766903,28.246562,145.071166,2.359822,0.885329,23.300873,27.493819,0.109757,-0.203297,0.000000,0.000000,0.000000,0.000000,17.198199
471.000000,23.550000,14.858700,23.670167,28.314119,145.567830,2.349658,0.888497,23.169586,27.580059,0.085617,0.126410,0.000000,0.000000,0.000000,0.000000,17.090260
472.000000,23.600000,14.597100,23.573267,28.380547,145.952977,2.355978,0.894022,23.037402,27.664919,0.112895,0.041844,0.000000,0.000000,0.000000,0.000000,16.982644
473.000000,23.650000,14.916300,23.475662,28.446500,146.463126,2.358070,0.896069,23.037402,27.664919,0.101814,-0.004765,0.000000,0.000000,0.000000,0.000000,16.874549
474.000000,23.700000,15.072900,23.377386,28.511638,146.923244,2.357832,0.897955,22.904337,27.748390,0.110678,0.152218,0.000000,0.000000,0.000000,0.000000,16.766164
475.000000,23.750000,15.097800,23.278599,28.575979,147.423686,2.365443,0.902250,22.770405,27.830464,0.101918,0.057538,0.000000,0.000000,0.000000,0.000000,16.657631
476.000000,23.800000,14.978500,23.178934,28.639659,147.885720,2.368320,0.906473,22.770405,27.830464,0.105293,-0.161096,0.000000,0.000000,0.000000,0.000000,16.548541
477.000000,23.850000,14.779500,23.078637,28.702611,148.363743,2.360265,0.907030,22.635621,27.911130,0.086950,0.263400,0.000000,0.000000,0.000000,0.000000,16.439167
478.000000,23.900000,14.585100,22.978161,28.764511,148.756684,2.373435,0.909899,22.500000,27.990381,0.116609,0.204238,0.000000,0.000000,0.000000,0.000000,16.329896
479.000000,23.950000,14.903900,22.876700,28.826063,149.287673,2.383647,0.915239,22.363556,28.068207,0.112988,0.005062,0.000000,0.000000,0.000000,0.000000,16.220073
480.000000,24.000000,14.997000,22.774234,28.886933,149.804242,2.383900,0.915952,22.363556,28.068207,0.101464,-0.066915,0.000000,0.000000,0.000000,0.000000,16.109583
481.000000,24.050000,14.666900,22.671213,28.946883,150.267791,2.380554,0.917388,22.226305,28.144600,0.091255,-0.137616,0.000000,0.000000,0.000000,0.000000,15.998807
482.000000,24.100000,14.583400,22.567855,29.005914,150.683838,2.373674,0.921073,22.088261,28.219552,0.092343,0.103150,0.000000,0.000000,0.000000,0.000000,15.887926
483.000000,24.150000,15.060100,22.464371,29.064025,151.103657,2.378831,0.924442,22.088261,28.219552,0.099005,0.074311,0.000000,0.000000,0.000000,0.000000,15.777244
484.000000,24.200000,14.438700,22.360238,29.121501,151.554934,2.382547,0.924705,21.949441,28.293054,0.095087,0.100519,0.000000,0.000000,0.000000,0.000000,15.666278
485.000000,24.250000,14.800600,22.255492,29.178243,151.988918,2.387573,0.927252,21.809857,28.365098,0.078490,-0.015312,0.000000,0.000000,0.000000,0.000000,15.554948
486.000000,24.300000,14.927900,22.150098,29.234308,152.347561,2.386807,0.932073,21.669528,28.435676,0.118239,0.008691,0.000000,0.000000,0.000000,0.000000,15.442991
487.000000,24.350000,14.454000,22.044389,29.289695,152.889075,2.387241,0.932668,21.669528,28.435676,0.107512,-0.071653,0.000000,0.000000,0.000000,0.000000,15.331641
488.000000,24.400000,14.791900,21.938141,29.344090,153.381153,2.383659,0.933955,21.528466,28.504782,0.096608,-0.101732,0.000000,0.000000,0.000000,0.000000,15.219944
489.000000,24.450000,14.554500,21.831591,29.397490,153.822329,2.378572,0.937391,21.386689,28.572406,0.108543,0.107339,0.000000,0.000000,0.000000,0.000000,15.108076
490.000000,24.500000,14.479100,21.724861,29.449957,154.317358,2.383939,0.940455,21.386689,28.572406,0.124871,0.006890,0.000000,0.000000,0.000000,0.000000,14.996594
491.000000,24.550000,14.956700,21.617440,29.501615,154.888869,2.384284,0.940316,21.244212,28.638542,0.100205,-0.037048,0.000000,0.000000,0.000000,0.000000,14.885142
492.000000,24.600000,14.839100,21.509493,29.552206,155.346700,2.382431,0.942162,21.101050,28.703182,0.097787,-0.039327,0.000000,0.000000,0.000000,0.000000,14.772963
493.000000,24.650000,14.610100,21.401229,29.601895,155.793067,2.380465,0.946220,20.957218,28.766319,0.106656,0.046451,0.000000,0.000000,0.000000,0.000000,14.660713
494.000000,24.700000,14.790100,21.292672,29.650699,156.279811,2.382787,0.945862,20.957218,28.766319,0.102777,0.050021,0.000000,0.000000,0.000000,0.000000,14.548713
495.000000,24.750000,14.746200,21.183597,29.698625,156.749183,2.385288,0.946372,20.812734,28.827947,0.098459,-0.011342,0.000000,0.000000,0.000000,0.000000,14.436409
496.000000,24.800000,14.057400,21.074019,29.745705,157.199173,2.384721,0.949065,20.667612,28.888059,0.116613,0.078741,0.000000,0.000000,0.000000,0.000000,14.323779
497.000000,24.850000,14.810500,20.964100,29.791913,157.732705,2.388658,0.951240,20.667612,28.888059,0.111103,-0.433147,0.000000,0.000000,0.000000,0.000000,14.211691
498.000000,24.900000,14.732700,20.853574,29.837169,158.241651,2.367001,0.950294,20.521868,28.946647,0.113422,-0.138056,0.000000,0.000000,0.000000,0.000000,14.099177
499.000000,24.950000,14.616100,20.743655,29.881041,158.756600,2.360098,0.951441,20.375519,29.003706,0.111443,0.071065,0.000000,0.000000,0.000000,0.000000,13.987717
500.000000,25.000000,14.729700,20.633669,29.923798,159.261013,2.363652,0.954764,20.228581,29.059230,0.109064,0.132970,0.000000,0.000000,0.000000,0.000000,13.876471
501.000000,25.050000,14.940900,20.523144,29.965647,159.755317,2.370300,0.953079,20.228581,29.059230,0.110275,-0.041264,0.000000,0.000000,0.000000,0.000000,13.764934
502.000000,25.100000,15.009900,20.411951,30.006657,160.256556,2.368237,0.952748,20.081069,29.113212,0.100565,0.141321,0.000000,0.000000,0.000000,0.000000,13.653105
503.000000,25.150000,15.132100,20.300500,30.046658,160.712949,2.375303,0.954588,19.933000,29.165646,0.109617,-0.042372,0.000000,0.000000,0.000000,0.000000,13.540948
504.000000,25.200000,14.963700,20.188400,30.085886,161.212226,2.373184,0.955025,19.933000,29.165646,0.100358,0.108125,0.000000,0.000000,0.000000,0.000000,13.428828
505.000000,25.250000,15.176100,20.076063,30.124102,161.668628,2.378590,0.953293,19.784390,29.216526,0.111245,0.028266,0.000000,0.000000,0.000000,0.000000,13.316387
506.000000,25.300000,14.783100,19.963169,30.161507,162.176083,2.380004,0.953799,19.635255,29.265848,0.112444,-0.033676,0.000000,0.000000,0.000000,0.000000,13.204191
507.000000,25.350000,15.056600,19.849881,30.197932,162.689361,2.378320,0.956413,19.485612,29.313605,0.110825,0.005365,0.000000,0.000000,0.000000,0.000000,13.092003
508.000000,25.400000,14.777200,19.736351,30.233315,163.194829,2.378588,0.953277,19.485612,29.313605,0.101506,-0.054761,0.000000,0.000000,0.000000,0.000000,12.979842
509.000000,25.450000,14.748100,19.622501,30.267700,163.657539,2.375850,0.952197,19.335477,29.359792,0.089438,-0.009486,0.000000,0.000000,0.000000,0.000000,12.867217
510.000000,25.500000,15.196200,19.508508,30.301126,164.064452,2.375376,0.953337,19.184867,29.404405,0.109593,-0.076913,0.000000,0.000000,0.000000,0.000000,12.754104
511.000000,25.550000,14.722900,19.394303,30.333734,164.563637,2.371530,0.952636,19.184867,29.404405,0.111700,0.161676,0.000000,0.000000,0.000000,0.000000,12.642128
512.000000,25.600000,14.609000,19.280004,30.365296,165.071673,2.379614,0.950305,19.033797,29.447439,0.100692,0.148541,0.000000,0.000000,0.000000,0.000000,12.530512
513.000000,25.650000,14.824300,19.165039,30.395946,165.530846,2.387041,0.950108,18.882286,29.488887,0.082347,0.164343,0.000000,0.000000,0.000000,0.000000,12.417944
514.000000,25.700000,14.985800,19.049473,30.425767,165.907111,2.395258,0.951680,18.882286,29.488887,0.100088,-0.115551,0.000000,0.000000,0.000000,0.000000,12.303984
515.000000,25.750000,14.733700,18.933314,30.454929,166.366509,2.389481,0.948160,18.730348,29.528747,0.106806,0.150378,0.000000,0.000000,0.000000,0.000000,12.190749
516.000000,25.800000,14.856600,18.817207,30.483090,166.855787,2.397000,0.946792,18.578002,29.567014,0.109901,0.181379,0.000000,0.000000,0.000000,0.000000,12.078285
517.000000,25.850000,15.063000,18.700497,30.510344,167.360943,2.406068,0.947517,18.425263,29.603684,0.121697,0.074599,0.000000,0.000000,0.000000,0.000000,11.965769
518.000000,25.900000,15.281700,18.583108,30.536668,167.922949,2.409798,0.946243,18.425263,29.603684,0.083419,-0.012355,0.000000,0.000000,0.000000,0.000000,11.853747
519.000000,25.950000,15.046200,18.465285,30.561878,168.307768,2.409181,0.943114,18.272149,29.638751,0.103327,-0.008276,0.000000,0.000000,0.000000,0.000000,11.739068
520.000000,26.000000,14.632700,18.347326,30.586289,168.784897,2.408767,0.942239,18.118675,29.672214,0.116758,-0.111301,0.000000,0.000000,0.000000,0.000000,11.625894
521.000000,26.050000,15.416400,18.229187,30.609714,169.324488,2.403202,0.943432,17.964860,29.704068,0.096726,-0.005881,0.000000,0.000000,0.000000,0.000000,11.513851
522.000000,26.100000,14.940600,18.111107,30.631973,169.769827,2.402908,0.939359,17.964860,29.704068,0.104597,-0.041046,0.000000,0.000000,0.000000,0.000000,11.400769
523.000000,26.150000,15.109400,17.992872,30.653311,170.251605,2.400856,0.936880,17.810720,29.734309,0.096141,-0.180719,0.000000,0.000000,0.000000,0.000000,11.288436
524.000000,26.200000,14.501600,17.874562,30.673637,170.693803,2.391820,0.936499,17.656271,29.762934,0.108375,-0.012746,0.000000,0.000000,0.000000,0.000000,11.175718
525.000000,26.250000,15.182500,17.756545,30.692976,171.190814,2.391182,0.935432,17.656271,29.762934,0.110943,0.026578,0.000000,0.000000,0.000000,0.000000,11.064547
526.000000,26.300000,14.055100,17.638396,30.711286,171.699558,2.392511,0.931455,17.501531,29.789941,0.090267,-0.031432,0.000000,0.000000,0.000000,0.000000,10.953826
527.000000,26.350000,14.557300,17.520024,30.728555,172.113145,2.390940,0.929567,17.346517,29.815325,0.111620,0.054614,0.000000,0.000000,0.000000,0.000000,10.841570
528.000000,26.400000,14.885700,17.401608,30.744959,172.624970,2.393670,0.929979,17.191245,29.839085,0.095417,-0.099495,0.000000,0.000000,0.000000,0.000000,10.725971
529.000000,26.450000,14.793800,17.282914,30.760322,173.062506,2.388696,0.925787,17.191245,29.839085,0.079629,0.144971,0.000000,0.000000,0.000000,0.000000,10.605856
530.000000,26.500000,14.818800,17.164354,30.774748,173.426549,2.395944,0.922541,17.035734,29.861218,0.099245,0.043497,0.000000,0.000000,0.000000,0.000000,10.486158
531.000000,26.550000,14.735800,17.045344,30.788462,173.882184,2.398119,0.921694,16.879998,29.881721,0.080777,-0.012406,0.000000,0.000000,0.000000,0.000000,10.366154
532.000000,26.600000,14.572500,16.926121,30.801241,174.252954,2.397499,0.920677,16.879998,29.881721,0.101136,0.099327,0.000000,0.000000,0.000000,0.000000,10.246192
533.000000,26.650000,14.882600,16.806849,30.813245,174.717629,2.402465,0.916401,16.724057,29.900591,0.092185,0.028439,0.000000,0.000000,0.000000,0.000000,10.126401
534.000000,26.700000,15.091400,16.687236,30.824304,175.141809,2.403887,0.914294,16.567927,29.917828,0.105508,0.003511,0.000000,0.000000,0.000000,0.000000,10.006516
535.000000,26.750000,14.825300,16.567473,30.834483,175.628010,2.404062,0.914433,16.411625,29.933429,0.097351,0.007734,0.000000,0.000000,0.000000,0.000000,9.886793
536.000000,26.800000,14.598800,16.447620,30.843647,176.076407,2.404449,0.910929,16.411625,29.933429,0.086387,0.284228,0.000000,0.000000,0.000000,0.000000,9.767235
537.000000,26.850000,14.839700,16.327679,30.851873,176.474099,2.418660,0.907382,16.255168,29.947393,0.081376,0.137692,0.000000,0.000000,0.000000,0.000000,9.643433
538.000000,26.900000,14.875000,16.206975,30.859310,176.850829,2.425545,0.906101,16.098573,29.959717,0.097882,0.058857,0.000000,0.000000,0.000000,0.000000,9.515835
539.000000,26.950000,14.912900,16.085881,30.865973,177.305714,2.428488,0.906345,16.098573,29.959717,0.100716,0.206851,0.000000,0.000000,0.000000,0.000000,9.386608
540.000000,27.000000,14.748900,15.964591,30.871681,177.774427,2.438831,0.901566,15.941858,29.970401,0.085572,0.098050,0.000000,0.000000,0.000000,0.000000,9.257135
541.000000,27.050000,14.729800,15.842741,30.876416,178.173982,2.443733,0.898827,15.785039,29.979443,0.090486,-0.155043,0.000000,0.000000,0.000000,0.000000,9.128457
542.000000,27.100000,14.513100,15.720617,30.880309,178.597455,2.435981,0.898241,15.628135,29.986842,0.095229,0.145737,0.000000,0.000000,0.000000,0.000000,8.999267
543.000000,27.150000,14.866200,15.598854,30.883291,179.041841,2.443268,0.896926,15.628135,29.986842,0.094777,-0.004799,0.000000,0.000000,0.000000,0.000000,8.870282
544.000000,27.200000,14.561600,15.476708,30.885334,179.485427,2.443028,0.892752,15.471161,29.992598,0.079713,-0.000641,0.000000,0.000000,0.000000,0.000000,8.741126
545.000000,27.250000,14.879400,15.354561,30.886431,179.858142,2.442996,0.890638,15.314136,29.996710,0.075045,0.178080,0.000000,0.000000,0.000000,0.000000,8.613259
546.000000,27.300000,15.359900,15.232412,30.886733,180.208945,2.451900,0.890747,15.157077,29.999178,0.067424,0.016963,0.000000,0.000000,0.000000,0.000000,8.485875
547.000000,27.350000,15.772800,15.109818,30.886286,180.525158,2.452748,0.888366,15.157077,29.999178,0.083194,0.157833,0.000000,0.000000,0.000000,0.000000,8.358701
548.000000,27.400000,15.165300,14.987186,30.885162,180.915775,2.460639,0.885255,15.000000,30.000000,0.076547,0.047251,0.000000,0.000000,0.000000,0.000000,8.230552
549.000000,27.450000,15.456600,14.864169,30.883196,181.276209,2.463002,0.883922,14.900000,30.000000,0.075430,0.209306,0.000000,0.000000,0.000000,0.000000,8.102634
550.000000,27.500000,15.326100,14.741050,30.880453,181.631705,2.473467,0.881409,14.700000,30.000000,0.087846,0.179448,0.000000,0.000000,0.000000,0.000000,7.974856
551.000000,27.550000,14.779100,14.617427,30.876931,182.047757,2.482440,0.877104,14.600000,30.000000,0.082212,0.127870,0.000000,0.000000,0.000000,0.000000,7.845955
552.000000,27.600000,14.931300,14.493384,30.872496,182.438413,2.488833,0.872521,14.500000,30.000000,0.074804,0.125611,0.000000,0.000000,0.000000,0.000000,7.717204
553.000000,27.650000,14.532700,14.369055,30.867201,182.794647,2.495114,0.867753,14.400000,30.000000,0.067734,0.157534,0.000000,0.000000,0.000000,0.000000,7.588827
554.000000,27.700000,14.781100,14.244448,30.861119,183.117917,2.502990,0.862265,14.200000,30.000000,0.058320,0.032029,0.000000,0.000000,0.000000,0.000000,7.460784
555.000000,27.750000,15.567000,14.119483,30.854312,183.397022,2.504592,0.854534,14.100000,30.000000,0.086999,0.047218,0.000000,0.000000,0.000000,0.000000,7.333101
556.000000,27.800000,14.627400,13.994474,30.846891,183.814229,2.506953,0.846909,14.000000,30.000000,0.062629,0.167777,0.000000,0.000000,0.000000,0.000000,7.203967
557.000000,27.850000,14.696900,13.869404,30.838553,184.114485,2.515342,0.839111,13.900000,30.000000,0.063422,0.166287,0.000000,0.000000,0.000000,0.000000,7.076360
558.000000,27.900000,14.793800,13.743961,30.829529,184.419571,2.523656,0.830693,13.700000,30.000000,0.055903,0.026401,0.000000,0.000000,0.000000,0.000000,6.948541
559.000000,27.950000,14.966000,13.618153,30.819806,184.689295,2.524976,0.820007,13.600000,30.000000,0.066860,0.183795,0.000000,0.000000,0.000000,0.000000,6.820950
560.000000,28.000000,14.789200,13.492327,30.809485,185.012196,2.534166,0.809521,13.500000,30.000000,0.073721,-0.114980,0.000000,0.000000,0.000000,0.000000,6.693023
561.000000,28.050000,14.865900,13.366103,30.798414,185.369645,2.528417,0.799134,13.400000,30.000000,0.050758,0.181842,0.000000,0.000000,0.000000,0.000000,6.564648
562.000000,28.100000,14.476800,13.240237,30.786584,185.614961,2.537509,0.787612,13.200000,30.000000,0.040785,0.111225,0.000000,0.000000,0.000000,0.000000,6.437964
563.000000,28.150000,13.723000,13.113971,30.774170,185.812724,2.543070,0.774296,13.100000,30.000000,0.043460,0.106795,0.000000,0.000000,0.000000,0.000000,6.311531
564.000000,28.200000,14.053100,12.987471,30.761292,186.023936,2.548410,0.761395,13.000000,30.000000,0.038595,0.004894,0.000000,0.000000,0.000000,0.000000,6.184956
565.000000,28.250000,15.178400,12.860754,30.747920,186.211876,2.548655,0.748949,12.900000,30.000000,0.034676,0.174870,0.000000,0.000000,0.000000,0.000000,6.058583
566.000000,28.300000,14.826100,12.734069,30.734131,186.380730,2.557398,0.734921,12.700000,30.000000,0.046755,0.024439,0.000000,0.000000,0.000000,0.000000,5.932610
567.000000,28.350000,14.711800,12.606992,30.719921,186.609262,2.558620,0.719954,12.600000,30.000000,0.032246,0.085361,0.000000,0.000000,0.000000,0.000000,5.806024
568.000000,28.400000,13.703800,12.479911,30.705196,186.766887,2.562888,0.705482,12.500000,30.000000,0.027033,-0.048611,0.000000,0.000000,0.000000,0.000000,5.680226
569.000000,28.450000,14.536700,12.352659,30.690097,186.899241,2.560458,0.691719,12.400000,30.000000,0.037089,0.050363,0.000000,0.000000,0.000000,0.000000,5.554670
570.000000,28.500000,14.781100,12.225563,30.674718,187.080693,2.562976,0.675202,12.200000,30.000000,0.026793,-0.090106,0.000000,0.000000,0.000000,0.000000,5.429179
571.000000,28.550000,15.237800,12.098392,30.658922,187.211875,2.558470,0.658924,12.100000,30.000000,0.026086,-0.006055,0.000000,0.000000,0.000000,0.000000,5.304214
572.000000,28.600000,14.089200,11.971480,30.642862,187.339368,2.558168,0.643495,12.000000,30.000000,0.023446,0.145665,0.000000,0.000000,0.000000,0.000000,5.179784
573.000000,28.650000,14.846100,11.844620,30.626522,187.453941,2.565451,0.628109,11.800000,30.000000,0.004627,-0.108271,0.000000,0.000000,0.000000,0.000000,5.055748
574.000000,28.700000,14.897300,11.717431,30.609882,187.476613,2.560037,0.610131,11.700000,30.000000,0.021289,0.078469,0.000000,0.000000,0.000000,0.000000,4.932145
575.000000,28.750000,14.780600,11.590518,30.593226,187.580719,2.563961,0.593302,11.600000,30.000000,0.007681,0.067418,0.000000,0.000000,0.000000,0.000000,4.808620
576.000000,28.800000,14.950000,11.463440,30.576314,187.618333,2.567332,0.577472,11.500000,30.000000,-0.002313,-0.036741,0.000000,0.000000,0.000000,0.000000,4.685540
577.000000,28.850000,15.022100,11.336207,30.559296,187.606992,2.565495,0.560466,11.300000,30.000000,0.014695,0.050454,0.000000,0.000000,0.000000,0.000000,4.562773
578.000000,28.900000,14.990600,11.209061,30.542315,187.678998,2.568017,0.542391,11.200000,30.000000,0.014701,-0.012051,0.000000,0.000000,0.000000,0.000000,4.439981
579.000000,28.950000,15.213400,11.081811,30.525158,187.751107,2.567415,0.525473,11.100000,30.000000,0.024059,0.115903,0.000000,0.000000,0.000000,0.000000,4.317412
580.000000,29.000000,14.711000,10.954614,30.507844,187.869099,2.573210,0.509868,11.000000,30.000000,-0.004187,-0.028995,0.000000,0.000000,0.000000,0.000000,4.195091
581.000000,29.050000,15.497200,10.827165,30.490229,187.848523,2.571760,0.490981,10.800000,30.000000,0.003746,0.021419,0.000000,0.000000,0.000000,0.000000,4.073352
582.000000,29.100000,15.062700,10.699781,30.472670,187.866920,2.572831,0.472670,10.700000,30.000000,0.004978,-0.103641,0.000000,0.000000,0.000000,0.000000,3.951867
583.000000,29.150000,14.684100,10.572350,30.455063,187.891380,2.567649,0.455902,10.600000,30.000000,-0.005614,-0.288131,0.000000,0.000000,0.000000,0.000000,3.830682
584.000000,29.200000,14.673300,10.445184,30.437436,187.863849,2.553242,0.439764,10.400000,30.000000,-0.019087,-0.038103,0.000000,0.000000,0.000000,0.000000,3.710231
585.000000,29.250000,14.685400,10.318722,30.419970,187.770762,2.551337,0.420387,10.300000,30.000000,-0.007288,0.001855,0.000000,0.000000,0.000000,0.000000,3.590900
586.000000,29.300000,13.750500,10.192327,30.402721,187.735247,2.551430,0.402794,10.200000,30.000000,0.014410,0.096534,0.000000,0.000000,0.000000,0.000000,3.471853
587.000000,29.350000,14.815300,10.065916,30.385551,187.805469,2.556257,0.387054,10.100000,30.000000,-0.006568,0.056449,0.000000,0.000000,0.000000,0.000000,3.353089
588.000000,29.400000,14.786500,9.939287,30.368192,187.773403,2.559079,0.370283,9.900000,30.000000,0.005670,-0.081126,0.000000,0.000000,0.000000,0.000000,3.234719
589.000000,29.450000,15.078500,9.812509,30.350886,187.801117,2.555023,0.351109,9.800000,30.000000,-0.014356,0.150241,0.000000,0.000000,0.000000,0.000000,3.116672
590.000000,29.500000,14.946900,9.685940,30.333546,187.731060,2.562535,0.333842,9.700000,30.000000,0.009165,-0.178311,0.000000,0.000000,0.000000,0.000000,2.999349
591.000000,29.550000,15.151000,9.558978,30.316310,187.775915,2.553619,0.318959,9.600000,30.000000,-0.031458,-0.128043,0.000000,0.000000,0.000000,0.000000,2.882254
592.000000,29.600000,14.442600,9.432471,30.299034,187.622444,2.547217,0.300792,9.400000,30.000000,-0.003701,-0.011594,0.000000,0.000000,0.000000,0.000000,2.765986
593.000000,29.650000,14.752900,9.306236,30.282141,187.604440,2.546638,0.282210,9.300000,30.000000,-0.020641,-0.021854,0.000000,0.000000,0.000000,0.000000,2.650652
594.000000,29.700000,14.590400,9.180024,30.265290,187.504033,2.545545,0.266042,9.200000,30.000000,-0.028284,-0.117849,0.000000,0.000000,0.000000,0.000000,2.535830
595.000000,29.750000,14.651500,9.053837,30.248669,187.366488,2.539653,0.252917,9.100000,30.000000,-0.011736,0.168039,0.000000,0.000000,0.000000,0.000000,2.421527
596.000000,29.800000,14.623400,8.927902,30.232387,187.309559,2.548054,0.234056,8.900000,30.000000,-0.006320,0.079141,0.000000,0.000000,0.000000,0.000000,2.308307
597.000000,29.850000,14.826400,8.801535,30.216178,187.278801,2.552012,0.216183,8.800000,30.000000,-0.014435,-0.086152,0.000000,0.000000,0.000000,0.000000,2.195595
598.000000,29.900000,14.674100,8.674962,30.200011,187.208438,2.547704,0.201572,8.700000,30.000000,0.005136,-0.269842,0.000000,0.000000,0.000000,0.000000,2.083442
599.000000,29.950000,14.666100,8.548584,30.184027,187.233430,2.534212,0.190332,8.500000,30.000000,0.002477,-0.058677,0.000000,0.000000,0.000000,0.000000,1.972896
600.000000,30.000000,14.464700,8.422882,30.168073,187.245420,2.531278,0.169623,8.400000,30.000000,0.004716,-0.209698,0.000000,0.000000,0.000000,0.000000,1.864098
601.000000,30.050000,14.824200,8.297329,30.152110,187.268221,2.520793,0.152134,8.300000,30.000000,0.000154,-0.228214,0.000000,0.000000,0.000000,0.000000,1.756826
602.000000,30.100000,14.881600,8.172302,30.136165,187.268964,2.509382,0.138953,8.200000,30.000000,-0.001422,-0.059474,0.000000,0.000000,0.000000,0.000000,1.651303
603.000000,30.150000,14.677300,8.047841,30.120289,187.262148,2.506409,0.129454,8.000000,30.000000,0.024230,-0.179487,0.000000,0.000000,0.000000,0.000000,1.547741
604.000000,30.200000,14.728700,7.923526,30.104448,187.378156,2.497434,0.107064,7.900000,30.000000,-0.001503,-0.173866,0.000000,0.000000,0.000000,0.000000,1.447221
605.000000,30.250000,14.571500,7.799688,30.088412,187.370986,2.488741,0.088413,7.800000,30.000000,0.004321,-0.151982,0.000000,0.000000,0.000000,0.000000,1.347971
606.000000,30.300000,14.608100,7.676279,30.072448,187.391526,2.481142,0.076232,7.700000,30.000000,-0.016236,0.076927,0.000000,0.000000,0.000000,0.000000,1.251466
607.000000,30.350000,14.433800,7.553253,30.056488,187.314585,2.484988,0.073322,7.600000,30.000000,0.010520,-0.176066,0.000000,0.000000,0.000000,0.000000,1.156307
608.000000,30.400000,14.495200,7.430015,30.040669,187.364513,2.476185,0.050545,7.400000,30.000000,0.032773,-0.055052,0.000000,0.000000,0.000000,0.000000,1.065126
609.000000,30.450000,14.849400,7.307227,30.024799,187.519559,2.473432,0.025830,7.300000,30.000000,0.010215,-0.183539,0.000000,0.000000,0.000000,0.000000,0.979016
610.000000,30.500000,14.999400,7.184619,30.008614,187.567816,2.464255,0.017629,7.200000,30.000000,-0.000316,0.111629,0.000000,0.000000,0.000000,0.000000,0.894929
611.000000,30.550000,13.878300,7.062479,29.992387,187.566329,2.469837,0.038285,7.100000,30.000000,-0.001147,-0.155235,0.000000,0.000000,0.000000,0.000000,0.813891
612.000000,30.600000,14.888400,6.940063,29.976127,187.560919,2.462075,0.046636,6.900000,30.000000,-0.002571,-0.017883,0.000000,0.000000,0.000000,0.000000,0.736451
613.000000,30.650000,15.286100,6.818029,29.959929,187.548831,2.461181,0.043940,6.800000,30.000000,-0.039717,0.176466,0.000000,0.000000,0.000000,0.000000,0.663343
614.000000,30.700000,14.699800,6.696037,29.943762,187.362044,2.470004,0.056377,6.700000,30.000000,-0.028072,0.204584,0.000000,0.000000,0.000000,0.000000,0.590665
615.000000,30.750000,14.658500,6.573554,29.927937,187.229582,2.480234,0.076762,6.600000,30.000000,0.003722,-0.154603,0.000000,0.000000,0.000000,0.000000,0.523372
616.000000,30.800000,14.710300,6.450529,29.912331,187.247214,2.472503,0.100664,6.500000,30.000000,0.005138,-0.243072,0.000000,0.000000,0.000000,0.000000,0.464947
617.000000,30.850000,14.928500,6.327891,29.896735,187.271479,2.460350,0.106965,6.300000,30.000000,-0.018844,0.039940,0.000000,0.000000,0.000000,0.000000,0.413209
618.000000,30.900000,14.160300,6.205863,29.881165,187.182919,2.462347,0.118980,6.200000,30.000000,-0.008863,-0.188647,0.000000,0.000000,0.000000,0.000000,0.365018
619.000000,30.950000,15.310200,6.083712,29.865771,187.141240,2.452914,0.135214,6.100000,30.000000,-0.028778,0.041410,0.000000,0.000000,0.000000,0.000000,0.325009
620.000000,31.000000,14.902700,5.962018,29.850524,187.006388,2.454985,0.154226,6.000000,30.000000,-0.021727,-0.015162,0.000000,0.000000,0.000000,0.000000,0.289285
621.000000,31.050000,13.714400,5.840185,29.835551,186.904502,2.454227,0.169288,5.800000,30.000000,-0.033643,-0.116890,0.000000,0.000000,0.000000,0.000000,0.261993
622.000000,31.100000,14.349600,5.718364,29.820799,186.746750,2.448382,0.180139,5.700000,30.000000,-0.052089,0.045012,0.000000,0.000000,0.000000,0.000000,0.240407
623.000000,31.150000,14.036900,5.596792,29.806417,186.502958,2.450633,0.193609,5.600000,30.000000,-0.058600,0.007600,0.000000,0.000000,0.000000,0.000000,0.223291
624.000000,31.200000,14.957700,5.475049,29.792540,186.228375,2.451013,0.208955,5.500000,30.000000,-0.031905,-0.056985,0.000000,0.000000,0.000000,0.000000,0.212524
625.000000,31.250000,14.427400,5.353222,29.779244,186.078976,2.448164,0.225657,5.400000,30.000000,-0.041516,0.024689,0.000000,0.000000,0.000000,0.000000,0.214439
626.000000,31.300000,15.395200,5.231502,29.766281,185.884753,2.449398,0.235832,5.200000,30.000000,-0.060361,-0.083474,0.000000,0.000000,0.000000,0.000000,0.222558
627.000000,31.350000,14.540900,5.109677,29.753725,185.602040,2.445224,0.246465,5.100000,30.000000,-0.038448,-0.101196,0.000000,0.000000,0.000000,0.000000,0.234758
628.000000,31.400000,15.307300,4.988000,29.741790,185.422399,2.440165,0.258489,5.000000,30.000000,-0.044765,-0.073465,0.000000,0.000000,0.000000,0.000000,0.258597
629.000000,31.450000,14.628000,4.866538,29.730260,185.213640,2.436491,0.271807,4.900000,30.000000,-0.034980,-0.003810,0.000000,0.000000,0.000000,0.000000,0.288425
630.000000,31.500000,14.491900,4.745217,29.719190,185.050799,2.436301,0.284427,4.700000,30.000000,-0.058810,-0.046678,0.000000,0.000000,0.000000,0.000000,0.326989
631.000000,31.550000,14.583500,4.623875,29.708466,184.776839,2.433967,0.292510,4.600000,30.000000,-0.037585,0.160343,0.000000,0.000000,0.000000,0.000000,0.367330
632.000000,31.600000,14.880200,4.502599,29.698331,184.602042,2.441984,0.301680,4.500000,30.000000,-0.043004,0.204988,0.000000,0.000000,0.000000,0.000000,0.417702
633.000000,31.650000,14.672200,4.380894,29.688535,184.401355,2.452234,0.312051,4.400000,30.000000,-0.052143,0.007305,0.000000,0.000000,0.000000,0.000000,0.472785
634.000000,31.700000,14.733200,4.258644,29.679125,184.156926,2.452599,0.323529,4.300000,30.000000,-0.084085,-0.040665,0.000000,0.000000,0.000000,0.000000,0.472583
635.000000,31.750000,14.702800,4.136336,29.670236,183.762131,2.450566,0.331760,4.100000,30.000000,-0.064375,-0.039437,0.000000,0.000000,0.000000,0.000000,0.411965
636.000000,31.800000,14.750000,4.014072,29.662196,183.460422,2.448594,0.338097,4.000000,30.000000,-0.051292,-0.008173,0.000000,0.000000,0.000000,0.000000,0.355252
637.000000,31.850000,14.685600,3.891866,29.654807,183.220348,2.448185,0.345289,3.900000,30.000000,-0.042475,0.282304,0.000000,0.000000,0.000000,0.000000,0.303472
638.000000,31.900000,15.066400,3.769650,29.647930,183.021628,2.462300,0.353376,3.800000,30.000000,-0.053615,0.047835,0.000000,0.000000,0.000000,0.000000,0.257454
639.000000,31.950000,14.836200,3.646706,29.641440,182.769255,2.464692,0.361589,3.600000,30.000000,-0.042585,0.049400,0.000000,0.000000,0.000000,0.000000,0.218140
640.000000,32.000000,14.783800,3.523615,29.635486,182.568679,2.467162,0.365278,3.500000,30.000000,-0.051772,-0.096677,0.000000,0.000000,0.000000,0.000000,0.185567
641.000000,32.050000,15.124700,3.400381,29.629958,182.324514,2.462328,0.370042,3.400000,30.000000,-0.052842,-0.078606,0.000000,0.000000,0.000000,0.000000,0.160724
642.000000,32.100000,14.701100,3.277366,29.624964,182.075783,2.458398,0.375718,3.300000,30.000000,-0.035483,-0.079623,0.000000,0.000000,0.000000,0.000000,0.143714
643.000000,32.150000,14.915900,3.154527,29.620512,181.909114,2.454417,0.382203,3.200000,30.000000,-0.052791,-0.028419,0.000000,0.000000,0.000000,0.000000,0.134640
644.000000,32.200000,14.878200,3.031874,29.616424,181.661423,2.452996,0.384898,3.000000,30.000000,-0.065357,-0.042364,0.000000,0.000000,0.000000,0.000000,0.133981
645.000000,32.250000,14.914500,2.909276,29.612868,181.354798,2.450878,0.387243,2.900000,30.000000,-0.041784,0.077208,0.000000,0.000000,0.000000,0.000000,0.141305
646.000000,32.300000,15.800200,2.786766,29.609970,181.159103,2.454738,0.390254,2.800000,30.000000,-0.049755,0.052844,0.000000,0.000000,0.000000,0.000000,0.156614
647.000000,32.350000,15.044700,2.664054,29.607488,180.925648,2.457380,0.394155,2.700000,30.000000,-0.057261,-0.143992,0.000000,0.000000,0.000000,0.000000,0.179780
648.000000,32.400000,15.065300,2.541201,29.605503,180.656615,2.450181,0.396643,2.500000,30.000000,-0.033910,-0.031785,0.000000,0.000000,0.000000,0.000000,0.210316
649.000000,32.450000,14.892100,2.418700,29.604099,180.497875,2.448591,0.396343,2.400000,30.000000,-0.036624,0.227161,0.000000,0.000000,0.000000,0.000000,0.248337
650.000000,32.500000,14.642400,2.296276,29.603035,180.326527,2.459949,0.396983,2.300000,30.000000,-0.063937,-0.087532,0.000000,0.000000,0.000000,0.000000,0.293160
651.000000,32.550000,14.863500,2.173280,29.602334,180.025733,2.455573,0.398563,2.200000,30.000000,-0.060300,0.088774,0.000000,0.000000,0.000000,0.000000,0.343631
652.000000,32.600000,14.815300,2.050501,29.602279,179.742594,2.460012,0.400790,2.100000,30.000000,-0.054468,-0.117331,0.000000,0.000000,0.000000,0.000000,0.399599
653.000000,32.650000,13.707600,1.927502,29.602831,179.486435,2.454145,0.398120,1.900000,30.000000,-0.047943,-0.271738,0.000000,0.000000,0.000000,0.000000,0.460956
654.000000,32.700000,15.177700,1.804800,29.603931,179.261551,2.440558,0.396098,1.800000,30.000000,-0.078414,-0.352365,0.000000,0.000000,0.000000,0.000000,0.486025
655.000000,32.750000,14.666800,1.682782,29.605504,178.895305,2.422940,0.394872,1.700000,30.000000,-0.106781,-0.472746,0.000000,0.000000,0.000000,0.000000,0.437346
656.000000,32.800000,13.945500,1.561658,29.607840,178.399294,2.399303,0.394030,1.600000,30.000000,-0.126565,-0.463042,0.000000,0.000000,0.000000,0.000000,0.399850
657.000000,32.850000,15.132100,1.441739,29.611191,177.816216,2.376150,0.391043,1.400000,30.000000,-0.114949,-0.532547,0.000000,0.000000,0.000000,0.000000,0.371886
658.000000,32.900000,14.461000,1.323018,29.615718,177.292254,2.349523,0.384971,1.300000,30.000000,-0.113855,-0.535321,0.000000,0.000000,0.000000,0.000000,0.347159
659.000000,32.950000,15.033200,1.205673,29.621268,176.779137,2.322757,0.378775,1.200000,30.000000,-0.104081,-0.246461,0.000000,0.000000,0.000000,0.000000,0.327934
660.000000,33.000000,14.597900,1.089719,29.627793,176.315744,2.310434,0.372349,1.100000,30.000000,-0.114238,-0.114116,0.000000,0.000000,0.000000,0.000000,0.312564
661.000000,33.050000,14.735300,0.974436,29.635216,175.809454,2.304728,0.365679,1.000000,30.000000,-0.120867,-0.307129,0.000000,0.000000,0.000000,0.000000,0.304840
662.000000,33.100000,14.602300,0.859507,29.643637,175.274829,2.289372,0.358656,0.900000,30.000000,-0.120579,-0.309077,0.000000,0.000000,0.000000,0.000000,0.303953
663.000000,33.150000,14.896600,0.745428,29.653066,174.745042,2.273918,0.349895,0.700000,30.000000,-0.110561,-0.106262,0.000000,0.000000,0.000000,0.000000,0.308472
664.000000,33.200000,14.978800,0.632210,29.663479,174.262927,2.268605,0.338059,0.600000,30.000000,-0.110706,0.016723,0.000000,0.000000,0.000000,0.000000,0.316517
665.000000,33.250000,14.902000,0.519348,29.674818,173.781301,2.269441,0.325757,0.500000,30.000000,-0.097959,-0.093553,0.000000,0.000000,0.000000,0.000000,0.329939
666.000000,33.300000,15.080500,0.406543,29.687110,173.355354,2.264763,0.312958,0.400000,30.000000,-0.098187,-0.026209,0.000000,0.000000,0.000000,0.000000,0.346439
667.000000,33.350000,15.002400,0.294066,29.700213,172.929290,2.263453,0.299846,0.300000,30.000000,-0.100347,-0.084213,0.000000,0.000000,0.000000,0.000000,0.368227
668.000000,33.400000,15.523500,0.181754,29.714144,172.494040,2.259242,0.286438,0.200000,30.000000,-0.090499,0.226477,0.000000,0.000000,0.000000,0.000000,0.395439
669.000000,33.450000,14.980000,0.069760,29.728900,172.102484,2.270566,0.272781,0.100000,30.000000,-0.065851,0.020873,0.000000,0.000000,0.000000,0.000000,0.425874
670.000000,33.500000,13.722200,-0.042692,29.744499,171.816510,2.271610,0.259043,0.000000,30.000000,-0.071252,0.298802,0.000000,0.000000,0.000000,0.000000,0.457494
671.000000,33.550000,14.679200,-0.155116,29.760666,171.506860,2.286550,0.243506,-0.200000,30.000000,-0.071374,0.144231,0.000000,0.000000,0.000000,0.000000,0.494922
672.000000,33.600000,15.807500,-0.268189,29.777552,171.194639,2.293761,0.224711,-0.300000,30.000000,-0.066615,0.244608,0.000000,0.000000,0.000000,0.000000,0.441824
673.000000,33.650000,13.984800,-0.381526,29.795108,170.902383,2.305992,0.205723,-0.400000,30.000000,-0.067271,0.171535,0.000000,0.000000,0.000000,0.000000,0.384143
674.000000,33.700000,14.601000,-0.495375,29.813339,170.605667,2.314568,0.186719,-0.500000,30.000000,-0.028335,0.213353,0.000000,0.000000,0.000000,0.000000,0.332905
675.000000,33.750000,14.789700,-0.609551,29.832229,170.480377,2.325236,0.168043,-0.600000,30.000000,-0.039018,0.121012,0.000000,0.000000,0.000000,0.000000,0.283868
676.000000,33.800000,15.009200,-0.724212,29.851457,170.307014,2.331287,0.150504,-0.700000,30.000000,-0.048298,0.058462,0.000000,0.000000,0.000000,0.000000,0.242961
677.000000,33.850000,14.469900,-0.839112,29.871083,170.091802,2.334210,0.134720,-0.800000,30.000000,-0.038975,0.010456,0.000000,0.000000,0.000000,0.000000,0.211041
678.000000,33.900000,14.452200,-0.954082,29.891165,169.917964,2.334733,0.118125,-1.000000,30.000000,-0.032487,0.067988,0.000000,0.000000,0.000000,0.000000,0.186116
679.000000,33.950000,15.012100,-1.069016,29.911601,169.773054,2.338132,0.093672,-1.100000,30.000000,-0.018492,0.081579,0.000000,0.000000,0.000000,0.000000,0.168743
680.000000,34.000000,15.027100,-1.184065,29.932357,169.690471,2.342211,0.069494,-1.200000,30.000000,-0.024256,-0.226362,0.000000,0.000000,0.000000,0.000000,0.157712
681.000000,34.050000,14.705800,-1.299285,29.953316,169.581946,2.330893,0.046690,-1.300000,30.000000,0.011562,-0.037146,0.000000,0.000000,0.000000,0.000000,0.156271
682.000000,34.100000,14.842400,-1.413908,29.974391,169.633418,2.329035,0.029143,-1.400000,30.000000,0.021750,0.006224,0.000000,0.000000,0.000000,0.000000,0.157117
683.000000,34.150000,14.508900,-1.528459,29.995345,169.730179,2.329347,0.028837,-1.500000,30.000000,0.014636,-0.021233,0.000000,0.000000,0.000000,0.000000,0.164044
684.000000,34.200000,14.696100,-1.643061,30.016110,169.795293,2.328285,0.045976,-1.600000,30.000000,0.019277,0.019103,0.000000,0.000000,0.000000,0.000000,0.179958
685.000000,34.250000,16.191100,-1.757633,30.036734,169.881024,2.329240,0.056074,-1.800000,30.000000,0.033761,0.117147,0.000000,0.000000,0.000000,0.000000,0.202548
686.000000,34.300000,15.472400,-1.872284,30.057196,170.031269,2.335098,0.063557,-1.900000,30.000000,0.029870,0.101244,0.000000,0.000000,0.000000,0.000000,0.229608
687.000000,34.350000,14.914400,-1.987276,30.077407,170.164519,2.340160,0.078446,-2.000000,30.000000,0.044932,0.007630,0.000000,0.000000,0.000000,0.000000,0.264200
688.000000,34.400000,15.566900,-2.102564,30.097395,170.365473,2.340541,0.097428,-2.100000,30.000000,0.045200,0.110809,0.000000,0.000000,0.000000,0.000000,0.302402
689.000000,34.450000,14.808300,-2.217941,30.116981,170.567659,2.346082,0.118348,-2.200000,30.000000,0.033386,-0.017912,0.000000,0.000000,0.000000,0.000000,0.346446
690.000000,34.500000,14.204300,-2.333659,30.136205,170.717309,2.345186,0.140302,-2.300000,30.000000,0.061529,0.132625,0.000000,0.000000,0.000000,0.000000,0.398325
691.000000,34.550000,15.334900,-2.449383,30.155119,170.993244,2.351817,0.162790,-2.400000,30.000000,0.047004,-0.001218,0.000000,0.000000,0.000000,0.000000,0.450029
692.000000,34.600000,14.980900,-2.565523,30.173528,171.204525,2.351756,0.176920,-2.600000,30.000000,0.054258,0.037535,0.000000,0.000000,0.000000,0.000000,0.428843
693.000000,34.650000,15.479300,-2.681729,30.191508,171.448468,2.353633,0.192378,-2.700000,30.000000,0.052766,0.048298,0.000000,0.000000,0.000000,0.000000,0.369185
694.000000,34.700000,14.836500,-2.798102,30.209008,171.685877,2.356048,0.209016,-2.800000,30.000000,0.061380,-0.006621,0.000000,0.000000,0.000000,0.000000,0.314155
695.000000,34.750000,15.004500,-2.914666,30.226042,171.962417,2.355717,0.226517,-2.900000,30.000000,0.053006,0.231281,0.000000,0.000000,0.000000,0.000000,0.264539
696.000000,34.800000,14.973900,-3.031295,30.242511,172.201120,2.367281,0.244522,-3.000000,30.000000,0.078993,0.175198,0.000000,0.000000,0.000000,0.000000,0.220218
697.000000,34.850000,14.990200,-3.148564,30.258572,172.559007,2.376041,0.263094,-3.100000,30.000000,0.064207,0.060276,0.000000,0.000000,0.000000,0.000000,0.182429
698.000000,34.900000,14.540300,-3.266366,30.273958,172.850773,2.379055,0.276015,-3.300000,30.000000,0.056167,0.052191,0.000000,0.000000,0.000000,0.000000,0.150374
699.000000,34.950000,14.807400,-3.384394,30.288762,173.106246,2.381664,0.289183,-3.400000,30.000000,0.057483,-0.133457,0.000000,0.000000,0.000000,0.000000,0.124978
700.000000,35.000000,14.560900,-3.502616,30.303055,173.368005,2.374991,0.303067,-3.500000,30.000000,0.064826,0.060207,0.000000,0.000000,0.000000,0.000000,0.106877
701.000000,35.050000,14.853800,-3.620571,30.316770,173.662461,2.378002,0.317437,-3.600000,30.000000,0.055114,-0.145797,0.000000,0.000000,0.000000,0.000000,0.096364
702.000000,35.100000,15.061900,-3.738744,30.329895,173.913024,2.370712,0.332162,-3.700000,30.000000,0.058070,-0.060291,0.000000,0.000000,0.000000,0.000000,0.093357
703.000000,35.150000,15.212100,-3.856612,30.342464,174.176244,2.367697,0.345202,-3.900000,30.000000,0.069885,-0.102445,0.000000,0.000000,0.000000,0.000000,0.098059
704.000000,35.200000,14.756800,-3.974386,30.354477,174.492778,2.362575,0.355401,-4.000000,30.000000,0.079959,0.053457,0.000000,0.000000,0.000000,0.000000,0.110197
705.000000,35.250000,15.046400,-4.091969,30.365814,174.854341,2.365248,0.365902,-4.100000,30.000000,0.075503,-0.032912,0.000000,0.000000,0.000000,0.000000,0.129304
706.000000,35.300000,15.152400,-4.209755,30.376420,175.196059,2.363602,0.376547,-4.200000,30.000000,0.069855,0.072000,0.000000,0.000000,0.000000,0.000000,0.155238
707.000000,35.350000,15.340500,-4.327520,30.386317,175.511906,2.367202,0.387296,-4.300000,30.000000,0.079364,0.195473,0.000000,0.000000,0.000000,0.000000,0.187770
708.000000,35.400000,15.215700,-4.445517,30.395579,175.871467,2.376976,0.398189,-4.400000,30.000000,0.076310,0.228429,0.000000,0.000000,0.000000,0.000000,0.226313
709.000000,35.450000,15.617700,-4.564057,30.404136,176.218564,2.388398,0.405731,-4.600000,30.000000,0.073210,0.020150,0.000000,0.000000,0.000000,0.000000,0.270813
710.000000,35.500000,14.984400,-4.683217,30.412012,176.553111,2.389405,0.412353,-4.700000,30.000000,0.081945,0.153301,0.000000,0.000000,0.000000,0.000000,0.321014
711.000000,35.550000,14.948300,-4.802471,30.419195,176.927902,2.397070,0.419202,-4.800000,30.000000,0.079316,0.154998,0.000000,0.000000,0.000000,0.000000,0.375909
712.000000,35.600000,14.144500,-4.922153,30.425618,177.291779,2.404820,0.426194,-4.900000,30.000000,0.074849,-0.202195,0.000000,0.000000,0.000000,0.000000,0.435567
713.000000,35.650000,14.725900,-5.042259,30.431299,177.636195,2.394710,0.433364,-5.000000,30.000000,0.081246,-0.215289,0.000000,0.000000,0.000000,0.000000,0.471536
714.000000,35.700000,15.454300,-5.161893,30.436238,178.008600,2.383946,0.437899,-5.200000,30.000000,0.105162,-0.351087,0.000000,0.000000,0.000000,0.000000,0.423027
715.000000,35.750000,14.076600,-5.281018,30.440380,178.489176,2.366391,0.440788,-5.300000,30.000000,0.090818,-0.630620,0.000000,0.000000,0.000000,0.000000,0.384399
716.000000,35.800000,14.073000,-5.399297,30.443499,178.900760,2.334860,0.443500,-5.400000,30.000000,0.125992,-0.933709,0.000000,0.000000,0.000000,0.000000,0.348381
717.000000,35.850000,14.903900,-5.516018,30.445739,179.465581,2.288175,0.446027,-5.500000,30.000000,0.124649,-0.586324,0.000000,0.000000,0.000000,0.000000,0.324991
718.000000,35.900000,14.823700,-5.630422,30.446806,180.013148,2.258859,0.447840,-5.600000,30.000000,0.124671,-1.075855,0.000000,0.000000,0.000000,0.000000,0.306945
719.000000,35.950000,14.023300,-5.743365,30.446780,180.553794,2.205066,0.448880,-5.700000,30.000000,0.134976,-0.861528,0.000000,0.000000,0.000000,0.000000,0.294282
720.000000,36.000000,14.044700,-5.853613,30.445714,181.125705,2.161990,0.448122,-5.900000,30.000000,0.168894,-0.858032,0.000000,0.000000,0.000000,0.000000,0.288815
721.000000,36.050000,15.733600,-5.961692,30.443591,181.829793,2.119088,0.445242,-6.000000,30.000000,0.155270,-0.778432,0.000000,0.000000,0.000000,0.000000,0.294233
722.000000,36.100000,15.193400,-6.067592,30.440207,182.463294,2.080166,0.441399,-6.100000,30.000000,0.150024,-0.588623,0.000000,0.000000,0.000000,0.000000,0.301416
723.000000,36.150000,13.970400,-6.171504,30.435737,183.063827,2.050735,0.436668,-6.200000,30.000000,0.160319,-0.430245,0.000000,0.000000,0.000000,0.000000,0.311745
724.000000,36.200000,14.465800,-6.273895,30.430257,183.697172,2.029223,0.431048,-6.300000,30.000000,0.154047,-0.373931,0.000000,0.000000,0.000000,0.000000,0.327613
725.000000,36.250000,15.056200,-6.375145,30.423714,184.298954,2.010526,0.424443,-6.400000,30.000000,0.162994,0.033267,0.000000,0.000000,0.000000,0.000000,0.346032
726.000000,36.300000,13.754300,-6.475388,30.416179,184.930424,2.012190,0.416906,-6.500000,30.000000,0.141111,0.038263,0.000000,0.000000,0.000000,0.000000,0.369268
727.000000,36.350000,14.450800,-6.575625,30.407532,185.476344,2.014103,0.408260,-6.600000,30.000000,0.137193,-0.004475,0.000000,0.000000,0.000000,0.000000,0.392552
728.000000,36.400000,14.722200,-6.675871,30.397921,186.007415,2.013879,0.398652,-6.700000,30.000000,0.135857,-0.028034,0.000000,0.000000,0.000000,0.000000,0.418765
729.000000,36.450000,13.986900,-6.776012,30.387383,186.533191,2.012478,0.388125,-6.800000,30.000000,0.141518,0.178446,0.000000,0.000000,0.000000,0.000000,0.448176
730.000000,36.500000,14.805800,-6.875982,30.375934,187.080781,2.021400,0.376700,-6.900000,30.000000,0.112528,0.186643,0.000000,0.000000,0.000000,0.000000,0.481629
731.000000,36.550000,14.722900,-6.976281,30.363475,187.517049,2.030732,0.364248,-7.000000,30.000000,0.125621,0.481917,0.000000,0.000000,0.000000,0.000000,0.514216
732.000000,36.600000,14.610700,-7.076945,30.350192,188.006838,2.054828,0.350950,-7.100000,30.000000,0.107361,0.167968,0.000000,0.000000,0.000000,0.000000,0.484026
733.000000,36.650000,14.617100,-7.178685,30.335881,188.429796,2.063226,0.336557,-7.200000,30.000000,0.099235,0.285795,0.000000,0.000000,0.000000,0.000000,0.421993
734.000000,36.700000,14.730300,-7.280732,30.320758,188.822118,2.077516,0.321336,-7.300000,30.000000,0.110615,0.542293,0.000000,0.000000,0.000000,0.000000,0.364314
735.000000,36.750000,14.807900,-7.383379,30.304827,189.262812,2.104631,0.305279,-7.400000,30.000000,0.091194,0.387949,0.000000,0.000000,0.000000,0.000000,0.312966
736.000000,36.800000,14.734600,-7.487238,30.287888,189.630390,2.124028,0.288171,-7.500000,30.000000,0.097710,0.370580,0.000000,0.000000,0.000000,0.000000,0.265533
737.000000,36.850000,14.729600,-7.591943,30.270122,190.028027,2.142557,0.270242,-7.600000,30.000000,0.091731,0.519278,0.000000,0.000000,0.000000,0.000000,0.225181
738.000000,36.900000,14.568400,-7.697434,30.251467,190.404444,2.168521,0.251481,-7.700000,30.000000,0.080478,0.232832,0.000000,0.000000,0.000000,0.000000,0.191306
739.000000,36.950000,14.916900,-7.804077,30.231886,190.738471,2.180163,0.231922,-7.800000,30.000000,0.082031,0.284246,0.000000,0.000000,0.000000,0.000000,0.163564
740.000000,37.000000,14.540300,-7.911177,30.211575,191.080801,2.194375,0.211870,-7.900000,30.000000,0.054857,0.379264,0.000000,0.000000,0.000000,0.000000,0.144173
741.000000,37.050000,14.776500,-8.018850,30.190488,191.310933,2.213338,0.191418,-8.000000,30.000000,0.062475,0.147932,0.000000,0.000000,0.000000,0.000000,0.129271
742.000000,37.100000,14.416200,-8.127367,30.168782,191.575368,2.220735,0.170987,-8.100000,30.000000,0.039187,0.266220,0.000000,0.000000,0.000000,0.000000,0.123891
743.000000,37.150000,14.978300,-8.236146,30.146502,191.741655,2.234046,0.150895,-8.200000,30.000000,0.034807,0.214950,0.000000,0.000000,0.000000,0.000000,0.123419
744.000000,37.200000,14.925500,-8.345511,30.123771,191.890225,2.244793,0.131873,-8.300000,30.000000,0.016392,-0.009480,0.000000,0.000000,0.000000,0.000000,0.130581
745.000000,37.250000,14.828100,-8.455342,30.100645,191.960506,2.244319,0.110108,-8.500000,30.000000,-0.013301,0.184529,0.000000,0.000000,0.000000,0.000000,0.142819
746.000000,37.300000,15.406100,-8.565122,30.077390,191.903489,2.253546,0.084886,-8.600000,30.000000,0.013749,0.143217,0.000000,0.000000,0.000000,0.000000,0.157552
747.000000,37.350000,15.981800,-8.675376,30.054149,191.962669,2.260707,0.059485,-8.700000,30.000000,-0.026015,0.306122,0.000000,0.000000,0.000000,0.000000,0.184451
748.000000,37.400000,15.355100,-8.785957,30.030719,191.850320,2.276013,0.033777,-8.800000,30.000000,-0.033881,0.196968,0.000000,0.000000,0.000000,0.000000,0.211400
749.000000,37.450000,14.408300,-8.897332,30.007350,191.702989,2.285861,0.007819,-8.900000,30.000000,-0.035842,0.051199,0.000000,0.000000,0.000000,0.000000,0.243623
750.000000,37.500000,13.929800,-9.009249,29.984167,191.546445,2.288421,0.018337,-9.000000,30.000000,-0.027325,-0.100750,0.000000,0.000000,0.000000,0.000000,0.281798
751.000000,37.550000,14.625400,-9.121355,29.961264,191.426989,2.283383,0.044232,-9.100000,30.000000,-0.031314,0.065126,0.000000,0.000000,0.000000,0.000000,0.327396
752.000000,37.600000,14.508900,-9.233261,29.938645,191.290386,2.286640,0.069791,-9.200000,30.000000,-0.055463,-0.061151,0.000000,0.000000,0.000000,0.000000,0.377576
753.000000,37.650000,14.445700,-9.345380,29.916261,191.047923,2.283582,0.095245,-9.300000,30.000000,-0.040967,0.249479,0.000000,0.000000,0.000000,0.000000,0.428380
754.000000,37.700000,14.536500,-9.457443,29.894381,190.869152,2.296056,0.113871,-9.500000,30.000000,-0.059944,-0.027011,0.000000,0.000000,0.000000,0.000000,0.434712
755.000000,37.750000,14.553600,-9.570186,29.872733,190.605975,2.294706,0.130713,-9.600000,30.000000,-0.056866,-0.026989,0.000000,0.000000,0.000000,0.000000,0.375304
756.000000,37.800000,15.283700,-9.682962,29.851615,190.356487,2.293356,0.149360,-9.700000,30.000000,-0.066385,0.087248,0.000000,0.000000,0.000000,0.000000,0.320139
757.000000,37.850000,14.784200,-9.795761,29.831001,190.065296,2.297719,0.169052,-9.800000,30.000000,-0.069272,0.136030,0.000000,0.000000,0.000000,0.000000,0.270068
758.000000,37.900000,14.695200,-9.908879,29.810922,189.760822,2.304520,0.189286,-9.900000,30.000000,-0.073343,-0.013582,0.000000,0.000000,0.000000,0.000000,0.225030
759.000000,37.950000,14.743800,-10.022437,29.791388,189.437439,2.303841,0.209816,-10.000000,30.000000,-0.060321,-0.117002,0.000000,0.000000,0.000000,0.000000,0.185398
760.000000,38.000000,14.547800,-10.136070,29.772499,189.171703,2.297991,0.230342,-10.100000,30.000000,-0.040257,0.214558,0.000000,0.000000,0.000000,0.000000,0.151275
761.000000,38.050000,14.654000,-10.249501,29.754185,188.994928,2.308719,0.250749,-10.200000,30.000000,-0.068414,0.081830,0.000000,0.000000,0.000000,0.000000,0.123243
762.000000,38.100000,14.834800,-10.363517,29.736137,188.692796,2.312810,0.266373,-10.400000,30.000000,-0.051274,0.084536,0.000000,0.000000,0.000000,0.000000,0.102465
763.000000,38.150000,14.698800,-10.477829,29.718660,188.466114,2.317037,0.282213,-10.500000,30.000000,-0.051837,-0.046713,0.000000,0.000000,0.000000,0.000000,0.088387
764.000000,38.200000,14.773000,-10.592418,29.701603,188.236517,2.314701,0.298493,-10.600000,30.000000,-0.077509,-0.233869,0.000000,0.000000,0.000000,0.000000,0.081669
765.000000,38.250000,14.820400,-10.706960,29.685023,187.893179,2.303008,0.315054,-10.700000,30.000000,-0.076620,0.038275,0.000000,0.000000,0.000000,0.000000,0.082352
766.000000,38.300000,14.936100,-10.821019,29.669210,187.555510,2.304922,0.331457,-10.800000,30.000000,-0.091792,0.053231,0.000000,0.000000,0.000000,0.000000,0.089958
767.000000,38.350000,14.818700,-10.935265,29.654057,187.150297,2.307583,0.347736,-10.900000,30.000000,-0.062779,0.204651,0.000000,0.000000,0.000000,0.000000,0.104224
768.000000,38.400000,14.917900,-11.049747,29.639695,186.873256,2.317816,0.363723,-11.000000,30.000000,-0.062953,-0.031656,0.000000,0.000000,0.000000,0.000000,0.125370
769.000000,38.450000,14.631800,-11.164804,29.625826,186.594212,2.316233,0.375826,-11.200000,30.000000,-0.092554,0.316203,0.000000,0.000000,0.000000,0.000000,0.153305
770.000000,38.500000,14.653500,-11.279850,29.612527,186.183611,2.332043,0.387997,-11.300000,30.000000,-0.070641,0.043890,0.000000,0.000000,0.000000,0.000000,0.186865
771.000000,38.550000,15.344100,-11.395774,29.599967,185.868459,2.334238,0.400055,-11.400000,30.000000,-0.069885,0.157998,0.000000,0.000000,0.000000,0.000000,0.226853
772.000000,38.600000,14.976400,-11.511874,29.588034,185.556399,2.342137,0.412137,-11.500000,30.000000,-0.081629,-0.080324,0.000000,0.000000,0.000000,0.000000,0.272465
773.000000,38.650000,14.893800,-11.628431,29.576695,185.190449,2.338121,0.424259,-11.600000,30.000000,-0.071939,0.085115,0.000000,0.000000,0.000000,0.000000,0.323001
774.000000,38.700000,14.885300,-11.744857,29.566119,184.868649,2.342377,0.436194,-11.700000,30.000000,-0.087704,0.113647,0.000000,0.000000,0.000000,0.000000,0.378414
775.000000,38.750000,15.191500,-11.861553,29.556179,184.475288,2.348059,0.445484,-11.900000,30.000000,-0.073719,0.091655,0.000000,0.000000,0.000000,0.000000,0.437615
776.000000,38.800000,14.723400,-11.978598,29.547018,184.144097,2.352642,0.453488,-12.000000,30.000000,-0.081921,0.065110,0.000000,0.000000,0.000000,0.000000,0.452674
777.000000,38.850000,14.759200,-12.095923,29.538517,183.775183,2.355898,0.461501,-12.100000,30.000000,-0.076357,0.202305,0.000000,0.000000,0.000000,0.000000,0.405591
778.000000,38.900000,14.874400,-12.213462,29.530761,183.430952,2.366013,0.469432,-12.200000,30.000000,-0.087215,-0.005999,0.000000,0.000000,0.000000,0.000000,0.362313
779.000000,38.950000,14.544300,-12.331551,29.523681,183.035847,2.365713,0.477362,-12.300000,30.000000,-0.070799,0.206352,0.000000,0.000000,0.000000,0.000000,0.326316
780.000000,39.000000,14.541900,-12.449671,29.517417,182.715428,2.376031,0.485133,-12.400000,30.000000,-0.077037,0.218294,0.000000,0.000000,0.000000,0.000000,0.292766
781.000000,39.050000,14.717800,-12.568339,29.511789,182.365152,2.386945,0.489237,-12.600000,30.000000,-0.074430,0.143402,0.000000,0.000000,0.000000,0.000000,0.266397
782.000000,39.100000,14.746300,-12.687584,29.506863,182.025219,2.394115,0.493293,-12.700000,30.000000,-0.084809,0.077722,0.000000,0.000000,0.000000,0.000000,0.245797
783.000000,39.150000,15.099800,-12.807215,29.502633,181.636505,2.398001,0.497419,-12.800000,30.000000,-0.033142,0.134323,0.000000,0.000000,0.000000,0.000000,0.233831
784.000000,39.200000,14.733500,-12.927066,29.499209,181.484663,2.404718,0.501522,-12.900000,30.000000,-0.058296,0.178916,0.000000,0.000000,0.000000,0.000000,0.218768
785.000000,39.250000,14.814500,-13.047262,29.496094,181.216623,2.413663,0.506118,-13.000000,30.000000,-0.043934,0.228589,0.000000,0.000000,0.000000,0.000000,0.216032
786.000000,39.300000,14.569300,-13.167918,29.493531,181.013966,2.425093,0.507484,-13.200000,30.000000,-0.047939,0.054595,0.000000,0.000000,0.000000,0.000000,0.218028
787.000000,39.350000,14.991700,-13.289154,29.491386,180.791761,2.427823,0.508730,-13.300000,30.000000,-0.040455,0.029702,0.000000,0.000000,0.000000,0.000000,0.228411
788.000000,39.400000,14.619000,-13.410533,29.489708,180.604078,2.429308,0.510401,-13.400000,30.000000,-0.049177,0.151612,0.000000,0.000000,0.000000,0.000000,0.244990
789.000000,39.450000,15.026800,-13.531992,29.488428,180.375731,2.436888,0.512572,-13.500000,30.000000,-0.060740,0.098937,0.000000,0.000000,0.000000,0.000000,0.270464
790.000000,39.500000,15.047900,-13.653834,29.487629,180.092691,2.441835,0.514447,-13.700000,30.000000,-0.036556,0.148255,0.000000,0.000000,0.000000,0.000000,0.304846
791.000000,39.550000,13.744800,-13.775925,29.487431,179.922132,2.449248,0.513134,-13.800000,30.000000,-0.051654,0.224245,0.000000,0.000000,0.000000,0.000000,0.341924
792.000000,39.600000,14.535600,-13.898387,29.487597,179.680294,2.460460,0.512405,-13.900000,30.000000,-0.060511,0.184710,0.000000,0.000000,0.000000,0.000000,0.387891
793.000000,39.650000,13.657800,-14.021409,29.488284,179.395596,2.469696,0.512164,-14.000000,30.000000,-0.025393,-0.077814,0.000000,0.000000,0.000000,0.000000,0.441114
794.000000,39.700000,14.405200,-14.144886,29.489586,179.275798,2.465805,0.512383,-14.100000,30.000000,-0.047332,0.031700,0.000000,0.000000,0.000000,0.000000,0.495008
795.000000,39.750000,13.837100,-14.268167,29.491145,179.052732,2.467390,0.509850,-14.300000,30.000000,-0.034732,0.160520,0.000000,0.000000,0.000000,0.000000,0.557138
796.000000,39.800000,15.086100,-14.391519,29.493184,178.888994,2.475416,0.506887,-14.400000,30.000000,-0.035205,0.007696,0.000000,0.000000,0.000000,0.000000,0.622389
797.000000,39.850000,15.112200,-14.515267,29.495584,178.722489,2.475801,0.504647,-14.500000,30.000000,-0.027990,-0.008849,0.000000,0.000000,0.000000,0.000000,0.692374
798.000000,39.900000,15.535100,-14.639026,29.498344,178.590104,2.475358,0.503172,-14.600000,30.000000,-0.031928,0.085131,0.000000,0.000000,0.000000,0.000000,0.765660
799.000000,39.950000,14.600300,-14.762757,29.501389,178.439111,2.479615,0.500000,-14.800000,30.000000,-0.019399,0.322390,0.000000,0.000000,0.000000,0.000000,0.843140
800.000000,40.000000,14.939300,-14.886691,29.504767,178.347233,2.495734,0.495412,-14.900000,30.000000,-0.003979,0.058336,0.000000,0.000000,0.000000,0.000000,0.922979
801.000000,40.050000,14.597200,-15.011426,29.508366,178.328267,2.498651,0.491767,-15.000000,30.000000,-0.040045,0.106193,0.000000,0.000000,0.000000,0.000000,1.005350
802.000000,40.100000,14.479600,-15.136306,29.512010,178.137065,2.503961,0.487610,-15.157077,29.999178,-0.006134,0.012258,0.000000,0.000000,0.000000,0.000000,1.094038
803.000000,40.150000,13.958600,-15.261437,29.516080,178.107730,2.504574,0.483510,-15.314136,29.996710,-0.006910,-0.000330,0.000000,0.000000,0.000000,0.000000,1.182731
804.000000,40.200000,15.578700,-15.386598,29.520215,178.074678,2.504557,0.479892,-15.471161,29.992598,0.005495,0.079143,0.000000,0.000000,0.000000,0.000000,1.274230
805.000000,40.250000,13.651900,-15.511755,29.524423,178.100964,2.508514,0.469932,-15.471161,29.992598,-0.001081,0.044479,0.000000,0.000000,0.000000,0.000000,1.367405
806.000000,40.300000,14.568900,-15.637112,29.528579,178.095787,2.510738,0.458351,-15.628135,29.986842,0.017398,0.189294,0.000000,0.000000,0.000000,0.000000,1.463547
807.000000,40.350000,14.415500,-15.762579,29.532751,178.179221,2.520203,0.447257,-15.785039,29.979443,0.010578,0.080467,0.000000,0.000000,0.000000,0.000000,1.560920
808.000000,40.400000,14.502800,-15.888526,29.536754,178.230139,2.524226,0.436914,-15.941858,29.970401,0.019387,-0.181150,0.000000,0.000000,0.000000,0.000000,1.661205
809.000000,40.450000,14.489600,-16.014677,29.540652,178.323615,2.515169,0.427380,-16.098573,29.959717,0.016863,-0.147285,0.000000,0.000000,0.000000,0.000000,1.763202
810.000000,40.500000,14.868500,-16.140382,29.544331,178.404627,2.507805,0.417485,-16.098573,29.959717,0.023949,-0.205839,0.000000,0.000000,0.000000,0.000000,1.866799
811.000000,40.550000,14.745400,-16.265723,29.547822,178.519355,2.497513,0.399710,-16.255168,29.947393,0.007263,-0.134682,0.000000,0.000000,0.000000,0.000000,1.971521
812.000000,40.600000,14.770600,-16.390557,29.551049,178.553997,2.490778,0.382960,-16.411625,29.933429,0.026322,0.080746,0.000000,0.000000,0.000000,0.000000,2.077878
813.000000,40.650000,14.782400,-16.515056,29.554192,178.679241,2.494816,0.367460,-16.567927,29.917828,0.022913,-0.031704,0.000000,0.000000,0.000000,0.000000,2.184724
814.000000,40.700000,15.048100,-16.639764,29.557067,178.788432,2.493231,0.353715,-16.724057,29.900591,0.024817,0.044227,0.000000,0.000000,0.000000,0.000000,2.293181
815.000000,40.750000,14.514700,-16.764398,29.559703,178.906627,2.495442,0.342139,-16.879998,29.881721,0.038838,-0.117157,0.000000,0.000000,0.000000,0.000000,2.402750
816.000000,40.800000,14.839400,-16.889147,29.562084,179.091822,2.489584,0.319768,-16.879998,29.881721,0.060974,-0.051911,0.000000,0.000000,0.000000,0.000000,2.513379
817.000000,40.850000,14.525400,-17.013611,29.564057,179.382097,2.486989,0.297983,-17.035734,29.861218,0.043379,-0.097411,0.000000,0.000000,0.000000,0.000000,2.624771
818.000000,40.900000,14.754100,-17.137953,29.565398,179.588269,2.482118,0.278828,-17.191245,29.839085,0.061781,-0.056357,0.000000,0.000000,0.000000,0.000000,2.737487
819.000000,40.950000,14.395400,-17.262056,29.566289,179.881517,2.479300,0.262969,-17.346517,29.815325,0.054411,-0.110778,0.000000,0.000000,0.000000,0.000000,2.851028
820.000000,41.000000,14.679900,-17.386020,29.566546,180.139416,2.473761,0.251491,-17.501531,29.789941,0.046025,-0.044483,0.000000,0.000000,0.000000,0.000000,2.965587
821.000000,41.050000,14.694700,-17.509708,29.566245,180.357017,2.471537,0.223845,-17.501531,29.789941,0.048893,-0.081755,0.000000,0.000000,0.000000,0.000000,3.080833
822.000000,41.100000,14.801600,-17.633283,29.565475,180.587991,2.467449,0.198793,-17.656271,29.762934,0.064348,-0.077625,0.000000,0.000000,0.000000,0.000000,3.196839
823.000000,41.150000,14.725800,-17.756649,29.564209,180.891650,2.463568,0.178487,-17.810720,29.734309,0.063785,0.015556,0.000000,0.000000,0.000000,0.000000,3.313653
824.000000,41.200000,14.796000,-17.879812,29.562292,181.192172,2.464346,0.165329,-17.964860,29.704068,0.061782,-0.033183,0.000000,0.000000,0.000000,0.000000,3.431157
825.000000,41.250000,15.071300,-18.003003,29.559728,181.483323,2.462687,0.149294,-17.964860,29.704068,0.051571,-0.053757,0.000000,0.000000,0.000000,0.000000,3.549472
826.000000,41.300000,15.268200,-18.126096,29.556541,181.726099,2.459999,0.115911,-18.118675,29.672214,0.069892,-0.004772,0.000000,0.000000,0.000000,0.000000,3.668217
827.000000,41.350000,14.998100,-18.249040,29.552836,182.055004,2.459760,0.088969,-18.272149,29.638751,0.073138,-0.071888,0.000000,0.000000,0.000000,0.000000,3.787883
828.000000,41.400000,15.289100,-18.371949,29.548426,182.399204,2.456166,0.076784,-18.425263,29.603684,0.077200,-0.228634,0.000000,0.000000,0.000000,0.000000,3.908332
829.000000,41.450000,14.822000,-18.494649,29.543285,182.762067,2.444734,0.086664,-18.578002,29.567014,0.079918,0.109882,0.000000,0.000000,0.000000,0.000000,4.029409
830.000000,41.500000,13.963500,-18.616744,29.537394,183.136006,2.450228,0.048768,-18.578002,29.567014,0.076822,-0.067607,0.000000,0.000000,0.000000,0.000000,4.150671
831.000000,41.550000,14.267100,-18.739072,29.530692,183.496211,2.446848,0.008938,-18.730348,29.528747,0.083850,-0.212228,0.000000,0.000000,0.000000,0.000000,4.272727
832.000000,41.600000,14.591400,-18.861187,29.523231,183.888975,2.436237,0.040307,-18.882286,29.488887,0.099044,-0.173522,0.000000,0.000000,0.000000,0.000000,4.395454
833.000000,41.650000,14.481700,-18.982718,29.514970,184.351326,2.427561,0.084673,-19.033797,29.447439,0.095747,-0.087262,0.000000,0.000000,0.000000,0.000000,4.518859
834.000000,41.700000,14.996700,-19.103746,29.505761,184.796601,2.423197,0.091073,-19.033797,29.447439,0.082279,-0.109809,0.000000,0.000000,0.000000,0.000000,4.642316
835.000000,41.750000,14.672700,-19.224482,29.495629,185.178249,2.417707,0.099454,-19.184867,29.404405,0.084320,-0.229013,0.000000,0.000000,0.000000,0.000000,4.765482
836.000000,41.800000,14.704600,-19.344874,29.484719,185.568518,2.406256,0.125279,-19.335477,29.359792,0.088311,-0.349459,0.000000,0.000000,0.000000,0.000000,4.888907
837.000000,41.850000,14.502200,-19.464619,29.473044,185.975418,2.388783,0.160815,-19.485612,29.313605,0.086963,0.085234,0.000000,0.000000,0.000000,0.000000,5.012369
838.000000,41.900000,14.602800,-19.583409,29.460610,186.373169,2.393045,0.176564,-19.485612,29.313605,0.093998,-0.165717,0.000000,0.000000,0.000000,0.000000,5.135268
839.000000,41.950000,14.925400,-19.702322,29.447329,186.804047,2.384759,0.193477,-19.635255,29.265848,0.086980,-0.177948,0.000000,0.000000,0.000000,0.000000,5.259148
840.000000,42.000000,15.252100,-19.820720,29.433202,187.201206,2.375862,0.219700,-19.784390,29.216526,0.100691,-0.137278,0.000000,0.000000,0.000000,0.000000,5.382573
841.000000,42.050000,15.120300,-19.938576,29.418311,187.659648,2.368998,0.252727,-19.933000,29.165646,0.100080,-0.044562,0.000000,0.000000,0.000000,0.000000,5.506670
842.000000,42.100000,14.845400,-20.055969,29.402523,188.113973,2.366770,0.266894,-19.933000,29.165646,0.089267,-0.149703,0.000000,0.000000,0.000000,0.000000,5.630730
843.000000,42.150000,14.778000,-20.173123,29.385820,188.518551,2.359285,0.287731,-20.081069,29.113212,0.099528,-0.299552,0.000000,0.000000,0.000000,0.000000,5.754311
844.000000,42.200000,14.524600,-20.289786,29.368346,188.968502,2.344307,0.315117,-20.228581,29.059230,0.103304,-0.094824,0.000000,0.000000,0.000000,0.000000,5.878429
845.000000,42.250000,14.672000,-20.405568,29.350073,189.432678,2.339566,0.340462,-20.228581,29.059230,0.096686,-0.193547,0.000000,0.000000,0.000000,0.000000,6.002289
846.000000,42.300000,14.743200,-20.520965,29.330902,189.866045,2.329889,0.358066,-20.375519,29.003706,0.101422,-0.253321,0.000000,0.000000,0.000000,0.000000,6.125712
847.000000,42.350000,15.260200,-20.635736,29.310941,190.318904,2.317222,0.381675,-20.521868,28.946647,0.091777,-0.006772,0.000000,0.000000,0.000000,0.000000,6.249181
848.000000,42.400000,14.786200,-20.749723,29.290187,190.726214,2.316884,0.410426,-20.667612,28.888059,0.101163,-0.072251,0.000000,0.000000,0.000000,0.000000,6.371503
849.000000,42.450000,14.646100,-20.863544,29.268627,191.175384,2.313271,0.428044,-20.667612,28.888059,0.096934,-0.100442,0.000000,0.000000,0.000000,0.000000,6.494667
850.000000,42.500000,14.399200,-20.977014,29.246210,191.604987,2.308249,0.449368,-20.812734,28.827947,0.112945,-0.231205,0.000000,0.000000,0.000000,0.000000,6.617504
851.000000,42.550000,14.903400,-21.090067,29.222993,192.105025,2.296689,0.475604,-20.957218,28.766319,0.108506,-0.221542,0.000000,0.000000,0.000000,0.000000,6.741464
852.000000,42.600000,15.026800,-21.202348,29.198912,192.582846,2.285612,0.497217,-20.957218,28.766319,0.094917,-0.133850,0.000000,0.000000,0.000000,0.000000,6.864646
853.000000,42.650000,14.569600,-21.313884,29.174016,192.998425,2.278919,0.516704,-21.101050,28.703182,0.108383,-0.153316,0.000000,0.000000,0.000000,0.000000,6.986309
854.000000,42.700000,14.849200,-21.424910,29.148386,193.472011,2.271254,0.540919,-21.244212,28.638542,0.106455,-0.086668,0.000000,0.000000,0.000000,0.000000,7.108811
855.000000,42.750000,14.599300,-21.535348,29.121930,193.935541,2.266920,0.564291,-21.244212,28.638542,0.117501,-0.159013,0.000000,0.000000,0.000000,0.000000,7.228177
856.000000,42.800000,14.665000,-21.645358,29.094632,194.446617,2.258969,0.582778,-21.386689,28.572406,0.114358,-0.239654,0.000000,0.000000,0.000000,0.000000,7.340464
857.000000,42.850000,15.555700,-21.754735,29.066454,194.942154,2.246987,0.605536,-21.528466,28.504782,0.100263,-0.188220,0.000000,0.000000,0.000000,0.000000,7.452666
858.000000,42.900000,14.887600,-21.863286,29.037486,195.373876,2.237576,0.629188,-21.528466,28.504782,0.108393,-0.131136,0.000000,0.000000,0.000000,0.000000,7.564574
859.000000,42.950000,14.816800,-21.971161,29.007825,195.838913,2.231019,0.646789,-21.669528,28.435676,0.110055,-0.193238,0.000000,0.000000,0.000000,0.000000,7.676189
860.000000,43.000000,14.524400,-22.078477,28.977379,196.309751,2.221357,0.668614,-21.809857,28.365098,0.098774,-0.072681,0.000000,0.000000,0.000000,0.000000,7.787678
861.000000,43.050000,14.682200,-22.185075,28.946188,196.730164,2.217723,0.691703,-21.809857,28.365098,0.118735,-0.058306,0.000000,0.000000,0.000000,0.000000,7.898853
862.000000,43.100000,14.861200,-22.291267,28.914267,197.235446,2.214808,0.709050,-21.949441,28.293054,0.104113,0.074817,0.000000,0.000000,0.000000,0.000000,8.010057
863.000000,43.150000,15.318500,-22.397035,28.881455,197.677439,2.218549,0.730381,-22.088261,28.219552,0.106295,-0.102669,0.000000,0.000000,0.000000,0.000000,8.121228
864.000000,43.200000,14.551100,-22.502725,28.847771,198.129528,2.213415,0.752622,-22.088261,28.219552,0.108128,-0.176856,0.000000,0.000000,0.000000,0.000000,8.232734
865.000000,43.250000,14.862000,-22.607901,28.813334,198.588409,2.204572,0.769948,-22.226305,28.144600,0.122020,-0.082383,0.000000,0.000000,0.000000,0.000000,8.342654
866.000000,43.300000,14.450600,-22.712379,28.778197,199.104729,2.200453,0.791052,-22.363556,28.068207,0.111686,-0.148701,0.000000,0.000000,0.000000,0.000000,8.443385
867.000000,43.350000,14.797600,-22.816342,28.742187,199.576056,2.193018,0.811951,-22.363556,28.068207,0.119900,-0.087168,0.000000,0.000000,0.000000,0.000000,8.544978
868.000000,43.400000,14.828000,-22.919655,28.705447,200.080658,2.188660,0.829114,-22.500000,27.990381,0.113010,0.138816,0.000000,0.000000,0.000000,0.000000,8.645851
869.000000,43.450000,14.961700,-23.022436,28.667874,200.555066,2.195601,0.849875,-22.635621,27.911130,0.108906,-0.136991,0.000000,0.000000,0.000000,0.000000,8.747249
870.000000,43.500000,14.928500,-23.125227,28.629330,201.013556,2.188751,0.869209,-22.635621,27.911130,0.122261,-0.096683,0.000000,0.000000,0.000000,0.000000,8.849451
871.000000,43.550000,14.762200,-23.227386,28.590087,201.527194,2.183917,0.886487,-22.770405,27.830464,0.133903,-0.027299,0.000000,0.000000,0.000000,0.000000,8.950605
872.000000,43.600000,14.552400,-23.328965,28.550018,202.089062,2.182552,0.907147,-22.904337,27.748390,0.120088,-0.230514,0.000000,0.000000,0.000000,0.000000,9.050976
873.000000,43.650000,14.799000,-23.430082,28.508981,202.592053,2.171026,0.924611,-22.904337,27.748390,0.115847,-0.097594,0.000000,0.000000,0.000000,0.000000,9.152393
874.000000,43.700000,14.809700,-23.530304,28.467279,203.074556,2.166147,0.941666,-23.037402,27.664919,0.114034,-0.049433,0.000000,0.000000,0.000000,0.000000,9.253701
875.000000,43.750000,14.483800,-23.629946,28.424830,203.548376,2.163675,0.962066,-23.169586,27.580059,0.119046,0.117758,0.000000,0.000000,0.000000,0.000000,9.355030
876.000000,43.800000,14.900800,-23.729121,28.381608,204.042648,2.169563,0.977528,-23.169586,27.580059,0.118708,-0.191225,0.000000,0.000000,0.000000,0.000000,9.456077
877.000000,43.850000,15.572000,-23.828188,28.337413,204.536846,2.160002,0.994842,-23.300873,27.493819,0.113854,0.077322,0.000000,0.000000,0.000000,0.000000,9.557546
878.000000,43.900000,14.621400,-23.926435,28.292563,205.008569,2.163868,1.014554,-23.300873,27.493819,0.109839,-0.061220,0.000000,0.000000,0.000000,0.000000,9.658949
879.000000,43.950000,14.536900,-24.024484,28.246823,205.464333,2.160807,1.028863,-23.431251,27.406209,0.107590,-0.043806,0.000000,0.000000,0.000000,0.000000,9.760841
880.000000,44.000000,13.818100,-24.122029,28.200372,205.910061,2.158616,1.046428,-23.560704,27.317238,0.141847,-0.216437,0.000000,0.000000,0.000000,0.000000,9.862779
881.000000,44.050000,14.851900,-24.219111,28.153210,206.498800,2.147795,1.064119,-23.560704,27.317238,0.110576,0.057412,0.000000,0.000000,0.000000,0.000000,9.962956
882.000000,44.100000,14.981900,-24.315218,28.105295,206.954240,2.150665,1.078622,-23.689218,27.226917,0.125511,-0.074222,0.000000,0.000000,0.000000,0.000000,10.064269
883.000000,44.150000,14.690400,-24.411070,28.056553,207.472499,2.146954,1.096345,-23.816779,27.135255,0.119445,-0.178517,0.000000,0.000000,0.000000,0.000000,10.165070
884.000000,44.200000,14.608400,-24.506313,28.007031,207.964612,2.138028,1.111508,-23.816779,27.135255,0.130569,-0.029903,0.000000,0.000000,0.000000,0.000000,10.266040
885.000000,44.250000,15.271100,-24.600732,27.956902,208.500818,2.136533,1.126360,-23.943373,27.042262,0.129035,0.202713,0.000000,0.000000,0.000000,0.000000,10.366159
886.000000,44.300000,14.560000,-24.694612,27.905927,209.030285,2.146669,1.144172,-24.068987,26.947949,0.123024,-0.005973,0.000000,0.000000,0.000000,0.000000,10.466334
887.000000,44.350000,14.767900,-24.788461,27.853841,209.537223,2.146370,1.156842,-24.068987,26.947949,0.126242,-0.112318,0.000000,0.000000,0.000000,0.000000,10.567274
888.000000,44.400000,14.660000,-24.881832,27.800934,210.057488,2.140754,1.171970,-24.193606,26.852325,0.115346,-0.056461,0.000000,0.000000,0.000000,0.000000,10.668106
889.000000,44.450000,14.997200,-24.974475,27.747323,210.531187,2.137931,1.187761,-24.193606,26.852325,0.115647,0.031445,0.000000,0.000000,0.000000,0.000000,10.769099
890.000000,44.500000,13.576900,-25.066551,27.693018,211.005509,2.139503,1.200261,-24.317217,26.755402,0.121401,0.064681,0.000000,0.000000,0.000000,0.000000,10.869949
891.000000,44.550000,14.219100,-25.158241,27.637913,211.504023,2.142737,1.215717,-24.439806,26.657189,0.113549,-0.083949,0.000000,0.000000,0.000000,0.000000,10.970672
892.000000,44.600000,13.709600,-25.249586,27.581928,211.970710,2.138540,1.229181,-24.439806,26.657189,0.130453,0.023815,0.000000,0.000000,0.000000,0.000000,11.071796
893.000000,44.650000,14.871800,-25.340295,27.525312,212.506563,2.139731,1.242181,-24.561360,26.557699,0.134978,-0.053922,0.000000,0.000000,0.000000,0.000000,11.172175
894.000000,44.700000,15.176400,-25.430520,27.467817,213.061535,2.137035,1.257917,-24.681865,26.456940,0.127205,-0.183391,0.000000,0.000000,0.000000,0.000000,11.272471
895.000000,44.750000,15.198900,-25.520070,27.409526,213.583532,2.127865,1.268860,-24.681865,26.456940,0.131629,0.025236,0.000000,0.000000,0.000000,0.000000,11.372846
896.000000,44.800000,14.816700,-25.608705,27.350674,214.121574,2.129127,1.281952,-24.801309,26.354926,0.129272,0.093553,0.000000,0.000000,0.000000,0.000000,11.472647
897.000000,44.850000,14.945200,-25.696834,27.290957,214.650186,2.133805,1.295423,-24.801309,26.354926,0.123663,-0.139827,0.000000,0.000000,0.000000,0.000000,11.572534
898.000000,44.900000,13.705200,-25.784602,27.230297,215.156732,2.126813,1.306067,-24.919678,26.251666,0.114374,0.173065,0.000000,0.000000,0.000000,0.000000,11.672728
899.000000,44.950000,14.919000,-25.871544,27.169064,215.623344,2.135466,1.319392,-25.036959,26.147172,0.127473,0.165697,0.000000,0.000000,0.000000,0.000000,11.772739
900.000000,45.000000,14.722000,-25.958336,27.106874,216.146068,2.143751,1.330399,-25.036959,26.147172,0.128665,0.135939,0.000000,0.000000,0.000000,0.000000,11.872826
901.000000,45.050000,14.683500,-26.044892,27.043650,216.675784,2.150548,1.341497,-25.153140,26.041456,0.130091,0.014540,0.000000,0.000000,0.000000,0.000000,11.973215
902.000000,45.100000,14.698900,-26.131132,26.979425,217.213134,2.151275,1.355084,-25.153140,26.041456,0.129994,0.002127,0.000000,0.000000,0.000000,0.000000,12.073829
903.000000,45.150000,14.536800,-26.216794,26.914372,217.750262,2.151381,1.363786,-25.268207,25.934529,0.138109,-0.090885,0.000000,0.000000,0.000000,0.000000,12.174401
904.000000,45.200000,14.999000,-26.301848,26.848516,218.321367,2.146837,1.374978,-25.382148,25.826403,0.111408,0.064639,0.000000,0.000000,0.000000,0.000000,12.274780
905.000000,45.250000,14.992100,-26.386062,26.781957,218.780055,2.150069,1.385975,-25.382148,25.826403,0.131707,-0.027918,0.000000,0.000000,0.000000,0.000000,12.375197
906.000000,45.300000,14.869700,-26.469867,26.714624,219.324038,2.148673,1.394825,-25.494950,25.717090,0.127622,0.105981,0.000000,0.000000,0.000000,0.000000,12.475433
907.000000,45.350000,14.952000,-26.552975,26.646543,219.850618,2.153972,1.406094,-25.606602,25.606602,0.124146,0.062544,0.000000,0.000000,0.000000,0.000000,12.575541
908.000000,45.400000,15.071200,-26.635657,26.577531,220.363968,2.157100,1.414800,-25.606602,25.606602,0.121360,-0.125572,0.000000,0.000000,0.000000,0.000000,12.675815
909.000000,45.450000,14.930300,-26.717837,26.507679,220.866409,2.150821,1.423768,-25.717090,25.494950,0.128985,0.247928,0.000000,0.000000,0.000000,0.000000,12.776137
910.000000,45.500000,15.098600,-26.799164,26.437315,221.399207,2.163217,1.434899,-25.717090,25.494950,0.130309,-0.104952,0.000000,0.000000,0.000000,0.000000,12.876000
911.000000,45.550000,14.893800,-26.880297,26.365789,221.940637,2.157970,1.441611,-25.826403,25.382148,0.137037,0.145152,0.000000,0.000000,0.000000,0.000000,12.976306
912.000000,45.600000,15.225400,-26.960556,26.293673,222.508986,2.165227,1.450625,-25.934529,25.268207,0.134976,-0.126468,0.000000,0.000000,0.000000,0.000000,13.076216
913.000000,45.650000,14.924200,-27.040363,26.220521,223.070562,2.158904,1.459373,-25.934529,25.268207,0.135818,-0.084941,0.000000,0.000000,0.000000,0.000000,13.176324
914.000000,45.700000,14.146100,-27.119219,26.146805,223.634036,2.154657,1.465927,-26.041456,25.153140,0.123565,0.079791,0.000000,0.000000,0.000000,0.000000,13.275992
915.000000,45.750000,15.284900,-27.197192,26.072464,224.145121,2.158646,1.474724,-26.147172,25.036959,0.131516,0.049765,0.000000,0.000000,0.000000,0.000000,13.375285
916.000000,45.800000,14.296200,-27.274642,25.997291,224.690471,2.161135,1.481022,-26.147172,25.036959,0.136144,0.021862,0.000000,0.000000,0.000000,0.000000,13.474633
917.000000,45.850000,14.789300,-27.351461,25.921298,225.255900,2.162228,1.487545,-26.251666,24.919678,0.134518,0.174248,0.000000,0.000000,0.000000,0.000000,13.573953
918.000000,45.900000,14.953300,-27.427565,25.844511,225.814775,2.170940,1.496013,-26.251666,24.919678,0.140174,0.083780,0.000000,0.000000,0.000000,0.000000,13.673141
919.000000,45.950000,14.639000,-27.503220,25.766673,226.399799,2.175129,1.500169,-26.354926,24.801309,0.137954,0.109846,0.000000,0.000000,0.000000,0.000000,13.772596
920.000000,46.000000,14.777300,-27.578221,25.687915,226.976551,2.180621,1.506455,-26.456940,24.681865,0.132826,0.277365,0.000000,0.000000,0.000000,0.000000,13.872034
921.000000,46.050000,14.680100,-27.652613,25.608205,227.533007,2.194490,1.512527,-26.456940,24.681865,0.144776,0.181212,0.000000,0.000000,0.000000,0.000000,13.971471
922.000000,46.100000,14.957900,-27.726695,25.527265,228.144062,2.203550,1.516418,-26.557699,24.561360,0.138456,-0.113982,0.000000,0.000000,0.000000,0.000000,14.071495
923.000000,46.150000,14.579800,-27.800212,25.445202,228.730501,2.197851,1.522275,-26.657189,24.439806,0.130768,0.103179,0.000000,0.000000,0.000000,0.000000,14.171627
924.000000,46.200000,14.949200,-27.872697,25.362605,229.282561,2.203010,1.526112,-26.657189,24.439806,0.134443,0.233946,0.000000,0.000000,0.000000,0.000000,14.271159
925.000000,46.250000,15.006300,-27.944552,25.279118,229.851656,2.214707,1.529487,-26.755402,24.317217,0.128707,0.088498,0.000000,0.000000,0.000000,0.000000,14.370771
926.000000,46.300000,14.620200,-28.015950,25.194474,230.399082,2.219132,1.534849,-26.852325,24.193606,0.117560,0.034253,0.000000,0.000000,0.000000,0.000000,14.470577
927.000000,46.350000,14.508600,-28.086678,25.108982,230.899636,2.220845,1.536730,-26.852325,24.193606,0.144143,0.051187,0.000000,0.000000,0.000000,0.000000,14.570127
928.000000,46.400000,14.516300,-28.156710,25.022808,231.515287,2.223404,1.539766,-26.947949,24.068987,0.128667,0.041985,0.000000,0.000000,0.000000,0.000000,14.670111
929.000000,46.450000,14.898300,-28.225892,24.935787,232.064693,2.225504,1.544177,-26.947949,24.068987,0.133025,0.184298,0.000000,0.000000,0.000000,0.000000,14.769593
930.000000,46.500000,14.525900,-28.294301,24.848024,232.633461,2.234719,1.544666,-27.042262,23.943373,0.139081,0.357616,0.000000,0.000000,0.000000,0.000000,14.869031
931.000000,46.550000,14.912200,-28.362115,24.759220,233.230914,2.252599,1.547055,-27.135255,23.816779,0.141491,0.093076,0.000000,0.000000,0.000000,0.000000,14.968784
932.000000,46.600000,14.700200,-28.429534,24.668997,233.843723,2.257253,1.549656,-27.135255,23.816779,0.130526,-0.016372,0.000000,0.000000,0.000000,0.000000,15.069131
933.000000,46.650000,14.631800,-28.496122,24.577870,234.409644,2.256435,1.549382,-27.226917,23.689218,0.126803,0.341453,0.000000,0.000000,0.000000,0.000000,15.169073
934.000000,46.700000,14.494900,-28.561783,24.486124,234.959044,2.273507,1.550901,-27.317238,23.560704,0.134551,0.216719,0.000000,0.000000,0.000000,0.000000,15.268588
935.000000,46.750000,14.694800,-28.627051,24.393053,235.546828,2.284343,1.551907,-27.317238,23.560704,0.134676,0.204277,0.000000,0.000000,0.000000,0.000000,15.368835
936.000000,46.800000,15.195200,-28.691667,24.298871,236.137966,2.294557,1.550860,-27.406209,23.431251,0.130301,0.135664,0.000000,0.000000,0.000000,0.000000,15.469268
937.000000,46.850000,14.414600,-28.755593,24.203603,236.712237,2.301340,1.551449,-27.493819,23.300873,0.124681,0.194191,0.000000,0.000000,0.000000,0.000000,15.569686
938.000000,46.900000,14.990300,-28.818747,24.107416,237.263099,2.311050,1.551111,-27.493819,23.300873,0.139841,0.155343,0.000000,0.000000,0.000000,0.000000,15.669887
939.000000,46.950000,14.698300,-28.881235,24.010217,237.884380,2.318817,1.549104,-27.580059,23.169586,0.128858,0.306202,0.000000,0.000000,0.000000,0.000000,15.770806
940.000000,47.000000,14.626800,-28.942873,23.912018,238.458220,2.334127,1.548586,-27.664919,23.037402,0.142282,0.028284,0.000000,0.000000,0.000000,0.000000,15.871276
941.000000,47.050000,14.739800,-29.003924,23.812554,239.096806,2.335541,1.547190,-27.664919,23.037402,0.135485,0.236667,0.000000,0.000000,0.000000,0.000000,15.972660
942.000000,47.100000,14.759500,-29.063900,23.712355,239.704871,2.347375,1.543845,-27.748390,22.904337,0.145416,0.319443,0.000000,0.000000,0.000000,0.000000,16.073443
943.000000,47.150000,15.353000,-29.123107,23.611014,240.361426,2.363347,1.541931,-27.830464,22.770405,0.141073,0.055791,0.000000,0.000000,0.000000,0.000000,16.174844
944.000000,47.200000,14.992600,-29.181544,23.508308,241.002439,2.366136,1.539454,-27.830464,22.770405,0.134655,0.040114,0.000000,0.000000,0.000000,0.000000,16.276339
945.000000,47.250000,14.846300,-29.238896,23.404832,241.614646,2.368142,1.534486,-27.911130,22.635621,0.138227,0.011830,0.000000,0.000000,0.000000,0.000000,16.377247
946.000000,47.300000,14.616300,-29.295186,23.300661,242.243834,2.368733,1.530874,-27.990381,22.500000,0.141192,0.033662,0.000000,0.000000,0.000000,0.000000,16.478049
947.000000,47.350000,15.407600,-29.350344,23.195852,242.886860,2.370417,1.527648,-27.990381,22.500000,0.126247,0.098158,0.000000,0.000000,0.000000,0.000000,16.578642
948.000000,47.400000,15.534500,-29.404359,23.090355,243.461458,2.375324,1.521032,-28.068207,22.363556,0.126099,0.103764,0.000000,0.000000,0.000000,0.000000,16.678084
949.000000,47.450000,14.621100,-29.457424,22.984103,244.036560,2.380513,1.515838,-28.144600,22.226305,0.132625,0.216868,0.000000,0.000000,0.000000,0.000000,16.777356
950.000000,47.500000,14.795400,-29.509533,22.877090,244.643092,2.391356,1.512053,-28.219552,22.088261,0.126522,0.020468,0.000000,0.000000,0.000000,0.000000,16.876849
951.000000,47.550000,14.644000,-29.560739,22.769042,245.224040,2.392379,1.504076,-28.219552,22.088261,0.127492,0.231625,0.000000,0.000000,0.000000,0.000000,16.976033
952.000000,47.600000,15.010500,-29.610868,22.660433,245.809742,2.403961,1.497379,-28.293054,21.949441,0.132717,0.404200,0.000000,0.000000,0.000000,0.000000,17.074931
953.000000,47.650000,14.755900,-29.660121,22.550790,246.422679,2.424171,1.492001,-28.365098,21.809857,0.123493,0.213500,0.000000,0.000000,0.000000,0.000000,17.174240
954.000000,47.700000,15.075900,-29.708603,22.439700,246.997354,2.434846,1.483815,-28.365098,21.809857,0.134616,0.304186,0.000000,0.000000,0.000000,0.000000,17.273367
955.000000,47.750000,14.815600,-29.756176,22.327638,247.627155,2.450055,1.475408,-28.435676,21.669528,0.133017,0.174454,0.000000,0.000000,0.000000,0.000000,17.373266
956.000000,47.800000,15.073400,-29.802805,22.214356,248.253276,2.458778,1.468097,-28.504782,21.528466,0.120879,0.089672,0.000000,0.000000,0.000000,0.000000,17.473232
957.000000,47.850000,14.671300,-29.848354,22.100167,248.823697,2.463261,1.460147,-28.504782,21.528466,0.115749,0.285868,0.000000,0.000000,0.000000,0.000000,17.572255
958.000000,47.900000,14.953300,-29.892846,21.985320,249.370680,2.477555,1.449800,-28.572406,21.386689,0.124306,0.047063,0.000000,0.000000,0.000000,0.000000,17.670685
959.000000,47.950000,14.568000,-29.936490,21.869386,249.961918,2.479908,1.440664,-28.638542,21.244212,0.138921,0.073030,0.000000,0.000000,0.000000,0.000000,17.769914
960.000000,48.000000,14.811600,-29.978977,21.752896,250.624151,2.483559,1.432675,-28.703182,21.101050,0.118114,0.197467,0.000000,0.000000,0.000000,0.000000,17.869885
961.000000,48.050000,14.773400,-30.020174,21.635752,251.187013,2.493433,1.421399,-28.703182,21.101050,0.118029,0.014192,0.000000,0.000000,0.000000,0.000000,17.967917
962.000000,48.100000,15.966700,-30.060378,21.517740,251.751704,2.494142,1.410239,-28.766319,20.957218,0.130894,0.322397,0.000000,0.000000,0.000000,0.000000,18.065913
963.000000,48.150000,15.193300,-30.099429,21.399305,252.378798,2.510262,1.400261,-28.827947,20.812734,0.126286,0.195284,0.000000,0.000000,0.000000,0.000000,18.164522
964.000000,48.200000,16.049000,-30.137424,21.279681,252.987482,2.520026,1.390241,-28.827947,20.812734,0.125275,0.082725,0.000000,0.000000,0.000000,0.000000,18.262905
965.000000,48.250000,14.318900,-30.174290,21.159194,253.593590,2.524163,1.376969,-28.888059,20.667612,0.097920,-0.032895,0.000000,0.000000,0.000000,0.000000,18.361107
966.000000,48.300000,15.888600,-30.209937,21.038124,254.067157,2.522518,1.364706,-28.946647,20.521868,0.126626,0.073862,0.000000,0.000000,0.000000,0.000000,18.456710
967.000000,48.350000,14.921100,-30.244560,20.916844,254.680476,2.526211,1.353791,-29.003706,20.375519,0.124097,0.050206,0.000000,0.000000,0.000000,0.000000,18.554330
968.000000,48.400000,14.988300,-30.277932,20.795021,255.282299,2.528721,1.341503,-29.003706,20.375519,0.105031,0.087673,0.000000,0.000000,0.000000,0.000000,18.651380
969.000000,48.450000,14.796300,-30.310053,20.672734,255.791418,2.533105,1.327340,-29.059230,20.228581,0.110627,0.022258,0.000000,0.000000,0.000000,0.000000,18.746374
970.000000,48.500000,14.691300,-30.341141,20.549953,256.328813,2.534218,1.314406,-29.113212,20.081069,0.120163,-0.216569,0.000000,0.000000,0.000000,0.000000,18.841640
971.000000,48.550000,14.783300,-30.371089,20.426832,256.913215,2.523389,1.302676,-29.165646,19.933000,0.106227,0.172484,0.000000,0.000000,0.000000,0.000000,18.937379
972.000000,48.600000,15.327200,-30.399658,20.303939,257.427091,2.532014,1.288558,-29.165646,19.933000,0.101353,0.155393,0.000000,0.000000,0.000000,0.000000,19.030972
973.000000,48.650000,14.757100,-30.427216,20.180375,257.918900,2.539783,1.273803,-29.216526,19.784390,0.105204,-0.053127,0.000000,0.000000,0.000000,0.000000,19.124042
974.000000,48.700000,14.591800,-30.453795,20.056198,258.431097,2.537127,1.260322,-29.265848,19.635255,0.085525,-0.163794,0.000000,0.000000,0.000000,0.000000,19.217381
975.000000,48.750000,15.001900,-30.479235,19.931919,258.846528,2.528937,1.248152,-29.313605,19.485612,0.107011,0.047752,0.000000,0.000000,0.000000,0.000000,19.308389
976.000000,48.800000,15.064600,-30.503695,19.807860,259.365365,2.531325,1.232947,-29.313605,19.485612,0.088249,-0.017878,0.000000,0.000000,0.000000,0.000000,19.400840
977.000000,48.850000,14.860300,-30.527052,19.683468,259.793115,2.530431,1.218028,-29.359792,19.335477,0.126007,0.221523,0.000000,0.000000,0.000000,0.000000,19.491190
978.000000,48.900000,15.027200,-30.549472,19.558949,260.405319,2.541507,1.204622,-29.404405,19.184867,0.119882,-0.182312,0.000000,0.000000,0.000000,0.000000,19.584825
979.000000,48.950000,14.881500,-30.570652,19.433651,260.990023,2.532391,1.192264,-29.447439,19.033797,0.120697,0.170344,0.000000,0.000000,0.000000,0.000000,19.677739
980.000000,49.000000,14.492700,-30.590482,19.308594,261.576626,2.540909,1.175611,-29.447439,19.033797,0.114954,0.052938,0.000000,0.000000,0.000000,0.000000,19.769898
981.000000,49.050000,14.776600,-30.609092,19.182919,262.136943,2.543556,1.159845,-29.488887,18.882286,0.088135,0.039252,0.000000,0.000000,0.000000,0.000000,19.861285
982.000000,49.100000,15.153700,-30.626491,19.056937,262.566198,2.545518,1.145295,-29.528747,18.730348,0.088238,0.116673,0.000000,0.000000,0.000000,0.000000,19.949586
983.000000,49.150000,14.726800,-30.642958,18.930730,262.996291,2.551352,1.132086,-29.528747,18.730348,0.084714,0.111743,0.000000,0.000000,0.000000,0.000000,20.037666
984.000000,49.200000,14.814400,-30.658513,18.804115,263.410067,2.556939,1.114673,-29.567014,18.578002,0.087672,-0.037443,0.000000,0.000000,0.000000,0.000000,20.125285
985.000000,49.250000,14.791900,-30.673185,18.677113,263.839304,2.555067,1.098754,-29.603684,18.425263,0.106453,0.045918,0.000000,0.000000,0.000000,0.000000,20.213120
986.000000,49.300000,14.811200,-30.686895,18.550097,264.360744,2.557363,1.084371,-29.638751,18.272149,0.092957,0.192935,0.000000,0.000000,0.000000,0.000000,20.302533
987.000000,49.350000,14.744000,-30.699460,18.422848,264.816076,2.567009,1.071333,-29.672214,18.118675,0.082366,-0.027813,0.000000,0.000000,0.000000,0.000000,20.390174
988.000000,49.400000,14.877900,-30.711057,18.295022,265.220803,2.565619,1.053704,-29.672214,18.118675,0.077640,-0.048216,0.000000,0.000000,0.000000,0.000000,20.476683
989.000000,49.450000,14.654500,-30.721745,18.167187,265.602003,2.563208,1.037595,-29.704068,17.964860,0.080661,-0.050491,0.000000,0.000000,0.000000,0.000000,20.562375
990.000000,49.500000,14.696500,-30.731573,18.039404,265.997730,2.560683,1.023148,-29.734309,17.810720,0.080117,-0.028963,0.000000,0.000000,0.000000,0.000000,20.648073
991.000000,49.550000,14.744800,-30.740509,17.911682,266.390388,2.559235,1.010390,-29.762934,17.656271,0.104040,-0.204699,0.000000,0.000000,0.000000,0.000000,20.733370
992.000000,49.600000,14.831300,-30.748565,17.783974,266.900757,2.549000,0.993869,-29.762934,17.656271,0.092906,-0.069338,0.000000,0.000000,0.000000,0.000000,20.820935
993.000000,49.650000,14.783800,-30.755456,17.656711,267.354350,2.545533,0.977906,-29.789941,17.501531,0.080008,-0.143527,0.000000,0.000000,0.000000,0.000000,20.906514
994.000000,49.700000,14.543300,-30.761331,17.529570,267.744148,2.538357,0.963553,-29.815325,17.346517,0.078197,0.155786,0.000000,0.000000,0.000000,0.000000,20.990229
995.000000,49.750000,15.136500,-30.766326,17.402750,268.124014,2.546146,0.951058,-29.839085,17.191245,0.077295,-0.025433,0.000000,0.000000,0.000000,0.000000,21.073258
996.000000,49.800000,14.762200,-30.770494,17.275511,268.500633,2.544875,0.935213,-29.839085,17.191245,0.070409,-0.050844,0.000000,0.000000,0.000000,0.000000,21.156204
997.000000,49.850000,14.732000,-30.773823,17.148311,268.843411,2.542332,0.919523,-29.861218,17.035734,0.084354,-0.216848,0.000000,0.000000,0.000000,0.000000,21.238122
998.000000,49.900000,14.593200,-30.776389,17.021220,269.253966,2.531490,0.905746,-29.881721,16.879998,0.091586,0.061950,0.000000,0.000000,0.000000,0.000000,21.321306
999.000000,49.950000,14.786700,-30.778037,16.894657,269.698007,2.534588,0.893877,-29.900591,16.724057,0.068425,-0.174219,0.000000,0.000000,0.000000,0.000000,21.404642
1000.000000,50.000000,14.580900,-30.778705,16.767929,270.029750,2.525877,0.879209,-29.900591,16.724057,0.071710,-0.093347,0.000000,0.000000,0.000000,0.000000,21.485172
1001.000000,50.050000,14.972800,-30.778640,16.641635,270.376278,2.521209,0.863961,-29.917828,16.567927,0.073961,0.046082,0.000000,0.000000,0.000000,0.000000,21.565623
1002.000000,50.100000,14.614900,-30.777812,16.515577,270.733062,2.523513,0.850757,-29.933429,16.411625,0.083294,-0.018559,0.000000,0.000000,0.000000,0.000000,21.645982
1003.000000,50.150000,14.868800,-30.776197,16.389412,271.135432,2.522585,0.839606,-29.947393,16.255168,0.079443,0.132148,0.000000,0.000000,0.000000,0.000000,21.727243
1004.000000,50.200000,14.607500,-30.773698,16.263308,271.518978,2.529193,0.826345,-29.947393,16.255168,0.074071,-0.068890,0.000000,0.000000,0.000000,0.000000,21.807759
1005.000000,50.250000,14.875700,-30.770346,16.136892,271.877429,2.525748,0.811534,-29.959717,16.098573,0.072936,-0.059690,0.000000,0.000000,0.000000,0.000000,21.887628
1006.000000,50.300000,14.712200,-30.766209,16.010673,272.229883,2.522764,0.798777,-29.970401,15.941858,0.068575,0.084255,0.000000,0.000000,0.000000,0.000000,21.967045
1007.000000,50.350000,14.871800,-30.761301,15.884630,272.560805,2.526977,0.788175,-29.979443,15.785039,0.073745,-0.208726,0.000000,0.000000,0.000000,0.000000,22.045671
1008.000000,50.400000,14.792900,-30.755655,15.758407,272.917359,2.516540,0.776669,-29.979443,15.785039,0.064392,0.177828,0.000000,0.000000,0.000000,0.000000,22.124843
1009.000000,50.450000,14.754200,-30.749251,15.632743,273.227273,2.525432,0.762423,-29.986842,15.628135,0.067165,-0.099028,0.000000,0.000000,0.000000,0.000000,22.202416
1010.000000,50.500000,14.841700,-30.742143,15.506672,273.551713,2.520480,0.750385,-29.992598,15.471161,0.079962,0.001901,0.000000,0.000000,0.000000,0.000000,22.280441
1011.000000,50.550000,14.641600,-30.734336,15.380890,273.937453,2.520575,0.740640,-29.996710,15.314136,0.060755,0.047407,0.000000,0.000000,0.000000,0.000000,22.359610
1012.000000,50.600000,14.936000,-30.725682,15.255159,274.230285,2.522946,0.731353,-29.996710,15.314136,0.045314,0.091836,0.000000,0.000000,0.000000,0.000000,22.436319
1013.000000,50.650000,14.546200,-30.716376,15.129355,274.448780,2.527538,0.717734,-29.999178,15.157077,0.064690,-0.056854,0.000000,0.000000,0.000000,0.000000,22.511226
1014.000000,50.700000,15.201500,-30.706573,15.003359,274.761489,2.524695,0.706581,-30.000000,15.000000,0.075283,-0.082440,0.000000,0.000000,0.000000,0.000000,22.588511
1015.000000,50.750000,15.119600,-30.696095,14.877560,275.125175,2.520573,0.697778,-29.999178,14.842923,0.071212,0.017597,0.000000,0.000000,0.000000,0.000000,22.666782
1016.000000,50.800000,14.735600,-30.684837,14.752035,275.468567,2.521453,0.691301,-29.996710,14.685864,0.077408,-0.112047,0.000000,0.000000,0.000000,0.000000,22.744223
1017.000000,50.850000,14.934300,-30.672822,14.626536,275.842083,2.515850,0.678710,-29.996710,14.685864,0.073885,0.110559,0.000000,0.000000,0.000000,0.000000,22.822208
1018.000000,50.900000,14.554000,-30.660018,14.501397,276.197742,2.521378,0.667983,-29.992598,14.528839,0.061048,-0.204923,0.000000,0.000000,0.000000,0.000000,22.899360
1019.000000,50.950000,14.688400,-30.646407,14.376065,276.492084,2.511132,0.659578,-29.986842,14.371865,0.056169,-0.064226,0.000000,0.000000,0.000000,0.000000,22.974963
1020.000000,51.000000,14.585300,-30.632211,14.251314,276.761749,2.507921,0.653780,-29.979443,14.214961,0.052107,0.027443,0.000000,0.000000,0.000000,0.000000,23.049574
1021.000000,51.050000,15.140500,-30.617447,14.126790,277.011557,2.509293,0.644068,-29.979443,14.214961,0.056171,-0.145832,0.000000,0.000000,0.000000,0.000000,23.123543
1022.000000,51.100000,14.984400,-30.602132,14.002264,277.281031,2.502001,0.634197,-29.970401,14.058142,0.070270,-0.076998,0.000000,0.000000,0.000000,0.000000,23.197982
1023.000000,51.150000,14.761500,-30.586277,13.878172,277.617370,2.498151,0.626991,-29.959717,13.901427,0.055261,-0.027813,0.000000,0.000000,0.000000,0.000000,23.273762
1024.000000,51.200000,14.895600,-30.569720,13.754367,277.881297,2.496761,0.622400,-29.947393,13.744832,0.079126,0.045607,0.000000,0.000000,0.000000,0.000000,23.347485
1025.000000,51.250000,14.666900,-30.552602,13.630708,278.259395,2.499041,0.615875,-29.947393,13.744832,0.071573,-0.099504,0.000000,0.000000,0.000000,0.000000,23.423873
1026.000000,51.300000,14.631800,-30.534652,13.507052,278.601582,2.494066,0.606697,-29.933429,13.588375,0.065997,-0.113743,0.000000,0.000000,0.000000,0.000000,23.499178
1027.000000,51.350000,14.521200,-30.516001,13.383751,278.916403,2.488379,0.600121,-29.917828,13.432073,0.052359,-0.038697,0.000000,0.000000,0.000000,0.000000,23.573471
1028.000000,51.400000,14.443400,-30.496717,13.260836,279.165464,2.486444,0.596316,-29.900591,13.275943,0.068146,-0.066650,0.000000,0.000000,0.000000,0.000000,23.645838
1029.000000,51.450000,15.107500,-30.476914,13.138101,279.489576,2.483111,0.592577,-29.900591,13.275943,0.077642,0.051671,0.000000,0.000000,0.000000,0.000000,23.719945
1030.000000,51.500000,14.685900,-30.456444,13.015644,279.858528,2.485695,0.584122,-29.881721,13.120002,0.057522,-0.238670,0.000000,0.000000,0.000000,0.000000,23.794887
1031.000000,51.550000,15.101000,-30.435165,12.893195,280.131905,2.473761,0.578331,-29.861218,12.964266,0.058706,0.003329,0.000000,0.000000,0.000000,0.000000,23.867278
1032.000000,51.600000,14.933800,-30.413406,12.771436,280.409583,2.473928,0.575533,-29.839085,12.808755,0.072529,-0.171192,0.000000,0.000000,0.000000,0.000000,23.939365
1033.000000,51.650000,14.849900,-30.391056,12.649775,280.752873,2.465368,0.574410,-29.839085,12.808755,0.083354,-0.173177,0.000000,0.000000,0.000000,0.000000,24.012978
1034.000000,51.700000,15.246500,-30.368058,12.528671,281.146257,2.456709,0.566649,-29.815325,12.653483,0.083932,-0.016384,0.000000,0.000000,0.000000,0.000000,24.087395
1035.000000,51.750000,14.999200,-30.344312,12.408153,281.540991,2.455890,0.561680,-29.789941,12.498469,0.060431,-0.099776,0.000000,0.000000,0.000000,0.000000,24.161319
1036.000000,51.800000,15.150300,-30.319745,12.287841,281.824784,2.450901,0.559608,-29.762934,12.343729,0.069873,0.101679,0.000000,0.000000,0.000000,0.000000,24.232132
1037.000000,51.850000,15.110400,-30.294633,12.167897,282.152387,2.455985,0.560018,-29.762934,12.343729,0.066332,-0.008873,0.000000,0.000000,0.000000,0.000000,24.303796
1038.000000,51.900000,14.717200,-30.268782,12.047849,282.463981,2.455542,0.552869,-29.734309,12.189280,0.055374,-0.063780,0.000000,0.000000,0.000000,0.000000,24.374993
1039.000000,51.950000,14.679500,-30.242284,11.927966,282.723938,2.452353,0.548783,-29.704068,12.035140,0.063681,-0.028660,0.000000,0.000000,0.000000,0.000000,24.444706
1040.000000,52.000000,14.871700,-30.215277,11.808359,283.022601,2.450920,0.547942,-29.672214,11.881325,0.065637,0.108141,0.000000,0.000000,0.000000,0.000000,24.515236
1041.000000,52.050000,14.849700,-30.187663,11.688965,283.330286,2.456327,0.550172,-29.672214,11.881325,0.058432,0.155175,0.000000,0.000000,0.000000,0.000000,24.585809
1042.000000,52.100000,14.874700,-30.159346,11.569458,283.604718,2.464086,0.544157,-29.638751,11.727851,0.070590,-0.045456,0.000000,0.000000,0.000000,0.000000,24.655512
1043.000000,52.150000,14.644500,-30.130365,11.449710,283.937472,2.461813,0.541318,-29.603684,11.574737,0.073793,0.198518,0.000000,0.000000,0.000000,0.000000,24.726790
1044.000000,52.200000,14.833100,-30.100717,11.330243,284.285057,2.471739,0.541533,-29.567014,11.421998,0.075461,-0.198638,0.000000,0.000000,0.000000,0.000000,24.798181
1045.000000,52.250000,15.032600,-30.070223,11.210478,284.641962,2.461807,0.544699,-29.528747,11.269652,0.074536,-0.004244,0.000000,0.000000,0.000000,0.000000,24.869829
1046.000000,52.300000,14.660200,-30.039108,11.091385,284.993058,2.461595,0.540599,-29.528747,11.269652,0.064339,-0.013496,0.000000,0.000000,0.000000,0.000000,24.940827
1047.000000,52.350000,14.740000,-30.007267,10.972495,285.295954,2.460920,0.538336,-29.488887,11.117714,0.072793,0.011230,0.000000,0.000000,0.000000,0.000000,25.010334
1048.000000,52.400000,14.751800,-29.974807,10.853808,285.638687,2.461481,0.539212,-29.447439,10.966203,0.073939,-0.144595,0.000000,0.000000,0.000000,0.000000,25.080695
1049.000000,52.450000,14.819600,-29.941630,10.735290,285.986916,2.454252,0.543125,-29.404405,10.815133,0.080256,-0.267108,0.000000,0.000000,0.000000,0.000000,25.150984
1050.000000,52.500000,14.763000,-29.907833,10.617323,286.363906,2.440896,0.540895,-29.404405,10.815133,0.079746,0.125145,0.000000,0.000000,0.000000,0.000000,25.221604
1051.000000,52.550000,14.245800,-29.873448,10.500222,286.736455,2.447153,0.539293,-29.359792,10.664523,0.060010,-0.089627,0.000000,0.000000,0.000000,0.000000,25.291489
1052.000000,52.600000,14.978500,-29.838213,10.383048,287.017259,2.442672,0.540799,-29.313605,10.514388,0.086659,-0.083354,0.000000,0.000000,0.000000,0.000000,25.358841
1053.000000,52.650000,14.713100,-29.802469,10.266262,287.422551,2.438504,0.545584,-29.265848,10.364745,0.085195,-0.106003,0.000000,0.000000,0.000000,0.000000,25.429229
1054.000000,52.700000,14.698900,-29.765963,10.149930,287.820284,2.433204,0.544298,-29.265848,10.364745,0.079708,-0.085515,0.000000,0.000000,0.000000,0.000000,25.498980
1055.000000,52.750000,14.752000,-29.728731,10.034107,288.191478,2.428928,0.543412,-29.216526,10.215610,0.059906,-0.092620,0.000000,0.000000,0.000000,0.000000,25.567572
1056.000000,52.800000,14.834200,-29.690816,9.918731,288.469711,2.424298,0.545699,-29.165646,10.067000,0.067275,-0.155324,0.000000,0.000000,0.000000,0.000000,25.633306
1057.000000,52.850000,14.754800,-29.652415,9.803759,288.781670,2.416531,0.551366,-29.113212,9.918931,0.066284,0.126129,0.000000,0.000000,0.000000,0.000000,25.699703
1058.000000,52.900000,14.647700,-29.613513,9.689367,289.088037,2.422838,0.550456,-29.113212,9.918931,0.085424,0.030110,0.000000,0.000000,0.000000,0.000000,25.765580
1059.000000,52.950000,14.824100,-29.573897,9.574885,289.484283,2.424343,0.550916,-29.059230,9.771419,0.081853,0.047667,0.000000,0.000000,0.000000,0.000000,25.833841
1060.000000,53.000000,14.734100,-29.533465,9.460610,289.864123,2.426727,0.554525,-29.003706,9.624481,0.081800,-0.001003,0.000000,0.000000,0.000000,0.000000,25.901369
1061.000000,53.050000,14.906900,-29.492236,9.346493,290.244090,2.426676,0.561245,-28.946647,9.478132,0.062328,-0.005672,0.000000,0.000000,0.000000,0.000000,25.968656
1062.000000,53.100000,14.715400,-29.450252,9.232654,290.533331,2.426393,0.560248,-28.946647,9.478132,0.078723,0.123590,0.000000,0.000000,0.000000,0.000000,26.033181
1063.000000,53.150000,14.501900,-29.407699,9.119042,290.898895,2.432572,0.561732,-28.888059,9.332388,0.091747,-0.105410,0.000000,0.000000,0.000000,0.000000,26.099626
1064.000000,53.200000,14.883200,-29.364312,9.005415,291.326341,2.427302,0.566354,-28.827947,9.187266,0.060556,0.187884,0.000000,0.000000,0.000000,0.000000,26.167623
1065.000000,53.250000,14.747900,-29.320174,8.892361,291.607410,2.436696,0.573809,-28.827947,9.187266,0.083856,0.076076,0.000000,0.000000,0.000000,0.000000,26.231107
1066.000000,53.300000,14.669700,-29.275309,8.779088,291.998572,2.440500,0.573241,-28.766319,9.042782,0.074727,-0.074656,0.000000,0.000000,0.000000,0.000000,26.297694
1067.000000,53.350000,14.532100,-29.229600,8.665947,292.347525,2.436767,0.575680,-28.703182,8.898950,0.084289,-0.064352,0.000000,0.000000,0.000000,0.000000,26.362881
1068.000000,53.400000,15.115400,-29.183275,8.553259,292.740730,2.433549,0.581164,-28.638542,8.755788,0.079407,0.003147,0.000000,0.000000,0.000000,0.000000,26.428954
1069.000000,53.450000,15.067800,-29.136239,8.441041,293.110568,2.433707,0.588870,-28.638542,8.755788,0.087331,0.011366,0.000000,0.000000,0.000000,0.000000,26.493976
1070.000000,53.500000,14.906300,-29.088476,8.329121,293.517520,2.434275,0.589146,-28.572406,8.613311,0.084440,0.034904,0.000000,0.000000,0.000000,0.000000,26.559745
1071.000000,53.550000,14.964800,-29.039909,8.217517,293.911026,2.436020,0.592356,-28.504782,8.471534,0.091239,-0.039930,0.000000,0.000000,0.000000,0.000000,26.624798
1072.000000,53.600000,14.605900,-28.990541,8.106169,294.336692,2.434024,0.598487,-28.435676,8.330472,0.084500,-0.086012,0.000000,0.000000,0.000000,0.000000,26.690462
1073.000000,53.650000,14.520600,-28.940388,7.995282,294.730442,2.429723,0.605876,-28.435676,8.330472,0.083963,-0.150260,0.000000,0.000000,0.000000,0.000000,26.754794
1074.000000,53.700000,14.806300,-28.889564,7.884938,295.120985,2.422210,0.606807,-28.365098,8.190143,0.090325,-0.141730,0.000000,0.000000,0.000000,0.000000,26.818608
1075.000000,53.750000,14.741500,-28.838149,7.775283,295.539976,2.415124,0.610661,-28.293054,8.050559,0.094800,0.172367,0.000000,0.000000,0.000000,0.000000,26.882740
1076.000000,53.800000,15.000100,-28.786086,7.666327,295.978558,2.423742,0.617405,-28.219552,7.911739,0.069630,-0.161371,0.000000,0.000000,0.000000,0.000000,26.946903
1077.000000,53.850000,14.881400,-28.733002,7.557384,296.301399,2.415673,0.623857,-28.219552,7.911739,0.081155,-0.058047,0.000000,0.000000,0.000000,0.000000,27.007517
1078.000000,53.900000,14.844400,-28.679484,7.449105,296.676641,2.412771,0.625667,-28.144600,7.773695,0.088630,-0.217066,0.000000,0.000000,0.000000,0.000000,27.069254
1079.000000,53.950000,14.523800,-28.625323,7.341308,297.086124,2.401918,0.630462,-28.068207,7.636444,0.095846,-0.057171,0.000000,0.000000,0.000000,0.000000,27.131612
1080.000000,54.000000,14.934600,-28.570639,7.234384,297.527151,2.399059,0.638163,-27.990381,7.500000,0.096653,0.004127,0.000000,0.000000,0.000000,0.000000,27.194294
1081.000000,54.050000,14.807500,-28.515201,7.128010,297.971388,2.399266,0.643282,-27.990381,7.500000,0.096366,-0.097177,0.000000,0.000000,0.000000,0.000000,27.256594
1082.000000,54.100000,14.860600,-28.458934,7.022061,298.414332,2.394407,0.645965,-27.911130,7.364379,0.096920,-0.038525,0.000000,0.000000,0.000000,0.000000,27.318436
1083.000000,54.150000,14.549400,-28.401966,6.916763,298.858941,2.392480,0.651520,-27.830464,7.229595,0.082675,0.053862,0.000000,0.000000,0.000000,0.000000,27.379807
1084.000000,54.200000,14.571700,-28.344229,6.811995,299.237573,2.395174,0.659918,-27.748390,7.095663,0.086578,-0.147913,0.000000,0.000000,0.000000,0.000000,27.438764
1085.000000,54.250000,15.035400,-28.285735,6.707494,299.634611,2.387778,0.662884,-27.748390,7.095663,0.098895,0.051425,0.000000,0.000000,0.000000,0.000000,27.498004
1086.000000,54.300000,15.537200,-28.226701,6.603721,300.087078,2.390349,0.666627,-27.664919,6.962598,0.081936,-0.144256,0.000000,0.000000,0.000000,0.000000,27.558400
1087.000000,54.350000,14.427300,-28.166785,6.500307,300.461975,2.383136,0.673216,-27.580059,6.830414,0.094072,0.104143,0.000000,0.000000,0.000000,0.000000,27.616086
1088.000000,54.400000,15.451500,-28.106377,6.397598,300.891409,2.388344,0.681426,-27.580059,6.830414,0.097595,0.061768,0.000000,0.000000,0.000000,0.000000,27.674957
1089.000000,54.450000,14.704900,-28.045066,6.295121,301.337998,2.391432,0.683443,-27.493819,6.699127,0.111747,0.055621,0.000000,0.000000,0.000000,0.000000,27.734039
1090.000000,54.500000,15.361000,-27.982879,6.192993,301.850516,2.394213,0.688289,-27.406209,6.568749,0.082986,-0.080817,0.000000,0.000000,0.000000,0.000000,27.794743
1091.000000,54.550000,14.627000,-27.919707,6.091308,302.230850,2.390172,0.695748,-27.317238,6.439296,0.088856,-0.118020,0.000000,0.000000,0.000000,0.000000,27.850933
1092.000000,54.600000,14.821500,-27.855969,5.990215,302.637541,2.384271,0.701360,-27.317238,6.439296,0.105387,0.027329,0.000000,0.000000,0.000000,0.000000,27.907529
1093.000000,54.650000,14.575000,-27.791675,5.889825,303.119219,2.385638,0.704384,-27.226917,6.310782,0.104772,0.048390,0.000000,0.000000,0.000000,0.000000,27.965944
1094.000000,54.700000,14.635300,-27.726501,5.789922,303.598338,2.388057,0.710110,-27.135255,6.183221,0.084854,-0.247149,0.000000,0.000000,0.000000,0.000000,28.023810
1095.000000,54.750000,13.792500,-27.660428,5.690467,303.986274,2.375700,0.718472,-27.042262,6.056627,0.098733,0.033809,0.000000,0.000000,0.000000,0.000000,28.078405
1096.000000,54.800000,13.571800,-27.594027,5.591974,304.435713,2.377390,0.721351,-27.042262,6.056627,0.105743,-0.200446,0.000000,0.000000,0.000000,0.000000,28.134350
1097.000000,54.850000,13.735700,-27.526809,5.493935,304.917632,2.367368,0.725339,-26.947949,5.931013,0.108276,-0.097169,0.000000,0.000000,0.000000,0.000000,28.190893
1098.000000,54.900000,13.607100,-27.459055,5.396876,305.409107,2.362509,0.732002,-26.852325,5.806394,0.085968,-0.053342,0.000000,0.000000,0.000000,0.000000,28.247062
1099.000000,54.950000,14.539400,-27.390612,5.300599,305.797957,2.359842,0.738635,-26.852325,5.806394,0.095220,0.022260,0.000000,0.000000,0.000000,0.000000,28.299402
1100.000000,55.000000,14.691100,-27.321595,5.204898,306.228413,2.360955,0.740911,-26.755402,5.682783,0.093629,-0.008178,0.000000,0.000000,0.000000,0.000000,28.352667
1101.000000,55.050000,14.717200,-27.251828,5.109672,306.651831,2.360546,0.746033,-26.657189,5.560194,0.099347,-0.045618,0.000000,0.000000,0.000000,0.000000,28.405312
1102.000000,55.100000,14.752700,-27.181372,5.014982,307.101196,2.358266,0.753959,-26.557699,5.438640,0.104562,-0.062005,0.000000,0.000000,0.000000,0.000000,28.458372
1103.000000,55.150000,14.794900,-27.110243,4.920937,307.573863,2.355165,0.757180,-26.557699,5.438640,0.091077,-0.030479,0.000000,0.000000,0.000000,0.000000,28.511690
1104.000000,55.200000,15.208800,-27.038436,4.827606,307.984667,2.353641,0.760760,-26.456940,5.318135,0.102962,0.051221,0.000000,0.000000,0.000000,0.000000,28.562485
1105.000000,55.250000,15.433500,-26.966009,4.734852,308.449134,2.356202,0.767182,-26.354926,5.198691,0.078253,0.195091,0.000000,0.000000,0.000000,0.000000,28.614598
1106.000000,55.300000,14.949900,-26.892752,4.642588,308.801997,2.365957,0.773633,-26.354926,5.198691,0.078365,0.200850,0.000000,0.000000,0.000000,0.000000,28.662669
1107.000000,55.350000,15.009000,-26.818623,4.550396,309.156826,2.375999,0.776055,-26.251666,5.080322,0.095081,-0.178258,0.000000,0.000000,0.000000,0.000000,28.710672
1108.000000,55.400000,15.723500,-26.743607,4.458276,309.589592,2.367087,0.781359,-26.147172,4.963041,0.082301,0.060545,0.000000,0.000000,0.000000,0.000000,28.761072
1109.000000,55.450000,15.083300,-26.668182,4.367069,309.962499,2.370114,0.789294,-26.041456,4.846860,0.096799,0.101957,0.000000,0.000000,0.000000,0.000000,28.808961
1110.000000,55.500000,14.122800,-26.592067,4.276239,310.402042,2.375212,0.792958,-26.041456,4.846860,0.091035,0.003683,0.000000,0.000000,0.000000,0.000000,28.858751
1111.000000,55.550000,15.163600,-26.515093,4.185801,310.816149,2.375396,0.796971,-25.934529,4.731793,0.094645,-0.108822,0.000000,0.000000,0.000000,0.000000,28.907344
1112.000000,55.600000,14.771100,-26.437461,4.095914,311.246807,2.369955,0.803624,-25.826403,4.617852,0.103342,-0.142176,0.000000,0.000000,0.000000,0.000000,28.956089
1113.000000,55.650000,15.566400,-26.359335,4.006819,311.716235,2.362846,0.810789,-25.826403,4.617852,0.117255,0.228992,0.000000,0.000000,0.000000,0.000000,29.005610
1114.000000,55.700000,14.046800,-26.280718,3.918631,312.247811,2.374296,0.813365,-25.717090,4.505050,0.105488,-0.043176,0.000000,0.000000,0.000000,0.000000,29.056599
1115.000000,55.750000,15.683600,-26.200902,3.830754,312.727934,2.372137,0.818390,-25.606602,4.393398,0.098051,-0.022421,0.000000,0.000000,0.000000,0.000000,29.105433
1116.000000,55.800000,15.182300,-26.120425,3.743627,313.173578,2.371016,0.825860,-25.494950,4.282910,0.108222,-0.091056,0.000000,0.000000,0.000000,0.000000,29.152572
1117.000000,55.850000,15.150400,-26.039311,3.657170,313.665561,2.366463,0.829385,-25.494950,4.282910,0.098627,-0.064146,0.000000,0.000000,0.000000,0.000000,29.200796
1118.000000,55.900000,14.791200,-25.957615,3.571577,314.112770,2.363256,0.832821,-25.382148,4.173597,0.117095,-0.242543,0.000000,0.000000,0.000000,0.000000,29.246915
1119.000000,55.950000,15.028500,-25.875365,3.486739,314.643703,2.351128,0.838792,-25.268207,4.065471,0.096348,-0.186499,0.000000,0.000000,0.000000,0.000000,29.295366
1120.000000,56.000000,14.841400,-25.792759,3.403099,315.077682,2.341803,0.844921,-25.268207,4.065471,0.097488,0.035487,0.000000,0.000000,0.000000,0.000000,29.339765
1121.000000,56.050000,14.830100,-25.709852,3.320416,315.515085,2.343578,0.846838,-25.153140,3.958544,0.094738,0.061691,0.000000,0.000000,0.000000,0.000000,29.383729
1122.000000,56.100000,15.021500,-25.626252,3.238306,315.940395,2.346662,0.851412,-25.036959,3.852828,0.097535,0.290464,0.000000,0.000000,0.000000,0.000000,29.426858
1123.000000,56.150000,14.771200,-25.541934,3.156712,316.378918,2.361186,0.858615,-24.919678,3.748334,0.099978,-0.061163,0.000000,0.000000,0.000000,0.000000,29.470057
1124.000000,56.200000,15.227800,-25.456469,3.075265,316.831279,2.358127,0.860911,-24.919678,3.748334,0.098355,0.192198,0.000000,0.000000,0.000000,0.000000,29.513459
1125.000000,56.250000,14.802900,-25.370475,2.994599,317.275676,2.367737,0.864331,-24.801309,3.645074,0.095680,-0.159682,0.000000,0.000000,0.000000,0.000000,29.556078
1126.000000,56.300000,14.618000,-25.283505,2.914277,317.709668,2.359753,0.870252,-24.681865,3.543060,0.099313,-0.062735,0.000000,0.000000,0.000000,0.000000,29.597989
1127.000000,56.350000,14.660100,-25.196224,2.834885,318.158728,2.356616,0.875258,-24.681865,3.543060,0.114904,0.199992,0.000000,0.000000,0.000000,0.000000,29.639894
1128.000000,56.400000,14.598700,-25.108441,2.756283,318.678176,2.366616,0.877450,-24.561360,3.442301,0.096607,-0.011232,0.000000,0.000000,0.000000,0.000000,29.683749
1129.000000,56.450000,14.537800,-25.019573,2.678151,319.116193,2.366054,0.881988,-24.439806,3.342811,0.116516,0.001819,0.000000,0.000000,0.000000,0.000000,29.724271
1130.000000,56.500000,14.949600,-24.930131,2.600719,319.645104,2.366145,0.888957,-24.317217,3.244598,0.103745,-0.080211,0.000000,0.000000,0.000000,0.000000,29.767527
1131.000000,56.550000,14.505900,-24.839976,2.524112,320.115619,2.362135,0.890155,-24.317217,3.244598,0.099365,0.275597,0.000000,0.000000,0.000000,0.000000,29.808114
1132.000000,56.600000,15.190500,-24.749348,2.448377,320.565371,2.375915,0.893233,-24.193606,3.147675,0.111648,0.007057,0.000000,0.000000,0.000000,0.000000,29.847418
1133.000000,56.650000,14.593200,-24.657596,2.372919,321.074107,2.376268,0.898711,-24.068987,3.052051,0.094836,0.029510,0.000000,0.000000,0.000000,0.000000,29.888475
1134.000000,56.700000,14.816300,-24.565164,2.298266,321.505800,2.377743,0.902432,-24.068987,3.052051,0.107412,0.058776,0.000000,0.000000,0.000000,0.000000,29.926214
1135.000000,56.750000,13.723000,-24.472114,2.224267,321.995459,2.380682,0.904183,-23.943373,2.957738,0.100129,-0.086468,0.000000,0.000000,0.000000,0.000000,29.965593
1136.000000,56.800000,15.060000,-24.378320,2.150975,322.452249,2.376358,0.908183,-23.816779,2.864745,0.096910,0.066986,0.000000,0.000000,0.000000,0.000000,30.003274
1137.000000,56.850000,14.091300,-24.284116,2.078564,322.893459,2.379708,0.914472,-23.689218,2.773083,0.103036,-0.102648,0.000000,0.000000,0.000000,0.000000,30.039868
1138.000000,56.900000,13.634500,-24.189223,2.006781,323.363412,2.374575,0.915000,-23.689218,2.773083,0.110872,-0.026355,0.000000,0.000000,0.000000,0.000000,30.077066
1139.000000,56.950000,14.946500,-24.093951,1.935931,323.868299,2.373258,0.917665,-23.560704,2.682762,0.095397,-0.166762,0.000000,0.000000,0.000000,0.000000,30.114968
1140.000000,57.000000,14.787200,-23.998111,1.865962,324.302011,2.364920,0.922532,-23.431251,2.593791,0.106485,0.166612,0.000000,0.000000,0.000000,0.000000,30.149701
1141.000000,57.050000,15.155400,-23.902083,1.796964,324.784796,2.373250,0.925536,-23.431251,2.593791,0.121667,0.138668,0.000000,0.000000,0.000000,0.000000,30.185703
1142.000000,57.100000,14.798800,-23.805137,1.728537,325.338997,2.380184,0.926829,-23.300873,2.506181,0.107522,0.080539,0.000000,0.000000,0.000000,0.000000,30.223835
1143.000000,57.150000,14.750300,-23.707248,1.660854,325.829666,2.384210,0.930212,-23.169586,2.419941,0.101359,-0.056330,0.000000,0.000000,0.000000,0.000000,30.251630
1144.000000,57.200000,14.781100,-23.608616,1.593899,326.292793,2.381394,0.935464,-23.169586,2.419941,0.099770,-0.132432,0.000000,0.000000,0.000000,0.000000,30.235872
1145.000000,57.250000,14.578100,-23.509564,1.527822,326.748070,2.374772,0.935203,-23.037402,2.335081,0.090159,0.077831,0.000000,0.000000,0.000000,0.000000,30.219912
1146.000000,57.300000,14.602200,-23.410267,1.462715,327.158098,2.378664,0.937187,-22.904337,2.251610,0.111270,-0.013159,0.000000,0.000000,0.000000,0.000000,30.205234
1147.000000,57.350000,14.744200,-23.310343,1.398215,327.665684,2.378006,0.941525,-22.770405,2.169536,0.086011,0.044149,0.000000,0.000000,0.000000,0.000000,30.186317
1148.000000,57.400000,15.215100,-23.209879,1.334620,328.057283,2.380213,0.943516,-22.770405,2.169536,0.104770,0.215310,0.000000,0.000000,0.000000,0.000000,30.171356
1149.000000,57.450000,14.914000,-23.108889,1.271655,328.535307,2.390979,0.944364,-22.635621,2.088870,0.112635,-0.090993,0.000000,0.000000,0.000000,0.000000,30.152640
1150.000000,57.500000,14.862500,-23.006919,1.209253,329.051835,2.386429,0.947392,-22.500000,2.009619,0.110450,-0.053995,0.000000,0.000000,0.000000,0.000000,30.116812
1151.000000,57.550000,14.987900,-22.904584,1.147891,329.557294,2.383730,0.951979,-22.500000,2.009619,0.100931,0.051548,0.000000,0.000000,0.000000,0.000000,30.013364
1152.000000,57.600000,14.853100,-22.801830,1.087502,330.018357,2.386307,0.951268,-22.363556,1.931793,0.111810,-0.027754,0.000000,0.000000,0.000000,0.000000,29.910019
1153.000000,57.650000,14.762200,-22.698480,1.027877,330.530065,2.384919,0.952756,-22.226305,1.855400,0.116515,0.034996,0.000000,0.000000,0.000000,0.000000,29.805920
1154.000000,57.700000,14.865600,-22.594663,0.969212,331.063188,2.386669,0.956319,-22.088261,1.780448,0.102035,-0.083013,0.000000,0.000000,0.000000,0.000000,29.701418
1155.000000,57.750000,14.955300,-22.490228,0.911473,331.529903,2.382518,0.957442,-22.088261,1.780448,0.104059,-0.154852,0.000000,0.000000,0.000000,0.000000,29.596929
1156.000000,57.800000,14.837500,-22.385508,0.854686,332.005119,2.374776,0.957342,-21.949441,1.706946,0.120768,0.082124,0.000000,0.000000,0.000000,0.000000,29.492277
1157.000000,57.850000,15.143100,-22.280663,0.798951,332.555539,2.378882,0.959413,-21.809857,1.634902,0.095710,0.131482,0.000000,0.000000,0.000000,0.000000,29.387247
1158.000000,57.900000,15.154500,-22.175105,0.744131,332.991715,2.385456,0.962746,-21.809857,1.634902,0.115407,0.087016,0.000000,0.000000,0.000000,0.000000,29.282328
1159.000000,57.950000,14.561700,-22.068840,0.689967,333.519845,2.389807,0.961223,-21.669528,1.564324,0.119244,-0.017705,0.000000,0.000000,0.000000,0.000000,29.176404
1160.000000,58.000000,14.834900,-21.961886,0.636687,334.066691,2.388922,0.961732,-21.528466,1.495218,0.115591,-0.150860,0.000000,0.000000,0.000000,0.000000,29.069908
1161.000000,58.050000,14.808600,-21.854468,0.584451,334.596436,2.381379,0.964213,-21.386689,1.427594,0.106376,0.184341,0.000000,0.000000,0.000000,0.000000,28.963226
1162.000000,58.100000,15.611900,-21.746912,0.533371,335.082080,2.390596,0.964051,-21.386689,1.427594,0.106016,-0.216422,0.000000,0.000000,0.000000,0.000000,28.856764
1163.000000,58.150000,14.675900,-21.638509,0.483011,335.567937,2.379775,0.962881,-21.244212,1.361458,0.092321,0.081673,0.000000,0.000000,0.000000,0.000000,28.749633
1164.000000,58.200000,14.792400,-21.530175,0.433796,335.988734,2.383858,0.963824,-21.101050,1.296818,0.116538,-0.114157,0.000000,0.000000,0.000000,0.000000,28.642938
1165.000000,58.250000,13.649600,-21.421296,0.385294,336.521729,2.378150,0.966144,-21.101050,1.296818,0.109555,-0.014326,0.000000,0.000000,0.000000,0.000000,28.535488
1166.000000,58.300000,14.629400,-21.312233,0.337921,337.021319,2.377434,0.963546,-20.957218,1.233681,0.107913,-0.015682,0.000000,0.000000,0.000000,0.000000,28.428119
1167.000000,58.350000,14.682000,-21.202794,0.291515,337.513216,2.376650,0.963065,-20.812734,1.172053,0.108820,-0.032942,0.000000,0.000000,0.000000,0.000000,28.320554
1168.000000,58.400000,14.628300,-21.092996,0.246065,338.009116,2.375003,0.964725,-20.667612,1.111941,0.074922,-0.108885,0.000000,0.000000,0.000000,0.000000,28.212776
1169.000000,58.450000,14.591000,-20.982886,0.201598,338.349593,2.369559,0.963391,-20.667612,1.111941,0.109198,-0.039737,0.000000,0.000000,0.000000,0.000000,28.105120
1170.000000,58.500000,14.512900,-20.872767,0.157887,338.845747,2.367572,0.961764,-20.521868,1.053353,0.109570,-0.083366,0.000000,0.000000,0.000000,0.000000,27.997284
1171.000000,58.550000,14.611200,-20.762365,0.115166,339.343187,2.363403,0.962307,-20.375519,0.996294,0.107103,0.242867,0.000000,0.000000,0.000000,0.000000,27.889312
1172.000000,58.600000,14.490400,-20.651792,0.073479,339.828482,2.375547,0.963283,-20.375519,0.996294,0.104350,0.099308,0.000000,0.000000,0.000000,0.000000,27.781322
1173.000000,58.650000,14.823900,-20.540300,0.032521,340.303640,2.380512,0.960253,-20.228581,0.940770,0.105683,0.172918,0.000000,0.000000,0.000000,0.000000,27.672572
1174.000000,58.700000,15.485700,-20.428239,-0.007595,340.785918,2.389158,0.959400,-20.081069,0.886788,0.100339,-0.093081,0.000000,0.000000,0.000000,0.000000,27.563389
1175.000000,58.750000,15.800000,-20.315435,-0.046908,341.245303,2.384504,0.960667,-19.933000,0.834354,0.090618,-0.089778,0.000000,0.000000,0.000000,0.000000,27.453606
1176.000000,58.800000,14.883400,-20.202540,-0.085241,341.659119,2.380015,0.958284,-19.933000,0.834354,0.078574,0.056559,0.000000,0.000000,0.000000,0.000000,27.343830
1177.000000,58.850000,14.963700,-20.089584,-0.122687,342.017014,2.382843,0.956176,-19.784390,0.783474,0.105138,0.091375,0.000000,0.000000,0.000000,0.000000,27.234055
1178.000000,58.900000,14.018600,-19.976263,-0.159470,342.497259,2.387412,0.956477,-19.635255,0.734152,0.113396,0.068593,0.000000,0.000000,0.000000,0.000000,27.124088
1179.000000,58.950000,14.814600,-19.862419,-0.195371,343.016529,2.390842,0.956879,-19.635255,0.734152,0.098136,0.020460,0.000000,0.000000,0.000000,0.000000,27.013773
1180.000000,59.000000,14.601700,-19.748090,-0.230289,343.466077,2.391865,0.953522,-19.485612,0.686395,0.099214,0.127665,0.000000,0.000000,0.000000,0.000000,26.903013
1181.000000,59.050000,14.781900,-19.633442,-0.264323,343.920793,2.398248,0.952344,-19.335477,0.640208,0.099663,-0.300062,0.000000,0.000000,0.000000,0.000000,26.792046
1182.000000,59.100000,15.021200,-19.518220,-0.297535,344.378800,2.383245,0.953313,-19.184867,0.595595,0.085943,0.107207,0.000000,0.000000,0.000000,0.000000,26.680624
1183.000000,59.150000,14.851300,-19.403460,-0.329623,344.770951,2.388605,0.950689,-19.184867,0.595595,0.108495,0.145740,0.000000,0.000000,0.000000,0.000000,26.569590
1184.000000,59.200000,14.818700,-19.288223,-0.360994,345.267843,2.395892,0.948323,-19.033797,0.552561,0.105726,0.075040,0.000000,0.000000,0.000000,0.000000,26.458438
1185.000000,59.250000,14.649400,-19.172367,-0.391458,345.753439,2.399644,0.948041,-18.882286,0.511113,0.102271,-0.020274,0.000000,0.000000,0.000000,0.000000,26.346758
1186.000000,59.300000,14.899900,-19.056075,-0.420985,346.223785,2.398630,0.948161,-18.882286,0.511113,0.087542,-0.111306,0.000000,0.000000,0.000000,0.000000,26.234704
1187.000000,59.350000,15.045200,-18.939593,-0.449544,346.625846,2.393065,0.944273,-18.730348,0.471253,0.084963,0.086254,0.000000,0.000000,0.000000,0.000000,26.122312
1188.000000,59.400000,13.930400,-18.823185,-0.477221,347.015100,2.397378,0.942651,-18.578002,0.432986,0.114180,0.084505,0.000000,0.000000,0.000000,0.000000,26.010007
1189.000000,59.450000,14.778400,-18.706381,-0.504155,347.540173,2.401603,0.943333,-18.425263,0.396316,0.103155,0.071864,0.000000,0.000000,0.000000,0.000000,25.897941
1190.000000,59.500000,14.893700,-18.589129,-0.530063,348.015000,2.405196,0.940761,-18.425263,0.396316,0.101730,0.107541,0.000000,0.000000,0.000000,0.000000,25.785325
1191.000000,59.550000,14.615000,-18.471491,-0.555036,348.483923,2.410573,0.937718,-18.272149,0.361249,0.090798,0.071974,0.000000,0.000000,0.000000,0.000000,25.672392
1192.000000,59.600000,15.071800,-18.353388,-0.579098,348.903097,2.414172,0.936765,-18.118675,0.327786,0.099205,-0.309063,0.000000,0.000000,0.000000,0.000000,25.558832
1193.000000,59.650000,15.150700,-18.234937,-0.602331,349.362010,2.398719,0.937355,-18.118675,0.327786,0.097101,0.228843,0.000000,0.000000,0.000000,0.000000,25.445211
1194.000000,59.700000,14.807900,-18.117062,-0.624472,349.808252,2.410161,0.932904,-17.964860,0.295932,0.106976,-0.029364,0.000000,0.000000,0.000000,0.000000,25.332161
1195.000000,59.750000,14.577800,-17.998456,-0.645795,350.302555,2.408693,0.930619,-17.810720,0.265691,0.090888,0.090992,0.000000,0.000000,0.000000,0.000000,25.218759
1196.000000,59.800000,14.811100,-17.879742,-0.666081,350.721820,2.413242,0.930384,-17.656271,0.237066,0.093813,-0.076841,0.000000,0.000000,0.000000,0.000000,25.104860
1197.000000,59.850000,14.914200,-17.760658,-0.685535,351.155470,2.409400,0.928488,-17.656271,0.237066,0.100345,0.091843,0.000000,0.000000,0.000000,0.000000,24.990753
1198.000000,59.900000,14.872200,-17.641621,-0.704058,351.618773,2.413993,0.924790,-17.501531,0.210059,0.098016,-0.061461,0.000000,0.000000,0.000000,0.000000,24.876963
1199.000000,59.950000,14.849200,-17.522210,-0.721651,352.072116,2.410919,0.923198,-17.346517,0.184675,0.099321,0.229347,0.000000,0.000000,0.000000,0.000000,24.762807
1200.000000,60.000000,14.448900,-17.402816,-0.738278,352.530949,2.422387,0.923748,-17.191245,0.160915,0.109774,0.058258,0.000000,0.000000,0.000000,0.000000,24.648779
1201.000000,60.050000,15.085700,-17.282725,-0.754022,353.040858,2.425300,0.919499,-17.191245,0.160915,0.111097,-0.001228,0.000000,0.000000,0.000000,0.000000,24.534546
1202.000000,60.100000,14.794600,-17.162353,-0.768715,353.557584,2.425238,0.916288,-17.035734,0.138782,0.106896,0.036895,0.000000,0.000000,0.000000,0.000000,24.420190
1203.000000,60.150000,14.867900,-17.041857,-0.782321,354.054604,2.427083,0.915030,-16.879998,0.118279,0.095163,0.129835,0.000000,0.000000,0.000000,0.000000,24.305635
1204.000000,60.200000,15.009500,-16.921156,-0.794891,354.497058,2.433575,0.914097,-16.879998,0.118279,0.097020,0.070913,0.000000,0.000000,0.000000,0.000000,24.190468
1205.000000,60.250000,15.006300,-16.800038,-0.806559,354.949404,2.437120,0.909148,-16.724057,0.099409,0.100130,0.257693,0.000000,0.000000,0.000000,0.000000,24.075042
1206.000000,60.300000,14.959700,-16.678655,-0.817287,355.417030,2.450005,0.906249,-16.567927,0.082172,0.094034,-0.133845,0.000000,0.000000,0.000000,0.000000,23.959568
1207.000000,60.350000,14.952100,-16.556546,-0.827075,355.858332,2.443313,0.905320,-16.411625,0.066571,0.100483,0.147301,0.000000,0.000000,0.000000,0.000000,23.843180
1208.000000,60.400000,14.908100,-16.434699,-0.835898,356.328808,2.450678,0.902764,-16.411625,0.066571,0.107324,0.100861,0.000000,0.000000,0.000000,0.000000,23.727412
1209.000000,60.450000,14.610600,-16.312417,-0.843744,356.833071,2.455721,0.898178,-16.255168,0.052607,0.098108,0.077555,0.000000,0.000000,0.000000,0.000000,23.611648
1210.000000,60.500000,14.909300,-16.189818,-0.850528,357.294690,2.459599,0.895471,-16.098573,0.040283,0.090052,0.063424,0.000000,0.000000,0.000000,0.000000,23.495183
1211.000000,60.550000,14.708800,-16.066976,-0.856332,357.718854,2.462770,0.894723,-15.941858,0.029599,0.109058,0.012431,0.000000,0.000000,0.000000,0.000000,23.378113
1212.000000,60.600000,14.850600,-15.943935,-0.861233,358.233857,2.463391,0.890835,-15.941858,0.029599,0.095124,-0.052751,0.000000,0.000000,0.000000,0.000000,23.261964
1213.000000,60.650000,14.895000,-15.820824,-0.865029,358.682743,2.460754,0.886309,-15.785039,0.020557,0.089397,0.092959,0.000000,0.000000,0.000000,0.000000,23.145035
1214.000000,60.700000,14.819200,-15.697818,-0.867858,359.104005,2.465402,0.883767,-15.628135,0.013158,0.078494,0.049318,0.000000,0.000000,0.000000,0.000000,23.027927
1215.000000,60.750000,14.933000,-15.574563,-0.869786,359.474359,2.467868,0.883261,-15.471161,0.007402,0.092533,0.040828,0.000000,0.000000,0.000000,0.000000,22.909971
1216.000000,60.800000,15.551100,-15.451175,-0.870918,359.911741,2.469909,0.878547,-15.471161,0.007402,0.098625,0.021663,0.000000,0.000000,0.000000,0.000000,22.792781
1217.000000,60.850000,14.678200,-15.327680,-0.871108,360.378486,2.470992,0.874502,-15.314136,0.003290,0.084996,0.220982,0.000000,0.000000,0.000000,0.000000,22.675931
1218.000000,60.900000,14.826900,-15.204133,-0.870292,360.780571,2.482041,0.872384,-15.157077,0.000822,0.090054,-0.071642,0.000000,0.000000,0.000000,0.000000,22.558214
1219.000000,60.950000,14.108400,-15.080042,-0.868601,361.208615,2.478459,0.872281,-15.000000,0.000000,0.076180,-0.109631,0.000000,0.000000,0.000000,0.000000,22.440358
1220.000000,61.000000,15.050400,-14.956147,-0.865987,361.569910,2.472978,0.867097,-15.000000,0.000000,0.067712,0.120667,0.000000,0.000000,0.000000,0.000000,22.321796
1221.000000,61.050000,13.862600,-14.832545,-0.862600,361.890207,2.479011,0.863213,-14.800000,0.000000,0.081011,0.141178,0.000000,0.000000,0.000000,0.000000,22.202959
1222.000000,61.100000,14.767900,-14.708662,-0.858511,362.274601,2.486070,0.858555,-14.700000,0.000000,0.065981,-0.067080,0.000000,0.000000,0.000000,0.000000,22.084799
1223.000000,61.150000,15.068400,-14.584456,-0.853578,362.588335,2.482716,0.853719,-14.600000,0.000000,0.063253,-0.034835,0.000000,0.000000,0.000000,0.000000,21.965292
1224.000000,61.200000,14.981600,-14.460447,-0.847972,362.888656,2.480974,0.848894,-14.500000,0.000000,0.059706,-0.042052,0.000000,0.000000,0.000000,0.000000,21.845790
1225.000000,61.250000,15.845000,-14.336556,-0.841720,363.171900,2.478872,0.842514,-14.300000,0.000000,0.070255,0.134798,0.000000,0.000000,0.000000,0.000000,21.726152
1226.000000,61.300000,15.368000,-14.212802,-0.834862,363.505057,2.485612,0.834960,-14.200000,0.000000,0.069336,0.091046,0.000000,0.000000,0.000000,0.000000,21.607439
1227.000000,61.350000,15.019900,-14.088754,-0.827264,363.834736,2.490164,0.827341,-14.100000,0.000000,0.071448,0.415258,0.000000,0.000000,0.000000,0.000000,21.488395
1228.000000,61.400000,15.873200,-13.964524,-0.818937,364.175112,2.510927,0.819705,-14.000000,0.000000,0.066934,0.084051,0.000000,0.000000,0.000000,0.000000,21.369362
1229.000000,61.450000,14.909200,-13.839311,-0.809797,364.496578,2.515129,0.810750,-13.800000,0.000000,0.052283,0.201505,0.000000,0.000000,0.000000,0.000000,21.249057
1230.000000,61.500000,15.008900,-13.713942,-0.799938,364.747950,2.525204,0.800059,-13.700000,0.000000,0.057760,0.013773,0.000000,0.000000,0.000000,0.000000,21.127448
1231.000000,61.550000,15.080200,-13.588115,-0.789487,365.026826,2.525893,0.789576,-13.600000,0.000000,0.045192,-0.066917,0.000000,0.000000,0.000000,0.000000,21.005844
1232.000000,61.600000,14.859700,-13.462306,-0.778420,365.244986,2.522547,0.779333,-13.500000,0.000000,0.064273,0.170131,0.000000,0.000000,0.000000,0.000000,20.883235
1233.000000,61.650000,14.846600,-13.336707,-0.766891,365.555060,2.531054,0.767769,-13.300000,0.000000,0.048379,0.038095,0.000000,0.000000,0.000000,0.000000,20.762412
1234.000000,61.700000,15.026800,-13.210748,-0.754640,365.789102,2.532959,0.754717,-13.200000,0.000000,0.030087,-0.050630,0.000000,0.000000,0.000000,0.000000,20.639922
1235.000000,61.750000,15.069000,-13.084746,-0.741865,365.934696,2.530427,0.742022,-13.100000,0.000000,0.027937,-0.068369,0.000000,0.000000,0.000000,0.000000,20.514151
1236.000000,61.800000,14.703900,-12.958903,-0.728784,366.069742,2.527009,0.729942,-13.000000,0.000000,0.027304,0.144816,0.000000,0.000000,0.000000,0.000000,20.387555
1237.000000,61.850000,15.848700,-12.833261,-0.715424,366.201549,2.534249,0.716196,-12.800000,0.000000,0.036772,0.129606,0.000000,0.000000,0.000000,0.000000,20.261141
1238.000000,61.900000,14.712900,-12.707290,-0.701735,366.379608,2.540730,0.701773,-12.700000,0.000000,0.040177,0.265462,0.000000,0.000000,0.000000,0.000000,20.134350
1239.000000,61.950000,15.005000,-12.581040,-0.687620,366.574670,2.554003,0.687881,-12.600000,0.000000,0.036374,-0.005993,0.000000,0.000000,0.000000,0.000000,20.007247
1240.000000,62.000000,14.832000,-12.454180,-0.672998,366.752174,2.553703,0.674556,-12.500000,0.000000,0.036953,0.070018,0.000000,0.000000,0.000000,0.000000,19.879508
1241.000000,62.050000,15.106600,-12.327381,-0.657986,366.932484,2.557204,0.658555,-12.300000,0.000000,0.034740,0.010775,0.000000,0.000000,0.000000,0.000000,19.751804
1242.000000,62.100000,15.513100,-12.200455,-0.642553,367.102220,2.557743,0.642553,-12.200000,0.000000,0.035182,0.000140,0.000000,0.000000,0.000000,0.000000,19.623948
1243.000000,62.150000,15.596600,-12.073549,-0.626741,367.274152,2.557750,0.627299,-12.100000,0.000000,0.026617,-0.072231,0.000000,0.000000,0.000000,0.000000,19.496088
1244.000000,62.200000,16.004800,-11.946691,-0.610548,367.404205,2.554138,0.612331,-11.900000,0.000000,0.023498,0.112078,0.000000,0.000000,0.000000,0.000000,19.368238
1245.000000,62.250000,14.455800,-11.820049,-0.594091,367.518849,2.559742,0.594429,-11.800000,0.000000,-0.006443,-0.000431,0.000000,0.000000,0.000000,0.000000,19.240577
1246.000000,62.300000,15.360100,-11.693162,-0.577343,367.487351,2.559721,0.577384,-11.700000,0.000000,0.021731,0.018302,0.000000,0.000000,0.000000,0.000000,19.112584
1247.000000,62.350000,14.198100,-11.566268,-0.560666,367.593602,2.560636,0.561680,-11.600000,0.000000,0.019241,0.163437,0.000000,0.000000,0.000000,0.000000,18.984650
1248.000000,62.400000,14.344900,-11.439359,-0.543747,367.687711,2.568808,0.545170,-11.400000,0.000000,0.006986,-0.030429,0.000000,0.000000,0.000000,0.000000,18.856676
1249.000000,62.450000,14.851500,-11.312073,-0.526565,367.721987,2.567286,0.526704,-11.300000,0.000000,0.000009,-0.003584,0.000000,0.000000,0.000000,0.000000,18.728267
1250.000000,62.500000,13.801500,-11.184872,-0.509317,367.722032,2.567107,0.509542,-11.200000,0.000000,0.008879,0.093071,0.000000,0.000000,0.000000,0.000000,18.599917
1251.000000,62.550000,15.038500,-11.057681,-0.492071,367.765565,2.571760,0.493887,-11.100000,0.000000,0.010411,-0.048339,0.000000,0.000000,0.000000,0.000000,18.471602
1252.000000,62.600000,14.630300,-10.930272,-0.474696,367.816700,2.569343,0.475660,-10.900000,0.000000,-0.023016,0.051908,0.000000,0.000000,0.000000,0.000000,18.343062
1253.000000,62.650000,14.747900,-10.802999,-0.457224,367.703740,2.571939,0.457233,-10.800000,0.000000,-0.001155,-0.108032,0.000000,0.000000,0.000000,0.000000,18.214543
1254.000000,62.700000,14.066700,-10.675562,-0.439985,367.698066,2.566537,0.440663,-10.700000,0.000000,-0.004817,0.068919,0.000000,0.000000,0.000000,0.000000,18.085957
1255.000000,62.750000,14.930200,-10.548392,-0.422795,367.674456,2.569983,0.425556,-10.500000,0.000000,0.007721,-0.123384,0.000000,0.000000,0.000000,0.000000,17.957630
1256.000000,62.800000,14.642300,-10.421044,-0.405635,367.712356,2.563814,0.406181,-10.400000,0.000000,-0.003186,-0.006918,0.000000,0.000000,0.000000,0.000000,17.829166
1257.000000,62.850000,14.567800,-10.294013,-0.388432,367.696757,2.563468,0.388478,-10.300000,0.000000,-0.002119,-0.153049,0.000000,0.000000,0.000000,0.000000,17.700981
1258.000000,62.900000,15.102800,-10.166994,-0.371266,367.686381,2.555816,0.372730,-10.200000,0.000000,-0.023608,0.183978,0.000000,0.000000,0.000000,0.000000,17.572816
1259.000000,62.950000,14.581200,-10.040352,-0.354173,367.571123,2.565015,0.356465,-10.000000,0.000000,-0.029389,0.055611,0.000000,0.000000,0.000000,0.000000,17.444977
1260.000000,63.000000,14.316000,-9.913219,-0.337276,367.427111,2.567795,0.337535,-9.900000,0.000000,-0.035955,0.053142,0.000000,0.000000,0.000000,0.000000,17.316673
1261.000000,63.050000,15.518700,-9.785906,-0.320679,367.250705,2.570452,0.320989,-9.800000,0.000000,-0.013408,-0.137357,0.000000,0.000000,0.000000,0.000000,17.188232
1262.000000,63.100000,13.803900,-9.658411,-0.304458,367.184877,2.563584,0.307286,-9.700000,0.000000,-0.011647,-0.031438,0.000000,0.000000,0.000000,0.000000,17.059696
1263.000000,63.150000,14.776200,-9.531239,-0.288427,367.127848,2.562012,0.290114,-9.500000,0.000000,-0.006296,-0.100764,0.000000,0.000000,0.000000,0.000000,16.931508
1264.000000,63.200000,14.694400,-9.404128,-0.272532,367.097041,2.556974,0.272563,-9.400000,0.000000,-0.021525,0.051596,0.000000,0.000000,0.000000,0.000000,16.803404
1265.000000,63.250000,14.870900,-9.277259,-0.256736,366.991910,2.559554,0.257741,-9.300000,0.000000,-0.005862,-0.084494,0.000000,0.000000,0.000000,0.000000,16.675545
1266.000000,63.300000,14.736600,-9.150233,-0.241157,366.963252,2.555329,0.246239,-9.200000,0.000000,-0.011208,-0.119271,0.000000,0.000000,0.000000,0.000000,16.547566
1267.000000,63.350000,14.847100,-9.023409,-0.225668,366.908552,2.549366,0.226879,-9.000000,0.000000,-0.015100,-0.126034,0.000000,0.000000,0.000000,0.000000,16.419798
1268.000000,63.400000,15.143400,-8.896866,-0.210335,366.835025,2.543064,0.210359,-8.900000,0.000000,-0.010719,-0.062121,0.000000,0.000000,0.000000,0.000000,16.292332
1269.000000,63.450000,15.087800,-8.770617,-0.195203,366.782961,2.539958,0.197402,-8.800000,0.000000,-0.035374,-0.178301,0.000000,0.000000,0.000000,0.000000,16.165183
1270.000000,63.500000,15.012400,-8.644508,-0.180203,366.611291,2.531043,0.185618,-8.600000,0.000000,-0.015409,-0.025421,0.000000,0.000000,0.000000,0.000000,16.038214
1271.000000,63.550000,15.356200,-8.518797,-0.165633,366.536800,2.529772,0.166696,-8.500000,0.000000,-0.030015,-0.022309,0.000000,0.000000,0.000000,0.000000,15.911683
1272.000000,63.600000,14.767600,-8.393131,-0.151233,366.391738,2.528657,0.151389,-8.400000,0.000000,-0.024708,-0.087554,0.000000,0.000000,0.000000,0.000000,15.785248
1273.000000,63.650000,15.201600,-8.267484,-0.137158,366.272390,2.524279,0.140959,-8.300000,0.000000,-0.026359,0.029717,0.000000,0.000000,0.000000,0.000000,15.658876
1274.000000,63.700000,14.872900,-8.142025,-0.123368,366.145284,2.525765,0.130330,-8.100000,0.000000,-0.035227,-0.201757,0.000000,0.000000,0.000000,0.000000,15.532743
1275.000000,63.750000,15.114800,-8.016463,-0.109849,365.975283,2.515677,0.111076,-8.000000,0.000000,-0.010382,-0.229519,0.000000,0.000000,0.000000,0.000000,15.406584
1276.000000,63.800000,14.771000,-7.891362,-0.096755,365.925398,2.504201,0.097140,-7.900000,0.000000,-0.037879,0.245417,0.000000,0.000000,0.000000,0.000000,15.280860
1277.000000,63.850000,14.750600,-7.766821,-0.083829,365.744148,2.516472,0.090156,-7.800000,0.000000,-0.037062,0.000659,0.000000,0.000000,0.000000,0.000000,15.155831
1278.000000,63.900000,15.121000,-7.641630,-0.071236,365.565942,2.516505,0.082508,-7.600000,0.000000,-0.028042,0.142844,0.000000,0.000000,0.000000,0.000000,15.030222
1279.000000,63.950000,14.763200,-7.516398,-0.059032,365.431131,2.523647,0.061267,-7.500000,0.000000,-0.019794,0.063165,0.000000,0.000000,0.000000,0.000000,14.903362
1280.000000,64.000000,14.905000,-7.390782,-0.047089,365.335714,2.526805,0.047983,-7.400000,0.000000,-0.035085,-0.166008,0.000000,0.000000,0.000000,0.000000,14.775546
1281.000000,64.050000,14.954800,-7.264989,-0.035340,365.166328,2.518505,0.049747,-7.300000,0.000000,-0.028002,-0.257455,0.000000,0.000000,0.000000,0.000000,14.646278
1282.000000,64.100000,14.819400,-7.139575,-0.024001,365.031604,2.505632,0.046285,-7.100000,0.000000,-0.028056,-0.060133,0.000000,0.000000,0.000000,0.000000,14.518038
1283.000000,64.150000,15.099600,-7.014776,-0.013013,364.897312,2.502625,0.019690,-7.000000,0.000000,-0.029910,0.054756,0.000000,0.000000,0.000000,0.000000,14.390455
1284.000000,64.200000,14.988300,-6.890102,-0.002331,364.754308,2.505363,0.010169,-6.900000,0.000000,-0.042585,0.076671,0.000000,0.000000,0.000000,0.000000,14.262880
1285.000000,64.250000,15.082600,-6.765265,0.008052,364.550421,2.509197,0.035656,-6.800000,0.000000,-0.032569,-0.193778,0.000000,0.000000,0.000000,0.000000,14.134141
1286.000000,64.300000,15.025700,-6.640200,0.018005,364.394286,2.499508,0.044048,-6.600000,0.000000,-0.023100,-0.118628,0.000000,0.000000,0.000000,0.000000,14.006041
1287.000000,64.350000,14.990700,-6.515592,0.027581,364.283995,2.493576,0.031683,-6.500000,0.000000,-0.015481,0.035806,0.000000,0.000000,0.000000,0.000000,13.879210
1288.000000,64.400000,14.764700,-6.391262,0.036894,364.210265,2.495367,0.037915,-6.400000,0.000000,-0.025632,-0.159576,0.000000,0.000000,0.000000,0.000000,13.753296
1289.000000,64.450000,14.935000,-6.266830,0.046054,364.088082,2.487388,0.056756,-6.300000,0.000000,-0.030660,-0.138104,0.000000,0.000000,0.000000,0.000000,13.626487
1290.000000,64.500000,14.803300,-6.142777,0.054921,363.942383,2.480483,0.069615,-6.100000,0.000000,-0.027861,-0.026753,0.000000,0.000000,0.000000,0.000000,13.499698
1291.000000,64.550000,15.883800,-6.019047,0.063448,363.810362,2.479145,0.066245,-6.000000,0.000000,-0.045964,0.085431,0.000000,0.000000,0.000000,0.000000,13.373496
1292.000000,64.600000,15.345400,-5.895363,0.071685,363.592576,2.483417,0.071835,-5.900000,0.000000,-0.033053,0.061200,0.000000,0.000000,0.000000,0.000000,13.245976
1293.000000,64.650000,15.213200,-5.771437,0.079466,363.435749,2.486477,0.084443,-5.800000,0.000000,-0.036548,0.008867,0.000000,0.000000,0.000000,0.000000,13.119268
1294.000000,64.700000,14.943600,-5.647336,0.086917,363.262112,2.486920,0.098971,-5.600000,0.000000,-0.026171,-0.160290,0.000000,0.000000,0.000000,0.000000,12.992161
1295.000000,64.750000,15.013300,-5.523192,0.093992,363.137780,2.478905,0.096811,-5.500000,0.000000,-0.030766,0.070150,0.000000,0.000000,0.000000,0.000000,12.865845
1296.000000,64.800000,15.039300,-5.399432,0.100777,362.992076,2.482413,0.100778,-5.400000,0.000000,-0.023739,0.069991,0.000000,0.000000,0.000000,0.000000,12.739611
1297.000000,64.850000,14.861700,-5.275481,0.107256,362.879506,2.485912,0.110023,-5.300000,0.000000,-0.037206,-0.031337,0.000000,0.000000,0.000000,0.000000,12.613747
1298.000000,64.900000,15.125000,-5.151342,0.113500,362.702781,2.484346,0.123490,-5.200000,0.000000,-0.034964,-0.004378,0.000000,0.000000,0.000000,0.000000,12.486727
1299.000000,64.950000,15.423400,-5.027263,0.119357,362.536819,2.484127,0.122431,-5.000000,0.000000,-0.033951,-0.047969,0.000000,0.000000,0.000000,0.000000,12.359990
1300.000000,65.000000,14.306600,-4.903178,0.124855,362.375683,2.481728,0.124895,-4.900000,0.000000,-0.021027,-0.069039,0.000000,0.000000,0.000000,0.000000,12.233374
1301.000000,65.050000,13.985600,-4.779199,0.129998,362.276003,2.478276,0.131652,-4.800000,0.000000,-0.029034,-0.109376,0.000000,0.000000,0.000000,0.000000,12.107845
1302.000000,65.100000,15.442300,-4.655383,0.134919,362.138540,2.472808,0.142105,-4.700000,0.000000,-0.021303,0.025771,0.000000,0.000000,0.000000,0.000000,11.981939
1303.000000,65.150000,15.069000,-4.531828,0.139533,362.037919,2.474096,0.143117,-4.500000,0.000000,-0.047831,-0.163034,0.000000,0.000000,0.000000,0.000000,11.856889
1304.000000,65.200000,13.894600,-4.408202,0.143932,361.811734,2.465944,0.144166,-4.400000,0.000000,-0.026160,0.061837,0.000000,0.000000,0.000000,0.000000,11.729940
1305.000000,65.250000,15.308700,-4.284966,0.147830,361.688504,2.469036,0.148593,-4.300000,0.000000,-0.019559,0.010065,0.000000,0.000000,0.000000,0.000000,11.604972
1306.000000,65.300000,14.964200,-4.161568,0.151468,361.596261,2.469539,0.156267,-4.200000,0.000000,-0.006570,0.105072,0.000000,0.000000,0.000000,0.000000,11.480332
1307.000000,65.350000,14.201200,-4.038139,0.154907,361.565273,2.474793,0.159533,-4.000000,0.000000,-0.014888,-0.004127,0.000000,0.000000,0.000000,0.000000,11.356575
1308.000000,65.400000,15.068300,-3.914446,0.158287,361.494897,2.474587,0.158945,-3.900000,0.000000,-0.031812,-0.001002,0.000000,0.000000,0.000000,0.000000,11.231997
1309.000000,65.450000,15.537000,-3.790758,0.161515,361.344501,2.474537,0.161779,-3.800000,0.000000,-0.027251,0.091881,0.000000,0.000000,0.000000,0.000000,11.106306
1310.000000,65.500000,15.085900,-3.667066,0.164418,361.215681,2.479131,0.167684,-3.700000,0.000000,-0.015487,0.077420,0.000000,0.000000,0.000000,0.000000,10.980971
1311.000000,65.550000,14.974100,-3.543137,0.167048,361.142349,2.483002,0.172528,-3.500000,0.000000,-0.018180,-0.088089,0.000000,0.000000,0.000000,0.000000,10.856224
1312.000000,65.600000,15.360400,-3.419011,0.169523,361.056128,2.478597,0.170586,-3.400000,0.000000,-0.018031,-0.035730,0.000000,0.000000,0.000000,0.000000,10.731128
1313.000000,65.650000,15.145000,-3.295103,0.171808,360.970763,2.476811,0.171877,-3.300000,0.000000,-0.037377,0.085310,0.000000,0.000000,0.000000,0.000000,10.606292
1314.000000,65.700000,15.010200,-3.171280,0.173906,360.793876,2.481076,0.176261,-3.200000,0.000000,-0.022405,0.071486,0.000000,0.000000,0.000000,0.000000,10.480322
1315.000000,65.750000,15.249900,-3.047238,0.175625,360.687694,2.484650,0.181866,-3.000000,0.000000,-0.029745,-0.216402,0.000000,0.000000,0.000000,0.000000,10.355165
1316.000000,65.800000,15.053000,-2.923014,0.177116,360.546501,2.473830,0.178605,-2.900000,0.000000,-0.033165,-0.096080,0.000000,0.000000,0.000000,0.000000,10.229402
1317.000000,65.850000,15.244800,-2.799329,0.178295,360.389749,2.469026,0.178297,-2.800000,0.000000,-0.012485,0.051053,0.000000,0.000000,0.000000,0.000000,10.104031
1318.000000,65.900000,15.022900,-2.675880,0.179135,360.330873,2.471579,0.180752,-2.700000,0.000000,-0.043839,0.129594,0.000000,0.000000,0.000000,0.000000,9.980249
1319.000000,65.950000,15.841300,-2.552303,0.179849,360.123803,2.478059,0.186066,-2.600000,0.000000,-0.029213,0.041730,0.000000,0.000000,0.000000,0.000000,9.854445
1320.000000,66.000000,15.529700,-2.428401,0.180117,359.985505,2.480145,0.182342,-2.400000,0.000000,-0.029095,-0.065632,0.000000,0.000000,0.000000,0.000000,9.729298
1321.000000,66.050000,15.149500,-2.304393,0.180085,359.847653,2.476864,0.180139,-2.300000,0.000000,-0.012310,-0.003432,0.000000,0.000000,0.000000,0.000000,9.604121
1322.000000,66.100000,15.136600,-2.180551,0.179756,359.789419,2.476692,0.180805,-2.200000,0.000000,0.002735,-0.000247,0.000000,0.000000,0.000000,0.000000,9.480171
1323.000000,66.150000,14.780900,-2.056717,0.179301,359.802358,2.476680,0.184451,-2.100000,0.000000,-0.025485,-0.074953,0.000000,0.000000,0.000000,0.000000,9.357149
1324.000000,66.200000,15.066500,-1.932884,0.178874,359.681786,2.472932,0.181871,-1.900000,0.000000,0.004676,-0.174693,0.000000,0.000000,0.000000,0.000000,9.232489
1325.000000,66.250000,14.888800,-1.809239,0.178187,359.703870,2.464197,0.178426,-1.800000,0.000000,-0.023142,-0.267442,0.000000,0.000000,0.000000,0.000000,9.109824
1326.000000,66.300000,15.036100,-1.686031,0.177550,359.594940,2.450825,0.178099,-1.700000,0.000000,-0.002863,-0.198269,0.000000,0.000000,0.000000,0.000000,8.986007
1327.000000,66.350000,15.115900,-1.563492,0.176684,359.581537,2.440912,0.180416,-1.600000,0.000000,-0.022665,-0.375974,0.000000,0.000000,0.000000,0.000000,8.864068
1328.000000,66.400000,14.807600,-1.441450,0.175792,359.475858,2.422113,0.180613,-1.400000,0.000000,-0.014958,-0.379077,0.000000,0.000000,0.000000,0.000000,8.741541
1329.000000,66.450000,14.801600,-1.320350,0.174685,359.406657,2.403159,0.175866,-1.300000,0.000000,-0.004552,-0.465140,0.000000,0.000000,0.000000,0.000000,8.620444
1330.000000,66.500000,15.058100,-1.200198,0.173440,359.385767,2.379902,0.173440,-1.200000,0.000000,-0.005905,-0.498760,0.000000,0.000000,0.000000,0.000000,8.500903
1331.000000,66.550000,15.037700,-1.081210,0.172165,359.358925,2.354964,0.173187,-1.100000,0.000000,-0.016630,-0.595647,0.000000,0.000000,0.000000,0.000000,8.382476
1332.000000,66.600000,15.055100,-0.963469,0.170847,359.284124,2.325182,0.174709,-1.000000,0.000000,-0.015094,-0.573466,0.000000,0.000000,0.000000,0.000000,8.264765
1333.000000,66.650000,14.799900,-0.847219,0.169395,359.217092,2.296509,0.175853,-0.800000,0.000000,-0.017270,-0.684685,0.000000,0.000000,0.000000,0.000000,8.148676
1334.000000,66.700000,14.832700,-0.732404,0.167826,359.141337,2.262274,0.170925,-0.700000,0.000000,0.000384,-0.786787,0.000000,0.000000,0.000000,0.000000,8.033962
1335.000000,66.750000,14.776100,-0.619303,0.166131,359.142997,2.222935,0.167248,-0.600000,0.000000,-0.010438,-0.822674,0.000000,0.000000,0.000000,0.000000,7.921868
1336.000000,66.800000,15.018000,-0.508169,0.164468,359.098679,2.181801,0.164671,-0.500000,0.000000,0.001386,-0.830154,0.000000,0.000000,0.000000,0.000000,7.811235
1337.000000,66.850000,14.698900,-0.399092,0.162752,359.104456,2.140294,0.162755,-0.400000,0.000000,-0.022638,-1.135914,0.000000,0.000000,0.000000,0.000000,7.703234
