step,t,solve_ms,mx,my,myaw_deg,v,min_dist,ref_x,ref_y,steer_rad,accel_cmd,throttle,brake,z,vz,obs_clear
0.000000,0.000000,31.447400,0.000000,0.000000,0.000000,2.500000,0.000000,0.000000,0.000000,-0.012594,0.133332,0.000000,0.000000,0.000000,0.000000,7.338835
1.000000,0.050000,29.329800,0.125000,0.000000,-0.060134,2.506667,0.025000,0.100000,0.000000,-0.024916,-0.940338,0.000000,0.000000,0.000000,0.000000,7.214463
2.000000,0.100000,29.834500,0.250333,-0.000132,-0.179441,2.459650,0.049667,0.300000,0.000000,0.045006,0.367205,0.000000,0.000000,0.000000,0.000000,7.089206
3.000000,0.150000,29.523300,0.373315,-0.000517,0.032121,2.478010,0.026690,0.400000,0.000000,0.044790,-0.110845,0.000000,0.000000,0.000000,0.000000,6.969853
4.000000,0.200000,29.131900,0.497216,-0.000447,0.244240,2.472468,0.002820,0.500000,0.000000,-0.035896,0.519331,0.000000,0.000000,0.000000,0.000000,6.849574
5.000000,0.250000,30.092400,0.620838,0.000080,0.074663,2.498434,0.020838,0.600000,0.000000,-0.015394,0.000177,0.000000,0.000000,0.000000,0.000000,6.725474
6.000000,0.300000,29.273200,0.745759,0.000243,0.001202,2.498443,0.045760,0.700000,0.000000,-0.015067,-0.023757,0.000000,0.000000,0.000000,0.000000,6.601232
7.000000,0.350000,29.993100,0.870682,0.000245,-0.070696,2.497255,0.029319,0.900000,0.000000,0.009831,-0.125929,0.000000,0.000000,0.000000,0.000000,6.477095
8.000000,0.400000,30.161800,0.995544,0.000091,-0.023806,2.490959,0.004457,1.000000,0.000000,0.001901,0.093948,0.000000,0.000000,0.000000,0.000000,6.354303
9.000000,0.450000,29.154500,1.120092,0.000039,-0.014762,2.495656,0.020092,1.100000,0.000000,-0.012521,0.104174,0.000000,0.000000,0.000000,0.000000,6.231469
10.000000,0.500000,43.604600,1.244875,0.000007,-0.074443,2.500865,0.044875,1.200000,0.000000,-0.001470,-0.068699,0.000000,0.000000,0.000000,0.000000,6.107773
11.000000,0.550000,29.906700,1.369918,-0.000155,-0.081466,2.497430,0.030082,1.400000,0.000000,0.001403,-0.005691,0.000000,0.000000,0.000000,0.000000,5.984424
12.000000,0.600000,30.355300,1.494790,-0.000333,-0.074776,2.497146,0.005221,1.500000,0.000000,-0.015183,-0.033573,0.000000,0.000000,0.000000,0.000000,5.861440
13.000000,0.650000,29.630700,1.619647,-0.000496,-0.147190,2.495467,0.019653,1.600000,0.000000,0.012028,-0.070836,0.000000,0.000000,0.000000,0.000000,5.737782
14.000000,0.700000,44.654900,1.744420,-0.000816,-0.089861,2.491925,0.044427,1.700000,0.000000,0.004170,0.012071,0.000000,0.000000,0.000000,0.000000,5.615526
15.000000,0.750000,29.347200,1.869016,-0.001012,-0.070017,2.492529,0.031001,1.900000,0.000000,0.015753,-0.079823,0.000000,0.000000,0.000000,0.000000,5.493133
16.000000,0.800000,29.719400,1.993642,-0.001164,0.004979,2.488537,0.006464,2.000000,0.000000,-0.008779,0.011675,0.000000,0.000000,0.000000,0.000000,5.371274
17.000000,0.850000,30.231000,2.118069,-0.001153,-0.036746,2.489121,0.018106,2.100000,0.000000,-0.007576,0.078281,0.000000,0.000000,0.000000,0.000000,5.248587
18.000000,0.900000,30.257200,2.242525,-0.001233,-0.072763,2.493035,0.042543,2.200000,0.000000,0.021786,0.034548,0.000000,0.000000,0.000000,0.000000,5.126032
19.000000,0.950000,29.720600,2.367177,-0.001391,0.030984,2.494763,0.032853,2.400000,0.000000,0.003743,-0.066762,0.000000,0.000000,0.000000,0.000000,5.004609
20.000000,1.000000,29.413100,2.491915,-0.001324,0.048816,2.491425,0.008193,2.500000,0.000000,-0.004369,-0.053960,0.000000,0.000000,0.000000,0.000000,4.882381
21.000000,1.050000,29.835700,2.616486,-0.001218,0.028027,2.488727,0.016531,2.600000,0.000000,0.007577,0.042401,0.000000,0.000000,0.000000,0.000000,4.760071
22.000000,1.100000,29.490900,2.740922,-0.001157,0.064040,2.490847,0.040939,2.700000,0.000000,-0.014022,-0.008703,0.000000,0.000000,0.000000,0.000000,4.638477
23.000000,1.150000,29.844600,2.865465,-0.001018,-0.002668,2.490411,0.034550,2.900000,0.000000,-0.004344,0.036471,0.000000,0.000000,0.000000,0.000000,4.516024
24.000000,1.200000,29.095500,2.989985,-0.001023,-0.023332,2.492235,0.010067,3.000000,0.000000,0.015302,-0.017596,0.000000,0.000000,0.000000,0.000000,4.394122
25.000000,1.250000,29.653500,3.114597,-0.001074,0.049510,2.491355,0.014636,3.100000,0.000000,-0.011918,0.051597,0.000000,0.000000,0.000000,0.000000,4.272985
26.000000,1.300000,29.151100,3.239165,-0.000967,-0.007202,2.493935,0.039176,3.200000,0.000000,-0.014464,0.041958,0.000000,0.000000,0.000000,0.000000,4.150984
27.000000,1.350000,29.408500,3.363861,-0.000982,-0.076100,2.496033,0.036152,3.400000,0.000000,0.007198,-0.064478,0.000000,0.000000,0.000000,0.000000,4.028957
28.000000,1.400000,29.841000,3.488663,-0.001148,-0.041788,2.492809,0.011395,3.500000,0.000000,-0.005078,-0.048943,0.000000,0.000000,0.000000,0.000000,3.907760
29.000000,1.450000,29.449200,3.613303,-0.001239,-0.065965,2.490362,0.013361,3.600000,0.000000,0.001250,0.029676,0.000000,0.000000,0.000000,0.000000,3.786447
30.000000,1.500000,30.065800,3.737821,-0.001382,-0.060019,2.491846,0.037847,3.700000,0.000000,-0.016249,0.023186,0.000000,0.000000,0.000000,0.000000,3.665640
31.000000,1.550000,30.574500,3.862414,-0.001513,-0.137356,2.493005,0.037617,3.900000,0.000000,0.001919,0.074388,0.000000,0.000000,0.000000,0.000000,3.544416
32.000000,1.600000,30.548400,3.987063,-0.001812,-0.128220,2.496724,0.013063,4.000000,0.000000,0.001745,-0.069250,0.000000,0.000000,0.000000,0.000000,3.423925
33.000000,1.650000,30.509100,4.111899,-0.002091,-0.119899,2.493262,0.012082,4.100000,0.000000,0.008872,-0.020724,0.000000,0.000000,0.000000,0.000000,3.303450
34.000000,1.700000,29.520700,4.236562,-0.002352,-0.077653,2.492226,0.036638,4.200000,0.000000,0.018133,-0.156175,0.000000,0.000000,0.000000,0.000000,3.183541
35.000000,1.750000,30.401100,4.361173,-0.002521,0.008665,2.484417,0.038908,4.400000,0.000000,-0.002982,0.044970,0.000000,0.000000,0.000000,0.000000,3.064101
36.000000,1.800000,29.765800,4.485394,-0.002502,-0.005485,2.486665,0.014819,4.500000,0.000000,-0.001849,0.014864,0.000000,0.000000,0.000000,0.000000,2.944703
37.000000,1.850000,29.727400,4.609727,-0.002514,-0.014268,2.487409,0.010047,4.600000,0.000000,-0.014636,0.035098,0.000000,0.000000,0.000000,0.000000,2.825517
38.000000,1.900000,29.565500,4.734098,-0.002545,-0.083802,2.489164,0.034193,4.700000,0.000000,0.007234,-0.056839,0.000000,0.000000,0.000000,0.000000,2.706359
39.000000,1.950000,29.670400,4.858556,-0.002727,-0.049411,2.486322,0.041534,4.900000,0.000000,0.023392,0.014166,0.000000,0.000000,0.000000,0.000000,2.587928
40.000000,2.000000,29.972200,4.982872,-0.002834,0.061687,2.487030,0.017361,5.000000,0.000000,0.004663,0.091500,0.000000,0.000000,0.000000,0.000000,2.470202
41.000000,2.050000,30.086900,5.107223,-0.002700,0.083836,2.491605,0.007712,5.100000,0.000000,0.006247,0.080722,0.000000,0.000000,0.000000,0.000000,2.352401
42.000000,2.100000,30.164100,5.231803,-0.002518,0.113565,2.495641,0.031903,5.200000,0.000000,0.014415,-0.036633,0.000000,0.000000,0.000000,0.000000,2.234788
43.000000,2.150000,32.593400,5.356585,-0.002271,0.182278,2.493809,0.043474,5.400000,0.000000,-0.027892,-0.204891,0.000000,0.000000,0.000000,0.000000,2.117482
44.000000,2.200000,32.379300,5.481275,-0.001874,0.049398,2.483565,0.018818,5.500000,0.000000,-0.005851,-0.012611,0.000000,0.000000,0.000000,0.000000,2.000323
45.000000,2.250000,31.813000,5.605453,-0.001767,0.021642,2.482934,0.005732,5.600000,0.000000,-0.044901,0.091302,0.000000,0.000000,0.000000,0.000000,1.884557
46.000000,2.300000,31.068800,5.729600,-0.001720,-0.191423,2.487499,0.029650,5.700000,0.000000,-0.019559,-0.209951,0.000000,0.000000,0.000000,0.000000,1.769468
47.000000,2.350000,30.179100,5.853974,-0.002135,-0.284353,2.477002,0.046075,5.900000,0.000000,-0.056566,-0.126075,0.000000,0.000000,0.000000,0.000000,1.655281
48.000000,2.400000,29.703200,5.977823,-0.002750,-0.552238,2.470698,0.022347,6.000000,0.000000,-0.025278,0.027317,0.000000,0.000000,0.000000,0.000000,1.542887
49.000000,2.450000,29.394400,6.101352,-0.003941,-0.671543,2.472064,0.004166,6.100000,0.000000,-0.003050,0.163734,0.000000,0.000000,0.000000,0.000000,1.432006
50.000000,2.500000,29.810600,6.224947,-0.005389,-0.685945,2.480251,0.025522,6.200000,0.000000,-0.051654,-0.146110,0.000000,0.000000,0.000000,0.000000,1.322044
51.000000,2.550000,29.246200,6.348950,-0.006874,-0.930843,2.472945,0.049431,6.300000,0.000000,-0.068076,-0.010100,0.000000,0.000000,0.000000,0.000000,1.214012
52.000000,2.600000,31.227300,6.472581,-0.008883,-1.252863,2.472440,0.028822,6.500000,0.000000,-0.018471,0.204983,0.000000,0.000000,0.000000,0.000000,1.108936
53.000000,2.650000,31.323600,6.596174,-0.011586,-1.340092,2.482689,0.012201,6.600000,0.000000,-0.016038,0.025489,0.000000,0.000000,0.000000,0.000000,1.004835
54.000000,2.700000,32.026300,6.720274,-0.014489,-1.416142,2.483964,0.024919,6.700000,0.000000,-0.006388,0.265248,0.000000,0.000000,0.000000,0.000000,0.902333
55.000000,2.750000,30.243100,6.844435,-0.017558,-1.446446,2.497226,0.047778,6.800000,0.000000,0.017251,-0.021632,0.000000,0.000000,0.000000,0.000000,0.801690
56.000000,2.800000,29.609700,6.969256,-0.020710,-1.364163,2.496145,0.037069,7.000000,0.000000,-0.108442,0.133018,0.000000,0.000000,0.000000,0.000000,0.701743
57.000000,2.850000,29.615600,7.094028,-0.023681,-1.883173,2.502795,0.024423,7.100000,0.000000,0.028584,0.161579,0.000000,0.000000,0.000000,0.000000,0.612164
58.000000,2.900000,29.838300,7.219100,-0.027794,-1.746504,2.510874,0.033724,7.200000,0.000000,-0.096134,-0.297025,0.000000,0.000000,0.000000,0.000000,0.518138
59.000000,2.950000,29.196400,7.344585,-0.031620,-2.208931,2.496023,0.054660,7.300000,0.000000,-0.032072,-0.285350,0.000000,0.000000,0.000000,0.000000,0.437133
60.000000,3.000000,29.106800,7.469294,-0.036430,-2.361874,2.481756,0.047645,7.500000,0.000000,0.013002,-0.263270,0.000000,0.000000,0.000000,0.000000,0.357553
61.000000,3.050000,29.956800,7.593276,-0.041544,-2.300245,2.468592,0.042085,7.600000,0.000000,0.007574,-0.401252,0.000000,0.000000,0.000000,0.000000,0.279590
62.000000,3.100000,29.828200,7.716606,-0.046498,-2.264536,2.448530,0.049374,7.700000,0.000000,-0.100109,0.265482,0.000000,0.000000,0.000000,0.000000,0.207814
63.000000,3.150000,29.832400,7.838937,-0.051335,-2.734251,2.461804,0.064432,7.800000,0.000000,-0.060675,0.003524,0.000000,0.000000,0.000000,0.000000,0.155702
64.000000,3.200000,29.715000,7.961887,-0.057207,-3.019877,2.461980,0.068740,8.000000,0.000000,-0.125123,-0.117831,0.000000,0.000000,0.000000,0.000000,0.108063
65.000000,3.250000,30.290700,8.084815,-0.063692,-3.611299,2.456088,0.065478,8.100000,0.000000,-0.134031,-0.198291,0.000000,0.000000,0.000000,0.000000,0.079746
66.000000,3.300000,30.843700,8.207376,-0.071428,-4.243803,2.446174,0.071807,8.200000,0.000000,-0.057563,-0.009478,0.000000,0.000000,0.000000,0.000000,0.065454
67.000000,3.350000,30.135000,8.329349,-0.080479,-4.513026,2.445700,0.085663,8.300000,0.000000,-0.095759,-0.340661,0.000000,0.000000,0.000000,0.000000,0.051139
68.000000,3.400000,30.067500,8.451255,-0.090101,-4.961684,2.428667,0.102441,8.500000,0.000000,-0.051598,-0.193228,0.000000,0.000000,0.000000,0.000000,0.054632
69.000000,3.450000,29.778200,8.572233,-0.100603,-5.201229,2.419005,0.104365,8.600000,0.000000,0.082423,0.492396,0.000000,0.000000,0.000000,0.000000,0.061750
70.000000,3.500000,29.451300,8.692686,-0.111568,-4.819575,2.443625,0.111807,8.700000,0.000000,0.037868,0.212481,0.000000,0.000000,0.000000,0.000000,0.054036
71.000000,3.550000,29.475700,8.814435,-0.121833,-4.642762,2.454249,0.122686,8.800000,0.000000,0.071782,0.457138,0.000000,0.000000,0.000000,0.000000,0.062823
72.000000,3.600000,29.659300,8.936745,-0.131766,-4.305723,2.477106,0.136794,8.900000,0.000000,0.016968,-0.164849,0.000000,0.000000,0.000000,0.000000,0.073636
73.000000,3.650000,29.364800,9.060250,-0.141065,-4.225441,2.468864,0.146558,9.100000,0.000000,0.044832,0.323433,0.000000,0.000000,0.000000,0.000000,0.103682
74.000000,3.700000,29.788300,9.183358,-0.150160,-4.013907,2.485035,0.151080,9.200000,0.000000,-0.078025,-1.454038,0.000000,0.000000,0.000000,0.000000,0.136438
75.000000,3.750000,29.821700,9.307305,-0.158858,-4.384973,2.412334,0.159026,9.300000,0.000000,0.025885,0.202564,0.000000,0.000000,0.000000,0.000000,0.201932
76.000000,3.800000,30.597600,9.427569,-0.168080,-4.265689,2.422462,0.170326,9.400000,0.000000,0.052282,-0.162175,0.000000,0.000000,0.000000,0.000000,0.252863
77.000000,3.850000,29.543900,9.548356,-0.177089,-4.023581,2.414353,0.183573,9.500000,0.000000,-0.002007,-0.165862,0.000000,0.000000,0.000000,0.000000,0.305057
78.000000,3.900000,30.087000,9.668776,-0.185560,-4.032834,2.406060,0.188168,9.700000,0.000000,0.073564,0.608141,0.000000,0.000000,0.000000,0.000000,0.373000
79.000000,3.950000,31.095600,9.788782,-0.194020,-3.694180,2.436467,0.194344,9.800000,0.000000,-0.005903,0.490524,0.000000,0.000000,0.000000,0.000000,0.347544
80.000000,4.000000,28.948600,9.910352,-0.201869,-3.721648,2.460993,0.202135,9.900000,0.000000,0.001680,0.182178,0.000000,0.000000,0.000000,0.000000,0.280589
81.000000,4.050000,29.389900,10.033142,-0.209857,-3.713754,2.470102,0.212457,10.000000,0.000000,0.081454,0.256410,0.000000,0.000000,0.000000,0.000000,0.219483
82.000000,4.100000,29.327200,10.156388,-0.217856,-3.328641,2.482923,0.222179,10.200000,0.000000,-0.024090,0.106884,0.000000,0.000000,0.000000,0.000000,0.167623
83.000000,4.150000,29.845400,10.280324,-0.225064,-3.442898,2.488267,0.225923,10.300000,0.000000,0.085031,0.189386,0.000000,0.000000,0.000000,0.000000,0.118625
84.000000,4.200000,29.895600,10.404513,-0.232536,-3.037831,2.497736,0.232580,10.400000,0.000000,0.090463,0.146305,0.000000,0.000000,0.000000,0.000000,0.080839
85.000000,4.250000,29.638200,10.529224,-0.239154,-2.605112,2.505051,0.240933,10.500000,0.000000,0.108376,-0.086114,0.000000,0.000000,0.000000,0.000000,0.050272
86.000000,4.300000,30.017300,10.654348,-0.244847,-2.084568,2.500746,0.249067,10.700000,0.000000,0.152864,-0.046947,0.000000,0.000000,0.000000,0.000000,0.027491
87.000000,4.350000,29.207600,10.779302,-0.249396,-1.348737,2.498398,0.250253,10.800000,0.000000,0.185706,0.113582,0.000000,0.000000,0.000000,0.000000,0.012717
88.000000,4.400000,29.337500,10.904187,-0.252336,-0.452295,2.504077,0.252371,10.900000,0.000000,0.182826,-0.152139,0.000000,0.000000,0.000000,0.000000,0.004959
89.000000,4.450000,29.380100,11.029387,-0.253324,0.431932,2.496470,0.255023,11.000000,0.000000,0.129879,0.188697,0.000000,0.000000,0.000000,0.000000,0.003516
90.000000,4.500000,29.346200,11.154207,-0.252383,1.054687,2.505905,0.256504,11.200000,0.000000,0.162516,-0.167807,0.000000,0.000000,0.000000,0.000000,0.008752
91.000000,4.550000,29.276400,11.279481,-0.250077,1.839396,2.497515,0.250917,11.300000,0.000000,0.151470,-0.069945,0.000000,0.000000,0.000000,0.000000,0.021083
92.000000,4.600000,29.039700,11.404293,-0.246069,2.567472,2.494018,0.246106,11.400000,0.000000,0.124517,-0.199825,0.000000,0.000000,0.000000,0.000000,0.040107
93.000000,4.650000,29.609500,11.528868,-0.240483,3.163657,2.484026,0.242209,11.500000,0.000000,0.120967,0.169603,0.000000,0.000000,0.000000,0.000000,0.066158
94.000000,4.700000,29.419200,11.652880,-0.233628,3.740359,2.492507,0.238333,11.700000,0.000000,0.051831,-0.127072,0.000000,0.000000,0.000000,0.000000,0.098853
95.000000,4.750000,29.064200,11.777240,-0.225498,3.987314,2.486153,0.226644,11.800000,0.000000,0.100030,0.036012,0.000000,0.000000,0.000000,0.000000,0.140020
96.000000,4.800000,30.191200,11.901247,-0.216854,4.463867,2.487954,0.216858,11.900000,0.000000,0.021826,0.136542,0.000000,0.000000,0.000000,0.000000,0.186583
97.000000,4.850000,31.353700,12.025267,-0.207173,4.567595,2.494781,0.208708,12.000000,0.000000,0.064028,-0.072292,0.000000,0.000000,0.000000,0.000000,0.241815
98.000000,4.900000,29.992600,12.149610,-0.197239,4.873085,2.491166,0.203382,12.100000,0.000000,0.034390,0.114030,0.000000,0.000000,0.000000,0.000000,0.301948
99.000000,4.950000,30.383100,12.273718,-0.186658,5.036767,2.496868,0.188499,12.300000,0.000000,-0.012843,-0.160307,0.000000,0.000000,0.000000,0.000000,0.368525
100.000000,5.000000,30.688600,12.398080,-0.175697,4.975520,2.488852,0.175708,12.400000,0.000000,0.030895,0.313109,0.000000,0.000000,0.000000,0.000000,0.369735
101.000000,5.050000,30.841400,12.522053,-0.164904,5.122420,2.504508,0.166372,12.500000,0.000000,0.062571,0.062506,0.000000,0.000000,0.000000,0.000000,0.308073
102.000000,5.100000,30.556900,12.646779,-0.153724,5.422104,2.507633,0.160684,12.600000,0.000000,0.045735,0.110600,0.000000,0.000000,0.000000,0.000000,0.258598
103.000000,5.150000,30.175500,12.771599,-0.141876,5.641292,2.513163,0.144691,12.800000,0.000000,0.040501,0.092468,0.000000,0.000000,0.000000,0.000000,0.212132
104.000000,5.200000,31.235200,12.896649,-0.129524,5.835792,2.517786,0.129567,12.900000,0.000000,0.051605,-0.576535,0.000000,0.000000,0.000000,0.000000,0.171699
105.000000,5.250000,30.205000,13.021886,-0.116724,6.084162,2.488960,0.118758,13.000000,0.000000,0.010213,0.237749,0.000000,0.000000,0.000000,0.000000,0.141283
106.000000,5.300000,30.330000,13.145633,-0.103534,6.132710,2.500847,0.113144,13.100000,0.000000,0.063388,0.065925,0.000000,0.000000,0.000000,0.000000,0.110942
107.000000,5.350000,30.060000,13.269959,-0.090175,6.435875,2.504143,0.095047,13.300000,0.000000,0.068341,-0.215224,0.000000,0.000000,0.000000,0.000000,0.100004
108.000000,5.400000,29.537600,13.394378,-0.076140,6.763228,2.493382,0.076348,13.400000,0.000000,0.027158,-0.222714,0.000000,0.000000,0.000000,0.000000,0.098452
109.000000,5.450000,29.508500,13.518179,-0.061459,6.892584,2.482246,0.064091,13.500000,0.000000,0.086031,-0.429604,0.000000,0.000000,0.000000,0.000000,0.096723
110.000000,5.500000,29.567500,13.641394,-0.046564,7.301445,2.460766,0.062303,13.600000,0.000000,-0.024084,-0.432661,0.000000,0.000000,0.000000,0.000000,0.080327
111.000000,5.550000,29.995000,13.763435,-0.030927,7.188237,2.439133,0.047890,13.800000,0.000000,-0.017240,0.529559,0.000000,0.000000,0.000000,0.000000,0.056542
112.000000,5.600000,31.148300,13.884433,-0.015667,7.107917,2.465611,0.022086,13.900000,0.000000,0.034252,-0.494660,0.000000,0.000000,0.000000,0.000000,0.043025
113.000000,5.650000,31.775100,14.006766,-0.000412,7.269272,2.440878,0.006779,14.000000,0.000000,-0.047768,0.113660,0.000000,0.000000,0.000000,0.000000,0.048366
114.000000,5.700000,32.459200,14.127829,0.015030,7.046420,2.446561,0.031629,14.100000,0.000000,-0.020381,0.179205,0.000000,0.000000,0.000000,0.000000,0.048386
115.000000,5.750000,31.631800,14.249233,0.030037,6.951173,2.455521,0.057673,14.200000,0.000000,-0.028567,0.139274,0.000000,0.000000,0.000000,0.000000,0.062378
116.000000,5.800000,31.279500,14.371107,0.044896,6.817165,2.462485,0.053389,14.400000,0.000000,-0.008731,0.046844,0.000000,0.000000,0.000000,0.000000,0.083761
117.000000,5.850000,31.371300,14.493361,0.059511,6.776099,2.464827,0.059880,14.500000,0.000000,-0.068727,0.172403,0.000000,0.000000,0.000000,0.000000,0.117700
118.000000,5.900000,29.110800,14.615741,0.074052,6.452061,2.473447,0.075706,14.600000,0.000000,-0.020719,0.219326,0.000000,0.000000,0.000000,0.000000,0.147901
119.000000,5.950000,31.444400,14.738630,0.087949,6.354171,2.484414,0.096059,14.700000,0.000000,-0.013649,-0.200238,0.000000,0.000000,0.000000,0.000000,0.195098
120.000000,6.000000,30.049400,14.862088,0.101697,6.289405,2.474402,0.108534,14.900000,0.000000,-0.044691,0.199964,0.000000,0.000000,0.000000,0.000000,0.251051
121.000000,6.050000,29.833100,14.985063,0.115251,6.078065,2.484400,0.116215,15.000000,0.000000,-0.022474,-0.201333,0.000000,0.000000,0.000000,0.000000,0.307115
122.000000,6.100000,29.854900,15.108585,0.128403,5.971413,2.474333,0.136486,15.157077,0.000822,0.000627,-0.014155,0.000000,0.000000,0.000000,0.000000,0.373538
123.000000,6.150000,29.289000,15.231630,0.141274,5.974378,2.473626,0.159012,15.157077,0.000822,0.015397,-0.110502,0.000000,0.000000,0.000000,0.000000,0.321465
124.000000,6.200000,30.117900,15.354640,0.154147,6.047124,2.468100,0.156200,15.314136,0.003290,-0.035605,0.105252,0.000000,0.000000,0.000000,0.000000,0.254741
125.000000,6.250000,29.561100,15.477358,0.167147,5.879221,2.473363,0.159866,15.471161,0.007402,-0.029195,0.087165,0.000000,0.000000,0.000000,0.000000,0.196683
126.000000,6.300000,29.366800,15.600376,0.179815,5.741273,2.477721,0.168953,15.628135,0.013158,0.006132,-0.123073,0.000000,0.000000,0.000000,0.000000,0.144806
127.000000,6.350000,29.722900,15.723641,0.192208,5.770291,2.471568,0.182302,15.785039,0.020557,0.022889,-0.017768,0.000000,0.000000,0.000000,0.000000,0.099195
128.000000,6.400000,29.964200,15.846593,0.204633,5.878356,2.470679,0.194095,15.785039,0.020557,-0.086911,-0.092424,0.000000,0.000000,0.000000,0.000000,0.061978
129.000000,6.450000,29.524800,15.969477,0.217285,5.467217,2.466058,0.189707,15.941858,0.029599,-0.043028,0.146064,0.000000,0.000000,0.000000,0.000000,0.035980
130.000000,6.500000,29.917600,16.092219,0.229033,5.264436,2.473361,0.188857,16.098573,0.040283,-0.027641,0.191808,0.000000,0.000000,0.000000,0.000000,0.017301
131.000000,6.550000,30.690900,16.215366,0.240379,5.133832,2.482952,0.191944,16.255168,0.052607,0.030115,0.214215,0.000000,0.000000,0.000000,0.000000,0.007467
132.000000,6.600000,30.014600,16.339015,0.251488,5.276685,2.493662,0.198663,16.411625,0.066571,0.033418,-0.008938,0.000000,0.000000,0.000000,0.000000,0.007313
133.000000,6.650000,29.589500,16.463170,0.262955,5.435899,2.493216,0.203036,16.411625,0.066571,0.038260,-0.046581,0.000000,0.000000,0.000000,0.000000,0.018159
134.000000,6.700000,29.979000,16.587270,0.274764,5.618169,2.490887,0.193562,16.567927,0.082172,0.095470,0.070900,0.000000,0.000000,0.000000,0.000000,0.039916
135.000000,6.750000,29.869800,16.711216,0.286957,6.073728,2.494432,0.187988,16.724057,0.099409,0.020967,-0.412493,0.000000,0.000000,0.000000,0.000000,0.073479
136.000000,6.800000,30.178200,16.835238,0.300154,6.173630,2.473807,0.187301,16.879998,0.118279,0.048260,-0.387449,0.000000,0.000000,0.000000,0.000000,0.115985
137.000000,6.850000,29.605300,16.958211,0.313456,6.401816,2.454434,0.191103,17.035734,0.138782,0.049022,0.499245,0.000000,0.000000,0.000000,0.000000,0.167693
138.000000,6.900000,29.247800,17.080167,0.327139,6.631798,2.479397,0.193527,17.035734,0.138782,-0.060643,0.201073,0.000000,0.000000,0.000000,0.000000,0.227250
139.000000,6.950000,29.368000,17.203307,0.341456,6.344283,2.489450,0.180944,17.191245,0.160915,0.135196,-0.275539,0.000000,0.000000,0.000000,0.000000,0.290142
140.000000,7.000000,29.280400,17.327018,0.355211,6.991017,2.475673,0.171647,17.346517,0.184675,0.104137,-0.355766,0.000000,0.000000,0.000000,0.000000,0.359322
141.000000,7.050000,30.487400,17.449881,0.370277,7.485183,2.457885,0.168337,17.501531,0.210059,0.045476,-0.220605,0.000000,0.000000,0.000000,0.000000,0.266924
142.000000,7.100000,29.698500,17.571728,0.386286,7.698804,2.446855,0.171506,17.656271,0.237066,-0.056414,-0.143739,0.000000,0.000000,0.000000,0.000000,0.193277
143.000000,7.150000,28.983600,17.692968,0.402676,7.434895,2.439668,0.169627,17.656271,0.237066,-0.026625,-0.212738,0.000000,0.000000,0.000000,0.000000,0.147159
144.000000,7.200000,29.464000,17.813926,0.418461,7.310811,2.429031,0.152803,17.810720,0.265691,-0.073648,0.085486,0.000000,0.000000,0.000000,0.000000,0.102114
145.000000,7.250000,30.782400,17.934390,0.433915,6.968531,2.433305,0.141307,17.964860,0.295932,-0.086262,0.000494,0.000000,0.000000,0.000000,0.000000,0.074192
146.000000,7.300000,29.446100,18.055156,0.448676,6.566652,2.433330,0.136562,18.118675,0.327786,-0.065782,1.265492,0.000000,0.000000,0.000000,0.000000,0.056308
147.000000,7.350000,29.226700,18.176025,0.462590,6.260499,2.496605,0.139678,18.272149,0.361249,-0.190524,-0.130006,0.000000,0.000000,0.000000,0.000000,0.042152
148.000000,7.400000,30.100600,18.300110,0.476203,5.340894,2.490104,0.118306,18.272149,0.361249,-0.077042,-0.332983,0.000000,0.000000,0.000000,0.000000,0.061028
149.000000,7.450000,29.605500,18.424075,0.487792,4.973774,2.473455,0.091483,18.425263,0.396316,0.134269,0.254215,0.000000,0.000000,0.000000,0.000000,0.064063
150.000000,7.500000,29.960500,18.547282,0.498514,5.611896,2.486166,0.072372,18.578002,0.432986,0.055829,-0.014902,0.000000,0.000000,0.000000,0.000000,0.036236
151.000000,7.550000,29.711300,18.670995,0.510670,5.877261,2.485421,0.071250,18.730348,0.471253,0.211864,0.085019,0.000000,0.000000,0.000000,0.000000,0.035564
152.000000,7.600000,29.724700,18.794613,0.523395,6.898262,2.489672,0.082757,18.730348,0.471253,0.247126,-0.138483,0.000000,0.000000,0.000000,0.000000,0.020139
153.000000,7.650000,29.328900,18.918195,0.538347,8.097850,2.482748,0.045068,18.882286,0.511113,0.244451,0.042739,0.000000,0.000000,0.000000,0.000000,0.016001
154.000000,7.700000,29.439900,19.041095,0.555833,9.280617,2.484884,0.007997,19.033797,0.552561,0.244443,0.209359,0.000000,0.000000,0.000000,0.000000,0.030576
155.000000,7.750000,31.143600,19.163712,0.575870,10.464363,2.495352,0.028923,19.184867,0.595595,0.241417,-0.009681,0.000000,0.000000,0.000000,0.000000,0.062853
156.000000,7.800000,29.526600,19.286405,0.598531,11.637784,2.494868,0.064382,19.335477,0.640208,0.232626,0.013602,0.000000,0.000000,0.000000,0.000000,0.112280
157.000000,7.850000,29.507900,19.408584,0.623694,12.766647,2.495548,0.074949,19.335477,0.640208,0.217140,0.192617,0.000000,0.000000,0.000000,0.000000,0.177486
158.000000,7.900000,29.690100,19.530277,0.651268,13.818149,2.505179,0.056823,19.485612,0.686395,0.221353,-0.056351,0.000000,0.000000,0.000000,0.000000,0.256623
159.000000,7.950000,29.703200,19.651910,0.681185,14.894862,2.502362,0.055524,19.635255,0.734152,0.193604,0.022661,0.000000,0.000000,0.000000,0.000000,0.346647
160.000000,8.000000,29.109400,19.772824,0.713346,15.831863,2.503495,0.071075,19.784390,0.783474,0.203368,0.181877,0.000000,0.000000,0.000000,0.000000,0.446635
161.000000,8.050000,29.385500,19.893251,0.747496,16.817862,2.512589,0.095522,19.933000,0.834354,0.183116,-0.051659,0.000000,0.000000,0.000000,0.000000,0.553630
162.000000,8.100000,30.232300,20.013507,0.783844,17.706536,2.510006,0.095041,19.933000,0.834354,0.187933,-0.085791,0.000000,0.000000,0.000000,0.000000,0.667279
163.000000,8.150000,30.276300,20.133062,0.822014,18.618200,2.505716,0.083061,20.081069,0.886788,0.176930,0.048603,0.000000,0.000000,0.000000,0.000000,0.785678
164.000000,8.200000,29.462800,20.251791,0.862013,19.473859,2.508146,0.082107,20.228581,0.940770,0.156909,0.050342,0.000000,0.000000,0.000000,0.000000,0.907786
165.000000,8.250000,31.138300,20.370024,0.903821,20.231714,2.510663,0.092636,20.375519,0.996294,0.157104,-0.062265,0.000000,0.000000,0.000000,0.000000,1.032680
166.000000,8.300000,30.376600,20.487812,0.947232,20.991290,2.507550,0.111451,20.521868,1.053353,0.161741,-0.185127,0.000000,0.000000,0.000000,0.000000,1.160156
167.000000,8.350000,29.754900,20.604869,0.992146,21.772705,2.498294,0.103128,20.521868,1.053353,0.142800,-0.040999,0.000000,0.000000,0.000000,0.000000,1.289782
168.000000,8.400000,30.264100,20.720873,1.038480,22.458728,2.496244,0.090738,20.667612,1.111941,0.141381,0.075974,0.000000,0.000000,0.000000,0.000000,1.419795
169.000000,8.450000,29.837300,20.836219,1.086160,23.137284,2.500043,0.089045,20.812734,1.172053,0.137007,0.019405,0.000000,0.000000,0.000000,0.000000,1.550962
170.000000,8.500000,29.827500,20.951166,1.135278,23.795577,2.501013,0.098589,20.957218,1.233681,0.127162,0.100379,0.000000,0.000000,0.000000,0.000000,1.683201
171.000000,8.550000,30.196000,21.065587,1.185733,24.406271,2.506032,0.116609,21.101050,1.296818,0.132289,-0.064574,0.000000,0.000000,0.000000,0.000000,1.815784
172.000000,8.600000,29.861300,21.179691,1.237508,25.043148,2.502803,0.098500,21.101050,1.296818,0.127041,0.073199,0.000000,0.000000,0.000000,0.000000,1.949729
173.000000,8.650000,29.254200,21.293067,1.290480,25.653694,2.506463,0.086167,21.244212,1.361458,0.123357,0.012142,0.000000,0.000000,0.000000,0.000000,2.083792
174.000000,8.700000,29.614800,21.406036,1.344736,26.247214,2.507070,0.085087,21.386689,1.427594,0.105021,0.012214,0.000000,0.000000,0.000000,0.000000,2.218315
175.000000,8.750000,29.585500,21.518465,1.400173,26.751928,2.507681,0.095570,21.528466,1.495218,0.106611,-0.074802,0.000000,0.000000,0.000000,0.000000,2.351853
176.000000,8.800000,29.188900,21.630429,1.456612,27.264463,2.503941,0.109026,21.528466,1.495218,0.117679,-0.053763,0.000000,0.000000,0.000000,0.000000,2.485846
177.000000,8.850000,29.473300,21.741716,1.513964,27.829835,2.501253,0.088019,21.669528,1.564324,0.099673,-0.190549,0.000000,0.000000,0.000000,0.000000,2.620844
178.000000,8.900000,30.537900,21.852314,1.572350,28.307562,2.491725,0.075600,21.809857,1.634902,0.131546,-0.030038,0.000000,0.000000,0.000000,0.000000,2.754395
179.000000,8.950000,30.113600,21.962002,1.631429,28.937206,2.490223,0.076555,21.949441,1.706946,0.105213,0.033988,0.000000,0.000000,0.000000,0.000000,2.890463
180.000000,9.000000,29.457500,22.070968,1.691674,29.439454,2.491923,0.090443,22.088261,1.780448,0.088915,0.069060,0.000000,0.000000,0.000000,0.000000,3.024281
181.000000,9.050000,29.740500,22.179475,1.752913,29.863738,2.495376,0.095279,22.088261,1.780448,0.108828,-0.094110,0.000000,0.000000,0.000000,0.000000,3.156792
182.000000,9.100000,30.139200,22.287676,1.815040,30.384448,2.490670,0.073453,22.226305,1.855400,0.079772,0.037999,0.000000,0.000000,0.000000,0.000000,3.291455
183.000000,9.150000,31.451100,22.395105,1.878029,30.764717,2.492570,0.062337,22.363556,1.931793,0.081773,-0.012807,0.000000,0.000000,0.000000,0.000000,3.423143
184.000000,9.200000,31.315000,22.502196,1.941779,31.154866,2.491930,0.067876,22.500000,2.009619,0.085849,-0.105601,0.000000,0.000000,0.000000,0.000000,3.548411
185.000000,9.250000,31.544000,22.608822,2.006239,31.564448,2.486650,0.086868,22.635621,2.088870,0.107767,0.086900,0.000000,0.000000,0.000000,0.000000,3.671263
186.000000,9.300000,31.334600,22.714759,2.071322,32.078238,2.490995,0.081060,22.635621,2.088870,0.093372,0.226016,0.000000,0.000000,0.000000,0.000000,3.793913
187.000000,9.350000,30.461700,22.820293,2.137467,32.523744,2.502296,0.059306,22.770405,2.169536,0.097664,0.009127,0.000000,0.000000,0.000000,0.000000,3.917309
188.000000,9.400000,29.667500,22.925786,2.204735,32.991973,2.502752,0.051549,22.904337,2.251610,0.078161,-0.116862,0.000000,0.000000,0.000000,0.000000,4.041530
189.000000,9.450000,29.774700,23.030745,2.272875,33.366336,2.496909,0.062561,23.037402,2.335081,0.068522,-0.113758,0.000000,0.000000,0.000000,0.000000,4.166151
190.000000,9.500000,29.784200,23.135012,2.341539,33.693612,2.491221,0.085687,23.169586,2.419941,0.086916,0.057816,0.000000,0.000000,0.000000,0.000000,4.290689
191.000000,9.550000,29.262400,23.238649,2.410639,34.108192,2.494112,0.069687,23.169586,2.419941,0.093136,0.157991,0.000000,0.000000,0.000000,0.000000,4.415045
192.000000,9.600000,30.134200,23.341903,2.480569,34.553122,2.502011,0.048368,23.300873,2.506181,0.092539,-0.098534,0.000000,0.000000,0.000000,0.000000,4.539729
193.000000,9.650000,29.731500,23.444936,2.551522,34.996584,2.497085,0.044429,23.431251,2.593791,0.105244,-0.045356,0.000000,0.000000,0.000000,0.000000,4.664993
194.000000,9.700000,30.061600,23.547215,2.623130,35.500365,2.494817,0.061139,23.560704,2.682762,0.103461,0.141140,0.000000,0.000000,0.000000,0.000000,4.790237
195.000000,9.750000,29.948300,23.648768,2.695568,35.995096,2.501874,0.087435,23.689218,2.773083,0.071947,-0.055516,0.000000,0.000000,0.000000,0.000000,4.915551
196.000000,9.800000,30.664100,23.749977,2.769087,36.339469,2.499098,0.060891,23.689218,2.773083,0.101157,-0.076260,0.000000,0.000000,0.000000,0.000000,5.041110
197.000000,9.850000,29.904000,23.850631,2.843131,36.823937,2.495285,0.040163,23.816779,2.864745,0.091185,0.010470,0.000000,0.000000,0.000000,0.000000,5.166887
198.000000,9.900000,30.732500,23.950502,2.917910,37.259699,2.495808,0.040461,23.943373,2.957738,0.092543,-0.040220,0.000000,0.000000,0.000000,0.000000,5.292479
199.000000,9.950000,31.068400,24.049823,2.993462,37.702083,2.493797,0.061644,24.068987,3.052051,0.099361,-0.072603,0.000000,0.000000,0.000000,0.000000,5.413660
200.000000,10.000000,30.229300,24.148477,3.069716,38.176884,2.490167,0.081430,24.068987,3.052051,0.092446,-0.065687,0.000000,0.000000,0.000000,0.000000,5.529171
201.000000,10.050000,29.861000,24.246354,3.146674,38.617801,2.486883,0.052758,24.193606,3.147675,0.105546,0.055147,0.000000,0.000000,0.000000,0.000000,5.645414
202.000000,10.100000,29.575700,24.343508,3.224280,39.120973,2.489640,0.033227,24.317217,3.244598,0.083651,-0.159661,0.000000,0.000000,0.000000,0.000000,5.760635
203.000000,10.150000,29.358700,24.440083,3.302823,39.519654,2.481657,0.039988,24.439806,3.342811,0.091253,-0.001196,0.000000,0.000000,0.000000,0.000000,5.878085
204.000000,10.200000,29.084700,24.535801,3.381782,39.953364,2.481598,0.065695,24.561360,3.442301,0.098053,0.003798,0.000000,0.000000,0.000000,0.000000,5.994715
205.000000,10.250000,29.420300,24.630917,3.461462,40.419583,2.481787,0.072148,24.561360,3.442301,0.111650,0.005166,0.000000,0.000000,0.000000,0.000000,6.110992
206.000000,10.300000,31.216100,24.725388,3.541919,40.951000,2.482046,0.043538,24.681865,3.543060,0.087335,0.142762,0.000000,0.000000,0.000000,0.000000,6.226427
207.000000,10.350000,29.844500,24.819119,3.623257,41.366057,2.489184,0.028163,24.801309,3.645074,0.092985,-0.043188,0.000000,0.000000,0.000000,0.000000,6.343930
208.000000,10.400000,29.907800,24.912526,3.705508,41.809387,2.487024,0.043419,24.919678,3.748334,0.098513,0.041087,0.000000,0.000000,0.000000,0.000000,6.461484
209.000000,10.450000,31.506800,25.005213,3.788408,42.278832,2.489079,0.071817,25.036959,3.852828,0.100490,-0.150040,0.000000,0.000000,0.000000,0.000000,6.578675
210.000000,10.500000,31.295300,25.097294,3.872133,42.758154,2.481577,0.063348,25.036959,3.852828,0.099460,0.108329,0.000000,0.000000,0.000000,0.000000,6.695964
211.000000,10.550000,29.977400,25.188396,3.956371,43.231104,2.486993,0.035323,25.153140,3.958544,0.096018,0.174360,0.000000,0.000000,0.000000,0.000000,6.813101
212.000000,10.600000,29.904300,25.278997,4.041543,43.688577,2.495711,0.026248,25.268207,4.065471,0.108829,-0.008576,0.000000,0.000000,0.000000,0.000000,6.930835
213.000000,10.650000,29.735100,25.369230,4.127737,44.209362,2.495282,0.047644,25.382148,4.173597,0.105347,0.001148,0.000000,0.000000,0.000000,0.000000,7.048252
214.000000,10.700000,29.649200,25.458660,4.214733,44.713275,2.495340,0.077234,25.494950,4.282910,0.103007,0.040515,0.000000,0.000000,0.000000,0.000000,7.165984
215.000000,10.750000,29.770200,25.547324,4.302514,45.205926,2.497366,0.055923,25.494950,4.282910,0.082815,0.044416,0.000000,0.000000,0.000000,0.000000,7.283956
216.000000,10.800000,31.177900,25.635301,4.391126,45.601828,2.499586,0.028790,25.606602,4.393398,0.099876,-0.079603,0.000000,0.000000,0.000000,0.000000,7.403282
217.000000,10.850000,29.786300,25.722742,4.480423,46.080212,2.495606,0.025267,25.717090,4.505050,0.086567,0.061500,0.000000,0.000000,0.000000,0.000000,7.521760
218.000000,10.900000,29.188300,25.809296,4.570304,46.493845,2.498681,0.050533,25.826403,4.617852,0.105297,0.002568,0.000000,0.000000,0.000000,0.000000,7.640835
219.000000,10.950000,30.052100,25.895305,4.660918,46.998199,2.498810,0.081005,25.934529,4.731793,0.088616,-0.152161,0.000000,0.000000,0.000000,0.000000,7.759060
220.000000,11.000000,29.338500,25.980517,4.752291,47.422216,2.491202,0.050349,25.934529,4.731793,0.089506,-0.008456,0.000000,0.000000,0.000000,0.000000,7.878203
221.000000,11.050000,29.169900,26.064793,4.844012,47.849212,2.490779,0.023510,26.041456,4.846860,0.111866,-0.035517,0.000000,0.000000,0.000000,0.000000,7.996939
222.000000,11.100000,28.350800,26.148369,4.936343,48.383594,2.489003,0.026724,26.147172,4.963041,0.094405,-0.051774,0.000000,0.000000,0.000000,0.000000,8.114556
223.000000,11.150000,28.937200,26.231021,5.029383,48.833701,2.486414,0.054963,26.251666,5.080322,0.096196,0.124923,0.000000,0.000000,0.000000,0.000000,8.232940
224.000000,11.200000,28.768700,26.312855,5.122972,49.291921,2.492660,0.074586,26.251666,5.080322,0.083288,0.084868,0.000000,0.000000,0.000000,0.000000,8.351106
225.000000,11.250000,28.214200,26.394141,5.217449,49.689343,2.496904,0.043471,26.354926,5.198691,0.099965,-0.125462,0.000000,0.000000,0.000000,0.000000,8.470124
226.000000,11.300000,28.323500,26.474908,5.312650,50.167642,2.490631,0.018786,26.456940,5.318135,0.092556,-0.013447,0.000000,0.000000,0.000000,0.000000,8.588593
227.000000,11.350000,28.646600,26.554675,5.408280,50.609171,2.489958,0.030510,26.557699,5.438640,0.114734,-0.057022,0.000000,0.000000,0.000000,0.000000,8.707045
228.000000,11.400000,30.169800,26.633683,5.504496,51.157191,2.487107,0.060455,26.657189,5.560194,0.087764,-0.026179,0.000000,0.000000,0.000000,0.000000,8.824547
229.000000,11.450000,28.515500,26.711677,5.601353,51.575145,2.485798,0.068286,26.657189,5.560194,0.083537,-0.151464,0.000000,0.000000,0.000000,0.000000,8.942915
230.000000,11.500000,29.330300,26.788921,5.698725,51.972664,2.478225,0.037117,26.755402,5.682783,0.097403,0.041661,0.000000,0.000000,0.000000,0.000000,9.061321
231.000000,11.550000,30.081000,26.865255,5.796332,52.435144,2.480308,0.016384,26.852325,5.806394,0.112159,-0.025731,0.000000,0.000000,0.000000,0.000000,9.178819
232.000000,11.600000,29.494400,26.940862,5.894634,52.968682,2.479022,0.037063,26.947949,5.931013,0.098305,0.075222,0.000000,0.000000,0.000000,0.000000,9.295860
233.000000,11.650000,30.505100,27.015512,5.993585,53.435620,2.482783,0.068482,27.042262,6.056627,0.102881,0.124752,0.000000,0.000000,0.000000,0.000000,9.413232
234.000000,11.700000,30.568100,27.089465,6.093292,53.925187,2.489020,0.059770,27.042262,6.056627,0.101634,-0.007745,0.000000,0.000000,0.000000,0.000000,9.530573
235.000000,11.750000,29.150300,27.162747,6.193880,54.409991,2.488633,0.029486,27.135255,6.183221,0.100455,0.061143,0.000000,0.000000,0.000000,0.000000,9.648171
236.000000,11.800000,28.238800,27.235164,6.295068,54.889061,2.491690,0.017747,27.226917,6.310782,0.103185,0.022371,0.000000,0.000000,0.000000,0.000000,9.765703
237.000000,11.850000,28.881800,27.306820,6.396983,55.381847,2.492809,0.043577,27.317238,6.439296,0.080740,-0.051734,0.000000,0.000000,0.000000,0.000000,9.883223
238.000000,11.900000,28.019000,27.377629,6.499557,55.767080,2.490222,0.074863,27.406209,6.568749,0.094222,-0.051661,0.000000,0.000000,0.000000,0.000000,10.001258
239.000000,11.950000,28.612200,27.447674,6.602497,56.216529,2.487639,0.053463,27.406209,6.568749,0.105881,-0.065747,0.000000,0.000000,0.000000,0.000000,10.118760
240.000000,12.000000,28.361000,27.516837,6.705876,56.721464,2.484352,0.023987,27.493819,6.699127,0.107780,-0.014275,0.000000,0.000000,0.000000,0.000000,10.235782
241.000000,12.050000,28.649000,27.584996,6.809724,57.234846,2.483638,0.021272,27.580059,6.830414,0.109243,-0.049373,0.000000,0.000000,0.000000,0.000000,10.352505
242.000000,12.100000,28.735500,27.652203,6.914148,57.755099,2.481169,0.050091,27.664919,6.962598,0.090242,-0.117526,0.000000,0.000000,0.000000,0.000000,10.469056
243.000000,12.150000,28.850000,27.718393,7.019074,58.183893,2.475293,0.077775,27.664919,6.962598,0.087707,-0.029725,0.000000,0.000000,0.000000,0.000000,10.585705
244.000000,12.200000,28.491100,27.783641,7.124242,58.599590,2.473807,0.045380,27.748390,7.095663,0.110530,0.049760,0.000000,0.000000,0.000000,0.000000,10.702004
245.000000,12.250000,29.472100,27.848086,7.229817,59.123941,2.476295,0.017623,27.830464,7.229595,0.079996,0.053357,0.000000,0.000000,0.000000,0.000000,10.817775
246.000000,12.300000,28.645100,27.911625,7.336085,59.503081,2.478963,0.028298,27.911130,7.364379,0.111983,0.040441,0.000000,0.000000,0.000000,0.000000,10.933946
247.000000,12.350000,29.031400,27.974528,7.442886,60.035487,2.480985,0.059274,27.990381,7.500000,0.090668,-0.007207,0.000000,0.000000,0.000000,0.000000,11.049726
248.000000,12.400000,28.553000,28.036486,7.550354,60.466284,2.480624,0.068273,27.990381,7.500000,0.101664,0.070633,0.000000,0.000000,0.000000,0.000000,11.165692
249.000000,12.450000,28.796800,28.097626,7.658269,60.949598,2.484156,0.036631,28.068207,7.636444,0.087825,0.095472,0.000000,0.000000,0.000000,0.000000,11.281401
250.000000,12.500000,28.567900,28.157938,7.766851,61.367349,2.488929,0.014991,28.144600,7.773695,0.125728,-0.017738,0.000000,0.000000,0.000000,0.000000,11.397247
251.000000,12.550000,28.823000,28.217572,7.876079,61.968169,2.488043,0.035715,28.219552,7.911739,0.093984,0.040709,0.000000,0.000000,0.000000,0.000000,11.512906
252.000000,12.600000,28.052000,28.276036,7.985887,62.416083,2.490078,0.066874,28.293054,8.050559,0.097787,-0.104215,0.000000,0.000000,0.000000,0.000000,11.628527
253.000000,12.650000,28.026000,28.333687,8.096239,62.882617,2.484867,0.061137,28.293054,8.050559,0.109373,0.012333,0.000000,0.000000,0.000000,0.000000,11.744075
254.000000,12.700000,28.449200,28.390319,8.206825,63.403752,2.485484,0.030239,28.365098,8.190143,0.104942,0.078684,0.000000,0.000000,0.000000,0.000000,11.859188
255.000000,12.750000,29.875900,28.445957,8.317949,63.903741,2.489418,0.016203,28.435676,8.330472,0.099743,-0.150302,0.000000,0.000000,0.000000,0.000000,11.974161
256.000000,12.800000,31.023800,28.500709,8.429730,64.379540,2.481903,0.042001,28.504782,8.471534,0.095752,0.022744,0.000000,0.000000,0.000000,0.000000,12.089141
257.000000,12.850000,29.631700,28.554369,8.541624,64.834805,2.483040,0.073921,28.572406,8.613311,0.105495,0.024796,0.000000,0.000000,0.000000,0.000000,12.203597
258.000000,12.900000,30.746000,28.607162,8.653993,65.336956,2.484280,0.053507,28.572406,8.613311,0.085036,0.083795,0.000000,0.000000,0.000000,0.000000,12.317959
259.000000,12.950000,30.396400,28.658994,8.766875,65.741393,2.488470,0.023265,28.638542,8.755788,0.107979,0.107012,0.000000,0.000000,0.000000,0.000000,12.432118
260.000000,13.000000,30.131000,28.710114,8.880312,66.256581,2.493820,0.019886,28.703182,8.898950,0.094404,-0.131968,0.000000,0.000000,0.000000,0.000000,12.546420
261.000000,13.050000,28.659600,28.760320,8.994449,66.707554,2.487222,0.048703,28.766319,9.042782,0.085305,0.085005,0.000000,0.000000,0.000000,0.000000,12.660686
262.000000,13.100000,29.221700,28.809496,9.108675,67.113759,2.491472,0.078779,28.766319,9.042782,0.087932,0.017483,0.000000,0.000000,0.000000,0.000000,12.774406
263.000000,13.150000,28.949200,28.857943,9.223442,67.533255,2.492346,0.046994,28.827947,9.187266,0.090021,-0.043297,0.000000,0.000000,0.000000,0.000000,12.888180
264.000000,13.200000,29.852200,28.905565,9.338601,67.962918,2.490181,0.018576,28.888059,9.332388,0.098320,0.042977,0.000000,0.000000,0.000000,0.000000,13.001843
265.000000,13.250000,29.377200,28.952281,9.454013,68.432029,2.492330,0.024768,28.946647,9.478132,0.117431,-0.117693,0.000000,0.000000,0.000000,0.000000,13.115313
266.000000,13.300000,29.350100,28.998091,9.569905,68.993583,2.486446,0.054864,29.003706,9.624481,0.087248,0.039444,0.000000,0.000000,0.000000,0.000000,13.228905
267.000000,13.350000,28.492300,29.042657,9.685964,69.408957,2.488418,0.072783,29.003706,9.624481,0.095465,0.020371,0.000000,0.000000,0.000000,0.000000,13.341600
268.000000,13.400000,28.296700,29.086415,9.802437,69.864042,2.489436,0.041245,29.059230,9.771419,0.111436,0.041276,0.000000,0.000000,0.000000,0.000000,13.454320
269.000000,13.450000,28.382600,29.129265,9.919301,70.396067,2.491500,0.016057,29.113212,9.918931,0.100274,0.221239,0.000000,0.000000,0.000000,0.000000,13.567129
270.000000,13.500000,28.564200,29.171062,10.036654,70.874817,2.502562,0.030825,29.165646,10.067000,0.097849,-0.058311,0.000000,0.000000,0.000000,0.000000,13.679607
271.000000,13.550000,28.530800,29.212058,10.154876,71.343991,2.499647,0.060898,29.216526,10.215610,0.102526,-0.052609,0.000000,0.000000,0.000000,0.000000,13.792323
272.000000,13.600000,28.114900,29.252038,10.273291,71.835169,2.497016,0.067736,29.216526,10.215610,0.104597,-0.110007,0.000000,0.000000,0.000000,0.000000,13.904780
273.000000,13.650000,28.561700,29.290960,10.391920,72.335811,2.491516,0.037002,29.265848,10.364745,0.106418,0.129907,0.000000,0.000000,0.000000,0.000000,14.016929
274.000000,13.700000,28.316200,29.328761,10.510622,72.844117,2.498011,0.015617,29.313605,10.514388,0.102677,-0.027523,0.000000,0.000000,0.000000,0.000000,14.128632
275.000000,13.750000,28.846500,29.365603,10.629966,73.335702,2.496635,0.035043,29.359792,10.664523,0.096307,0.013437,0.000000,0.000000,0.000000,0.000000,14.240295
276.000000,13.800000,28.924200,29.401401,10.749555,73.796340,2.497307,0.065648,29.404405,10.815133,0.113146,-0.008841,0.000000,0.000000,0.000000,0.000000,14.351502
277.000000,13.850000,28.248800,29.436245,10.869460,74.338308,2.496865,0.062969,29.404405,10.815133,0.089027,-0.013554,0.000000,0.000000,0.000000,0.000000,14.462939
278.000000,13.900000,28.911100,29.469947,10.989668,74.763972,2.496187,0.032515,29.447439,10.966203,0.089892,-0.065527,0.000000,0.000000,0.000000,0.000000,14.573442
279.000000,13.950000,29.422700,29.502746,11.110090,75.193679,2.492911,0.015818,29.488887,11.117714,0.113163,0.012040,0.000000,0.000000,0.000000,0.000000,14.683732
280.000000,14.000000,31.818500,29.534600,11.230597,75.734772,2.493513,0.039491,29.528747,11.269652,0.100351,-0.060438,0.000000,0.000000,0.000000,0.000000,14.794326
281.000000,14.050000,28.391200,29.565321,11.351428,76.214282,2.490491,0.070590,29.567014,11.421998,0.109484,0.011713,0.000000,0.000000,0.000000,0.000000,14.904280
282.000000,14.100000,29.162800,29.594994,11.472366,76.737132,2.491076,0.057618,29.567014,11.421998,0.090663,0.007178,0.000000,0.000000,0.000000,0.000000,15.014134
283.000000,14.150000,28.583800,29.623569,11.593597,77.169657,2.491435,0.027407,29.603684,11.574737,0.100316,0.029926,0.000000,0.000000,0.000000,0.000000,15.123128
284.000000,14.200000,28.598100,29.651232,11.715059,77.648599,2.492932,0.017872,29.638751,11.727851,0.105684,-0.006724,0.000000,0.000000,0.000000,0.000000,15.232234
285.000000,14.250000,29.127000,29.677895,11.836820,78.153658,2.492595,0.044865,29.672214,11.881325,0.091738,-0.003195,0.000000,0.000000,0.000000,0.000000,15.341333
286.000000,14.300000,28.798900,29.703480,11.958796,78.591605,2.492436,0.076346,29.704068,12.035140,0.083596,-0.067115,0.000000,0.000000,0.000000,0.000000,15.449644
287.000000,14.350000,28.704800,29.728130,12.080955,78.990469,2.489080,0.051750,29.704068,12.035140,0.105623,-0.001145,0.000000,0.000000,0.000000,0.000000,15.557420
288.000000,14.400000,29.038900,29.751898,12.203119,79.494455,2.489023,0.022380,29.734309,12.189280,0.105338,-0.049209,0.000000,0.000000,0.000000,0.000000,15.665667
289.000000,14.450000,42.454400,29.774589,12.325484,79.997056,2.486562,0.021650,29.762934,12.343729,0.105051,-0.166424,0.000000,0.000000,0.000000,0.000000,15.773616
290.000000,14.500000,28.421300,29.796185,12.447922,80.497783,2.478241,0.050931,29.789941,12.498469,0.094096,0.112455,0.000000,0.000000,0.000000,0.000000,15.881161
291.000000,14.550000,28.369800,29.816641,12.570134,80.944469,2.483864,0.076477,29.789941,12.498469,0.102877,0.016459,0.000000,0.000000,0.000000,0.000000,15.987612
292.000000,14.600000,29.350100,29.836188,12.692779,81.434228,2.484687,0.044491,29.815325,12.653483,0.095781,0.026845,0.000000,0.000000,0.000000,0.000000,16.094422
293.000000,14.650000,28.828500,29.854692,12.815628,81.890143,2.486029,0.017053,29.839085,12.808755,0.107495,-0.074434,0.000000,0.000000,0.000000,0.000000,16.200678
294.000000,14.700000,30.761000,29.872227,12.938686,82.402500,2.482307,0.027849,29.861218,12.964266,0.089156,0.097893,0.000000,0.000000,0.000000,0.000000,16.307246
295.000000,14.750000,28.443000,29.888637,13.061712,82.826300,2.487202,0.058698,29.881721,13.120002,0.102062,-0.060758,0.000000,0.000000,0.000000,0.000000,16.412522
296.000000,14.800000,28.788700,29.904167,13.185099,83.312808,2.484164,0.068858,29.881721,13.120002,0.102214,-0.001188,0.000000,0.000000,0.000000,0.000000,16.518360
297.000000,14.850000,28.394400,29.918631,13.308462,83.799450,2.484105,0.037187,29.900591,13.275943,0.107309,0.069648,0.000000,0.000000,0.000000,0.000000,16.623785
298.000000,14.900000,30.966600,29.932046,13.431940,84.310517,2.487587,0.014218,29.917828,13.432073,0.080519,-0.147207,0.000000,0.000000,0.000000,0.000000,16.729159
299.000000,14.950000,29.490500,29.944376,13.555707,84.693886,2.480227,0.034454,29.933429,13.588375,0.107046,0.047036,0.000000,0.000000,0.000000,0.000000,16.833041
300.000000,15.000000,29.006800,29.955845,13.679187,85.202896,2.482579,0.066187,29.947393,13.744832,0.098762,0.133868,0.000000,0.000000,0.000000,0.000000,16.937735
301.000000,15.050000,28.939300,29.966225,13.802881,85.672693,2.489272,0.061027,29.947393,13.744832,0.102035,0.024518,0.000000,0.000000,0.000000,0.000000,17.041783
302.000000,15.100000,28.583000,29.975616,13.926990,86.159472,2.490498,0.030104,29.959717,13.901427,0.112491,0.071066,0.000000,0.000000,0.000000,0.000000,17.145993
303.000000,15.150000,28.496200,29.983957,14.051235,86.696802,2.494051,0.015214,29.970401,14.058142,0.093605,-0.103289,0.000000,0.000000,0.000000,0.000000,17.250510
304.000000,15.200000,28.597600,29.991142,14.175730,87.143974,2.488887,0.040938,29.979443,14.214961,0.103060,-0.030715,0.000000,0.000000,0.000000,0.000000,17.353785
305.000000,15.250000,42.897500,29.997343,14.300020,87.635602,2.487351,0.072608,29.986842,14.371865,0.080551,0.004328,0.000000,0.000000,0.000000,0.000000,17.457097
306.000000,15.300000,29.247100,30.002474,14.424282,88.019087,2.487567,0.054698,29.986842,14.371865,0.078281,-0.019369,0.000000,0.000000,0.000000,0.000000,17.558755
307.000000,15.350000,29.434500,30.006773,14.548586,88.391752,2.486599,0.024308,29.992598,14.528839,0.091620,0.160794,0.000000,0.000000,0.000000,0.000000,17.660079
308.000000,15.400000,28.751700,30.010262,14.672867,88.828084,2.494639,0.018777,29.996710,14.685864,0.089985,-0.037909,0.000000,0.000000,0.000000,0.000000,17.761929
309.000000,15.450000,29.291800,30.012814,14.797573,89.257972,2.492743,0.047356,29.999178,14.842923,0.102295,0.041707,0.000000,0.000000,0.000000,0.000000,17.863742
310.000000,15.500000,28.480000,30.014428,14.922199,89.746683,2.494829,0.079127,30.000000,15.000000,0.093344,0.006928,0.000000,0.000000,0.000000,0.000000,17.965948
311.000000,15.550000,28.410800,30.014979,15.046940,90.192742,2.495175,0.049272,30.000000,15.000000,0.105922,-0.026567,0.000000,0.000000,0.000000,0.000000,18.067367
312.000000,15.600000,29.353600,30.014559,15.171698,90.699401,2.493847,0.021222,29.999178,15.157077,0.099723,-0.084950,0.000000,0.000000,0.000000,0.000000,18.169293
313.000000,15.650000,29.284400,30.013037,15.296381,91.175950,2.489599,0.024121,29.996710,15.314136,0.104265,-0.031662,0.000000,0.000000,0.000000,0.000000,18.270426
314.000000,15.700000,28.885700,30.010483,15.420834,91.673512,2.488016,0.053410,29.992598,15.471161,0.100774,0.036444,0.000000,0.000000,0.000000,0.000000,18.371357
315.000000,15.750000,29.328600,30.006850,15.545182,92.153992,2.489838,0.075380,29.992598,15.471161,0.108159,0.106385,0.000000,0.000000,0.000000,0.000000,18.471654
316.000000,15.800000,29.194600,30.002171,15.669586,92.670327,2.495157,0.044195,29.986842,15.628135,0.127458,-0.102892,0.000000,0.000000,0.000000,0.000000,18.572184
317.000000,15.850000,28.578700,29.996358,15.794209,93.281025,2.490013,0.019241,29.979443,15.785039,0.115548,-0.035369,0.000000,0.000000,0.000000,0.000000,18.673874
318.000000,15.900000,29.767200,29.989233,15.918505,93.832980,2.488244,0.030000,29.970401,15.941858,0.114167,0.032957,0.000000,0.000000,0.000000,0.000000,18.774073
319.000000,15.950000,28.994500,29.980916,16.042639,94.377891,2.489892,0.059816,29.959717,16.098573,0.094557,-0.053361,0.000000,0.000000,0.000000,0.000000,18.873697
320.000000,16.000000,28.637500,29.971413,16.166770,94.828886,2.487224,0.069193,29.959717,16.098573,0.099405,0.038517,0.000000,0.000000,0.000000,0.000000,18.971585
321.000000,16.050000,28.532400,29.960944,16.290690,95.302644,2.489150,0.038020,29.947393,16.255168,0.092510,-0.035255,0.000000,0.000000,0.000000,0.000000,19.069408
322.000000,16.100000,29.044300,29.949442,16.414615,95.743690,2.487387,0.016289,29.933429,16.411625,0.101459,-0.013397,0.000000,0.000000,0.000000,0.000000,19.166469
323.000000,16.150000,28.601300,29.936995,16.538360,96.227336,2.486718,0.035236,29.917828,16.567927,0.101635,-0.019409,0.000000,0.000000,0.000000,0.000000,19.263822
324.000000,16.200000,42.960700,29.923508,16.661962,96.711700,2.485747,0.066189,29.900591,16.724057,0.085227,0.013522,0.000000,0.000000,0.000000,0.000000,19.360813
325.000000,16.250000,28.964100,29.908982,16.785398,97.117289,2.486423,0.061912,29.900591,16.724057,0.092275,0.122255,0.000000,0.000000,0.000000,0.000000,19.456174
326.000000,16.300000,28.645800,29.893579,16.908761,97.556725,2.492536,0.031111,29.881721,16.879998,0.090187,-0.000764,0.000000,0.000000,0.000000,0.000000,19.551836
327.000000,16.350000,28.112900,29.877189,17.032306,97.987221,2.492498,0.016336,29.861218,17.035734,0.108684,0.056194,0.000000,0.000000,0.000000,0.000000,19.647267
328.000000,16.400000,30.690200,29.859872,17.155721,98.506639,2.495307,0.041159,29.839085,17.191245,0.099322,-0.020226,0.000000,0.000000,0.000000,0.000000,19.743851
329.000000,16.450000,30.533800,29.841417,17.279114,98.981538,2.494296,0.072277,29.815325,17.346517,0.096176,-0.153852,0.000000,0.000000,0.000000,0.000000,19.839398
330.000000,16.500000,31.300700,29.821947,17.402300,99.441113,2.486603,0.056174,29.815325,17.346517,0.108962,0.016599,0.000000,0.000000,0.000000,0.000000,19.934303
331.000000,16.550000,31.162400,29.801552,17.524946,99.960637,2.487433,0.026136,29.789941,17.501531,0.095355,0.100072,0.000000,0.000000,0.000000,0.000000,20.029619
332.000000,16.600000,29.799600,29.780040,17.647443,100.415014,2.492437,0.019249,29.762934,17.656271,0.116554,0.097553,0.000000,0.000000,0.000000,0.000000,20.123442
333.000000,16.650000,29.733900,29.757511,17.770012,100.972360,2.497315,0.046856,29.734309,17.810720,0.097853,-0.020379,0.000000,0.000000,0.000000,0.000000,20.218891
334.000000,16.700000,44.080900,29.733744,17.892595,101.440566,2.496296,0.078122,29.704068,17.964860,0.100112,-0.061964,0.000000,0.000000,0.000000,0.000000,20.312487
335.000000,16.750000,29.645800,29.708987,18.014929,101.919458,2.493198,0.050310,29.704068,17.964860,0.089186,-0.057044,0.000000,0.000000,0.000000,0.000000,20.405886
336.000000,16.800000,42.972600,29.683240,18.136902,102.345261,2.490345,0.021302,29.672214,18.118675,0.102332,-0.097949,0.000000,0.000000,0.000000,0.000000,20.497861
337.000000,16.850000,29.034900,29.656618,18.258540,102.833678,2.485448,0.022460,29.638751,18.272149,0.098000,-0.109294,0.000000,0.000000,0.000000,0.000000,20.590570
338.000000,16.900000,29.332600,29.629015,18.379708,103.300363,2.479983,0.052125,29.603684,18.425263,0.096952,0.112712,0.000000,0.000000,0.000000,0.000000,20.682335
339.000000,16.950000,28.743900,29.600488,18.500381,103.761014,2.485619,0.075186,29.603684,18.425263,0.095176,0.125657,0.000000,0.000000,0.000000,0.000000,20.773450
340.000000,17.000000,28.862100,29.570925,18.621094,104.214201,2.491902,0.043270,29.567014,18.578002,0.096783,-0.079119,0.000000,0.000000,0.000000,0.000000,20.864262
341.000000,17.050000,29.320200,29.540331,18.741875,104.676254,2.487946,0.016341,29.528747,18.730348,0.103988,0.054429,0.000000,0.000000,0.000000,0.000000,20.955107
342.000000,17.100000,43.273900,29.508814,18.862213,105.172155,2.490667,0.028284,29.488887,18.882286,0.103558,-0.092666,0.000000,0.000000,0.000000,0.000000,21.046109
343.000000,17.150000,29.952200,29.476221,18.982406,105.666532,2.486034,0.058903,29.447439,19.033797,0.111254,0.101699,0.000000,0.000000,0.000000,0.000000,21.136770
344.000000,17.200000,29.469300,29.442655,19.102090,106.196953,2.491119,0.068460,29.447439,19.033797,0.084481,-0.036069,0.000000,0.000000,0.000000,0.000000,21.227581
345.000000,17.250000,29.573800,29.407911,19.221702,106.599848,2.489315,0.037002,29.404405,19.184867,0.108707,-0.066253,0.000000,0.000000,0.000000,0.000000,21.315607
346.000000,17.300000,28.876100,29.372353,19.340980,107.118714,2.486003,0.013714,29.359792,19.335477,0.099917,0.005074,0.000000,0.000000,0.000000,0.000000,21.405584
347.000000,17.350000,29.126400,29.335765,19.459774,107.594695,2.486256,0.034040,29.313605,19.485612,0.096934,-0.058289,0.000000,0.000000,0.000000,0.000000,21.494162
348.000000,17.400000,29.173500,29.298188,19.578271,108.056422,2.483342,0.065521,29.265848,19.635255,0.094856,0.075396,0.000000,0.000000,0.000000,0.000000,21.582076
349.000000,17.450000,29.000800,29.259702,19.696323,108.507664,2.487112,0.061377,29.265848,19.635255,0.110368,0.068989,0.000000,0.000000,0.000000,0.000000,21.669319
350.000000,17.500000,29.638200,29.220227,19.814247,109.034054,2.490561,0.030086,29.216526,19.784390,0.098004,0.031889,0.000000,0.000000,0.000000,0.000000,21.757868
351.000000,17.550000,28.998500,29.179615,19.931967,109.501719,2.492156,0.014008,29.165646,19.933000,0.100850,0.031202,0.000000,0.000000,0.000000,0.000000,21.844853
352.000000,17.600000,42.501500,29.138017,20.049426,109.983366,2.493716,0.040207,29.113212,20.081069,0.100870,-0.121594,0.000000,0.000000,0.000000,0.000000,21.931799
353.000000,17.650000,28.889200,29.095406,20.166605,110.465412,2.487636,0.071762,29.059230,20.228581,0.088558,-0.128191,0.000000,0.000000,0.000000,0.000000,22.018403
354.000000,17.700000,28.817900,29.051916,20.283136,110.887255,2.481227,0.055043,29.059230,20.228581,0.106608,0.026855,0.000000,0.000000,0.000000,0.000000,22.103138
355.000000,17.750000,28.745800,29.007685,20.399044,111.394371,2.482569,0.023859,29.003706,20.375519,0.100500,0.108748,0.000000,0.000000,0.000000,0.000000,22.189186
356.000000,17.800000,28.428300,28.962405,20.514619,111.872490,2.488007,0.017345,28.946647,20.521868,0.103753,0.031802,0.000000,0.000000,0.000000,0.000000,22.274208
357.000000,17.850000,28.488900,28.916060,20.630065,112.367274,2.489597,0.046839,28.888059,20.667612,0.081276,0.080132,0.000000,0.000000,0.000000,0.000000,22.359355
358.000000,17.900000,32.235300,28.868690,20.745179,112.754575,2.493603,0.078890,28.827947,20.812734,0.099379,0.046273,0.000000,0.000000,0.000000,0.000000,22.441764
359.000000,17.950000,29.007400,28.820466,20.860155,113.229427,2.495917,0.048008,28.827947,20.812734,0.097283,0.014568,0.000000,0.000000,0.000000,0.000000,22.525951
360.000000,18.000000,29.069800,28.771245,20.974834,113.694629,2.496645,0.018292,28.766319,20.957218,0.106071,-0.104029,0.000000,0.000000,0.000000,0.000000,22.609589
361.000000,18.050000,29.003600,28.721079,21.089143,114.202306,2.491444,0.021496,28.703182,21.101050,0.100893,-0.174482,0.000000,0.000000,0.000000,0.000000,22.693813
362.000000,18.100000,28.796100,28.670010,21.202766,114.684024,2.482720,0.052038,28.638542,21.244212,0.099295,0.005885,0.000000,0.000000,0.000000,0.000000,22.773935
363.000000,18.150000,29.179000,28.618169,21.315559,115.156397,2.483014,0.074199,28.638542,21.244212,0.091545,-0.045055,0.000000,0.000000,0.000000,0.000000,22.828414
364.000000,18.200000,37.926700,28.565394,21.427934,115.591741,2.480761,0.041837,28.572406,21.386689,0.095749,-0.002765,0.000000,0.000000,0.000000,0.000000,22.881290
365.000000,18.250000,30.039200,28.511815,21.539804,116.046782,2.480623,0.013341,28.504782,21.528466,0.089944,0.039802,0.000000,0.000000,0.000000,0.000000,22.934424
366.000000,18.300000,29.837700,28.457352,21.651238,116.474057,2.482613,0.028361,28.435676,21.669528,0.106622,-0.129725,0.000000,0.000000,0.000000,0.000000,22.986272
367.000000,18.350000,28.758700,28.402015,21.762351,116.981524,2.476127,0.060164,28.365098,21.809857,0.103101,0.065004,0.000000,0.000000,0.000000,0.000000,23.040430
368.000000,18.400000,29.056700,28.345844,21.872682,117.470830,2.479377,0.065708,28.365098,21.809857,0.086425,0.108454,0.000000,0.000000,0.000000,0.000000,23.093416
369.000000,18.450000,28.440200,28.288658,21.982673,117.881098,2.484800,0.033522,28.293054,21.949441,0.105237,0.147507,0.000000,0.000000,0.000000,0.000000,23.143411
370.000000,18.500000,28.720600,28.230558,22.092491,118.382364,2.492175,0.011791,28.219552,22.088261,0.097531,-0.065029,0.000000,0.000000,0.000000,0.000000,23.196175
371.000000,18.550000,28.852000,28.171325,22.202121,118.848062,2.488924,0.036043,28.144600,22.226305,0.106347,0.022763,0.000000,0.000000,0.000000,0.000000,23.247399
372.000000,18.600000,28.715400,28.111281,22.311124,119.355494,2.490062,0.067857,28.068207,22.363556,0.095949,0.092685,0.000000,0.000000,0.000000,0.000000,23.153096
373.000000,18.650000,28.751500,28.050246,22.419640,119.813201,2.494696,0.058889,28.068207,22.363556,0.094629,0.047969,0.000000,0.000000,0.000000,0.000000,23.052936
374.000000,18.700000,28.870600,27.988232,22.527866,120.265412,2.497095,0.027949,27.990381,22.500000,0.102091,0.037014,0.000000,0.000000,0.000000,0.000000,22.952329
375.000000,18.750000,28.257500,27.925304,22.635703,120.753992,2.498945,0.014174,27.911130,22.635621,0.107896,-0.120448,0.000000,0.000000,0.000000,0.000000,22.850846
376.000000,18.800000,29.002800,27.861412,22.743079,121.270946,2.492923,0.041285,27.830464,22.770405,0.086676,0.056514,0.000000,0.000000,0.000000,0.000000,22.748584
377.000000,18.850000,28.988800,27.796710,22.849617,121.684659,2.495749,0.073000,27.748390,22.904337,0.107212,0.024047,0.000000,0.000000,0.000000,0.000000,22.647393
378.000000,18.900000,28.554500,27.731166,22.955805,122.197656,2.496951,0.054274,27.748390,22.904337,0.104591,-0.046683,0.000000,0.000000,0.000000,0.000000,22.544643
379.000000,18.950000,29.808000,27.664642,23.061453,122.698260,2.494617,0.024053,27.664919,23.037402,0.107969,0.101427,0.000000,0.000000,0.000000,0.000000,22.441611
380.000000,19.000000,28.226200,27.597261,23.166418,123.214674,2.499688,0.017491,27.580059,23.169586,0.100393,0.084922,0.000000,0.000000,0.000000,0.000000,22.338129
381.000000,19.050000,41.794300,27.528797,23.270982,123.695573,2.503934,0.046010,27.493819,23.300873,0.091436,-0.078227,0.000000,0.000000,0.000000,0.000000,22.234461
382.000000,19.100000,29.976300,27.459340,23.375146,124.134056,2.500023,0.077271,27.406209,23.431251,0.098991,-0.094738,0.000000,0.000000,0.000000,0.000000,22.130735
383.000000,19.150000,30.533900,27.389198,23.478613,124.608258,2.495286,0.050324,27.406209,23.431251,0.099401,0.062640,0.000000,0.000000,0.000000,0.000000,22.026490
384.000000,19.200000,29.199400,27.318337,23.581300,125.083534,2.498418,0.020626,27.317238,23.560704,0.086804,-0.125715,0.000000,0.000000,0.000000,0.000000,21.922091
385.000000,19.250000,40.325800,27.246536,23.683525,125.498776,2.492132,0.020428,27.226917,23.689218,0.100684,0.039722,0.000000,0.000000,0.000000,0.000000,21.817837
386.000000,19.300000,28.770800,27.174179,23.784971,125.979617,2.494118,0.050267,27.135255,23.816779,0.104847,-0.010576,0.000000,0.000000,0.000000,0.000000,21.712921
387.000000,19.350000,42.053200,27.100914,23.885886,126.480886,2.493590,0.077169,27.135255,23.816779,0.099861,0.029299,0.000000,0.000000,0.000000,0.000000,21.607404
388.000000,19.400000,44.414000,27.026786,23.986135,126.958054,2.495054,0.045477,27.042262,23.943373,0.115970,-0.129539,0.000000,0.000000,0.000000,0.000000,21.501791
389.000000,19.450000,28.821500,26.951781,24.085822,127.513165,2.488578,0.017266,26.947949,24.068987,0.091372,-0.028887,0.000000,0.000000,0.000000,0.000000,21.395105
390.000000,19.500000,28.836500,26.876010,24.184521,127.948653,2.487133,0.025368,26.852325,24.193606,0.109112,0.127512,0.000000,0.000000,0.000000,0.000000,21.289347
391.000000,19.550000,28.871400,26.799537,24.282584,128.469012,2.493509,0.056101,26.755402,24.317217,0.092994,0.000511,0.000000,0.000000,0.000000,0.000000,21.182654
392.000000,19.600000,28.753000,26.721977,24.380198,128.913155,2.493534,0.071301,26.755402,24.317217,0.093183,0.012880,0.000000,0.000000,0.000000,0.000000,21.075980
393.000000,19.650000,28.889800,26.643662,24.477209,129.358211,2.494178,0.039774,26.657189,24.439806,0.112907,-0.010539,0.000000,0.000000,0.000000,0.000000,20.969016
394.000000,19.700000,28.649200,26.564576,24.573633,129.898346,2.493651,0.014069,26.557699,24.561360,0.097268,-0.109530,0.000000,0.000000,0.000000,0.000000,20.861018
395.000000,19.750000,31.276600,26.484601,24.669287,130.363055,2.488175,0.030386,26.456940,24.681865,0.094281,-0.034642,0.000000,0.000000,0.000000,0.000000,20.753256
396.000000,19.800000,29.539600,26.404031,24.764081,130.812414,2.486443,0.061621,26.354926,24.801309,0.098117,0.088863,0.000000,0.000000,0.000000,0.000000,20.645545
397.000000,19.850000,29.435000,26.322776,24.858175,131.279848,2.490886,0.065325,26.354926,24.801309,0.114447,0.066642,0.000000,0.000000,0.000000,0.000000,20.537509
398.000000,19.900000,30.076800,26.240609,24.951770,131.826692,2.494218,0.033943,26.251666,24.919678,0.093253,-0.055239,0.000000,0.000000,0.000000,0.000000,20.428479
399.000000,19.950000,30.267300,26.157442,25.044700,132.272205,2.491456,0.012860,26.147172,25.036959,0.107710,-0.042519,0.000000,0.000000,0.000000,0.000000,20.319618
400.000000,20.000000,30.367900,26.073648,25.136878,132.786715,2.489330,0.036065,26.041456,25.153140,0.097029,0.033019,0.000000,0.000000,0.000000,0.000000,20.210194
401.000000,20.050000,30.806700,25.989101,25.228223,133.249470,2.490981,0.067652,25.934529,25.268207,0.089332,-0.085778,0.000000,0.000000,0.000000,0.000000,20.100857
402.000000,20.100000,30.136800,25.903763,25.318942,133.675592,2.486692,0.059335,25.934529,25.268207,0.091251,-0.092140,0.000000,0.000000,0.000000,0.000000,19.991385
403.000000,20.150000,29.414000,25.817901,25.408868,134.110170,2.482085,0.028041,25.826403,25.382148,0.087841,0.019293,0.000000,0.000000,0.000000,0.000000,19.881811
404.000000,20.200000,29.153100,25.731519,25.497975,134.527646,2.483050,0.014743,25.717090,25.494950,0.109583,0.043243,0.000000,0.000000,0.000000,0.000000,19.772279
405.000000,20.250000,28.446000,25.644457,25.586485,135.049411,2.485212,0.042868,25.606602,25.606602,0.085468,-0.072608,0.000000,0.000000,0.000000,0.000000,19.661972
406.000000,20.300000,29.119000,25.556516,25.674275,135.456067,2.481581,0.074990,25.494950,25.717090,0.103607,-0.023097,0.000000,0.000000,0.000000,0.000000,19.551806
407.000000,20.350000,29.008200,25.468083,25.761311,135.948873,2.480427,0.051743,25.494950,25.717090,0.087987,-0.063183,0.000000,0.000000,0.000000,0.000000,19.441208
408.000000,20.400000,28.522600,25.378946,25.847543,136.366771,2.477268,0.021380,25.382148,25.826403,0.109434,0.122204,0.000000,0.000000,0.000000,0.000000,19.330699
409.000000,20.450000,28.369500,25.289297,25.933013,136.886606,2.483378,0.021145,25.268207,25.934529,0.098615,0.010664,0.000000,0.000000,0.000000,0.000000,19.219722
410.000000,20.500000,29.077000,25.198654,26.017876,137.355850,2.483911,0.051260,25.153140,26.041456,0.093973,-0.041192,0.000000,0.000000,0.000000,0.000000,19.108384
411.000000,20.550000,29.115500,25.107299,26.102011,137.802965,2.481851,0.075949,25.153140,26.041456,0.099690,0.044781,0.000000,0.000000,0.000000,0.000000,18.996852
412.000000,20.600000,28.963500,25.015366,26.185362,138.277067,2.484090,0.043872,25.036959,26.147172,0.105128,-0.028395,0.000000,0.000000,0.000000,0.000000,18.885105
413.000000,20.650000,28.894800,24.922663,26.268024,138.777668,2.482671,0.016628,24.919678,26.251666,0.091604,-0.032791,0.000000,0.000000,0.000000,0.000000,18.772951
414.000000,20.700000,29.166200,24.829295,26.349826,139.213232,2.481031,0.028447,24.801309,26.354926,0.115642,0.089914,0.000000,0.000000,0.000000,0.000000,18.660773
415.000000,20.750000,29.891000,24.735370,26.430862,139.763648,2.485527,0.059522,24.681865,26.456940,0.085481,-0.052580,0.000000,0.000000,0.000000,0.000000,18.548213
416.000000,20.800000,29.516700,24.640499,26.511137,140.170417,2.482898,0.068179,24.681865,26.456940,0.103572,0.113955,0.000000,0.000000,0.000000,0.000000,18.435459
417.000000,20.850000,30.031300,24.545162,26.590653,140.663315,2.488595,0.036720,24.561360,26.557699,0.096089,0.044099,0.000000,0.000000,0.000000,0.000000,18.322495
418.000000,20.900000,30.378400,24.448924,26.669526,141.121427,2.490800,0.015340,24.439806,26.657189,0.120134,0.072950,0.000000,0.000000,0.000000,0.000000,18.209094
419.000000,20.950000,28.726700,24.351972,26.747696,141.695678,2.494448,0.035599,24.317217,26.755402,0.088974,-0.072767,0.000000,0.000000,0.000000,0.000000,18.095274
420.000000,21.000000,29.059900,24.254099,26.825004,142.120678,2.490810,0.066376,24.193606,26.852325,0.103045,-0.092091,0.000000,0.000000,0.000000,0.000000,17.981144
421.000000,21.050000,28.780100,24.155798,26.901472,142.612614,2.486205,0.062006,24.193606,26.852325,0.085348,-0.093546,0.000000,0.000000,0.000000,0.000000,17.866967
422.000000,21.100000,28.660600,24.057028,26.976953,143.018861,2.481528,0.031373,24.068987,26.947949,0.120306,0.024128,0.000000,0.000000,0.000000,0.000000,17.752805
423.000000,21.150000,28.785800,23.957911,27.051591,143.591804,2.482734,0.017274,23.943373,27.042262,0.089386,-0.029017,0.000000,0.000000,0.000000,0.000000,17.638713
424.000000,21.200000,30.026700,23.858005,27.125271,144.016777,2.481283,0.042418,23.816779,27.135255,0.093988,0.138591,0.000000,0.000000,0.000000,0.000000,17.524275
425.000000,21.250000,28.890000,23.757613,27.198164,144.463494,2.488213,0.074194,23.689218,27.226917,0.101210,0.067878,0.000000,0.000000,0.000000,0.000000,17.409749
426.000000,21.300000,28.461100,23.656375,27.270475,144.946106,2.491607,0.054552,23.689218,27.226917,0.080752,0.026037,0.000000,0.000000,0.000000,0.000000,17.294763
427.000000,21.350000,29.116100,23.554392,27.342027,145.331211,2.492909,0.025580,23.560704,27.317238,0.118290,-0.066665,0.000000,0.000000,0.000000,0.000000,17.179311
428.000000,21.400000,28.765000,23.451877,27.412929,145.897043,2.489575,0.021693,23.431251,27.406209,0.095654,0.090962,0.000000,0.000000,0.000000,0.000000,17.063934
429.000000,21.450000,30.167300,23.348804,27.482722,146.353245,2.494123,0.049199,23.300873,27.493819,0.111172,-0.041597,0.000000,0.000000,0.000000,0.000000,16.948316
430.000000,21.500000,30.881800,23.244990,27.551818,146.884998,2.492044,0.080520,23.169586,27.580059,0.098268,0.014874,0.000000,0.000000,0.000000,0.000000,16.832493
431.000000,21.550000,30.703600,23.140627,27.619891,147.354209,2.492787,0.049247,23.169586,27.580059,0.107140,-0.073826,0.000000,0.000000,0.000000,0.000000,16.716440
432.000000,21.600000,29.723600,23.035678,27.687127,147.866249,2.489096,0.022275,23.037402,27.664919,0.096437,0.011605,0.000000,0.000000,0.000000,0.000000,16.600323
433.000000,21.650000,28.583500,22.930288,27.753324,148.326120,2.489676,0.026416,22.904337,27.748390,0.100288,-0.027943,0.000000,0.000000,0.000000,0.000000,16.484060
434.000000,21.700000,28.989300,22.824346,27.818689,148.804590,2.488279,0.055211,22.770405,27.830464,0.095825,0.006636,0.000000,0.000000,0.000000,0.000000,16.367693
435.000000,21.750000,29.345800,22.717922,27.883130,149.261372,2.488611,0.074352,22.770405,27.830464,0.112320,-0.118899,0.000000,0.000000,0.000000,0.000000,16.251172
436.000000,21.800000,30.236800,22.610973,27.946729,149.797472,2.482666,0.043299,22.635621,27.911130,0.105964,0.036087,0.000000,0.000000,0.000000,0.000000,16.134831
437.000000,21.850000,29.042400,22.503690,28.009175,150.301795,2.484470,0.019153,22.500000,27.990381,0.095262,-0.036709,0.000000,0.000000,0.000000,0.000000,16.018504
438.000000,21.900000,29.115700,22.395784,28.070720,150.755184,2.482635,0.032325,22.363556,28.068207,0.093855,-0.057248,0.000000,0.000000,0.000000,0.000000,15.901726
439.000000,21.950000,28.432600,22.287474,28.131363,151.201507,2.479772,0.062585,22.226305,28.144600,0.094883,0.094206,0.000000,0.000000,0.000000,0.000000,15.784886
440.000000,22.000000,29.048100,22.178820,28.191092,151.652228,2.484483,0.066456,22.226305,28.144600,0.089790,-0.038937,0.000000,0.000000,0.000000,0.000000,15.668098
441.000000,22.050000,30.857800,22.069493,28.250077,152.079430,2.482536,0.035833,22.088261,28.219552,0.101815,0.008478,0.000000,0.000000,0.000000,0.000000,15.550846
442.000000,22.100000,29.606600,21.959815,28.308199,152.563837,2.482960,0.018357,21.949441,28.293054,0.094144,0.015625,0.000000,0.000000,0.000000,0.000000,15.433929
443.000000,22.150000,29.419500,21.849630,28.365401,153.011600,2.483741,0.039774,21.809857,28.365098,0.106694,0.059709,0.000000,0.000000,0.000000,0.000000,15.316670
444.000000,22.200000,29.724500,21.738967,28.421758,153.519645,2.486727,0.070821,21.669528,28.435676,0.104742,-0.003664,0.000000,0.000000,0.000000,0.000000,15.199682
445.000000,22.250000,29.040800,21.627675,28.477199,154.018923,2.486543,0.058955,21.669528,28.435676,0.104365,-0.054762,0.000000,0.000000,0.000000,0.000000,15.082413
446.000000,22.300000,29.607100,21.515913,28.531663,154.516356,2.483805,0.029669,21.528466,28.504782,0.098500,0.002861,0.000000,0.000000,0.000000,0.000000,14.965070
447.000000,22.350000,28.735100,21.403805,28.585097,154.985128,2.483948,0.021308,21.386689,28.572406,0.109007,-0.132779,0.000000,0.000000,0.000000,0.000000,14.847578
448.000000,22.400000,30.362700,21.291258,28.637614,155.504314,2.477309,0.047055,21.244212,28.638542,0.110912,0.154819,0.000000,0.000000,0.000000,0.000000,14.730422
449.000000,22.450000,29.599800,21.178541,28.688972,156.031234,2.485050,0.078784,21.101050,28.703182,0.093613,0.083243,0.000000,0.000000,0.000000,0.000000,14.613613
450.000000,22.500000,29.133000,21.065003,28.739448,156.476831,2.489213,0.051133,21.101050,28.703182,0.108985,-0.045418,0.000000,0.000000,0.000000,0.000000,14.495685
451.000000,22.550000,28.400500,20.950886,28.789123,156.997014,2.486942,0.023666,20.957218,28.766319,0.101969,0.066430,0.000000,0.000000,0.000000,0.000000,14.378183
452.000000,22.600000,29.345900,20.836426,28.837715,157.483024,2.490263,0.025627,20.812734,28.827947,0.089931,-0.033273,0.000000,0.000000,0.000000,0.000000,14.260455
453.000000,22.650000,29.418600,20.721405,28.885398,157.911897,2.488599,0.053859,20.667612,28.888059,0.102883,0.114022,0.000000,0.000000,0.000000,0.000000,14.141989
454.000000,22.700000,29.110400,20.606107,28.932188,158.402621,2.494300,0.075698,20.667612,28.888059,0.097489,-0.034283,0.000000,0.000000,0.000000,0.000000,14.024198
455.000000,22.750000,28.755100,20.490148,28.978093,158.868510,2.492586,0.044665,20.521868,28.946647,0.105693,-0.075403,0.000000,0.000000,0.000000,0.000000,13.905867
456.000000,22.800000,29.093800,20.373900,29.023023,159.373543,2.488816,0.019384,20.375519,29.003706,0.105821,-0.064844,0.000000,0.000000,0.000000,0.000000,13.788038
457.000000,22.850000,29.221600,20.257436,29.066860,159.878425,2.485574,0.029847,20.228581,29.059230,0.094694,0.048348,0.000000,0.000000,0.000000,0.000000,13.670416
458.000000,22.900000,28.305300,20.140742,29.109614,160.329296,2.487991,0.059782,20.081069,29.113212,0.099992,-0.119401,0.000000,0.000000,0.000000,0.000000,13.552366
459.000000,22.950000,28.945800,20.023602,29.151488,160.806021,2.482021,0.069047,20.081069,29.113212,0.104023,-0.003132,0.000000,0.000000,0.000000,0.000000,13.434519
460.000000,23.000000,28.531800,19.906400,29.192289,161.300907,2.481865,0.037648,19.933000,29.165646,0.091606,0.009261,0.000000,0.000000,0.000000,0.000000,13.317226
461.000000,23.050000,28.720100,19.788857,29.232073,161.736341,2.482328,0.016176,19.784390,29.216526,0.095674,-0.060525,0.000000,0.000000,0.000000,0.000000,13.199252
462.000000,23.100000,28.583400,19.670993,29.270970,162.191311,2.479302,0.036103,19.635255,29.265848,0.078668,0.039183,0.000000,0.000000,0.000000,0.000000,13.081542
463.000000,23.150000,30.079300,19.552968,29.308883,162.564586,2.481261,0.067521,19.485612,29.313605,0.114546,0.078986,0.000000,0.000000,0.000000,0.000000,12.962962
464.000000,23.200000,30.248600,19.434605,29.346056,163.109790,2.485210,0.060455,19.485612,29.313605,0.082549,0.082030,0.000000,0.000000,0.000000,0.000000,12.846627
465.000000,23.250000,28.915900,19.315705,29.382159,163.502494,2.489312,0.029853,19.335477,29.359792,0.104627,-0.038212,0.000000,0.000000,0.000000,0.000000,12.728100
466.000000,23.300000,30.231900,19.196363,29.417504,164.001737,2.487401,0.017428,19.184867,29.404405,0.095492,0.113913,0.000000,0.000000,0.000000,0.000000,12.610929
467.000000,23.350000,28.545200,19.076810,29.451781,164.456764,2.493097,0.043231,19.033797,29.447439,0.095959,0.025849,0.000000,0.000000,0.000000,0.000000,12.493325
468.000000,23.400000,29.334100,18.956714,29.485184,164.915075,2.494389,0.074520,18.882286,29.488887,0.103919,-0.041969,0.000000,0.000000,0.000000,0.000000,12.375585
469.000000,23.450000,29.335200,18.836292,29.517643,165.411928,2.492291,0.054243,18.882286,29.488887,0.097070,-0.008627,0.000000,0.000000,0.000000,0.000000,12.258482
470.000000,23.500000,30.975800,18.715695,29.549029,165.875433,2.491859,0.025021,18.730348,29.528747,0.100039,0.016778,0.000000,0.000000,0.000000,0.000000,12.141110
471.000000,23.550000,31.703900,18.594869,29.579434,166.353122,2.492698,0.020946,18.578002,29.567014,0.107049,-0.041977,0.000000,0.000000,0.000000,0.000000,12.024124
472.000000,23.600000,31.288100,18.473753,29.608840,166.864705,2.490599,0.048763,18.425263,29.603684,0.108175,-0.024124,0.000000,0.000000,0.000000,0.000000,11.907813
473.000000,23.650000,29.974000,18.352481,29.637139,167.381276,2.489393,0.080103,18.425263,29.603684,0.088899,-0.148878,0.000000,0.000000,0.000000,0.000000,11.791890
474.000000,23.700000,29.882300,18.231018,29.664331,167.805051,2.481949,0.048436,18.272149,29.638751,0.109209,0.028760,0.000000,0.000000,0.000000,0.000000,11.674645
475.000000,23.750000,29.008700,18.109720,29.690545,168.324791,2.483387,0.020402,18.118675,29.672214,0.102954,-0.112641,0.000000,0.000000,0.000000,0.000000,11.559617
476.000000,23.800000,28.914000,17.988120,29.715673,168.814828,2.477755,0.025994,17.964860,29.704068,0.083959,0.083806,0.000000,0.000000,0.000000,0.000000,11.443883
477.000000,23.850000,28.338100,17.866586,29.739704,169.213070,2.481945,0.056126,17.810720,29.734309,0.096023,-0.069462,0.000000,0.000000,0.000000,0.000000,11.319568
478.000000,23.900000,29.088200,17.744681,29.762930,169.669640,2.478472,0.071974,17.810720,29.734309,0.096016,0.169592,0.000000,0.000000,0.000000,0.000000,11.195090
479.000000,23.950000,28.956100,17.622766,29.785153,170.125535,2.486952,0.040202,17.656271,29.762934,0.118030,0.007732,0.000000,0.000000,0.000000,0.000000,11.070922
480.000000,24.000000,28.685600,17.500261,29.806477,170.688765,2.487339,0.016585,17.501531,29.789941,0.090649,0.060861,0.000000,0.000000,0.000000,0.000000,10.946481
481.000000,24.050000,28.347100,17.377532,29.826599,171.120575,2.490382,0.033001,17.346517,29.815325,0.105695,-0.042412,0.000000,0.000000,0.000000,0.000000,10.822212
482.000000,24.100000,28.859000,17.254506,29.845819,171.625172,2.488261,0.063618,17.191245,29.839085,0.106553,-0.039049,0.000000,0.000000,0.000000,0.000000,10.698007
483.000000,24.150000,29.591300,17.131419,29.863940,172.133461,2.486309,0.064784,17.191245,29.839085,0.100805,0.036991,0.000000,0.000000,0.000000,0.000000,10.574144
484.000000,24.200000,28.869400,17.008274,29.880954,172.613763,2.488158,0.033817,17.035734,29.861218,0.100091,0.042328,0.000000,0.000000,0.000000,0.000000,10.448681
485.000000,24.250000,28.501700,16.884898,29.896948,173.090993,2.490275,0.015996,16.879998,29.881721,0.084323,0.076988,0.000000,0.000000,0.000000,0.000000,10.315833
486.000000,24.300000,29.768700,16.761289,29.911926,173.492994,2.494124,0.038919,16.724057,29.900591,0.099132,-0.010015,0.000000,0.000000,0.000000,0.000000,10.184321
487.000000,24.350000,28.890100,16.637386,29.926058,173.966756,2.493623,0.069945,16.567927,29.917828,0.097107,-0.050630,0.000000,0.000000,0.000000,0.000000,10.051498
488.000000,24.400000,29.453900,16.513395,29.939163,174.430683,2.491092,0.058557,16.567927,29.917828,0.091935,0.040270,0.000000,0.000000,0.000000,0.000000,9.919025
489.000000,24.450000,28.682000,16.389429,29.951251,174.869311,2.493105,0.028465,16.411625,29.933429,0.093147,-0.145217,0.000000,0.000000,0.000000,0.000000,9.787260
490.000000,24.500000,28.748600,16.265273,29.962399,175.314115,2.485844,0.018091,16.255168,29.947393,0.100636,0.029502,0.000000,0.000000,0.000000,0.000000,9.655460
491.000000,24.550000,29.192900,16.141396,29.972553,175.793516,2.487319,0.044705,16.098573,29.959717,0.090391,0.067962,0.000000,0.000000,0.000000,0.000000,9.523671
492.000000,24.600000,28.947400,16.017365,29.981675,176.224087,2.490718,0.076344,15.941858,29.970401,0.086884,0.137577,0.000000,0.000000,0.000000,0.000000,9.392773
493.000000,24.650000,28.838400,15.893100,29.989876,176.638429,2.497596,0.052504,15.941858,29.970401,0.086846,0.105792,0.000000,0.000000,0.000000,0.000000,9.262146
494.000000,24.700000,29.882100,15.768435,29.997199,177.053735,2.502886,0.024310,15.785039,29.979443,0.060196,0.059698,0.000000,0.000000,0.000000,0.000000,9.131364
495.000000,24.750000,29.223600,15.643456,30.003631,177.341830,2.505871,0.022729,15.628135,29.986842,0.076669,-0.046662,0.000000,0.000000,0.000000,0.000000,9.002323
496.000000,24.800000,28.879400,15.518297,30.009442,177.709480,2.503538,0.050055,15.471161,29.992598,0.069735,0.053186,0.000000,0.000000,0.000000,0.000000,8.872168
497.000000,24.850000,29.356400,15.393220,30.014445,178.043453,2.506197,0.080945,15.471161,29.992598,0.064338,0.014522,0.000000,0.000000,0.000000,0.000000,8.742783
498.000000,24.900000,29.943600,15.267983,30.018723,178.351833,2.506923,0.051134,15.314136,29.996710,0.063752,0.014835,0.000000,0.000000,0.000000,0.000000,8.613787
499.000000,24.950000,29.310100,15.142689,30.022328,178.657482,2.507665,0.027257,15.157077,29.999178,0.055560,0.005254,0.000000,0.000000,0.000000,0.000000,8.484966
500.000000,25.000000,30.412100,15.017340,30.025266,178.923847,2.507928,0.030644,15.000000,30.000000,0.046201,-0.114268,0.000000,0.000000,0.000000,0.000000,8.356785
501.000000,25.050000,30.323300,14.891966,30.027621,179.145298,2.502214,0.028766,14.900000,30.000000,0.053347,-0.050759,0.000000,0.000000,0.000000,0.000000,8.229304
502.000000,25.100000,30.046600,14.766869,30.029487,179.400481,2.499676,0.044353,14.800000,30.000000,0.040317,-0.003792,0.000000,0.000000,0.000000,0.000000,8.101839
503.000000,25.150000,29.039500,14.641892,30.030795,179.593060,2.499487,0.051993,14.600000,30.000000,0.035361,0.019237,0.000000,0.000000,0.000000,0.000000,7.975405
504.000000,25.200000,29.252900,14.516921,30.031683,179.761931,2.500449,0.035918,14.500000,30.000000,0.040520,-0.029028,0.000000,0.000000,0.000000,0.000000,7.849384
505.000000,25.250000,29.342500,14.391900,30.032202,179.955542,2.498997,0.033205,14.400000,30.000000,0.015092,0.024515,0.000000,0.000000,0.000000,0.000000,7.723156
506.000000,25.300000,29.603800,14.266950,30.032299,180.027579,2.500223,0.046212,14.300000,30.000000,0.015266,-0.092426,0.000000,0.000000,0.000000,0.000000,7.598493
507.000000,25.350000,29.166400,14.141939,30.032239,180.100482,2.495602,0.052898,14.100000,30.000000,0.008909,-0.024732,0.000000,0.000000,0.000000,0.000000,7.473828
508.000000,25.400000,30.093300,14.017159,30.032020,180.142947,2.494365,0.036328,14.000000,30.000000,0.010010,-0.006391,0.000000,0.000000,0.000000,0.000000,7.349793
509.000000,25.450000,29.677700,13.892441,30.031709,180.190637,2.494045,0.032597,13.900000,30.000000,0.016630,0.001331,0.000000,0.000000,0.000000,0.000000,7.225819
510.000000,25.500000,29.024500,13.767739,30.031294,180.269858,2.494112,0.044945,13.800000,30.000000,0.010304,0.039914,0.000000,0.000000,0.000000,0.000000,7.101588
511.000000,25.550000,29.087700,13.643035,30.030707,180.318943,2.496108,0.052867,13.600000,30.000000,-0.000029,0.068677,0.000000,0.000000,0.000000,0.000000,6.977753
512.000000,25.600000,29.164000,13.518232,30.030012,180.318804,2.499541,0.035116,13.500000,30.000000,0.025554,0.090653,0.000000,0.000000,0.000000,0.000000,6.854398
513.000000,25.650000,29.547400,13.393257,30.029316,180.440820,2.504074,0.030082,13.400000,30.000000,-0.005620,-0.081927,0.000000,0.000000,0.000000,0.000000,6.729667
514.000000,25.700000,29.356200,13.268057,30.028353,180.413942,2.499978,0.042712,13.300000,30.000000,-0.001294,-0.034115,0.000000,0.000000,0.000000,0.000000,6.606332
515.000000,25.750000,29.045300,13.143061,30.027450,180.407765,2.498272,0.051066,13.100000,30.000000,0.008864,-0.023243,0.000000,0.000000,0.000000,0.000000,6.483027
516.000000,25.800000,30.048000,13.018150,30.026561,180.450058,2.497110,0.032170,13.000000,30.000000,-0.002351,-0.035383,0.000000,0.000000,0.000000,0.000000,6.359376
517.000000,25.850000,29.335900,12.893299,30.025580,180.438848,2.495341,0.026444,12.900000,30.000000,-0.008851,-0.094271,0.000000,0.000000,0.000000,0.000000,6.236383
518.000000,25.900000,28.850300,12.768535,30.024625,180.396665,2.490627,0.039955,12.800000,30.000000,0.006200,0.048824,0.000000,0.000000,0.000000,0.000000,6.113826
519.000000,25.950000,29.017400,12.644007,30.023763,180.426159,2.493068,0.050013,12.600000,30.000000,0.000050,-0.044895,0.000000,0.000000,0.000000,0.000000,5.990852
520.000000,26.000000,29.335300,12.519357,30.022835,180.426398,2.490824,0.029936,12.500000,30.000000,0.012831,0.012339,0.000000,0.000000,0.000000,0.000000,5.868113
521.000000,26.050000,28.813300,12.394819,30.021909,180.487440,2.491441,0.022513,12.400000,30.000000,0.010106,0.109329,0.000000,0.000000,0.000000,0.000000,5.744989
522.000000,26.100000,28.751800,12.270252,30.020849,180.535530,2.496907,0.036327,12.300000,30.000000,-0.011965,-0.049726,0.000000,0.000000,0.000000,0.000000,5.622063
523.000000,26.150000,28.799000,12.145412,30.019682,180.478468,2.494421,0.049494,12.100000,30.000000,-0.018119,0.091274,0.000000,0.000000,0.000000,0.000000,5.499914
524.000000,26.200000,28.194400,12.020695,30.018640,180.392139,2.498984,0.027852,12.000000,30.000000,-0.027645,-0.013507,0.000000,0.000000,0.000000,0.000000,5.378189
525.000000,26.250000,29.065000,11.895749,30.017785,180.260164,2.498309,0.018286,11.900000,30.000000,0.003905,-0.021627,0.000000,0.000000,0.000000,0.000000,5.256673
526.000000,26.300000,29.302500,11.770835,30.017218,180.278795,2.497228,0.033868,11.800000,30.000000,0.005649,0.000662,0.000000,0.000000,0.000000,0.000000,5.133872
527.000000,26.350000,28.924800,11.645975,30.016611,180.305739,2.497261,0.048884,11.600000,30.000000,0.018787,-0.169667,0.000000,0.000000,0.000000,0.000000,5.011154
528.000000,26.400000,29.082900,11.521114,30.015944,180.395355,2.488777,0.026458,11.500000,30.000000,-0.000342,0.142390,0.000000,0.000000,0.000000,0.000000,4.888026
529.000000,26.450000,29.290300,11.396678,30.015086,180.393729,2.495897,0.015447,11.400000,30.000000,0.007175,-0.088806,0.000000,0.000000,0.000000,0.000000,4.766226
530.000000,26.500000,28.542500,11.271886,30.014228,180.427930,2.491457,0.031509,11.300000,30.000000,0.007123,-0.111325,0.000000,0.000000,0.000000,0.000000,4.643897
531.000000,26.550000,29.132600,11.147316,30.013298,180.461824,2.485890,0.049149,11.100000,30.000000,0.003214,0.111273,0.000000,0.000000,0.000000,0.000000,4.521930
532.000000,26.600000,29.486600,11.023026,30.012296,180.477082,2.491454,0.026103,11.000000,30.000000,-0.015793,-0.014404,0.000000,0.000000,0.000000,0.000000,4.400524
533.000000,26.650000,29.701600,10.898458,30.011259,180.401927,2.490734,0.011364,10.900000,30.000000,-0.001971,0.042495,0.000000,0.000000,0.000000,0.000000,4.279650
534.000000,26.700000,29.147200,10.773924,30.010385,180.392552,2.492859,0.028068,10.800000,30.000000,-0.010856,0.003987,0.000000,0.000000,0.000000,0.000000,4.158411
535.000000,26.750000,29.270900,10.649284,30.009531,180.340867,2.493058,0.050197,10.600000,30.000000,-0.000375,0.018017,0.000000,0.000000,0.000000,0.000000,4.037499
536.000000,26.800000,29.517200,10.524633,30.008789,180.339079,2.493959,0.026154,10.500000,30.000000,0.011257,-0.006073,0.000000,0.000000,0.000000,0.000000,3.916343
537.000000,26.850000,29.171600,10.399938,30.008051,180.392700,2.493655,0.008052,10.400000,30.000000,-0.004379,0.037956,0.000000,0.000000,0.000000,0.000000,3.794942
538.000000,26.900000,28.955900,10.275258,30.007197,180.371844,2.495553,0.025768,10.300000,30.000000,-0.009179,0.056501,0.000000,0.000000,0.000000,0.000000,3.674252
539.000000,26.950000,29.022800,10.150483,30.006387,180.328094,2.498378,0.049928,10.200000,30.000000,0.013854,-0.120580,0.000000,0.000000,0.000000,0.000000,3.553774
540.000000,27.000000,28.366800,10.025566,30.005672,180.394204,2.492349,0.026187,10.000000,30.000000,-0.006752,-0.090827,0.000000,0.000000,0.000000,0.000000,3.432679
541.000000,27.050000,31.115900,9.900951,30.004814,180.362062,2.487808,0.004907,9.900000,30.000000,-0.023116,0.030360,0.000000,0.000000,0.000000,0.000000,3.312703
542.000000,27.100000,31.117000,9.776563,30.004028,180.252209,2.489326,0.023780,9.800000,30.000000,-0.002645,0.075471,0.000000,0.000000,0.000000,0.000000,3.193547
543.000000,27.150000,30.343600,9.652098,30.003480,180.239637,2.493099,0.048028,9.700000,30.000000,-0.024635,-0.034847,0.000000,0.000000,0.000000,0.000000,3.073954
544.000000,27.200000,29.968000,9.527444,30.002959,180.122316,2.491357,0.027604,9.500000,30.000000,-0.011275,0.034983,0.000000,0.000000,0.000000,0.000000,2.954924
545.000000,27.250000,29.198300,9.402877,30.002693,180.068668,2.493106,0.003941,9.400000,30.000000,0.006387,-0.012937,0.000000,0.000000,0.000000,0.000000,2.835834
546.000000,27.300000,29.035800,9.278222,30.002544,180.099077,2.492459,0.021926,9.300000,30.000000,0.024594,-0.060441,0.000000,0.000000,0.000000,0.000000,2.716543
547.000000,27.350000,28.817700,9.153599,30.002328,180.216176,2.489437,0.046459,9.200000,30.000000,-0.021082,-0.159262,0.000000,0.000000,0.000000,0.000000,2.597340
548.000000,27.400000,28.504300,9.029128,30.001859,180.115926,2.481474,0.029187,9.000000,30.000000,-0.001385,0.070826,0.000000,0.000000,0.000000,0.000000,2.479518
549.000000,27.450000,28.402900,8.905054,30.001608,180.109364,2.485015,0.005304,8.900000,30.000000,-0.008758,0.000297,0.000000,0.000000,0.000000,0.000000,2.362050
550.000000,27.500000,29.083200,8.780804,30.001370,180.067795,2.485030,0.019245,8.800000,30.000000,0.001431,0.019447,0.000000,0.000000,0.000000,0.000000,2.244914
551.000000,27.550000,29.279000,8.656553,30.001223,180.074585,2.486003,0.043465,8.700000,30.000000,0.029129,-0.131423,0.000000,0.000000,0.000000,0.000000,2.128079
552.000000,27.600000,29.224800,8.532253,30.001062,180.212926,2.479431,0.032270,8.500000,30.000000,-0.002196,-0.083119,0.000000,0.000000,0.000000,0.000000,2.011544
553.000000,27.650000,29.227400,8.408282,30.000601,180.202527,2.475275,0.008304,8.400000,30.000000,0.013108,-0.209881,0.000000,0.000000,0.000000,0.000000,1.896260
554.000000,27.700000,29.599300,8.284519,30.000163,180.264497,2.464781,0.015482,8.300000,30.000000,-0.017500,0.056910,0.000000,0.000000,0.000000,0.000000,1.781774
555.000000,27.750000,28.880300,8.161281,29.999594,180.182111,2.467627,0.038721,8.200000,30.000000,0.025398,-0.104292,0.000000,0.000000,0.000000,0.000000,1.668519
556.000000,27.800000,28.735200,8.037900,29.999202,180.301835,2.462412,0.037909,8.000000,30.000000,0.026175,0.112364,0.000000,0.000000,0.000000,0.000000,1.555978
557.000000,27.850000,29.151900,7.914781,29.998554,180.424960,2.468030,0.014852,7.900000,30.000000,0.055095,-0.129103,0.000000,0.000000,0.000000,0.000000,1.444846
558.000000,27.900000,29.061300,7.791383,29.997638,180.684920,2.461575,0.008934,7.800000,30.000000,0.016344,-0.004941,0.000000,0.000000,0.000000,0.000000,1.335229
559.000000,27.950000,29.134600,7.668313,29.996167,180.761764,2.461328,0.031918,7.700000,30.000000,-0.009381,-0.036407,0.000000,0.000000,0.000000,0.000000,1.226993
560.000000,28.000000,28.929700,7.545258,29.994531,180.717666,2.459508,0.045587,7.500000,30.000000,0.008827,0.314993,0.000000,0.000000,0.000000,0.000000,1.119634
561.000000,28.050000,28.710100,7.422292,29.992991,180.759130,2.475258,0.023368,7.400000,30.000000,0.059461,-0.328057,0.000000,0.000000,0.000000,0.000000,1.014220
562.000000,28.100000,28.400000,7.298540,29.991351,181.040559,2.458855,0.008771,7.300000,30.000000,-0.048922,-0.080058,0.000000,0.000000,0.000000,0.000000,0.911798
563.000000,28.150000,28.732700,7.175618,29.989118,180.810636,2.454852,0.026700,7.200000,30.000000,0.066289,0.301540,0.000000,0.000000,0.000000,0.000000,0.808384
564.000000,28.200000,29.249800,7.052887,29.987382,181.121882,2.469929,0.048773,7.100000,30.000000,0.041266,-0.146663,0.000000,0.000000,0.000000,0.000000,0.712032
565.000000,28.250000,29.452800,6.929414,29.984964,181.316654,2.462596,0.033035,6.900000,30.000000,-0.000226,0.365949,0.000000,0.000000,0.000000,0.000000,0.617549
566.000000,28.300000,29.311400,6.806317,29.982135,181.315590,2.480893,0.018949,6.800000,30.000000,0.083394,0.213098,0.000000,0.000000,0.000000,0.000000,0.524434
567.000000,28.350000,29.186400,6.682305,29.979287,181.711640,2.491548,0.027242,6.700000,30.000000,0.138411,-0.033935,0.000000,0.000000,0.000000,0.000000,0.440361
568.000000,28.400000,28.824400,6.557783,29.975566,182.374509,2.489851,0.048778,6.600000,30.000000,-0.070046,-0.362930,0.000000,0.000000,0.000000,0.000000,0.367221
569.000000,28.450000,28.811900,6.433398,29.970408,182.040876,2.471705,0.044622,6.400000,30.000000,0.075185,-0.124153,0.000000,0.000000,0.000000,0.000000,0.281927
570.000000,28.500000,29.038100,6.309891,29.966007,182.396465,2.465497,0.035403,6.300000,30.000000,0.100527,0.118057,0.000000,0.000000,0.000000,0.000000,0.216433
571.000000,28.550000,29.859400,6.186724,29.960852,182.871424,2.471400,0.041338,6.200000,30.000000,0.033580,0.104255,0.000000,0.000000,0.000000,0.000000,0.162574
572.000000,28.600000,29.682100,6.063309,29.954662,183.029983,2.476613,0.058325,6.100000,30.000000,0.065276,0.187246,0.000000,0.000000,0.000000,0.000000,0.109671
573.000000,28.650000,28.907700,5.939652,29.948116,183.339175,2.485975,0.065301,5.900000,30.000000,0.158239,-0.040239,0.000000,0.000000,0.000000,0.000000,0.070082
574.000000,28.700000,29.084400,5.815564,29.940876,184.096809,2.483963,0.061138,5.800000,30.000000,0.151950,-0.346969,0.000000,0.000000,0.000000,0.000000,0.055991
575.000000,28.750000,29.152500,5.691683,29.932003,184.823264,2.466614,0.068504,5.700000,30.000000,0.100953,0.093227,0.000000,0.000000,0.000000,0.000000,0.055147
576.000000,28.800000,29.118700,5.568789,29.921633,185.300467,2.471276,0.084353,5.600000,30.000000,-0.010695,-0.325334,0.000000,0.000000,0.000000,0.000000,0.058967
577.000000,28.850000,28.548700,5.445754,29.910219,185.249986,2.455009,0.100768,5.400000,30.000000,-0.027807,-0.350525,0.000000,0.000000,0.000000,0.000000,0.054151
578.000000,28.900000,29.431600,5.323518,29.898987,185.119575,2.437483,0.103715,5.300000,30.000000,-0.077167,-0.001878,0.000000,0.000000,0.000000,0.000000,0.055583
579.000000,28.950000,29.623100,5.202130,29.888111,184.759626,2.437389,0.111909,5.200000,30.000000,-0.045927,0.017440,0.000000,0.000000,0.000000,0.000000,0.056411
580.000000,29.000000,29.065100,5.080681,29.877999,184.545684,2.438261,0.123521,5.100000,30.000000,-0.061583,0.312909,0.000000,0.000000,0.000000,0.000000,0.071367
581.000000,29.050000,29.338900,4.959151,29.868337,184.258547,2.453906,0.137854,5.000000,30.000000,-0.045429,0.164092,0.000000,0.000000,0.000000,0.000000,0.091504
582.000000,29.100000,29.004600,4.836795,29.859226,184.045493,2.462111,0.145503,4.800000,30.000000,-0.040202,-0.040802,0.000000,0.000000,0.000000,0.000000,0.122831
583.000000,29.150000,28.831600,4.713996,29.850541,183.856352,2.460071,0.150113,4.700000,30.000000,0.027115,0.102466,0.000000,0.000000,0.000000,0.000000,0.162947
584.000000,29.200000,28.908800,4.591271,29.842269,183.983781,2.465194,0.157973,4.600000,30.000000,0.074450,0.088470,0.000000,0.000000,0.000000,0.000000,0.223605
585.000000,29.250000,29.280000,4.468309,29.833705,184.334955,2.469618,0.169288,4.500000,30.000000,-0.029594,0.197903,0.000000,0.000000,0.000000,0.000000,0.300750
586.000000,29.300000,28.797800,4.345182,29.824372,184.195330,2.479513,0.181347,4.300000,30.000000,0.010254,-0.197272,0.000000,0.000000,0.000000,0.000000,0.364007
587.000000,29.350000,28.977900,4.221538,29.815302,184.243890,2.469649,0.185950,4.200000,30.000000,0.008366,0.165735,0.000000,0.000000,0.000000,0.000000,0.341517
588.000000,29.400000,28.703200,4.098394,29.806164,184.283352,2.477936,0.193843,4.100000,30.000000,-0.025413,0.113563,0.000000,0.000000,0.000000,0.000000,0.274250
589.000000,29.450000,28.866000,3.974843,29.796910,184.163059,2.483614,0.204642,4.000000,30.000000,-0.036839,0.415962,0.000000,0.000000,0.000000,0.000000,0.214461
590.000000,29.500000,28.625600,3.850990,29.787895,183.988242,2.504412,0.217693,3.900000,30.000000,-0.025634,0.064408,0.000000,0.000000,0.000000,0.000000,0.161498
591.000000,29.550000,28.655100,3.726073,29.779186,183.865605,2.507633,0.222348,3.700000,30.000000,-0.087893,-0.000548,0.000000,0.000000,0.000000,0.000000,0.114911
592.000000,29.600000,28.920400,3.600977,29.770733,183.443579,2.507605,0.229269,3.600000,30.000000,-0.109310,0.091068,0.000000,0.000000,0.000000,0.000000,0.077704
593.000000,29.650000,28.666000,3.475823,29.763202,182.917980,2.512159,0.238029,3.500000,30.000000,-0.133666,0.236583,0.000000,0.000000,0.000000,0.000000,0.048210
594.000000,29.700000,28.585000,3.350378,29.756808,182.272819,2.523988,0.248203,3.400000,30.000000,-0.147011,0.036889,0.000000,0.000000,0.000000,0.000000,0.026315
595.000000,29.750000,29.231500,3.224278,29.751803,181.559007,2.525832,0.249381,3.200000,30.000000,-0.170474,-0.025032,0.000000,0.000000,0.000000,0.000000,0.011629
596.000000,29.800000,28.723900,3.098033,29.748367,180.728584,2.524581,0.251640,3.100000,30.000000,-0.165237,-0.004677,0.000000,0.000000,0.000000,0.000000,0.004167
597.000000,29.850000,28.862600,2.971814,29.746762,179.924548,2.524347,0.254802,3.000000,30.000000,-0.139026,0.004515,0.000000,0.000000,0.000000,0.000000,0.003480
598.000000,29.900000,28.631000,2.845597,29.746928,179.249932,2.524572,0.257146,2.800000,30.000000,-0.120338,-0.199732,0.000000,0.000000,0.000000,0.000000,0.009842
599.000000,29.950000,30.039700,2.719379,29.748581,178.666895,2.514586,0.252165,2.700000,30.000000,-0.117292,0.155913,0.000000,0.000000,0.000000,0.000000,0.023766
600.000000,30.000000,29.488500,2.593684,29.751506,178.101000,2.522381,0.248574,2.600000,30.000000,-0.079675,0.104738,0.000000,0.000000,0.000000,0.000000,0.045170
601.000000,30.050000,29.112800,2.467634,29.755685,177.716361,2.527618,0.246449,2.500000,30.000000,-0.062476,-0.111775,0.000000,0.000000,0.000000,0.000000,0.074730
602.000000,30.100000,29.589300,2.341353,29.760721,177.414370,2.522030,0.242826,2.300000,30.000000,-0.073429,0.125485,0.000000,0.000000,0.000000,0.000000,0.112461
603.000000,30.150000,28.939100,2.215380,29.766410,177.060047,2.528304,0.234096,2.200000,30.000000,-0.047455,-0.205004,0.000000,0.000000,0.000000,0.000000,0.157194
604.000000,30.200000,28.587900,2.089131,29.772894,176.830728,2.518054,0.227366,2.100000,30.000000,-0.022164,0.020149,0.000000,0.000000,0.000000,0.000000,0.209648
605.000000,30.250000,28.546000,1.963421,29.779854,176.724121,2.519061,0.223164,2.000000,30.000000,-0.057838,-0.002380,0.000000,0.000000,0.000000,0.000000,0.269405
606.000000,30.300000,29.086500,1.837674,29.787052,176.445551,2.518942,0.216255,1.800000,30.000000,-0.018325,0.075524,0.000000,0.000000,0.000000,0.000000,0.333882
607.000000,30.350000,28.656000,1.711969,29.794860,176.357381,2.522718,0.205489,1.700000,30.000000,-0.031110,-0.193585,0.000000,0.000000,0.000000,0.000000,0.396286
608.000000,30.400000,28.628800,1.586088,29.802874,176.207444,2.513039,0.197617,1.600000,30.000000,-0.048769,-0.009959,0.000000,0.000000,0.000000,0.000000,0.331102
609.000000,30.450000,28.478700,1.460711,29.811185,175.973187,2.512541,0.192859,1.500000,30.000000,-0.026248,-0.292907,0.000000,0.000000,0.000000,0.000000,0.275698
610.000000,30.500000,28.409100,1.335394,29.820007,175.847205,2.497896,0.183440,1.300000,30.000000,0.006448,-0.120628,0.000000,0.000000,0.000000,0.000000,0.222106
611.000000,30.550000,29.168200,1.210827,29.829051,175.877969,2.491864,0.171291,1.200000,30.000000,-0.049914,-0.118290,0.000000,0.000000,0.000000,0.000000,0.169281
612.000000,30.600000,29.824800,1.086557,29.838007,175.640226,2.485950,0.162550,1.100000,30.000000,-0.016895,0.035410,0.000000,0.000000,0.000000,0.000000,0.136010
613.000000,30.650000,30.722800,0.962619,29.847456,175.560006,2.487720,0.157057,1.000000,30.000000,-0.073886,-0.070030,0.000000,0.000000,0.000000,0.000000,0.104101
614.000000,30.700000,30.359500,0.838606,29.857085,175.208317,2.484219,0.148037,0.800000,30.000000,-0.002276,-0.111119,0.000000,0.000000,0.000000,0.000000,0.092254
615.000000,30.750000,30.507500,0.714829,29.867461,175.197516,2.478663,0.133366,0.700000,30.000000,-0.017754,-0.360297,0.000000,0.000000,0.000000,0.000000,0.074669
616.000000,30.800000,29.729500,0.591331,29.877837,175.113460,2.460648,0.122470,0.600000,30.000000,0.016705,-0.109878,0.000000,0.000000,0.000000,0.000000,0.069631
617.000000,30.850000,28.486800,0.468746,29.888317,175.191971,2.455154,0.115974,0.500000,30.000000,0.004136,0.020158,0.000000,0.000000,0.000000,0.000000,0.067683
618.000000,30.900000,29.001500,0.346420,29.898606,175.211366,2.456162,0.111514,0.300000,30.000000,0.011329,0.263227,0.000000,0.000000,0.000000,0.000000,0.077890
619.000000,30.950000,28.820900,0.224041,29.908859,175.264512,2.469323,0.094259,0.200000,30.000000,0.035939,-0.154767,0.000000,0.000000,0.000000,0.000000,0.096412
620.000000,31.000000,29.753900,0.100996,29.919051,175.434076,2.461585,0.080955,0.100000,30.000000,-0.056232,0.353667,0.000000,0.000000,0.000000,0.000000,0.120619
621.000000,31.050000,28.903500,-0.021693,29.928849,175.169435,2.479268,0.074384,0.000000,30.000000,0.013957,0.197391,0.000000,0.000000,0.000000,0.000000,0.167856
622.000000,31.100000,30.754400,-0.145216,29.939288,175.235529,2.489138,0.075699,-0.100000,30.000000,0.048035,-0.269982,0.000000,0.000000,0.000000,0.000000,0.212236
623.000000,31.150000,29.229600,-0.269243,29.949626,175.464059,2.475639,0.059022,-0.300000,30.000000,0.024894,0.295498,0.000000,0.000000,0.000000,0.000000,0.260376
624.000000,31.200000,29.289600,-0.392637,29.959415,175.581787,2.490414,0.041248,-0.400000,30.000000,0.024601,-0.021376,0.000000,0.000000,0.000000,0.000000,0.319175
625.000000,31.250000,28.758000,-0.516788,29.969007,175.698820,2.489345,0.035247,-0.500000,30.000000,0.014935,-0.332493,0.000000,0.000000,0.000000,0.000000,0.316101
626.000000,31.300000,28.699500,-0.640904,29.978342,175.769832,2.472720,0.046284,-0.600000,30.000000,0.042653,0.258798,0.000000,0.000000,0.000000,0.000000,0.244609
627.000000,31.350000,29.698400,-0.764203,29.987462,175.971385,2.485660,0.037929,-0.800000,30.000000,-0.084959,0.628106,0.000000,0.000000,0.000000,0.000000,0.176003
628.000000,31.400000,29.355800,-0.888179,29.996194,175.567090,2.517066,0.012418,-0.900000,30.000000,-0.045371,0.070856,0.000000,0.000000,0.000000,0.000000,0.130026
629.000000,31.450000,28.836100,-1.013656,30.005921,175.348831,2.520608,0.014884,-1.000000,30.000000,-0.110990,-0.363286,0.000000,0.000000,0.000000,0.000000,0.088218
630.000000,31.500000,29.259100,-1.139271,30.016141,174.812320,2.502444,0.042459,-1.100000,30.000000,-0.068643,-0.427661,0.000000,0.000000,0.000000,0.000000,0.067268
631.000000,31.550000,29.097800,-1.263881,30.027454,174.483739,2.481061,0.045368,-1.300000,30.000000,-0.087221,-0.250814,0.000000,0.000000,0.000000,0.000000,0.051976
632.000000,31.600000,29.070300,-1.387360,30.039379,174.069394,2.468520,0.041358,-1.400000,30.000000,-0.024465,0.176385,0.000000,0.000000,0.000000,0.000000,0.051779
633.000000,31.650000,28.662700,-1.510125,30.052132,173.954028,2.477339,0.053106,-1.500000,30.000000,0.040501,-0.162605,0.000000,0.000000,0.000000,0.000000,0.051895
634.000000,31.700000,29.309900,-1.633303,30.065178,174.145758,2.469209,0.073194,-1.600000,30.000000,0.027803,0.148299,0.000000,0.000000,0.000000,0.000000,0.049949
635.000000,31.750000,31.035400,-1.756120,30.077771,174.276908,2.476624,0.089296,-1.800000,30.000000,0.025574,-0.029234,0.000000,0.000000,0.000000,0.000000,0.059457
636.000000,31.800000,31.059400,-1.879334,30.090120,174.397898,2.475162,0.092459,-1.900000,30.000000,0.061273,-0.105156,0.000000,0.000000,0.000000,0.000000,0.078510
637.000000,31.850000,29.969400,-2.002501,30.102201,174.687910,2.469905,0.102231,-2.000000,30.000000,0.073298,-0.091230,0.000000,0.000000,0.000000,0.000000,0.099173
638.000000,31.900000,29.741500,-2.125466,30.113634,175.034290,2.465343,0.116453,-2.100000,30.000000,0.015701,0.048478,0.000000,0.000000,0.000000,0.000000,0.125282
639.000000,31.950000,28.824400,-2.248270,30.124304,175.108223,2.467767,0.133347,-2.200000,30.000000,-0.008231,0.060967,0.000000,0.000000,0.000000,0.000000,0.170293
640.000000,32.000000,29.462600,-2.371209,30.134826,175.069428,2.470815,0.137866,-2.400000,30.000000,0.068279,-0.122903,0.000000,0.000000,0.000000,0.000000,0.227493
641.000000,32.050000,29.003800,-2.494293,30.145444,175.392132,2.464670,0.145556,-2.500000,30.000000,-0.026031,-0.448757,0.000000,0.000000,0.000000,0.000000,0.276405
642.000000,32.100000,28.443700,-2.617128,30.155344,175.269573,2.442232,0.156285,-2.600000,30.000000,-0.065405,-0.145194,0.000000,0.000000,0.000000,0.000000,0.349525
643.000000,32.150000,28.636500,-2.738823,30.165414,174.964065,2.434973,0.169909,-2.700000,30.000000,0.002549,0.428486,0.000000,0.000000,0.000000,0.000000,0.344172
644.000000,32.200000,28.812600,-2.860102,30.176101,174.975918,2.456397,0.180565,-2.900000,30.000000,0.018208,0.170949,0.000000,0.000000,0.000000,0.000000,0.277866
645.000000,32.250000,28.713100,-2.982450,30.186857,175.061350,2.464944,0.187680,-3.000000,30.000000,0.005119,0.017723,0.000000,0.000000,0.000000,0.000000,0.217662
646.000000,32.300000,28.950300,-3.105240,30.197468,175.085449,2.465831,0.197537,-3.100000,30.000000,0.038445,0.031660,0.000000,0.000000,0.000000,0.000000,0.163389
647.000000,32.350000,28.428200,-3.228078,30.208030,175.266592,2.467414,0.209916,-3.200000,30.000000,0.043305,0.001720,0.000000,0.000000,0.000000,0.000000,0.117495
648.000000,32.400000,29.235600,-3.351028,30.218210,175.470791,2.467500,0.223638,-3.400000,30.000000,0.104094,0.056068,0.000000,0.000000,0.000000,0.000000,0.079172
649.000000,32.450000,29.688800,-3.474018,30.227953,175.963123,2.470303,0.229429,-3.500000,30.000000,0.124232,0.189682,0.000000,0.000000,0.000000,0.000000,0.049869
650.000000,32.500000,29.227900,-3.597226,30.236648,176.552276,2.479787,0.236665,-3.600000,30.000000,0.178129,-0.011822,0.000000,0.000000,0.000000,0.000000,0.027975
651.000000,32.550000,29.285700,-3.720991,30.244105,177.404938,2.479196,0.245006,-3.700000,30.000000,0.217440,0.054368,0.000000,0.000000,0.000000,0.000000,0.013590
652.000000,32.600000,28.907300,-3.844824,30.249717,178.451037,2.481914,0.253708,-3.800000,30.000000,0.168096,-0.095587,0.000000,0.000000,0.000000,0.000000,0.005644
653.000000,32.650000,28.836600,-3.968874,30.253072,179.255419,2.477135,0.254979,-4.000000,30.000000,0.156138,0.259835,0.000000,0.000000,0.000000,0.000000,0.003269
654.000000,32.700000,29.342500,-4.092721,30.254681,180.000168,2.490127,0.254785,-4.100000,30.000000,0.158698,-0.010337,0.000000,0.000000,0.000000,0.000000,0.007535
655.000000,32.750000,28.355600,-4.217227,30.254681,180.761303,2.489610,0.255263,-4.200000,30.000000,0.133279,-0.166054,0.000000,0.000000,0.000000,0.000000,0.018611
656.000000,32.800000,30.315800,-4.341697,30.253027,181.398799,2.481307,0.256440,-4.300000,30.000000,0.085639,0.100661,0.000000,0.000000,0.000000,0.000000,0.036681
657.000000,32.850000,28.562000,-4.465725,30.249998,181.805634,2.486340,0.252337,-4.500000,30.000000,0.086532,-0.079414,0.000000,0.000000,0.000000,0.000000,0.062474
658.000000,32.900000,29.029100,-4.589980,30.246081,182.217563,2.482370,0.246285,-4.600000,30.000000,0.079974,0.136404,0.000000,0.000000,0.000000,0.000000,0.095757
659.000000,32.950000,28.718300,-4.714006,30.241279,182.597529,2.489190,0.241685,-4.700000,30.000000,0.073079,0.224452,0.000000,0.000000,0.000000,0.000000,0.136154
660.000000,33.000000,29.027800,-4.838337,30.235638,182.945566,2.500412,0.238736,-4.800000,30.000000,0.040665,-0.038668,0.000000,0.000000,0.000000,0.000000,0.183506
661.000000,33.050000,28.779100,-4.963193,30.229214,183.139868,2.498479,0.232150,-5.000000,30.000000,0.062207,0.055927,0.000000,0.000000,0.000000,0.000000,0.238535
662.000000,33.100000,28.567500,-5.087929,30.222371,183.437089,2.501275,0.222698,-5.100000,30.000000,0.046992,-0.032801,0.000000,0.000000,0.000000,0.000000,0.298838
663.000000,33.150000,28.594200,-5.212768,30.214873,183.661737,2.499635,0.215252,-5.200000,30.000000,0.027214,0.076176,0.000000,0.000000,0.000000,0.000000,0.365171
664.000000,33.200000,29.121200,-5.337495,30.206891,183.791687,2.503444,0.210261,-5.300000,30.000000,-0.003595,0.128524,0.000000,0.000000,0.000000,0.000000,0.377918
665.000000,33.250000,29.137000,-5.462393,30.198614,183.774500,2.509870,0.202143,-5.500000,30.000000,0.000692,-0.153637,0.000000,0.000000,0.000000,0.000000,0.308482
666.000000,33.300000,28.722600,-5.587614,30.190352,183.777818,2.502189,0.190755,-5.600000,30.000000,0.053213,-0.016015,0.000000,0.000000,0.000000,0.000000,0.246064
667.000000,33.350000,28.905300,-5.712452,30.182109,184.032355,2.501388,0.182534,-5.700000,30.000000,0.080121,-0.013121,0.000000,0.000000,0.000000,0.000000,0.201520
668.000000,33.400000,29.046400,-5.837212,30.173314,184.415937,2.500732,0.177264,-5.800000,30.000000,-0.002259,0.228457,0.000000,0.000000,0.000000,0.000000,0.169638
669.000000,33.450000,29.675700,-5.961877,30.163687,184.405150,2.512155,0.168068,-6.000000,30.000000,0.062951,-0.173255,0.000000,0.000000,0.000000,0.000000,0.128357
670.000000,33.500000,29.525300,-6.087114,30.154039,184.707578,2.503492,0.154577,-6.100000,30.000000,0.027200,0.113223,0.000000,0.000000,0.000000,0.000000,0.108902
671.000000,33.550000,28.902000,-6.211866,30.143766,184.837662,2.509153,0.144255,-6.200000,30.000000,0.081176,-0.025018,0.000000,0.000000,0.000000,0.000000,0.090723
672.000000,33.600000,28.908600,-6.336877,30.133186,185.227526,2.507902,0.138197,-6.300000,30.000000,-0.028420,-0.071069,0.000000,0.000000,0.000000,0.000000,0.092166
673.000000,33.650000,28.935000,-6.461750,30.121761,185.091367,2.504349,0.127628,-6.500000,30.000000,-0.028200,-0.055798,0.000000,0.000000,0.000000,0.000000,0.081072
674.000000,33.700000,29.390000,-6.586474,30.110649,184.956454,2.501559,0.111472,-6.600000,30.000000,-0.025935,-0.211896,0.000000,0.000000,0.000000,0.000000,0.080600
675.000000,33.750000,28.187600,-6.711084,30.099842,184.832518,2.490964,0.100456,-6.700000,30.000000,-0.027518,-0.218104,0.000000,0.000000,0.000000,0.000000,0.091066
676.000000,33.800000,29.347100,-6.835189,30.089350,184.701569,2.480059,0.096030,-6.800000,30.000000,-0.035319,-0.277794,0.000000,0.000000,0.000000,0.000000,0.111444
677.000000,33.850000,29.244800,-6.958775,30.079186,184.534209,2.466169,0.089274,-7.000000,30.000000,0.023821,-0.087128,0.000000,0.000000,0.000000,0.000000,0.140338
678.000000,33.900000,29.089400,-7.081697,30.069438,184.646428,2.461813,0.071809,-7.100000,30.000000,-0.033492,-0.006413,0.000000,0.000000,0.000000,0.000000,0.186816
679.000000,33.950000,28.650200,-7.204384,30.059467,184.488897,2.461492,0.059628,-7.200000,30.000000,0.014315,0.382341,0.000000,0.000000,0.000000,0.000000,0.232691
680.000000,34.000000,29.659100,-7.327081,30.049834,184.556197,2.480609,0.056717,-7.300000,30.000000,-0.024763,0.036287,0.000000,0.000000,0.000000,0.000000,0.292366
681.000000,34.050000,28.741200,-7.450719,30.039981,184.438858,2.482423,0.063460,-7.500000,30.000000,-0.007529,-0.257361,0.000000,0.000000,0.000000,0.000000,0.354138
682.000000,34.100000,29.322800,-7.574468,30.030375,184.403160,2.469555,0.039680,-7.600000,30.000000,0.011427,0.025339,0.000000,0.000000,0.000000,0.000000,0.282388
683.000000,34.150000,28.992200,-7.697581,30.020895,184.457059,2.470822,0.021035,-7.700000,30.000000,0.020469,-0.222909,0.000000,0.000000,0.000000,0.000000,0.217608
684.000000,34.200000,30.357700,-7.820749,30.011295,184.553666,2.459677,0.023624,-7.800000,30.000000,0.079478,-0.266012,0.000000,0.000000,0.000000,0.000000,0.160892
685.000000,34.250000,31.242500,-7.943344,30.001531,184.927813,2.446376,0.043371,-7.900000,30.000000,0.043885,-0.437168,0.000000,0.000000,0.000000,0.000000,0.120677
686.000000,34.300000,30.633000,-8.065211,29.991023,185.132984,2.424518,0.035928,-8.100000,30.000000,0.059988,0.036222,0.000000,0.000000,0.000000,0.000000,0.085628
687.000000,34.350000,30.578600,-8.185951,29.980177,185.411093,2.426329,0.024296,-8.200000,30.000000,0.048835,0.663814,0.000000,0.000000,0.000000,0.000000,0.063208
688.000000,34.400000,29.977000,-8.306727,29.968737,185.637574,2.459519,0.031978,-8.300000,30.000000,0.067359,-0.303989,0.000000,0.000000,0.000000,0.000000,0.049487
689.000000,34.450000,29.252100,-8.429108,29.956657,185.954459,2.444320,0.052210,-8.400000,30.000000,0.052311,-0.057819,0.000000,0.000000,0.000000,0.000000,0.049721
690.000000,34.500000,29.121700,-8.550664,29.943978,186.198886,2.441429,0.074649,-8.600000,30.000000,-0.070086,0.230387,0.000000,0.000000,0.000000,0.000000,0.058412
691.000000,34.550000,29.349100,-8.672022,29.930797,185.871553,2.452948,0.074645,-8.700000,30.000000,-0.038216,0.464473,0.000000,0.000000,0.000000,0.000000,0.054377
692.000000,34.600000,29.241600,-8.794026,29.918250,185.692430,2.476172,0.081968,-8.800000,30.000000,-0.225392,-0.931069,0.000000,0.000000,0.000000,0.000000,0.064783
693.000000,34.650000,28.816900,-8.917224,29.905970,184.608093,2.429619,0.095595,-8.900000,30.000000,-0.190435,0.358836,0.000000,0.000000,0.000000,0.000000,0.046026
694.000000,34.700000,29.210700,-9.038312,29.896210,183.713590,2.447560,0.110635,-9.000000,30.000000,0.060941,0.005743,0.000000,0.000000,0.000000,0.000000,0.040667
695.000000,34.750000,28.813500,-9.160433,29.888284,183.998812,2.447848,0.118516,-9.200000,30.000000,0.051793,-0.055696,0.000000,0.000000,0.000000,0.000000,0.092255
696.000000,34.800000,29.128400,-9.282528,29.879749,184.241165,2.445063,0.121514,-9.300000,30.000000,0.138100,0.217090,0.000000,0.000000,0.000000,0.000000,0.150834
697.000000,34.850000,29.060200,-9.404446,29.870708,184.890186,2.455917,0.129369,-9.400000,30.000000,0.057399,-0.101731,0.000000,0.000000,0.000000,0.000000,0.234388
698.000000,34.900000,29.060600,-9.526795,29.860240,185.159707,2.450831,0.142306,-9.500000,30.000000,0.033028,0.479395,0.000000,0.000000,0.000000,0.000000,0.309664
699.000000,34.950000,29.308800,-9.648840,29.849219,185.314361,2.474800,0.158494,-9.600000,30.000000,0.012062,-0.246291,0.000000,0.000000,0.000000,0.000000,0.386119
700.000000,35.000000,29.117300,-9.772048,29.837758,185.371377,2.462486,0.164632,-9.800000,30.000000,-0.007548,0.389274,0.000000,0.000000,0.000000,0.000000,0.317580
701.000000,35.050000,29.273200,-9.894632,29.826233,185.335877,2.481950,0.173850,-9.900000,30.000000,-0.033198,-0.131596,0.000000,0.000000,0.000000,0.000000,0.253052
702.000000,35.100000,29.316400,-10.018192,29.814692,185.178454,2.475370,0.186199,-10.000000,30.000000,-0.023141,0.121578,0.000000,0.000000,0.000000,0.000000,0.195342
703.000000,35.150000,30.067800,-10.141455,29.803521,185.069033,2.481449,0.200805,-10.100000,30.000000,-0.047799,0.086214,0.000000,0.000000,0.000000,0.000000,0.144104
704.000000,35.200000,29.646800,-10.265042,29.792559,184.842332,2.485759,0.210366,-10.300000,30.000000,-0.023276,0.012367,0.000000,0.000000,0.000000,0.000000,0.100858
705.000000,35.250000,29.528500,-10.388886,29.782067,184.731808,2.486378,0.218216,-10.400000,30.000000,-0.126185,0.031445,0.000000,0.000000,0.000000,0.000000,0.064660
706.000000,35.300000,29.085900,-10.512782,29.771812,184.129404,2.487950,0.228546,-10.500000,30.000000,-0.152917,0.046250,0.000000,0.000000,0.000000,0.000000,0.038746
707.000000,35.350000,29.352800,-10.636856,29.762854,183.397083,2.490262,0.239993,-10.600000,30.000000,-0.178345,0.142042,0.000000,0.000000,0.000000,0.000000,0.020108
708.000000,35.400000,29.352200,-10.761151,29.755476,182.539755,2.497365,0.247591,-10.800000,30.000000,-0.200303,-0.160052,0.000000,0.000000,0.000000,0.000000,0.008345
709.000000,35.450000,29.110300,-10.885896,29.749943,181.571402,2.489362,0.250455,-10.900000,30.000000,-0.179382,0.062343,0.000000,0.000000,0.000000,0.000000,0.002996
710.000000,35.500000,29.108500,-11.010317,29.746529,180.709293,2.492479,0.253681,-11.000000,30.000000,-0.163820,0.149189,0.000000,0.000000,0.000000,0.000000,0.003706
711.000000,35.550000,28.884900,-11.134932,29.744987,179.922412,2.499939,0.257395,-11.100000,30.000000,-0.155368,-0.131491,0.000000,0.000000,0.000000,0.000000,0.010937
712.000000,35.600000,28.952400,-11.259929,29.745156,179.174574,2.493364,0.257975,-11.300000,30.000000,-0.127454,0.103082,0.000000,0.000000,0.000000,0.000000,0.024955
713.000000,35.650000,29.349500,-11.384584,29.746952,178.564334,2.498518,0.253517,-11.400000,30.000000,-0.105170,0.025612,0.000000,0.000000,0.000000,0.000000,0.046032
714.000000,35.700000,28.689300,-11.509471,29.750082,178.060621,2.499799,0.250098,-11.500000,30.000000,-0.074303,0.029470,0.000000,0.000000,0.000000,0.000000,0.074555
715.000000,35.750000,29.098600,-11.634389,29.754312,177.705226,2.501272,0.248083,-11.600000,30.000000,-0.066469,-0.073388,0.000000,0.000000,0.000000,0.000000,0.110899
716.000000,35.800000,29.476600,-11.759352,29.759319,177.387230,2.497603,0.244089,-11.800000,30.000000,-0.049726,0.195127,0.000000,0.000000,0.000000,0.000000,0.154629
717.000000,35.850000,29.472300,-11.884103,29.765012,177.149836,2.507359,0.235525,-11.900000,30.000000,-0.041499,0.171640,0.000000,0.000000,0.000000,0.000000,0.205586
718.000000,35.900000,29.336200,-12.009315,29.771246,176.950998,2.515941,0.228944,-12.000000,30.000000,-0.053011,-0.062030,0.000000,0.000000,0.000000,0.000000,0.263508
719.000000,35.950000,29.266600,-12.134934,29.777937,176.696035,2.512840,0.224794,-12.100000,30.000000,-0.034077,0.015895,0.000000,0.000000,0.000000,0.000000,0.327133
720.000000,36.000000,29.188100,-12.260368,29.785178,176.532431,2.513634,0.218447,-12.300000,30.000000,-0.034802,-0.048109,0.000000,0.000000,0.000000,0.000000,0.396784
721.000000,36.050000,28.977000,-12.385819,29.792780,176.365292,2.511229,0.207705,-12.400000,30.000000,-0.051585,0.033841,0.000000,0.000000,0.000000,0.000000,0.347119
722.000000,36.100000,29.604200,-12.511128,29.800740,176.117665,2.512921,0.199571,-12.500000,30.000000,-0.016330,-0.084345,0.000000,0.000000,0.000000,0.000000,0.291360
723.000000,36.150000,28.631500,-12.636486,29.809247,176.039286,2.508704,0.194211,-12.600000,30.000000,-0.048552,0.018311,0.000000,0.000000,0.000000,0.000000,0.234631
724.000000,36.200000,28.915300,-12.761621,29.817911,175.806475,2.509619,0.186089,-12.800000,30.000000,-0.034138,0.039505,0.000000,0.000000,0.000000,0.000000,0.191697
725.000000,36.250000,28.833700,-12.886766,29.827087,175.642789,2.511595,0.173419,-12.900000,30.000000,-0.040525,0.028331,0.000000,0.000000,0.000000,0.000000,0.153208
726.000000,36.300000,29.022600,-13.011983,29.836628,175.448293,2.513011,0.163811,-13.000000,30.000000,0.003193,-0.002492,0.000000,0.000000,0.000000,0.000000,0.124073
727.000000,36.350000,28.743600,-13.137237,29.846599,175.463620,2.512887,0.157856,-13.100000,30.000000,-0.017922,-0.071439,0.000000,0.000000,0.000000,0.000000,0.094623
728.000000,36.400000,28.811200,-13.262488,29.856537,175.377599,2.509315,0.148286,-13.300000,30.000000,0.033815,0.008351,0.000000,0.000000,0.000000,0.000000,0.078898
729.000000,36.450000,28.869200,-13.387546,29.866648,175.539719,2.509732,0.133932,-13.400000,30.000000,0.009907,-0.194251,0.000000,0.000000,0.000000,0.000000,0.062797
730.000000,36.500000,28.724400,-13.512652,29.876407,175.587209,2.500020,0.124239,-13.500000,30.000000,0.068430,-0.032086,0.000000,0.000000,0.000000,0.000000,0.061904
731.000000,36.550000,28.881200,-13.637283,29.886024,175.914451,2.498415,0.119918,-13.600000,30.000000,0.055230,0.049137,0.000000,0.000000,0.000000,0.000000,0.060968
732.000000,36.600000,28.658400,-13.761886,29.894925,176.178257,2.500872,0.111774,-13.800000,30.000000,0.063968,0.001731,0.000000,0.000000,0.000000,0.000000,0.073927
733.000000,36.650000,29.152000,-13.886652,29.903259,176.484203,2.500959,0.097657,-13.900000,30.000000,0.051387,-0.102904,0.000000,0.000000,0.000000,0.000000,0.096609
734.000000,36.700000,30.562800,-14.011464,29.910927,176.729867,2.495813,0.089807,-14.000000,30.000000,0.062597,-0.071972,0.000000,0.000000,0.000000,0.000000,0.131961
735.000000,36.750000,29.191700,-14.136052,29.918046,177.028635,2.492215,0.089533,-14.100000,30.000000,0.068070,-0.062800,0.000000,0.000000,0.000000,0.000000,0.175537
736.000000,36.800000,29.095300,-14.260495,29.924505,177.353136,2.489075,0.085206,-14.300000,30.000000,0.053167,-0.072569,0.000000,0.000000,0.000000,0.000000,0.227741
737.000000,36.850000,29.154400,-14.384816,29.930253,177.606121,2.485446,0.071381,-14.400000,30.000000,0.079470,-0.047492,0.000000,0.000000,0.000000,0.000000,0.290139
738.000000,36.900000,29.236700,-14.508980,29.935443,177.984148,2.483072,0.065178,-14.500000,30.000000,0.067317,-0.076610,0.000000,0.000000,0.000000,0.000000,0.357273
739.000000,36.950000,29.335700,-14.633057,29.939811,178.303869,2.479241,0.068669,-14.600000,30.000000,0.071159,0.244104,0.000000,0.000000,0.000000,0.000000,0.432671
740.000000,37.000000,29.193200,-14.756964,29.943480,178.641376,2.491446,0.071040,-14.800000,30.000000,0.080260,-0.108221,0.000000,0.000000,0.000000,0.000000,0.513804
741.000000,37.050000,29.253500,-14.881502,29.946433,179.024102,2.486035,0.056671,-14.900000,30.000000,0.083815,0.065691,0.000000,0.000000,0.000000,0.000000,0.600322
742.000000,37.100000,29.388700,-15.005785,29.948550,179.422988,2.489320,0.051774,-15.000000,30.000000,0.069914,0.041944,0.000000,0.000000,0.000000,0.000000,0.691590
743.000000,37.150000,28.922700,-15.130245,29.949804,179.755919,2.491417,0.056193,-15.157077,29.999178,0.100923,-0.065253,0.000000,0.000000,0.000000,0.000000,0.788175
744.000000,37.200000,29.033300,-15.254815,29.950335,180.237773,2.488155,0.075298,-15.314136,29.996710,0.108184,-0.068946,0.000000,0.000000,0.000000,0.000000,0.887499
745.000000,37.250000,28.494700,-15.379221,29.949818,180.753882,2.484707,0.080218,-15.314136,29.996710,0.075269,0.041229,0.000000,0.000000,0.000000,0.000000,0.990458
746.000000,37.300000,28.841900,-15.503446,29.948184,181.111741,2.486769,0.054909,-15.471161,29.992598,0.101453,-0.013197,0.000000,0.000000,0.000000,0.000000,1.097455
747.000000,37.350000,29.162200,-15.627761,29.945771,181.595241,2.486109,0.041073,-15.628135,29.986842,0.098881,0.014685,0.000000,0.000000,0.000000,0.000000,1.206820
748.000000,37.400000,28.849600,-15.752018,29.942311,182.066276,2.486843,0.049691,-15.785039,29.979443,0.103547,-0.099382,0.000000,0.000000,0.000000,0.000000,1.318877
749.000000,37.450000,28.770900,-15.876280,29.937828,182.559840,2.481874,0.073222,-15.941858,29.970401,0.093777,0.102651,0.000000,0.000000,0.000000,0.000000,1.433337
750.000000,37.500000,28.898300,-16.000249,29.932285,183.005653,2.487007,0.069731,-15.941858,29.970401,0.104506,-0.035203,0.000000,0.000000,0.000000,0.000000,1.549623
751.000000,37.550000,28.788900,-16.124429,29.925765,183.503855,2.485246,0.042676,-16.098573,29.959717,0.100492,0.015753,0.000000,0.000000,0.000000,0.000000,1.668077
752.000000,37.600000,29.653200,-16.248459,29.918171,183.982448,2.486034,0.029983,-16.255168,29.947393,0.106242,0.101005,0.000000,0.000000,0.000000,0.000000,1.788077
753.000000,37.650000,28.905800,-16.372460,29.909538,184.488789,2.491084,0.045877,-16.411625,29.933429,0.106221,-0.044722,0.000000,0.000000,0.000000,0.000000,1.909739
754.000000,37.700000,28.853500,-16.496633,29.899790,184.996055,2.488848,0.073541,-16.567927,29.917828,0.105873,-0.010020,0.000000,0.000000,0.000000,0.000000,2.033035
755.000000,37.750000,29.382200,-16.620602,29.888952,185.501196,2.488347,0.060071,-16.567927,29.917828,0.109391,0.003572,0.000000,0.000000,0.000000,0.000000,2.157447
756.000000,37.800000,30.458200,-16.744446,29.877025,186.023147,2.488526,0.031163,-16.724057,29.900591,0.111042,0.054708,0.000000,0.000000,0.000000,0.000000,2.283076
757.000000,37.850000,30.620700,-16.868186,29.863969,186.553080,2.491261,0.021323,-16.879998,29.881721,0.098741,0.036262,0.000000,0.000000,0.000000,0.000000,2.409811
758.000000,37.900000,30.426400,-16.991935,29.849753,187.024420,2.493074,0.045274,-17.035734,29.861218,0.103370,-0.034438,0.000000,0.000000,0.000000,0.000000,2.537023
759.000000,37.950000,30.648700,-17.115653,29.834509,187.518369,2.491352,0.075731,-17.191245,29.839085,0.109125,-0.020444,0.000000,0.000000,0.000000,0.000000,2.665297
760.000000,38.000000,28.896300,-17.239150,29.818210,188.039671,2.490330,0.052255,-17.191245,29.839085,0.117603,0.155197,0.000000,0.000000,0.000000,0.000000,2.794495
761.000000,38.050000,28.841300,-17.362443,29.800795,188.601604,2.498090,0.021558,-17.346517,29.815325,0.103316,-0.059928,0.000000,0.000000,0.000000,0.000000,2.924811
762.000000,38.100000,29.220500,-17.485942,29.782114,189.096284,2.495094,0.017443,-17.501531,29.789941,0.098172,0.090803,0.000000,0.000000,0.000000,0.000000,3.055307
763.000000,38.150000,28.979000,-17.609128,29.762391,189.565611,2.499634,0.047146,-17.656271,29.762934,0.087112,-0.038068,0.000000,0.000000,0.000000,0.000000,3.185808
764.000000,38.200000,28.387000,-17.732372,29.741622,189.982537,2.497730,0.078688,-17.810720,29.734309,0.090904,-0.023988,0.000000,0.000000,0.000000,0.000000,3.316214
765.000000,38.250000,28.809400,-17.855368,29.719973,190.417374,2.496531,0.046893,-17.810720,29.734309,0.125468,-0.026507,0.000000,0.000000,0.000000,0.000000,3.447100
766.000000,38.300000,28.826100,-17.978137,29.697402,191.018765,2.495206,0.014856,-17.964860,29.704068,0.114930,-0.027931,0.000000,0.000000,0.000000,0.000000,3.580752
767.000000,38.350000,28.761600,-18.100597,29.673557,191.568885,2.493809,0.018128,-18.118675,29.672214,0.112992,-0.026790,0.000000,0.000000,0.000000,0.000000,3.713992
768.000000,38.400000,29.050600,-18.222754,29.648551,192.109346,2.492470,0.050357,-18.272149,29.638751,0.102474,-0.013903,0.000000,0.000000,0.000000,0.000000,3.847360
769.000000,38.450000,29.301100,-18.344605,29.622408,192.598867,2.491774,0.074277,-18.272149,29.638751,0.108385,0.057239,0.000000,0.000000,0.000000,0.000000,3.980111
770.000000,38.500000,29.104100,-18.466194,29.595232,193.116693,2.494636,0.041794,-18.425263,29.603684,0.102132,0.167408,0.000000,0.000000,0.000000,0.000000,4.113543
771.000000,38.550000,29.343800,-18.587671,29.566926,193.604991,2.503007,0.009670,-18.578002,29.567014,0.111000,0.032606,0.000000,0.000000,0.000000,0.000000,4.246819
772.000000,38.600000,30.103600,-18.709310,29.537487,194.137803,2.504637,0.022782,-18.730348,29.528747,0.111472,0.013183,0.000000,0.000000,0.000000,0.000000,4.381500
773.000000,38.650000,29.521500,-18.830748,29.506899,194.673248,2.505296,0.054594,-18.882286,29.488887,0.099728,0.028127,0.000000,0.000000,0.000000,0.000000,4.516501
774.000000,38.700000,29.294100,-18.951928,29.475168,195.152012,2.506703,0.070981,-18.882286,29.488887,0.115125,-0.008639,0.000000,0.000000,0.000000,0.000000,4.650619
775.000000,38.750000,29.362700,-19.072906,29.442408,195.705615,2.506271,0.039431,-19.033797,29.447439,0.103076,-0.182246,0.000000,0.000000,0.000000,0.000000,4.785519
776.000000,38.800000,29.233600,-19.193541,29.408486,196.200755,2.497158,0.009586,-19.184867,29.404405,0.108495,-0.081059,0.000000,0.000000,0.000000,0.000000,4.909179
777.000000,38.850000,28.732600,-19.313441,29.373650,196.720230,2.493105,0.026032,-19.335477,29.359792,0.097732,-0.092350,0.000000,0.000000,0.000000,0.000000,5.032697
778.000000,38.900000,29.010100,-19.432826,29.337787,197.187066,2.488488,0.058062,-19.485612,29.313605,0.106189,-0.103647,0.000000,0.000000,0.000000,0.000000,5.156442
779.000000,38.950000,28.945700,-19.551694,29.301021,197.693652,2.483306,0.067270,-19.485612,29.313605,0.095208,0.014416,0.000000,0.000000,0.000000,0.000000,5.280190
780.000000,39.000000,28.623900,-19.669986,29.263284,198.146570,2.484026,0.034825,-19.635255,29.265848,0.095291,-0.074400,0.000000,0.000000,0.000000,0.000000,5.403995
781.000000,39.050000,28.677500,-19.788009,29.224601,198.600019,2.480306,0.008849,-19.784390,29.216526,0.107261,-0.095265,0.000000,0.000000,0.000000,0.000000,5.528049
782.000000,39.100000,28.991400,-19.905547,29.185045,199.110078,2.475543,0.033615,-19.933000,29.165646,0.098758,0.083773,0.000000,0.000000,0.000000,0.000000,5.652134
783.000000,39.150000,28.779500,-20.022503,29.144523,199.578524,2.479732,0.066410,-20.081069,29.113212,0.094657,0.120478,0.000000,0.000000,0.000000,0.000000,5.776173
784.000000,39.200000,28.803400,-20.139321,29.102975,200.028157,2.485756,0.059145,-20.081069,29.113212,0.089013,0.081502,0.000000,0.000000,0.000000,0.000000,5.900571
785.000000,39.250000,28.869200,-20.256093,29.060409,200.451860,2.489831,0.027537,-20.228581,29.059230,0.123420,0.015288,0.000000,0.000000,0.000000,0.000000,6.025372
786.000000,39.300000,29.648500,-20.372737,29.016909,201.041748,2.490595,0.013492,-20.375519,29.003706,0.103883,-0.070521,0.000000,0.000000,0.000000,0.000000,6.150811
787.000000,39.350000,28.766800,-20.488963,28.972197,201.537674,2.487069,0.041660,-20.521868,28.946647,0.116658,0.043923,0.000000,0.000000,0.000000,0.000000,6.275529
788.000000,39.400000,28.952200,-20.604634,28.926545,202.094324,2.489265,0.073807,-20.667612,28.888059,0.092314,-0.037108,0.000000,0.000000,0.000000,0.000000,6.389281
789.000000,39.450000,28.909600,-20.719957,28.879730,202.534447,2.487410,0.053004,-20.667612,28.888059,0.087346,0.038050,0.000000,0.000000,0.000000,0.000000,6.505604
790.000000,39.500000,29.346300,-20.834832,28.832067,202.950454,2.489312,0.022479,-20.812734,28.827947,0.095693,0.019536,0.000000,0.000000,0.000000,0.000000,6.622488
791.000000,39.550000,29.569200,-20.949445,28.783533,203.406794,2.490289,0.018887,-20.957218,28.766319,0.107090,0.037400,0.000000,0.000000,0.000000,0.000000,6.738966
792.000000,39.600000,29.244400,-21.063713,28.734069,203.918079,2.492159,0.048457,-21.101050,28.703182,0.108014,-0.067071,0.000000,0.000000,0.000000,0.000000,6.854782
793.000000,39.650000,29.241600,-21.177620,28.683549,204.434199,2.488806,0.079047,-21.101050,28.703182,0.105128,-0.066528,0.000000,0.000000,0.000000,0.000000,6.970856
794.000000,39.700000,28.906800,-21.290915,28.632075,204.935749,2.485479,0.047149,-21.244212,28.638542,0.091285,0.016272,0.000000,0.000000,0.000000,0.000000,7.087220
795.000000,39.750000,29.569600,-21.403605,28.579680,205.370281,2.486293,0.018413,-21.386689,28.572406,0.100547,-0.012946,0.000000,0.000000,0.000000,0.000000,7.204654
796.000000,39.800000,29.701400,-21.515930,28.526416,205.849341,2.485645,0.025004,-21.528466,28.504782,0.106896,0.037775,0.000000,0.000000,0.000000,0.000000,7.321587
797.000000,39.850000,31.587900,-21.627777,28.472228,206.358746,2.487534,0.055490,-21.669528,28.435676,0.101152,-0.041548,0.000000,0.000000,0.000000,0.000000,7.438192
798.000000,39.900000,30.206500,-21.739222,28.417006,206.840947,2.485457,0.072152,-21.669528,28.435676,0.105738,-0.062709,0.000000,0.000000,0.000000,0.000000,7.555439
799.000000,39.950000,29.835200,-21.850107,28.360895,207.344751,2.482321,0.040468,-21.809857,28.365098,0.099241,-0.084806,0.000000,0.000000,0.000000,0.000000,7.672407
800.000000,40.000000,29.188200,-21.960354,28.303883,207.816791,2.478081,0.015374,-21.949441,28.293054,0.099610,0.066590,0.000000,0.000000,0.000000,0.000000,7.789772
801.000000,40.050000,29.062400,-22.069940,28.246064,208.289792,2.481411,0.032227,-22.088261,28.219552,0.105474,0.168635,0.000000,0.000000,0.000000,0.000000,7.907006
802.000000,40.100000,28.978500,-22.179192,28.187263,208.791509,2.489842,0.063559,-22.226305,28.144600,0.096501,0.047914,0.000000,0.000000,0.000000,0.000000,8.024124
803.000000,40.150000,29.594500,-22.288294,28.127304,209.251826,2.492238,0.064357,-22.226305,28.144600,0.106607,-0.065702,0.000000,0.000000,0.000000,0.000000,8.142259
804.000000,40.200000,30.145700,-22.397015,28.066413,209.761186,2.488953,0.033507,-22.363556,28.068207,0.107073,-0.058787,0.000000,0.000000,0.000000,0.000000,8.259979
805.000000,40.250000,29.197500,-22.505049,28.004639,210.272117,2.486014,0.015125,-22.500000,27.990381,0.090621,0.059456,0.000000,0.000000,0.000000,0.000000,8.377586
806.000000,40.300000,30.923400,-22.612400,27.941978,210.703561,2.488986,0.038611,-22.635621,27.911130,0.107713,0.027535,0.000000,0.000000,0.000000,0.000000,8.495998
807.000000,40.350000,30.794600,-22.719404,27.878435,211.217575,2.490363,0.070017,-22.770405,27.830464,0.100755,-0.038595,0.000000,0.000000,0.000000,0.000000,8.613670
808.000000,40.400000,29.908100,-22.825892,27.813898,211.698420,2.488433,0.057907,-22.770405,27.830464,0.109914,-0.010161,0.000000,0.000000,0.000000,0.000000,8.731797
809.000000,40.450000,29.922300,-22.931754,27.748521,212.222905,2.487925,0.027417,-22.904337,27.748390,0.090811,0.049412,0.000000,0.000000,0.000000,0.000000,8.849402
810.000000,40.500000,30.847200,-23.036990,27.682191,212.655592,2.490396,0.017277,-23.037402,27.664919,0.094068,0.131641,0.000000,0.000000,0.000000,0.000000,8.967902
811.000000,40.550000,29.216300,-23.141827,27.615002,213.104332,2.496978,0.044627,-23.169586,27.580059,0.104865,-0.185946,0.000000,0.000000,0.000000,0.000000,9.086354
812.000000,40.600000,29.052800,-23.246410,27.546814,213.606261,2.487681,0.075991,-23.300873,27.493819,0.091678,-0.025124,0.000000,0.000000,0.000000,0.000000,9.204625
813.000000,40.650000,28.872200,-23.350005,27.477969,214.043059,2.486424,0.051625,-23.300873,27.493819,0.107549,0.083841,0.000000,0.000000,0.000000,0.000000,9.323000
814.000000,40.700000,29.054200,-23.453020,27.408372,214.555760,2.490617,0.021876,-23.431251,27.406209,0.106166,0.121090,0.000000,0.000000,0.000000,0.000000,9.440633
815.000000,40.750000,29.986000,-23.555580,27.337737,215.062670,2.496671,0.021130,-23.560704,27.317238,0.099323,-0.064868,0.000000,0.000000,0.000000,0.000000,9.558495
816.000000,40.800000,28.847100,-23.657759,27.266024,215.537834,2.493428,0.050189,-23.689218,27.226917,0.081205,-0.160898,0.000000,0.000000,0.000000,0.000000,9.676867
817.000000,40.850000,29.047100,-23.759208,27.193560,215.925393,2.485383,0.077533,-23.689218,27.226917,0.098698,0.106866,0.000000,0.000000,0.000000,0.000000,9.795690
818.000000,40.900000,28.919400,-23.859839,27.120647,216.395413,2.490726,0.045471,-23.816779,27.135255,0.106683,-0.044215,0.000000,0.000000,0.000000,0.000000,9.913458
819.000000,40.950000,29.063300,-23.960084,27.046753,216.904829,2.488515,0.017303,-23.943373,27.042262,0.114304,-0.025260,0.000000,0.000000,0.000000,0.000000,10.031155
820.000000,41.000000,30.328400,-24.059579,26.972037,217.450461,2.487252,0.025860,-24.068987,26.947949,0.100539,0.019950,0.000000,0.000000,0.000000,0.000000,10.148448
821.000000,41.050000,29.141500,-24.158308,26.896415,217.929670,2.488250,0.056479,-24.193606,26.852325,0.095409,-0.015851,0.000000,0.000000,0.000000,0.000000,10.266028
822.000000,41.100000,28.571500,-24.256440,26.819940,218.384455,2.487457,0.070689,-24.193606,26.852325,0.103920,0.176600,0.000000,0.000000,0.000000,0.000000,10.383722
823.000000,41.150000,28.776100,-24.353931,26.742712,218.879930,2.496287,0.038846,-24.317217,26.755402,0.097260,-0.009026,0.000000,0.000000,0.000000,0.000000,10.501064
824.000000,41.200000,29.433400,-24.451094,26.664367,219.345093,2.495836,0.013377,-24.439806,26.657189,0.109575,0.114111,0.000000,0.000000,0.000000,0.000000,10.618903
825.000000,41.250000,30.092100,-24.547601,26.585251,219.869505,2.501541,0.030796,-24.561360,26.557699,0.101736,-0.018954,0.000000,0.000000,0.000000,0.000000,10.736331
826.000000,41.300000,29.063000,-24.643599,26.505071,220.357243,2.500594,0.061489,-24.681865,26.456940,0.089611,-0.121675,0.000000,0.000000,0.000000,0.000000,10.854102
827.000000,41.350000,28.968100,-24.738874,26.424108,220.786357,2.494510,0.065787,-24.681865,26.456940,0.096984,-0.123119,0.000000,0.000000,0.000000,0.000000,10.971973
828.000000,41.400000,29.214800,-24.833310,26.342632,221.249859,2.488354,0.034281,-24.801309,26.354926,0.094053,-0.012871,0.000000,0.000000,0.000000,0.000000,11.089305
829.000000,41.450000,29.229600,-24.926852,26.260598,221.698158,2.487710,0.011457,-24.919678,26.251666,0.090053,-0.164510,0.000000,0.000000,0.000000,0.000000,11.206285
830.000000,41.500000,29.040200,-25.019726,26.177856,222.127178,2.479485,0.035192,-25.036959,26.147172,0.095829,0.087646,0.000000,0.000000,0.000000,0.000000,11.323184
831.000000,41.550000,29.259200,-25.111672,26.094697,222.582368,2.483867,0.067484,-25.153140,26.041456,0.086888,0.007015,0.000000,0.000000,0.000000,0.000000,11.439488
832.000000,41.600000,29.231200,-25.203117,26.010661,222.995590,2.484218,0.058703,-25.153140,26.041456,0.089233,0.063187,0.000000,0.000000,0.000000,0.000000,11.556001
833.000000,41.650000,31.603500,-25.293965,25.925957,223.420086,2.487377,0.027148,-25.268207,25.934529,0.106763,0.075969,0.000000,0.000000,0.000000,0.000000,11.672378
834.000000,41.700000,30.196300,-25.384299,25.840473,223.929201,2.491176,0.014233,-25.382148,25.826403,0.097493,0.050187,0.000000,0.000000,0.000000,0.000000,11.788564
835.000000,41.750000,29.238600,-25.474006,25.754058,224.394527,2.493685,0.042489,-25.494950,25.717090,0.091519,-0.092493,0.000000,0.000000,0.000000,0.000000,11.904880
836.000000,41.800000,29.371100,-25.563097,25.666829,224.831614,2.489061,0.074297,-25.606602,25.606602,0.101427,0.107617,0.000000,0.000000,0.000000,0.000000,12.021225
837.000000,41.850000,29.302000,-25.651357,25.579087,225.315436,2.494441,0.052537,-25.606602,25.606602,0.089982,0.076996,0.000000,0.000000,0.000000,0.000000,12.137134
838.000000,41.900000,28.825100,-25.739062,25.490411,225.745273,2.498291,0.022436,-25.717090,25.494950,0.108331,0.041506,0.000000,0.000000,0.000000,0.000000,12.253215
839.000000,41.950000,29.112700,-25.826234,25.400941,226.264195,2.500367,0.018794,-25.826403,25.382148,0.102925,0.035152,0.000000,0.000000,0.000000,0.000000,12.369229
840.000000,42.000000,30.022400,-25.912663,25.310611,226.757438,2.502124,0.047710,-25.934529,25.268207,0.086512,-0.061439,0.000000,0.000000,0.000000,0.000000,12.485191
841.000000,42.050000,28.876600,-25.998372,25.219476,227.171886,2.499052,0.079100,-26.041456,25.153140,0.093117,0.042567,0.000000,0.000000,0.000000,0.000000,12.601107
842.000000,42.100000,28.566400,-26.083315,25.127837,227.617605,2.501181,0.048912,-26.041456,25.153140,0.101784,0.064128,0.000000,0.000000,0.000000,0.000000,12.716721
843.000000,42.150000,29.217300,-26.167614,25.035460,228.105505,2.504387,0.020497,-26.147172,25.036959,0.116443,-0.057030,0.000000,0.000000,0.000000,0.000000,12.832265
844.000000,42.200000,29.458900,-26.251231,24.942250,228.664988,2.501535,0.022576,-26.251666,24.919678,0.101089,0.026550,0.000000,0.000000,0.000000,0.000000,12.947796
845.000000,42.250000,28.798800,-26.333839,24.848335,229.149601,2.502863,0.051537,-26.354926,24.801309,0.104775,-0.131870,0.000000,0.000000,0.000000,0.000000,13.062950
846.000000,42.300000,28.853900,-26.415693,24.753674,229.652278,2.496269,0.077213,-26.354926,24.801309,0.091967,0.101939,0.000000,0.000000,0.000000,0.000000,13.177993
847.000000,42.350000,28.669400,-26.496501,24.658550,230.091974,2.501366,0.045920,-26.456940,24.681865,0.102437,-0.020361,0.000000,0.000000,0.000000,0.000000,13.292467
848.000000,42.400000,29.087400,-26.576739,24.562613,230.583061,2.500348,0.019082,-26.557699,24.561360,0.101018,-0.068704,0.000000,0.000000,0.000000,0.000000,13.407065
849.000000,42.450000,29.097700,-26.656120,24.466031,231.067103,2.496913,0.026247,-26.657189,24.439806,0.109528,-0.059194,0.000000,0.000000,0.000000,0.000000,13.521404
850.000000,42.500000,29.048200,-26.734574,24.368916,231.591514,2.493953,0.055737,-26.755402,24.317217,0.109086,-0.107812,0.000000,0.000000,0.000000,0.000000,13.635463
851.000000,42.550000,28.729100,-26.812045,24.271203,232.113173,2.488563,0.072977,-26.755402,24.317217,0.105681,-0.023415,0.000000,0.000000,0.000000,0.000000,13.749163
852.000000,42.600000,29.327100,-26.888456,24.173001,232.617333,2.487392,0.041593,-26.852325,24.193606,0.095125,-0.015572,0.000000,0.000000,0.000000,0.000000,13.862353
853.000000,42.650000,29.315300,-26.963966,24.074177,233.070599,2.486614,0.016837,-26.947949,24.068987,0.103805,-0.129855,0.000000,0.000000,0.000000,0.000000,13.975129
854.000000,42.700000,30.372800,-27.038667,23.974790,233.565354,2.480121,0.031622,-27.042262,23.943373,0.124898,0.134649,0.000000,0.000000,0.000000,0.000000,14.087794
855.000000,42.750000,28.644700,-27.112315,23.875023,234.160051,2.486853,0.062599,-27.135255,23.816779,0.101472,0.052006,0.000000,0.000000,0.000000,0.000000,14.200280
856.000000,42.800000,30.168500,-27.185121,23.774224,234.643659,2.489453,0.065555,-27.135255,23.816779,0.095360,0.021631,0.000000,0.000000,0.000000,0.000000,14.312393
857.000000,42.850000,28.894500,-27.257148,23.672708,235.098429,2.490535,0.034445,-27.226917,23.689218,0.100928,0.089848,0.000000,0.000000,0.000000,0.000000,14.424282
858.000000,42.900000,29.490400,-27.328398,23.570579,235.580135,2.495027,0.014902,-27.317238,23.560704,0.100691,-0.069234,0.000000,0.000000,0.000000,0.000000,14.536117
859.000000,42.950000,29.122600,-27.398914,23.467669,236.061572,2.491566,0.037142,-27.406209,23.431251,0.098380,0.053211,0.000000,0.000000,0.000000,0.000000,14.647917
860.000000,43.000000,28.764000,-27.468467,23.364314,236.531232,2.494226,0.068319,-27.493819,23.300873,0.085102,-0.066409,0.000000,0.000000,0.000000,0.000000,14.759277
861.000000,43.050000,28.906000,-27.537243,23.260282,236.937609,2.490906,0.059442,-27.493819,23.300873,0.107113,0.065489,0.000000,0.000000,0.000000,0.000000,14.870215
862.000000,43.100000,28.901300,-27.605189,23.155903,237.449132,2.494180,0.028613,-27.580059,23.169586,0.093531,-0.041487,0.000000,0.000000,0.000000,0.000000,14.981347
863.000000,43.150000,28.549200,-27.672288,23.050784,237.895975,2.492106,0.015277,-27.664919,23.037402,0.078872,0.044866,0.000000,0.000000,0.000000,0.000000,15.092017
864.000000,43.200000,28.683700,-27.738510,22.945233,238.272151,2.494349,0.042073,-27.748390,22.904337,0.110114,-0.044804,0.000000,0.000000,0.000000,0.000000,15.201983
865.000000,43.250000,28.909300,-27.804098,22.839154,238.798849,2.492109,0.073631,-27.830464,22.770405,0.098255,-0.046740,0.000000,0.000000,0.000000,0.000000,15.312729
866.000000,43.300000,28.871400,-27.868649,22.732572,239.268014,2.489772,0.053753,-27.830464,22.770405,0.092241,0.015724,0.000000,0.000000,0.000000,0.000000,15.422755
867.000000,43.350000,28.818100,-27.932265,22.625566,239.707878,2.490558,0.023405,-27.911130,22.635621,0.086985,-0.149296,0.000000,0.000000,0.000000,0.000000,15.532253
868.000000,43.400000,28.872500,-27.995078,22.518040,240.122679,2.483093,0.018642,-27.990381,22.500000,0.110651,-0.032455,0.000000,0.000000,0.000000,0.000000,15.641395
869.000000,43.450000,28.733500,-28.056925,22.410387,240.649580,2.481471,0.048170,-28.068207,22.363556,0.101221,-0.078063,0.000000,0.000000,0.000000,0.000000,15.750752
870.000000,43.500000,28.818900,-28.117740,22.302239,241.130937,2.477568,0.078824,-28.068207,22.363556,0.087447,0.008845,0.000000,0.000000,0.000000,0.000000,15.859434
871.000000,43.550000,29.095900,-28.177549,22.193756,241.545778,2.478010,0.046315,-28.144600,22.226305,0.101807,-0.050250,0.000000,0.000000,0.000000,0.000000,15.967214
872.000000,43.600000,29.371400,-28.236583,22.084823,242.029267,2.475497,0.017375,-28.219552,22.088261,0.103294,0.014840,0.000000,0.000000,0.000000,0.000000,16.075298
873.000000,43.650000,29.794100,-28.294636,21.975507,242.519369,2.476239,0.026114,-28.293054,21.949441,0.097444,0.054650,0.000000,0.000000,0.000000,0.000000,16.183057
874.000000,43.700000,28.934100,-28.351768,21.865665,242.981673,2.478972,0.057377,-28.365098,21.809857,0.109707,0.054419,0.000000,0.000000,0.000000,0.000000,16.290354
875.000000,43.750000,29.098600,-28.408075,21.755244,243.503172,2.481693,0.069496,-28.365098,21.809857,0.101282,-0.032618,0.000000,0.000000,0.000000,0.000000,16.397984
876.000000,43.800000,29.178600,-28.463435,21.644193,243.984865,2.480062,0.037582,-28.435676,21.669528,0.108100,0.050799,0.000000,0.000000,0.000000,0.000000,16.505090
877.000000,43.850000,28.998200,-28.517824,21.532754,244.498891,2.482602,0.013729,-28.504782,21.528466,0.090568,0.057917,0.000000,0.000000,0.000000,0.000000,16.612129
878.000000,43.900000,29.047100,-28.571266,21.420717,244.929490,2.485498,0.034047,-28.572406,21.386689,0.089317,-0.003318,0.000000,0.000000,0.000000,0.000000,16.718230
879.000000,43.950000,29.098400,-28.623925,21.308151,245.354607,2.485332,0.065588,-28.638542,21.244212,0.095711,0.012017,0.000000,0.000000,0.000000,0.000000,16.824157
880.000000,44.000000,29.665800,-28.675744,21.195204,245.810303,2.485933,0.061529,-28.638542,21.244212,0.101493,-0.011879,0.000000,0.000000,0.000000,0.000000,16.930119
881.000000,44.050000,29.588400,-28.726676,21.081821,246.293830,2.485339,0.030360,-28.703182,21.101050,0.094313,-0.005845,0.000000,0.000000,0.000000,0.000000,17.036099
882.000000,44.100000,28.792600,-28.776637,20.968040,246.742833,2.485046,0.014952,-28.766319,20.957218,0.095299,0.084309,0.000000,0.000000,0.000000,0.000000,17.141429
883.000000,44.150000,29.581300,-28.825699,20.853884,247.196503,2.489262,0.041212,-28.827947,20.812734,0.097347,0.032096,0.000000,0.000000,0.000000,0.000000,17.246526
884.000000,44.200000,28.957900,-28.873938,20.739149,247.660772,2.490867,0.072918,-28.888059,20.667612,0.108841,-0.103133,0.000000,0.000000,0.000000,0.000000,17.351628
885.000000,44.250000,29.163500,-28.921275,20.623953,248.180605,2.485710,0.054858,-28.888059,20.667612,0.093217,0.006372,0.000000,0.000000,0.000000,0.000000,17.457082
886.000000,44.300000,28.704000,-28.967470,20.508571,248.624424,2.486029,0.024706,-28.946647,20.521868,0.100590,0.066030,0.000000,0.000000,0.000000,0.000000,17.561196
887.000000,44.350000,28.720400,-29.012775,20.392820,249.103640,2.489330,0.019534,-29.003706,20.375519,0.118948,0.031647,0.000000,0.000000,0.000000,0.000000,17.665433
888.000000,44.400000,29.585700,-29.057170,20.276540,249.671835,2.490912,0.048004,-29.059230,20.228581,0.104849,0.061592,0.000000,0.000000,0.000000,0.000000,17.770477
889.000000,44.450000,28.727200,-29.100437,20.159752,250.172467,2.493992,0.079713,-29.113212,20.081069,0.103325,-0.036553,0.000000,0.000000,0.000000,0.000000,17.874441
890.000000,44.500000,29.386200,-29.142734,20.042445,250.666382,2.492164,0.048615,-29.113212,20.081069,0.107500,-0.072729,0.000000,0.000000,0.000000,0.000000,17.978121
891.000000,44.550000,29.107800,-29.183987,19.924863,251.180029,2.488528,0.020065,-29.165646,19.933000,0.100763,-0.023907,0.000000,0.000000,0.000000,0.000000,18.081637
892.000000,44.600000,28.494900,-29.224127,19.807089,251.660555,2.487333,0.023938,-29.216526,19.784390,0.097610,-0.102599,0.000000,0.000000,0.000000,0.000000,18.184269
893.000000,44.650000,29.469100,-29.263258,19.689039,252.125723,2.482203,0.053847,-29.265848,19.635255,0.096562,0.034352,0.000000,0.000000,0.000000,0.000000,18.286350
894.000000,44.700000,28.969000,-29.301351,19.570920,252.584916,2.483920,0.073481,-29.265848,19.635255,0.102276,-0.040598,0.000000,0.000000,0.000000,0.000000,18.387854
895.000000,44.750000,30.584800,-29.338522,19.452417,253.071805,2.481890,0.041507,-29.313605,19.485612,0.106572,0.013456,0.000000,0.000000,0.000000,0.000000,18.489473
896.000000,44.800000,28.579400,-29.374655,19.333699,253.578882,2.482563,0.014969,-29.359792,19.335477,0.095729,0.061688,0.000000,0.000000,0.000000,0.000000,18.590944
897.000000,44.850000,28.762400,-29.409746,19.214634,254.034157,2.485648,0.030243,-29.404405,19.184867,0.090300,0.055050,0.000000,0.000000,0.000000,0.000000,18.691413
898.000000,44.900000,29.137000,-29.443931,19.095146,254.464004,2.488400,0.061449,-29.447439,19.033797,0.098372,-0.013854,0.000000,0.000000,0.000000,0.000000,18.791360
899.000000,44.950000,28.625400,-29.477256,18.975272,254.933030,2.487707,0.065684,-29.447439,19.033797,0.101074,-0.001268,0.000000,0.000000,0.000000,0.000000,18.891659
900.000000,45.000000,28.519400,-29.509590,18.855162,255.414892,2.487644,0.034121,-29.488887,18.882286,0.107386,0.006874,0.000000,0.000000,0.000000,0.000000,18.991786
901.000000,45.050000,29.357300,-29.540912,18.734789,255.927060,2.487988,0.012949,-29.528747,18.730348,0.105185,0.037977,0.000000,0.000000,0.000000,0.000000,19.091997
902.000000,45.100000,28.957100,-29.571160,18.614123,256.428718,2.489887,0.036358,-29.567014,18.578002,0.094398,0.061968,0.000000,0.000000,0.000000,0.000000,19.191705
903.000000,45.150000,28.971500,-29.600373,18.493104,256.878949,2.492985,0.067922,-29.603684,18.425263,0.095677,-0.061936,0.000000,0.000000,0.000000,0.000000,19.290385
904.000000,45.200000,29.422500,-29.628670,18.371710,257.335887,2.489888,0.059096,-29.603684,18.425263,0.093257,0.018700,0.000000,0.000000,0.000000,0.000000,19.388968
905.000000,45.250000,30.740200,-29.655963,18.250244,257.780647,2.490823,0.027858,-29.638751,18.272149,0.078196,-0.011485,0.000000,0.000000,0.000000,0.000000,19.486940
906.000000,45.300000,29.997700,-29.682323,18.128524,258.153396,2.490249,0.014114,-29.672214,18.118675,0.104434,0.070553,0.000000,0.000000,0.000000,0.000000,19.583571
907.000000,45.350000,30.852500,-29.707885,18.006664,258.651898,2.493777,0.041978,-29.704068,17.964860,0.097311,0.002318,0.000000,0.000000,0.000000,0.000000,19.681845
908.000000,45.400000,30.341300,-29.732420,17.884413,259.116837,2.493892,0.073717,-29.734309,17.810720,0.102876,0.014618,0.000000,0.000000,0.000000,0.000000,19.779367
909.000000,45.450000,28.723600,-29.755963,17.761961,259.608569,2.494623,0.053351,-29.734309,17.810720,0.103275,-0.207963,0.000000,0.000000,0.000000,0.000000,19.876974
910.000000,45.500000,29.003500,-29.778461,17.639275,260.102368,2.484225,0.023020,-29.762934,17.656271,0.083909,0.066543,0.000000,0.000000,0.000000,0.000000,19.974275
911.000000,45.550000,29.989500,-29.799811,17.516913,260.501416,2.487552,0.018276,-29.789941,17.501531,0.095782,-0.009158,0.000000,0.000000,0.000000,0.000000,20.069330
912.000000,45.600000,31.067200,-29.820336,17.394240,260.957861,2.487094,0.047986,-29.815325,17.346517,0.102895,0.076650,0.000000,0.000000,0.000000,0.000000,20.165162
913.000000,45.650000,29.592700,-29.839880,17.271431,261.448342,2.490927,0.078999,-29.815325,17.346517,0.089522,-0.110956,0.000000,0.000000,0.000000,0.000000,20.261199
914.000000,45.700000,29.193200,-29.858400,17.148269,261.875369,2.485379,0.047117,-29.839085,17.191245,0.102636,0.035512,0.000000,0.000000,0.000000,0.000000,20.355958
915.000000,45.750000,28.645000,-29.875963,17.025248,262.364269,2.487155,0.018094,-29.861218,17.035734,0.101025,-0.029861,0.000000,0.000000,0.000000,0.000000,20.451249
916.000000,45.800000,28.766200,-29.892487,16.901993,262.845791,2.485662,0.024488,-29.881721,16.879998,0.115496,-0.011853,0.000000,0.000000,0.000000,0.000000,20.546105
917.000000,45.850000,29.446200,-29.907965,16.778677,263.396531,2.485069,0.055115,-29.900591,16.724057,0.106037,0.095709,0.000000,0.000000,0.000000,0.000000,20.641721
918.000000,45.900000,28.730700,-29.922254,16.655248,263.901691,2.489855,0.072139,-29.900591,16.724057,0.081903,-0.000602,0.000000,0.000000,0.000000,0.000000,20.736083
919.000000,45.950000,30.495900,-29.935479,16.531460,264.292036,2.489824,0.040514,-29.917828,16.567927,0.104517,-0.036037,0.000000,0.000000,0.000000,0.000000,20.828206
920.000000,46.000000,29.775600,-29.947861,16.407586,264.790855,2.488023,0.014986,-29.933429,16.411625,0.125344,0.191262,0.000000,0.000000,0.000000,0.000000,20.921977
921.000000,46.050000,29.831700,-29.959156,16.283699,265.389602,2.497586,0.030861,-29.947393,16.255168,0.108884,-0.085751,0.000000,0.000000,0.000000,0.000000,21.017079
922.000000,46.100000,30.267100,-29.969193,16.159223,265.911045,2.493298,0.061386,-29.959717,16.098573,0.076765,0.085532,0.000000,0.000000,0.000000,0.000000,21.110591
923.000000,46.150000,28.980200,-29.978083,16.034876,266.277308,2.497575,0.066292,-29.959717,16.098573,0.102602,-0.035116,0.000000,0.000000,0.000000,0.000000,21.200689
924.000000,46.200000,28.571100,-29.986191,15.910260,266.768444,2.495819,0.035323,-29.970401,15.941858,0.109458,-0.007779,0.000000,0.000000,0.000000,0.000000,21.293000
925.000000,46.250000,28.752000,-29.993225,15.785668,267.292287,2.495430,0.013797,-29.979443,15.785039,0.084936,-0.089202,0.000000,0.000000,0.000000,0.000000,21.385469
926.000000,46.300000,29.518800,-29.999120,15.661036,267.698063,2.490970,0.035117,-29.986842,15.628135,0.104022,-0.109548,0.000000,0.000000,0.000000,0.000000,21.475260
927.000000,46.350000,28.897500,-30.004122,15.536588,268.194730,2.485492,0.066434,-29.992598,15.471161,0.103128,0.059576,0.000000,0.000000,0.000000,0.000000,21.566344
928.000000,46.400000,29.269700,-30.008037,15.412375,268.686015,2.488471,0.060780,-29.992598,15.471161,0.089180,-0.042826,0.000000,0.000000,0.000000,0.000000,21.656739
929.000000,46.450000,29.324700,-30.010890,15.287984,269.110981,2.486330,0.029749,-29.996710,15.314136,0.095583,-0.044505,0.000000,0.000000,0.000000,0.000000,21.745541
930.000000,46.500000,29.021200,-30.012819,15.163682,269.566248,2.484105,0.015157,-29.999178,15.157077,0.111284,0.055250,0.000000,0.000000,0.000000,0.000000,21.834550
931.000000,46.550000,28.948500,-30.013760,15.039481,270.096402,2.486867,0.041810,-30.000000,15.000000,0.126226,0.056232,0.000000,0.000000,0.000000,0.000000,21.924608
932.000000,46.600000,28.873300,-30.013550,14.915138,270.699124,2.489679,0.073631,-29.999178,14.842923,0.089430,0.060271,0.000000,0.000000,0.000000,0.000000,22.015754
933.000000,46.650000,29.087700,-30.012031,14.790663,271.125494,2.492692,0.053818,-29.999178,14.842923,0.109942,0.058202,0.000000,0.000000,0.000000,0.000000,22.102867
934.000000,46.700000,28.585200,-30.009583,14.666052,271.651015,2.495602,0.023626,-29.996710,14.685864,0.083126,-0.044926,0.000000,0.000000,0.000000,0.000000,22.191774
935.000000,46.750000,28.760100,-30.005988,14.541324,272.048129,2.493356,0.018308,-29.992598,14.528839,0.101345,0.103336,0.000000,0.000000,0.000000,0.000000,22.277666
936.000000,46.800000,29.549700,-30.001533,14.416736,272.532387,2.498523,0.047214,-29.986842,14.371865,0.079074,-0.064919,0.000000,0.000000,0.000000,0.000000,22.365010
937.000000,46.850000,28.925100,-29.996013,14.291932,272.910502,2.495277,0.078734,-29.979443,14.214961,0.095295,-0.019599,0.000000,0.000000,0.000000,0.000000,22.449884
938.000000,46.900000,29.419800,-29.989678,14.167329,273.366022,2.494297,0.048719,-29.979443,14.214961,0.107746,-0.006289,0.000000,0.000000,0.000000,0.000000,22.536027
939.000000,46.950000,28.744600,-29.982355,14.042829,273.881294,2.493983,0.019427,-29.970401,14.058142,0.108025,0.030932,0.000000,0.000000,0.000000,0.000000,22.623037
940.000000,47.000000,31.193500,-29.973915,13.918416,274.397845,2.495529,0.022140,-29.959717,13.901427,0.109901,-0.006801,0.000000,0.000000,0.000000,0.000000,22.709611
941.000000,47.050000,30.280700,-29.964346,13.794007,274.923764,2.495189,0.052015,-29.947393,13.744832,0.106681,-0.005365,0.000000,0.000000,0.000000,0.000000,22.795977
942.000000,47.100000,29.628500,-29.953638,13.669708,275.434086,2.494921,0.075384,-29.947393,13.744832,0.072241,-0.072211,0.000000,0.000000,0.000000,0.000000,22.881519
943.000000,47.150000,29.190700,-29.941825,13.545522,275.778911,2.491310,0.043667,-29.933429,13.588375,0.082842,0.019422,0.000000,0.000000,0.000000,0.000000,22.962952
944.000000,47.200000,28.731500,-29.929282,13.421590,276.173982,2.492281,0.015527,-29.917828,13.432073,0.112903,0.007620,0.000000,0.000000,0.000000,0.000000,23.045174
945.000000,47.250000,29.484500,-29.915880,13.297699,276.713687,2.492662,0.026591,-29.900591,13.275943,0.091893,-0.131023,0.000000,0.000000,0.000000,0.000000,23.130356
946.000000,47.300000,29.097900,-29.901310,13.173920,277.152392,2.486111,0.057367,-29.881721,13.120002,0.088640,0.011273,0.000000,0.000000,0.000000,0.000000,23.212777
947.000000,47.350000,28.915800,-29.885833,13.050582,277.574371,2.486675,0.069541,-29.881721,13.120002,0.107899,0.083673,0.000000,0.000000,0.000000,0.000000,23.294270
948.000000,47.400000,29.037100,-29.869444,12.927333,278.088802,2.490859,0.037838,-29.861218,12.964266,0.102982,0.005792,0.000000,0.000000,0.000000,0.000000,23.377552
949.000000,47.450000,28.989900,-29.851920,12.804029,278.580447,2.491148,0.013677,-29.839085,12.808755,0.092599,0.008893,0.000000,0.000000,0.000000,0.000000,23.459959
950.000000,47.500000,28.948200,-29.833336,12.680866,279.022274,2.491593,0.032775,-29.815325,12.653483,0.117144,0.032169,0.000000,0.000000,0.000000,0.000000,23.540781
951.000000,47.550000,28.956500,-29.813800,12.557828,279.582280,2.493201,0.063974,-29.789941,12.498469,0.098306,0.013320,0.000000,0.000000,0.000000,0.000000,23.624007
952.000000,47.600000,29.236500,-29.793048,12.434907,280.051893,2.493867,0.063638,-29.789941,12.498469,0.118267,-0.057854,0.000000,0.000000,0.000000,0.000000,23.704607
953.000000,47.650000,28.878800,-29.771284,12.312128,280.617833,2.490975,0.032686,-29.762934,12.343729,0.090473,0.129436,0.000000,0.000000,0.000000,0.000000,23.787102
954.000000,47.700000,28.634300,-29.748335,12.189711,281.049431,2.497446,0.014033,-29.734309,12.189280,0.123900,-0.021983,0.000000,0.000000,0.000000,0.000000,23.865746
955.000000,47.750000,29.623600,-29.724403,12.067154,281.643449,2.496347,0.037926,-29.704068,12.035140,0.117346,-0.031994,0.000000,0.000000,0.000000,0.000000,23.948127
956.000000,47.800000,30.065200,-29.699212,11.944905,282.205499,2.494748,0.069075,-29.672214,11.881325,0.098648,-0.065698,0.000000,0.000000,0.000000,0.000000,24.029104
957.000000,47.850000,29.269800,-29.672840,11.822987,282.677048,2.491463,0.058341,-29.672214,11.881325,0.101514,-0.071485,0.000000,0.000000,0.000000,0.000000,24.107259
958.000000,47.900000,29.090800,-29.645502,11.701451,283.161754,2.487888,0.027250,-29.638751,11.727851,0.095828,-0.023567,0.000000,0.000000,0.000000,0.000000,24.185228
959.000000,47.950000,29.183900,-29.617177,11.580324,283.618482,2.486710,0.014605,-29.603684,11.574737,0.101519,0.009315,0.000000,0.000000,0.000000,0.000000,24.261962
960.000000,48.000000,29.286900,-29.587902,11.459484,284.102289,2.487176,0.042913,-29.567014,11.421998,0.103452,0.033828,0.000000,0.000000,0.000000,0.000000,24.338940
961.000000,48.050000,28.789600,-29.557601,11.338873,284.595463,2.488867,0.074995,-29.528747,11.269652,0.091840,-0.102541,0.000000,0.000000,0.000000,0.000000,24.415722
962.000000,48.100000,28.838900,-29.526242,11.218446,285.033244,2.483740,0.051267,-29.528747,11.269652,0.089635,0.054171,0.000000,0.000000,0.000000,0.000000,24.490677
963.000000,48.150000,29.284700,-29.494031,11.098509,285.459578,2.486449,0.019882,-29.488887,11.117714,0.090988,-0.060096,0.000000,0.000000,0.000000,0.000000,24.564832
964.000000,48.200000,28.444900,-29.460892,10.978685,285.892854,2.483444,0.018352,-29.447439,10.966203,0.087531,0.117531,0.000000,0.000000,0.000000,0.000000,24.638874
965.000000,48.250000,29.313900,-29.426888,10.859259,286.309078,2.489320,0.049523,-29.404405,10.815133,0.083583,-0.007690,0.000000,0.000000,0.000000,0.000000,24.712028
966.000000,48.300000,29.122900,-29.391936,10.739801,286.707383,2.488936,0.076357,-29.404405,10.815133,0.085409,-0.023846,0.000000,0.000000,0.000000,0.000000,24.784520
967.000000,48.350000,29.335800,-29.356160,10.620608,287.114365,2.487744,0.044065,-29.359792,10.664523,0.092715,-0.072131,0.000000,0.000000,0.000000,0.000000,24.856910
968.000000,48.400000,29.426400,-29.319555,10.501729,287.556144,2.484137,0.013988,-29.313605,10.514388,0.105402,-0.012161,0.000000,0.000000,0.000000,0.000000,24.929849
969.000000,48.450000,28.721600,-29.282089,10.383307,288.058070,2.483529,0.024665,-29.265848,10.364745,0.087252,0.048442,0.000000,0.000000,0.000000,0.000000,25.003892
970.000000,48.500000,28.975500,-29.243597,10.265248,288.472975,2.485951,0.056539,-29.216526,10.215610,0.099112,0.069662,0.000000,0.000000,0.000000,0.000000,25.075129
971.000000,48.550000,28.525900,-29.204212,10.147355,288.945085,2.489434,0.069358,-29.216526,10.215610,0.092588,-0.088669,0.000000,0.000000,0.000000,0.000000,25.147598
972.000000,48.600000,29.266300,-29.163801,10.029626,289.386556,2.485001,0.037420,-29.165646,10.067000,0.114512,0.021590,0.000000,0.000000,0.000000,0.000000,25.218889
973.000000,48.650000,29.505400,-29.122557,9.912420,289.932419,2.486080,0.011390,-29.113212,9.918931,0.088010,0.098757,0.000000,0.000000,0.000000,0.000000,25.292491
974.000000,48.700000,29.389000,-29.080181,9.795563,290.351379,2.491018,0.031966,-29.059230,9.771419,0.091029,-0.012691,0.000000,0.000000,0.000000,0.000000,25.362117
975.000000,48.750000,29.910000,-29.036865,9.678787,290.785649,2.490384,0.063629,-29.003706,9.624481,0.104272,-0.024434,0.000000,0.000000,0.000000,0.000000,25.431916
976.000000,48.800000,30.590600,-28.992676,9.562372,291.283402,2.489162,0.063081,-29.003706,9.624481,0.101181,0.023715,0.000000,0.000000,0.000000,0.000000,25.503052
977.000000,48.850000,30.231800,-28.947500,9.446402,291.766061,2.490348,0.031741,-28.946647,9.478132,0.099491,-0.011094,0.000000,0.000000,0.000000,0.000000,25.573255
978.000000,48.900000,30.827400,-28.901327,9.330762,292.240829,2.489793,0.013368,-28.888059,9.332388,0.089096,-0.003360,0.000000,0.000000,0.000000,0.000000,25.642798
979.000000,48.950000,30.663900,-28.854208,9.215534,292.665617,2.489625,0.038584,-28.827947,9.187266,0.100901,0.004555,0.000000,0.000000,0.000000,0.000000,25.710482
980.000000,49.000000,29.402800,-28.806239,9.100667,293.147021,2.489853,0.070315,-28.766319,9.042782,0.115947,-0.054771,0.000000,0.000000,0.000000,0.000000,25.779373
981.000000,49.050000,29.549800,-28.757302,8.986196,293.700863,2.487114,0.057300,-28.766319,9.042782,0.101045,0.047593,0.000000,0.000000,0.000000,0.000000,25.849839
982.000000,49.100000,29.783600,-28.707315,8.872329,294.182471,2.489494,0.026940,-28.703182,8.898950,0.094863,0.013921,0.000000,0.000000,0.000000,0.000000,25.917611
983.000000,49.150000,28.597200,-28.656325,8.758777,294.634865,2.490190,0.018033,-28.638542,8.755788,0.106996,0.143484,0.000000,0.000000,0.000000,0.000000,25.984130
984.000000,49.200000,28.444800,-28.604425,8.645601,295.145681,2.497364,0.045474,-28.572406,8.613311,0.106874,-0.024385,0.000000,0.000000,0.000000,0.000000,26.051912
985.000000,49.250000,29.148400,-28.551366,8.532566,295.657376,2.496145,0.076780,-28.504782,8.471534,0.101498,-0.089657,0.000000,0.000000,0.000000,0.000000,26.119350
986.000000,49.300000,29.036100,-28.497326,8.420065,296.142916,2.491662,0.052006,-28.504782,8.471534,0.122274,-0.069569,0.000000,0.000000,0.000000,0.000000,26.185478
987.000000,49.350000,29.098400,-28.442433,8.308227,296.727703,2.488184,0.023249,-28.435676,8.330472,0.099371,-0.020285,0.000000,0.000000,0.000000,0.000000,26.253922
988.000000,49.400000,29.145900,-28.386480,8.197110,297.201484,2.487169,0.022489,-28.365098,8.190143,0.088113,-0.048207,0.000000,0.000000,0.000000,0.000000,26.318390
989.000000,49.450000,28.974400,-28.329633,8.086505,297.621122,2.484759,0.051285,-28.293054,8.050559,0.098233,0.001755,0.000000,0.000000,0.000000,0.000000,26.380776
990.000000,49.500000,29.996100,-28.272034,7.976426,298.088795,2.484847,0.077055,-28.293054,8.050559,0.112250,0.065192,0.000000,0.000000,0.000000,0.000000,26.444160
991.000000,49.550000,30.128200,-28.213536,7.866818,298.623748,2.488106,0.045322,-28.219552,7.911739,0.105380,0.087696,0.000000,0.000000,0.000000,0.000000,26.509089
992.000000,49.600000,28.986700,-28.153938,7.757616,299.126370,2.492491,0.018594,-28.144600,7.773695,0.090985,-0.129216,0.000000,0.000000,0.000000,0.000000,26.572543
993.000000,49.650000,29.059800,-28.093279,7.648751,299.560685,2.486030,0.027930,-28.068207,7.636444,0.094917,0.003566,0.000000,0.000000,0.000000,0.000000,26.633507
994.000000,49.700000,29.086200,-28.031955,7.540629,300.012705,2.486209,0.058131,-27.990381,7.500000,0.102193,0.060787,0.000000,0.000000,0.000000,0.000000,26.694478
995.000000,49.750000,29.236500,-27.969776,7.432987,300.499647,2.489248,0.070109,-27.990381,7.500000,0.099237,-0.039563,0.000000,0.000000,0.000000,0.000000,26.756076
996.000000,49.800000,30.118200,-27.906608,7.325746,300.972988,2.487270,0.038896,-27.911130,7.364379,0.095174,0.046824,0.000000,0.000000,0.000000,0.000000,26.816820
997.000000,49.850000,29.127200,-27.842606,7.219116,301.426465,2.489611,0.016039,-27.830464,7.229595,0.105617,0.010146,0.000000,0.000000,0.000000,0.000000,26.876444
998.000000,49.900000,28.920500,-27.777701,7.112895,301.930529,2.490118,0.034001,-27.748390,7.095663,0.098349,0.091039,0.000000,0.000000,0.000000,0.000000,26.937226
999.000000,49.950000,28.914000,-27.711851,7.007228,302.399771,2.494670,0.064765,-27.664919,6.962598,0.092002,0.105322,0.000000,0.000000,0.000000,0.000000,26.996410
1000.000000,50.000000,28.766700,-27.645016,6.901912,302.839351,2.499936,0.063866,-27.664919,6.962598,0.105473,-0.054033,0.000000,0.000000,0.000000,0.000000,27.054285
1001.000000,50.050000,28.926600,-27.577232,6.796890,303.344809,2.497235,0.033643,-27.580059,6.830414,0.109220,-0.057463,0.000000,0.000000,0.000000,0.000000,27.113885
1002.000000,50.100000,29.005700,-27.508599,6.692584,303.867800,2.494362,0.016164,-27.493819,6.699127,0.097348,0.000186,0.000000,0.000000,0.000000,0.000000,27.173451
1003.000000,50.150000,28.544600,-27.439096,6.589027,304.333025,2.494371,0.038636,-27.406209,6.568749,0.105489,-0.130332,0.000000,0.000000,0.000000,0.000000,27.230581
1004.000000,50.200000,28.888000,-27.368754,6.486038,304.837436,2.487854,0.069561,-27.317238,6.439296,0.091897,-0.165216,0.000000,0.000000,0.000000,0.000000,27.288481
1005.000000,50.250000,28.391600,-27.297695,6.383939,305.275313,2.479593,0.058706,-27.317238,6.439296,0.113004,0.065502,0.000000,0.000000,0.000000,0.000000,27.343623
1006.000000,50.300000,29.186500,-27.226096,6.282724,305.812754,2.482869,0.028070,-27.226917,6.310782,0.106714,-0.026707,0.000000,0.000000,0.000000,0.000000,27.401379
1007.000000,50.350000,29.349400,-27.153455,6.182052,306.320713,2.481533,0.018238,-27.135255,6.183221,0.098771,0.014506,0.000000,0.000000,0.000000,0.000000,27.457648
1008.000000,50.400000,28.917100,-27.079964,6.082082,306.790354,2.482259,0.045490,-27.042262,6.056627,0.112934,-0.081892,0.000000,0.000000,0.000000,0.000000,27.512115
1009.000000,50.450000,30.125500,-27.005634,5.982688,307.328037,2.478164,0.077446,-26.947949,5.931013,0.099105,0.130174,0.000000,0.000000,0.000000,0.000000,27.568311
1010.000000,50.500000,29.106900,-26.930499,5.884159,307.798639,2.484673,0.049998,-26.947949,5.931013,0.094300,-0.051055,0.000000,0.000000,0.000000,0.000000,27.621665
1011.000000,50.550000,29.342900,-26.854358,5.785993,308.247461,2.482120,0.020502,-26.852325,5.806394,0.086430,-0.072087,0.000000,0.000000,0.000000,0.000000,27.673925
1012.000000,50.600000,28.733100,-26.777529,5.688527,308.658204,2.478516,0.022860,-26.755402,5.682783,0.086784,0.011154,0.000000,0.000000,0.000000,0.000000,27.724457
1013.000000,50.650000,28.975400,-26.700116,5.591755,309.070042,2.479073,0.053280,-26.657189,5.560194,0.111645,0.082984,0.000000,0.000000,0.000000,0.000000,27.774597
1014.000000,50.700000,29.127800,-26.621991,5.495521,309.600854,2.483222,0.073631,-26.657189,5.560194,0.086229,-0.000749,0.000000,0.000000,0.000000,0.000000,27.828278
1015.000000,50.750000,29.222600,-26.542847,5.399854,310.010820,2.483185,0.041532,-26.557699,5.438640,0.098130,0.184229,0.000000,0.000000,0.000000,0.000000,27.877432
1016.000000,50.800000,29.292500,-26.463021,5.304758,310.477705,2.492396,0.014694,-26.456940,5.318135,0.091697,-0.044964,0.000000,0.000000,0.000000,0.000000,27.928094
1017.000000,50.850000,28.402700,-26.382123,5.209965,310.915423,2.490148,0.029441,-26.354926,5.198691,0.093826,0.030317,0.000000,0.000000,0.000000,0.000000,27.977434
1018.000000,50.900000,28.877000,-26.300578,5.115877,311.362957,2.491664,0.060469,-26.251666,5.080322,0.110316,-0.001853,0.000000,0.000000,0.000000,0.000000,28.026640
1019.000000,50.950000,29.179500,-26.218250,5.022373,311.890060,2.491571,0.066894,-26.251666,5.080322,0.079322,-0.022999,0.000000,0.000000,0.000000,0.000000,28.078082
1020.000000,51.000000,28.854400,-26.135068,4.929633,312.268310,2.490422,0.035533,-26.147172,4.963041,0.111337,0.132602,0.000000,0.000000,0.000000,0.000000,28.123926
1021.000000,51.050000,28.953600,-26.051315,4.837487,312.800068,2.497052,0.013604,-26.041456,4.846860,0.094628,-0.114705,0.000000,0.000000,0.000000,0.000000,28.174606
1022.000000,51.100000,28.616800,-25.966485,4.745879,313.252705,2.491316,0.034922,-25.934529,4.731793,0.095056,-0.106485,0.000000,0.000000,0.000000,0.000000,28.222089
1023.000000,51.150000,28.906200,-25.881130,4.655153,313.706355,2.485992,0.066230,-25.826403,4.617852,0.096924,-0.017095,0.000000,0.000000,0.000000,0.000000,28.269072
1024.000000,51.200000,29.687800,-25.795244,4.565298,314.167987,2.485137,0.061097,-25.826403,4.617852,0.083713,-0.009501,0.000000,0.000000,0.000000,0.000000,28.315796
1025.000000,51.250000,29.210500,-25.708666,4.476168,314.566242,2.484662,0.030085,-25.717090,4.505050,0.093074,-0.054935,0.000000,0.000000,0.000000,0.000000,28.359865
1026.000000,51.300000,28.683700,-25.621488,4.387660,315.009193,2.481916,0.015954,-25.606602,4.393398,0.094168,0.014470,0.000000,0.000000,0.000000,0.000000,28.405100
1027.000000,51.350000,29.238300,-25.533725,4.299925,315.456884,2.482639,0.042344,-25.494950,4.282910,0.113302,0.101947,0.000000,0.000000,0.000000,0.000000,28.450018
1028.000000,51.400000,29.000600,-25.445253,4.212853,315.996415,2.487736,0.074319,-25.382148,4.173597,0.089482,-0.107059,0.000000,0.000000,0.000000,0.000000,28.497656
1029.000000,51.450000,29.565800,-25.355782,4.126441,316.422703,2.482383,0.054026,-25.382148,4.173597,0.123676,0.151459,0.000000,0.000000,0.000000,0.000000,28.540806
1030.000000,51.500000,28.596700,-25.265864,4.040882,317.012059,2.489956,0.024700,-25.268207,4.065471,0.091956,0.049433,0.000000,0.000000,0.000000,0.000000,28.589141
1031.000000,51.550000,31.525100,-25.174795,3.955994,317.450588,2.492428,0.021805,-25.153140,3.958544,0.119248,0.172845,0.000000,0.000000,0.000000,0.000000,28.631579
1032.000000,51.600000,28.917900,-25.082987,3.871721,318.020939,2.501070,0.049755,-25.036959,3.852828,0.092771,-0.035624,0.000000,0.000000,0.000000,0.000000,28.678214
1033.000000,51.650000,28.562000,-24.990023,3.788078,318.465353,2.499289,0.079971,-25.036959,3.852828,0.096993,0.083339,0.000000,0.000000,0.000000,0.000000,28.719827
1034.000000,51.700000,28.657100,-24.896481,3.705218,318.929788,2.503456,0.048960,-24.919678,3.748334,0.094572,-0.048155,0.000000,0.000000,0.000000,0.000000,28.761674
1035.000000,51.750000,28.949800,-24.802112,3.622981,319.383315,2.501048,0.022107,-24.801309,3.645074,0.103602,-0.014954,0.000000,0.000000,0.000000,0.000000,28.802684
1036.000000,51.800000,28.747500,-24.707187,3.541573,319.879966,2.500301,0.025365,-24.681865,3.543060,0.096455,-0.016265,0.000000,0.000000,0.000000,0.000000,28.844725
1037.000000,51.850000,29.006100,-24.611589,3.461014,320.341994,2.499487,0.053601,-24.561360,3.442301,0.108429,-0.112420,0.000000,0.000000,0.000000,0.000000,28.884973
1038.000000,51.900000,28.809700,-24.515375,3.381255,320.861639,2.493866,0.076428,-24.561360,3.442301,0.103500,-0.077971,0.000000,0.000000,0.000000,0.000000,28.926776
1039.000000,51.950000,28.549700,-24.418660,3.302549,321.356373,2.489968,0.045477,-24.439806,3.342811,0.096216,-0.016043,0.000000,0.000000,0.000000,0.000000,28.967036
1040.000000,52.000000,28.593500,-24.321421,3.224803,321.815343,2.489166,0.020236,-24.317217,3.244598,0.111413,0.013927,0.000000,0.000000,0.000000,0.000000,29.005423
1041.000000,52.050000,29.116900,-24.223594,3.147863,322.347197,2.489862,0.029989,-24.193606,3.147675,0.092566,-0.106002,0.000000,0.000000,0.000000,0.000000,29.045941
1042.000000,52.100000,29.294000,-24.125029,3.071814,322.788635,2.484562,0.059425,-24.068987,3.052051,0.089729,0.065222,0.000000,0.000000,0.000000,0.000000,29.082572
1043.000000,52.150000,29.300900,-24.026093,2.996686,323.215562,2.487823,0.070037,-24.068987,3.052051,0.106555,-0.047969,0.000000,0.000000,0.000000,0.000000,29.118183
1044.000000,52.200000,29.453100,-23.926469,2.922200,323.723771,2.485425,0.039354,-23.943373,2.957738,0.105671,0.047585,0.000000,0.000000,0.000000,0.000000,29.156343
1045.000000,52.250000,30.153100,-23.826285,2.848671,324.227244,2.487804,0.018674,-23.816779,2.864745,0.109187,-0.042568,0.000000,0.000000,0.000000,0.000000,29.193729
1046.000000,52.300000,28.919000,-23.725362,2.775956,324.748101,2.485675,0.036258,-23.689218,2.773083,0.099053,-0.044194,0.000000,0.000000,0.000000,0.000000,29.231193
1047.000000,52.350000,28.816700,-23.623869,2.704223,325.219877,2.483466,0.066711,-23.560704,2.682762,0.092321,0.033603,0.000000,0.000000,0.000000,0.000000,29.266233
1048.000000,52.400000,29.476200,-23.521879,2.633391,325.659013,2.485146,0.062808,-23.560704,2.682762,0.082697,0.071835,0.000000,0.000000,0.000000,0.000000,29.299545
1049.000000,52.450000,29.667800,-23.419281,2.563295,326.052412,2.488738,0.032761,-23.431251,2.593791,0.102730,0.109365,0.000000,0.000000,0.000000,0.000000,29.330356
1050.000000,52.500000,31.171900,-23.316054,2.493805,326.542426,2.494206,0.019586,-23.300873,2.506181,0.120053,0.024833,0.000000,0.000000,0.000000,0.000000,29.312250
1051.000000,52.550000,30.263300,-23.212009,2.425050,327.117071,2.495448,0.042730,-23.169586,2.419941,0.102457,-0.111118,0.000000,0.000000,0.000000,0.000000,29.290270
1052.000000,52.600000,29.576000,-23.107228,2.357308,327.607093,2.489892,0.073278,-23.037402,2.335081,0.094097,-0.113003,0.000000,0.000000,0.000000,0.000000,29.270877
1053.000000,52.650000,29.462000,-23.002105,2.290614,328.055880,2.484242,0.056773,-23.037402,2.335081,0.112869,0.063747,0.000000,0.000000,0.000000,0.000000,29.252540
1054.000000,52.700000,28.525900,-22.896703,2.224894,328.593680,2.487429,0.027785,-22.904337,2.251610,0.108861,-0.072092,0.000000,0.000000,0.000000,0.000000,29.230264
1055.000000,52.750000,29.050500,-22.790553,2.160084,329.112890,2.483824,0.022255,-22.770405,2.169536,0.111785,-0.068555,0.000000,0.000000,0.000000,0.000000,29.208060
1056.000000,52.800000,28.755600,-22.683974,2.096330,329.645389,2.480397,0.048925,-22.635621,2.088870,0.082008,-0.012281,0.000000,0.000000,0.000000,0.000000,29.184733
1057.000000,52.850000,29.025100,-22.576956,2.033657,330.034753,2.479783,0.080561,-22.635621,2.088870,0.096361,-0.051125,0.000000,0.000000,0.000000,0.000000,29.166311
1058.000000,52.900000,28.728000,-22.469541,1.971727,330.492538,2.477226,0.048616,-22.500000,2.009619,0.111332,0.010087,0.000000,0.000000,0.000000,0.000000,29.144897
1059.000000,52.950000,29.635300,-22.361745,1.910721,331.021453,2.477731,0.021149,-22.363556,1.931793,0.103400,0.052674,0.000000,0.000000,0.000000,0.000000,29.120256
1060.000000,53.000000,29.352400,-22.253369,1.850700,331.512507,2.480364,0.027469,-22.226305,1.855400,0.105896,0.005900,0.000000,0.000000,0.000000,0.000000,29.096442
1061.000000,53.050000,28.670200,-22.144367,1.791548,332.016035,2.480659,0.057193,-22.088261,1.780448,0.111780,0.168357,0.000000,0.000000,0.000000,0.000000,29.071591
1062.000000,53.100000,29.874800,-22.034836,1.733348,332.547832,2.489077,0.071223,-22.088261,1.780448,0.079965,0.087791,0.000000,0.000000,0.000000,0.000000,29.045080
1063.000000,53.150000,30.626700,-21.924396,1.675974,332.928780,2.493467,0.039831,-21.949441,1.706946,0.097405,-0.088370,0.000000,0.000000,0.000000,0.000000,28.996642
1064.000000,53.200000,30.177200,-21.813382,1.619236,333.394114,2.489048,0.016058,-21.809857,1.634902,0.091870,0.021085,0.000000,0.000000,0.000000,0.000000,28.885168
1065.000000,53.250000,28.414300,-21.702108,1.563500,333.832071,2.490102,0.032591,-21.669528,1.564324,0.114019,0.040817,0.000000,0.000000,0.000000,0.000000,28.773718
1066.000000,53.300000,29.177900,-21.590364,1.508592,334.376677,2.492143,0.063326,-21.528466,1.495218,0.097494,-0.042654,0.000000,0.000000,0.000000,0.000000,28.661627
1067.000000,53.350000,28.914800,-21.478011,1.454706,334.842188,2.490011,0.064707,-21.528466,1.495218,0.087153,-0.079437,0.000000,0.000000,0.000000,0.000000,28.549384
1068.000000,53.400000,28.508000,-21.365320,1.401779,335.257701,2.486039,0.033512,-21.386689,1.427594,0.082798,-0.011471,0.000000,0.000000,0.000000,0.000000,28.437114
1069.000000,53.450000,29.157700,-21.252430,1.349754,335.651727,2.485465,0.014301,-21.244212,1.361458,0.090671,0.031895,0.000000,0.000000,0.000000,0.000000,28.324844
1070.000000,53.500000,29.306600,-21.139210,1.298518,336.083315,2.487060,0.038198,-21.101050,1.296818,0.095191,0.080717,0.000000,0.000000,0.000000,0.000000,28.212305
1071.000000,53.550000,28.713300,-21.025534,1.248104,336.536838,2.491096,0.069822,-20.957218,1.233681,0.114724,-0.006984,0.000000,0.000000,0.000000,0.000000,28.099427
1072.000000,53.600000,29.081500,-20.911278,1.198512,337.085063,2.490747,0.057856,-20.957218,1.233681,0.089552,0.060643,0.000000,0.000000,0.000000,0.000000,27.985991
1073.000000,53.650000,29.260700,-20.796569,1.150021,337.512202,2.493779,0.027326,-20.812734,1.172053,0.102782,0.041579,0.000000,0.000000,0.000000,0.000000,27.872458
1074.000000,53.700000,29.081800,-20.681361,1.102330,338.003458,2.495858,0.016776,-20.667612,1.111941,0.104056,0.051900,0.000000,0.000000,0.000000,0.000000,27.758515
1075.000000,53.750000,28.909400,-20.565652,1.055588,338.501263,2.498453,0.043841,-20.521868,1.053353,0.085931,0.085636,0.000000,0.000000,0.000000,0.000000,27.644245
1076.000000,53.800000,30.054400,-20.449421,1.009807,338.912310,2.502734,0.075127,-20.375519,0.996294,0.111669,-0.087757,0.000000,0.000000,0.000000,0.000000,27.529653
1077.000000,53.850000,29.143300,-20.332664,0.964783,339.448302,2.498347,0.053193,-20.375519,0.996294,0.109674,-0.107556,0.000000,0.000000,0.000000,0.000000,27.414670
1078.000000,53.900000,29.670200,-20.215697,0.920930,339.973720,2.492969,0.023656,-20.228581,0.940770,0.088465,0.019572,0.000000,0.000000,0.000000,0.000000,27.299665
1079.000000,53.950000,29.163300,-20.098586,0.878244,340.396025,2.493947,0.019490,-20.081069,0.886788,0.103687,-0.056906,0.000000,0.000000,0.000000,0.000000,27.184620
1080.000000,54.000000,28.916600,-19.981117,0.836406,340.891673,2.491102,0.048161,-19.933000,0.834354,0.116588,-0.027517,0.000000,0.000000,0.000000,0.000000,27.069419
1081.000000,54.050000,29.838800,-19.863424,0.795633,341.448888,2.489726,0.079625,-19.933000,0.834354,0.091243,0.095723,0.000000,0.000000,0.000000,0.000000,26.954239
1082.000000,54.100000,28.646200,-19.745406,0.756027,341.883959,2.494512,0.047676,-19.784390,0.783474,0.096918,-0.053021,0.000000,0.000000,0.000000,0.000000,26.838718
1083.000000,54.150000,29.335200,-19.626863,0.717245,342.347144,2.491861,0.018876,-19.635255,0.734152,0.106492,0.040712,0.000000,0.000000,0.000000,0.000000,26.722858
1084.000000,54.200000,28.970100,-19.508137,0.679462,342.855877,2.493897,0.023568,-19.485612,0.686395,0.112708,0.053142,0.000000,0.000000,0.000000,0.000000,26.607054
1085.000000,54.250000,28.583600,-19.388983,0.642705,343.394988,2.496554,0.053564,-19.335477,0.640208,0.091882,0.138307,0.000000,0.000000,0.000000,0.000000,26.491067
1086.000000,54.300000,28.847100,-19.269361,0.607033,343.834324,2.503469,0.073972,-19.335477,0.640208,0.096383,-0.140230,0.000000,0.000000,0.000000,0.000000,26.374487
1087.000000,54.350000,28.632200,-19.149137,0.572182,344.296588,2.496458,0.042717,-19.184867,0.595595,0.087169,-0.001410,0.000000,0.000000,0.000000,0.000000,26.257503
1088.000000,54.400000,28.842000,-19.028973,0.538398,344.713254,2.496387,0.014963,-19.033797,0.552561,0.096464,0.047042,0.000000,0.000000,0.000000,0.000000,26.140538
1089.000000,54.450000,28.777900,-18.908570,0.505489,345.174602,2.498740,0.026879,-18.882286,0.511113,0.096672,0.002771,0.000000,0.000000,0.000000,0.000000,26.023610
1090.000000,54.500000,28.991300,-18.787792,0.473521,345.637386,2.498878,0.057488,-18.730348,0.471253,0.097164,-0.139708,0.000000,0.000000,0.000000,0.000000,25.906439
1091.000000,54.550000,28.825400,-18.666753,0.442528,346.102565,2.491893,0.069782,-18.730348,0.471253,0.102504,0.071385,0.000000,0.000000,0.000000,0.000000,25.789139
1092.000000,54.600000,28.702400,-18.545806,0.412602,346.592116,2.495462,0.038106,-18.578002,0.432986,0.088437,0.036256,0.000000,0.000000,0.000000,0.000000,25.672166
1093.000000,54.650000,29.139700,-18.424433,0.383670,347.014708,2.497275,0.012674,-18.425263,0.396316,0.104563,0.003991,0.000000,0.000000,0.000000,0.000000,25.554556
1094.000000,54.700000,29.430100,-18.302763,0.355613,347.515240,2.497474,0.031129,-18.272149,0.361249,0.104268,-0.008743,0.000000,0.000000,0.000000,0.000000,25.437172
1095.000000,54.750000,29.171500,-18.180842,0.328617,348.014392,2.497037,0.062172,-18.118675,0.327786,0.098567,0.053886,0.000000,0.000000,0.000000,0.000000,25.319665
1096.000000,54.800000,29.029700,-18.058712,0.302690,348.485986,2.499731,0.065003,-18.118675,0.327786,0.103709,-0.005148,0.000000,0.000000,0.000000,0.000000,25.201911
1097.000000,54.850000,29.945500,-17.936240,0.277742,348.982889,2.499474,0.033912,-17.964860,0.295932,0.113507,0.009253,0.000000,0.000000,0.000000,0.000000,25.084099
1098.000000,54.900000,29.722900,-17.813570,0.253859,349.527072,2.499937,0.012171,-17.810720,0.265691,0.096010,-0.035629,0.000000,0.000000,0.000000,0.000000,24.966543
1099.000000,54.950000,28.925000,-17.690655,0.231138,349.986888,2.498155,0.034892,-17.656271,0.237066,0.090379,-0.199889,0.000000,0.000000,0.000000,0.000000,24.848286
1100.000000,55.000000,28.479600,-17.567650,0.209420,350.419274,2.488161,0.066122,-17.501531,0.210059,0.089031,-0.000161,0.000000,0.000000,0.000000,0.000000,24.729835
1101.000000,55.050000,29.061700,-17.444977,0.188714,350.843476,2.488153,0.060448,-17.501531,0.210059,0.093547,0.090459,0.000000,0.000000,0.000000,0.000000,24.611738
1102.000000,55.100000,28.688400,-17.322155,0.168917,351.289314,2.492676,0.029014,-17.346517,0.184675,0.097430,0.000149,0.000000,0.000000,0.000000,0.000000,24.493753
1103.000000,55.150000,29.066400,-17.198959,0.150041,351.754616,2.492683,0.013332,-17.191245,0.160915,0.091405,-0.146918,0.000000,0.000000,0.000000,0.000000,24.375655
1104.000000,55.200000,29.356800,-17.075613,0.132167,352.190983,2.485337,0.040424,-17.035734,0.138782,0.080043,-0.059198,0.000000,0.000000,0.000000,0.000000,24.257258
1105.000000,55.250000,28.852800,-16.952499,0.115283,352.571732,2.482377,0.072562,-16.879998,0.118279,0.104798,0.045191,0.000000,0.000000,0.000000,0.000000,24.138672
1106.000000,55.300000,28.629100,-16.829421,0.099236,353.070405,2.484637,0.054043,-16.879998,0.118279,0.094223,0.042888,0.000000,0.000000,0.000000,0.000000,24.021287
1107.000000,55.350000,28.606900,-16.706097,0.084248,353.518851,2.486781,0.023504,-16.724057,0.099409,0.096731,0.076028,0.000000,0.000000,0.000000,0.000000,23.903288
1108.000000,55.400000,28.761400,-16.582553,0.070213,353.979703,2.490583,0.018892,-16.567927,0.082172,0.113721,0.025606,0.000000,0.000000,0.000000,0.000000,23.785286
1109.000000,55.450000,29.236000,-16.458710,0.057152,354.522979,2.491863,0.048018,-16.411625,0.066571,0.118071,0.118284,0.000000,0.000000,0.000000,0.000000,23.667945
1110.000000,55.500000,29.266700,-16.334686,0.045260,355.087517,2.497777,0.079835,-16.411625,0.066571,0.067402,-0.025367,0.000000,0.000000,0.000000,0.000000,23.550801
1111.000000,55.550000,29.025700,-16.210256,0.034565,355.409541,2.496509,0.048400,-16.255168,0.052607,0.099784,-0.023639,0.000000,0.000000,0.000000,0.000000,23.430701
1112.000000,55.600000,29.598300,-16.085831,0.024575,355.886892,2.495327,0.020226,-16.098573,0.040283,0.093498,0.049210,0.000000,0.000000,0.000000,0.000000,23.312410
1113.000000,55.650000,29.507200,-15.961386,0.015626,356.333778,2.497787,0.024012,-15.941858,0.029599,0.082615,-0.061724,0.000000,0.000000,0.000000,0.000000,23.193845
1114.000000,55.700000,28.875800,-15.836752,0.007640,356.728787,2.494701,0.053302,-15.785039,0.020557,0.074687,0.135056,0.000000,0.000000,0.000000,0.000000,23.074555
1115.000000,55.750000,29.218300,-15.712220,0.000523,357.085296,2.501454,0.075525,-15.785039,0.020557,0.088278,0.076319,0.000000,0.000000,0.000000,0.000000,22.954956
1116.000000,55.800000,29.403100,-15.587309,-0.005837,357.508135,2.505270,0.045028,-15.628135,0.013158,0.056905,-0.071758,0.000000,0.000000,0.000000,0.000000,22.835861
1117.000000,55.850000,29.379100,-15.462164,-0.011283,357.780703,2.501682,0.020738,-15.471161,0.007402,0.079139,-0.075188,0.000000,0.000000,0.000000,0.000000,22.714676
1118.000000,55.900000,28.729500,-15.337174,-0.016127,358.159610,2.497923,0.030129,-15.314136,0.003290,0.073266,-0.067747,0.000000,0.000000,0.000000,0.000000,22.595052
1119.000000,55.950000,29.137200,-15.212342,-0.020138,358.509763,2.494535,0.059107,-15.157077,0.000822,0.063602,0.118968,0.000000,0.000000,0.000000,0.000000,22.475259
1120.000000,56.000000,29.725400,-15.087658,-0.023382,358.813185,2.500484,0.073518,-15.157077,0.000822,0.062240,-0.124669,0.000000,0.000000,0.000000,0.000000,22.355023
1121.000000,56.050000,30.410200,-14.962660,-0.025972,359.110801,2.494250,0.045484,-15.000000,0.000000,0.044173,0.013201,0.000000,0.000000,0.000000,0.000000,22.234424
1122.000000,56.100000,30.913500,-14.837963,-0.027907,359.321363,2.494910,0.047117,-14.800000,0.000000,0.035241,-0.018630,0.000000,0.000000,0.000000,0.000000,22.112937
1123.000000,56.150000,30.274800,-14.713226,-0.029384,359.489353,2.493979,0.032224,-14.700000,0.000000,0.033511,0.030592,0.000000,0.000000,0.000000,0.000000,21.990819
1124.000000,56.200000,29.413400,-14.588532,-0.030496,359.649029,2.495508,0.032581,-14.600000,0.000000,0.041612,0.013218,0.000000,0.000000,0.000000,0.000000,21.868626
1125.000000,56.250000,28.997100,-14.463759,-0.031260,359.847468,2.496169,0.047860,-14.500000,0.000000,0.013308,-0.046539,0.000000,0.000000,0.000000,0.000000,21.746905
1126.000000,56.300000,28.924100,-14.338951,-0.031592,359.910917,2.493842,0.050152,-14.300000,0.000000,0.022274,-0.046347,0.000000,0.000000,0.000000,0.000000,21.623214
1127.000000,56.350000,29.321100,-14.214259,-0.031786,360.017025,2.491525,0.034838,-14.200000,0.000000,0.026282,-0.030016,0.000000,0.000000,0.000000,0.000000,21.500248
1128.000000,56.400000,29.344600,-14.089683,-0.031749,360.142114,2.490024,0.033383,-14.100000,0.000000,0.016166,-0.023771,0.000000,0.000000,0.000000,0.000000,21.377668
1129.000000,56.450000,28.865600,-13.965182,-0.031440,360.218998,2.488836,0.046913,-14.000000,0.000000,0.023271,0.095567,0.000000,0.000000,0.000000,0.000000,21.254458
1130.000000,56.500000,29.215800,-13.840741,-0.030965,360.329632,2.493614,0.051173,-13.800000,0.000000,0.004611,-0.012346,0.000000,0.000000,0.000000,0.000000,21.131795
1131.000000,56.550000,29.403500,-13.716063,-0.030247,360.351591,2.492997,0.034248,-13.700000,0.000000,0.010955,-0.103437,0.000000,0.000000,0.000000,0.000000,21.007593
1132.000000,56.600000,28.507400,-13.591415,-0.029483,360.403752,2.487825,0.030707,-13.600000,0.000000,0.001231,0.017709,0.000000,0.000000,0.000000,0.000000,20.883863
1133.000000,56.650000,28.594400,-13.467027,-0.028606,360.409602,2.488710,0.043652,-13.500000,0.000000,0.002976,-0.130535,0.000000,0.000000,0.000000,0.000000,20.759710
1134.000000,56.700000,28.912400,-13.342595,-0.027716,360.423749,2.482183,0.050818,-13.300000,0.000000,0.005717,0.205920,0.000000,0.000000,0.000000,0.000000,20.635635
1135.000000,56.750000,29.294800,-13.218489,-0.026799,360.450851,2.492479,0.032558,-13.200000,0.000000,0.007959,-0.087720,0.000000,0.000000,0.000000,0.000000,20.512075
1136.000000,56.800000,28.792200,-13.093869,-0.025818,360.488738,2.488093,0.026536,-13.100000,0.000000,-0.008030,-0.041647,0.000000,0.000000,0.000000,0.000000,20.388158
1137.000000,56.850000,29.526500,-12.969469,-0.024757,360.450580,2.486011,0.039307,-13.000000,0.000000,-0.009496,0.036104,0.000000,0.000000,0.000000,0.000000,20.263345
1138.000000,56.900000,28.913300,-12.845172,-0.023779,360.405490,2.487816,0.051048,-12.800000,0.000000,0.006352,0.043132,0.000000,0.000000,0.000000,0.000000,20.138543
1139.000000,56.950000,28.515700,-12.720784,-0.022899,360.435672,2.489973,0.030925,-12.700000,0.000000,-0.014134,0.018765,0.000000,0.000000,0.000000,0.000000,20.014755
1140.000000,57.000000,28.670100,-12.596289,-0.021952,360.368451,2.490911,0.022264,-12.600000,0.000000,0.001726,-0.119490,0.000000,0.000000,0.000000,0.000000,19.889442
1141.000000,57.050000,28.895700,-12.471746,-0.021151,360.376663,2.484937,0.035294,-12.500000,0.000000,0.009108,0.097998,0.000000,0.000000,0.000000,0.000000,19.765187
1142.000000,57.100000,28.677000,-12.347502,-0.020335,360.419888,2.489837,0.051671,-12.300000,0.000000,-0.005698,-0.018547,0.000000,0.000000,0.000000,0.000000,19.641739
1143.000000,57.150000,29.115700,-12.223013,-0.019422,360.392794,2.488909,0.030114,-12.200000,0.000000,0.000695,0.007276,0.000000,0.000000,0.000000,0.000000,19.517024
1144.000000,57.200000,30.138100,-12.098571,-0.018569,360.396096,2.489273,0.018624,-12.100000,0.000000,-0.016636,0.016693,0.000000,0.000000,0.000000,0.000000,19.392801
1145.000000,57.250000,30.234000,-11.974110,-0.017709,360.316997,2.490108,0.031367,-12.000000,0.000000,-0.007011,0.041264,0.000000,0.000000,0.000000,0.000000,19.267373
1146.000000,57.300000,29.445300,-11.849607,-0.017020,360.283655,2.492171,0.052445,-11.800000,0.000000,-0.014920,-0.035756,0.000000,0.000000,0.000000,0.000000,19.142577
1147.000000,57.350000,28.933800,-11.725000,-0.016403,360.212635,2.490383,0.029901,-11.700000,0.000000,0.015550,0.024762,0.000000,0.000000,0.000000,0.000000,19.017148
1148.000000,57.400000,29.002700,-11.600481,-0.015941,360.286601,2.491621,0.015948,-11.600000,0.000000,-0.011561,-0.029861,0.000000,0.000000,0.000000,0.000000,18.893895
1149.000000,57.450000,28.922900,-11.475902,-0.015318,360.231585,2.490128,0.028554,-11.500000,0.000000,0.002993,-0.056605,0.000000,0.000000,0.000000,0.000000,18.768727
1150.000000,57.500000,30.998500,-11.351397,-0.014814,360.245820,2.487298,0.050811,-11.400000,0.000000,0.006197,0.010838,0.000000,0.000000,0.000000,0.000000,18.644635
1151.000000,57.550000,29.837800,-11.227033,-0.014281,360.275258,2.487840,0.030573,-11.200000,0.000000,0.012537,0.023210,0.000000,0.000000,0.000000,0.000000,18.520901
1152.000000,57.600000,28.877200,-11.102642,-0.013683,360.334830,2.489000,0.013936,-11.100000,0.000000,-0.017830,0.067714,0.000000,0.000000,0.000000,0.000000,18.397569
1153.000000,57.650000,28.820700,-10.978194,-0.012956,360.250064,2.492386,0.025364,-11.000000,0.000000,-0.006807,-0.041776,0.000000,0.000000,0.000000,0.000000,18.272114
1154.000000,57.700000,29.475100,-10.853576,-0.012412,360.217660,2.490297,0.048054,-10.900000,0.000000,-0.008391,-0.014216,0.000000,0.000000,0.000000,0.000000,18.147253
1155.000000,57.750000,29.724700,-10.729062,-0.011939,360.177749,2.489586,0.031419,-10.700000,0.000000,0.014514,0.015128,0.000000,0.000000,0.000000,0.000000,18.022399
1156.000000,57.800000,29.922200,-10.604584,-0.011553,360.246766,2.490343,0.012429,-10.600000,0.000000,0.008045,-0.011430,0.000000,0.000000,0.000000,0.000000,17.899131
1157.000000,57.850000,29.692200,-10.480068,-0.011017,360.285032,2.489771,0.022774,-10.500000,0.000000,0.016257,0.083949,0.000000,0.000000,0.000000,0.000000,17.775384
1158.000000,57.900000,28.949300,-10.355581,-0.010397,360.362341,2.493969,0.045620,-10.400000,0.000000,0.005992,0.053894,0.000000,0.000000,0.000000,0.000000,17.652220
1159.000000,57.950000,28.817100,-10.230885,-0.009609,360.390881,2.496663,0.032345,-10.200000,0.000000,0.021810,-0.029159,0.000000,0.000000,0.000000,0.000000,17.528144
1160.000000,58.000000,29.068500,-10.106054,-0.008757,360.494894,2.495205,0.010646,-10.100000,0.000000,-0.006918,-0.092118,0.000000,0.000000,0.000000,0.000000,17.405012
1161.000000,58.050000,29.294700,-9.981299,-0.007679,360.461926,2.490599,0.020217,-10.000000,0.000000,-0.000280,0.005853,0.000000,0.000000,0.000000,0.000000,17.279984
1162.000000,58.100000,29.083600,-9.856773,-0.006676,360.460594,2.490892,0.043740,-9.900000,0.000000,-0.025706,0.064492,0.000000,0.000000,0.000000,0.000000,17.155646
1163.000000,58.150000,28.832700,-9.732232,-0.005674,360.338275,2.494117,0.032728,-9.700000,0.000000,0.009459,-0.078293,0.000000,0.000000,0.000000,0.000000,17.029579
1164.000000,58.200000,29.255400,-9.607529,-0.004938,360.383331,2.490202,0.009004,-9.600000,0.000000,-0.004913,0.057964,0.000000,0.000000,0.000000,0.000000,16.905746
1165.000000,58.250000,30.585900,-9.483021,-0.004105,360.359966,2.493100,0.017468,-9.500000,0.000000,-0.004484,0.076268,0.000000,0.000000,0.000000,0.000000,16.781136
1166.000000,58.300000,28.776900,-9.358369,-0.003322,360.338617,2.496914,0.041764,-9.400000,0.000000,-0.020571,-0.086063,0.000000,0.000000,0.000000,0.000000,16.656418
1167.000000,58.350000,31.023400,-9.233525,-0.002584,360.240504,2.492611,0.033625,-9.200000,0.000000,-0.010117,-0.010371,0.000000,0.000000,0.000000,0.000000,16.530440
1168.000000,58.400000,28.543000,-9.108896,-0.002061,360.192340,2.492092,0.009131,-9.100000,0.000000,-0.000125,-0.008090,0.000000,0.000000,0.000000,0.000000,16.405400
1169.000000,58.450000,29.082600,-8.984292,-0.001643,360.191744,2.491687,0.015794,-9.000000,0.000000,-0.014372,-0.006205,0.000000,0.000000,0.000000,0.000000,16.281062
1170.000000,58.500000,28.685000,-8.859708,-0.001226,360.123347,2.491377,0.040310,-8.900000,0.000000,-0.003070,-0.100350,0.000000,0.000000,0.000000,0.000000,16.155807
1171.000000,58.550000,29.511200,-8.735140,-0.000958,360.108741,2.486360,0.035153,-8.700000,0.000000,0.018127,-0.014312,0.000000,0.000000,0.000000,0.000000,16.031330
1172.000000,58.600000,28.927100,-8.610822,-0.000722,360.194829,2.485644,0.010846,-8.600000,0.000000,-0.003274,-0.039057,0.000000,0.000000,0.000000,0.000000,15.908504
1173.000000,58.650000,28.830600,-8.486540,-0.000299,360.179288,2.483691,0.013463,-8.500000,0.000000,0.006873,0.151434,0.000000,0.000000,0.000000,0.000000,15.784296
1174.000000,58.700000,28.690300,-8.362356,0.000090,360.211892,2.491263,0.037644,-8.400000,0.000000,-0.005998,-0.109933,0.000000,0.000000,0.000000,0.000000,15.660859
1175.000000,58.750000,29.181300,-8.237794,0.000550,360.183352,2.485766,0.037798,-8.200000,0.000000,-0.010747,0.038030,0.000000,0.000000,0.000000,0.000000,15.536198
1176.000000,58.800000,29.614500,-8.113506,0.000948,360.132330,2.487668,0.013540,-8.100000,0.000000,-0.018015,-0.079758,0.000000,0.000000,0.000000,0.000000,15.411512
1177.000000,58.850000,28.723100,-7.989123,0.001235,360.046728,2.483680,0.010946,-8.000000,0.000000,-0.016209,0.044055,0.000000,0.000000,0.000000,0.000000,15.286276
1178.000000,58.900000,29.617500,-7.864939,0.001337,359.969836,2.485883,0.035086,-7.900000,0.000000,0.001160,-0.057141,0.000000,0.000000,0.000000,0.000000,15.161384
1179.000000,58.950000,29.094300,-7.740645,0.001271,359.975342,2.483026,0.040665,-7.700000,0.000000,-0.018283,-0.015158,0.000000,0.000000,0.000000,0.000000,15.037523
1180.000000,59.000000,29.840100,-7.616494,0.001218,359.888631,2.482268,0.016539,-7.600000,0.000000,0.015367,-0.052754,0.000000,0.000000,0.000000,0.000000,14.912563
1181.000000,59.050000,28.914700,-7.492381,0.000976,359.961488,2.479630,0.007681,-7.500000,0.000000,0.018656,-0.036793,0.000000,0.000000,0.000000,0.000000,14.789814
1182.000000,59.100000,29.235000,-7.368399,0.000893,360.049848,2.477790,0.031613,-7.400000,0.000000,-0.001304,0.092831,0.000000,0.000000,0.000000,0.000000,14.667401
1183.000000,59.150000,28.973800,-7.244510,0.001001,360.043676,2.482432,0.044521,-7.200000,0.000000,-0.017853,0.003770,0.000000,0.000000,0.000000,0.000000,14.543792
1184.000000,59.200000,28.849600,-7.120388,0.001096,359.959022,2.482620,0.020418,-7.100000,0.000000,0.002051,0.062527,0.000000,0.000000,0.000000,0.000000,14.418903
1185.000000,59.250000,28.704400,-6.996257,0.001007,359.968745,2.485747,0.003876,-7.000000,0.000000,-0.012564,0.045409,0.000000,0.000000,0.000000,0.000000,14.295296
1186.000000,59.300000,29.041400,-6.871970,0.000939,359.909093,2.488017,0.028046,-6.900000,0.000000,0.032886,-0.020721,0.000000,0.000000,0.000000,0.000000,14.170611
1187.000000,59.350000,28.733700,-6.747569,0.000742,360.065415,2.486981,0.047575,-6.700000,0.000000,-0.005928,0.056922,0.000000,0.000000,0.000000,0.000000,14.048716
1188.000000,59.400000,29.151400,-6.623220,0.000884,360.037257,2.489827,0.023237,-6.600000,0.000000,0.008724,0.035937,0.000000,0.000000,0.000000,0.000000,13.924382
1189.000000,59.450000,29.010500,-6.498729,0.000964,360.078742,2.491624,0.001595,-6.500000,0.000000,-0.008877,0.058994,0.000000,0.000000,0.000000,0.000000,13.800850
1190.000000,59.500000,28.536400,-6.374148,0.001136,360.036498,2.494574,0.025877,-6.400000,0.000000,-0.000636,0.020898,0.000000,0.000000,0.000000,0.000000,13.676108
1191.000000,59.550000,28.900500,-6.249419,0.001215,360.033468,2.495619,0.049434,-6.200000,0.000000,-0.018087,-0.029253,0.000000,0.000000,0.000000,0.000000,13.551758
1192.000000,59.600000,30.680900,-6.124638,0.001288,359.947251,2.494156,0.024672,-6.100000,0.000000,-0.005596,-0.018937,0.000000,0.000000,0.000000,0.000000,13.426263
1193.000000,59.650000,30.927900,-5.999931,0.001173,359.920592,2.493209,0.001175,-6.000000,0.000000,0.007813,-0.112278,0.000000,0.000000,0.000000,0.000000,13.301657
1194.000000,59.700000,30.409400,-5.875270,0.001000,359.957797,2.487595,0.024750,-5.900000,0.000000,-0.006633,0.001147,0.000000,0.000000,0.000000,0.000000,13.177950
1195.000000,59.750000,30.637500,-5.750891,0.000909,359.926284,2.487653,0.049118,-5.800000,0.000000,0.005323,0.002594,0.000000,0.000000,0.000000,0.000000,13.053622
1196.000000,59.800000,30.199500,-5.626508,0.000749,359.951575,2.487782,0.026519,-5.600000,0.000000,-0.002245,-0.056964,0.000000,0.000000,0.000000,0.000000,12.930049
1197.000000,59.850000,29.154400,-5.502119,0.000644,359.940910,2.484934,0.002215,-5.500000,0.000000,0.009237,-0.040329,0.000000,0.000000,0.000000,0.000000,12.806002
1198.000000,59.900000,28.770100,-5.377872,0.000516,359.984750,2.482918,0.022134,-5.400000,0.000000,-0.011188,-0.014633,0.000000,0.000000,0.000000,0.000000,12.682819
1199.000000,59.950000,30.481400,-5.253726,0.000482,359.931692,2.482186,0.046276,-5.300000,0.000000,0.006093,-0.001929,0.000000,0.000000,0.000000,0.000000,12.558474
1200.000000,60.000000,29.033400,-5.129617,0.000335,359.960578,2.482090,0.029619,-5.100000,0.000000,-0.000529,-0.009582,0.000000,0.000000,0.000000,0.000000,12.435250
1201.000000,60.050000,29.059100,-5.005513,0.000249,359.958071,2.481611,0.005518,-5.000000,0.000000,-0.014032,-0.084153,0.000000,0.000000,0.000000,0.000000,12.311626
1202.000000,60.100000,28.863700,-4.881432,0.000158,359.891563,2.477403,0.018568,-4.900000,0.000000,-0.003170,0.123914,0.000000,0.000000,0.000000,0.000000,12.187214
1203.000000,60.150000,29.437200,-4.757562,-0.000076,359.876565,2.483599,0.042438,-4.800000,0.000000,-0.005332,0.036154,0.000000,0.000000,0.000000,0.000000,12.063699
1204.000000,60.200000,28.755400,-4.633383,-0.000344,359.851272,2.485406,0.033385,-4.600000,0.000000,0.005801,0.071586,0.000000,0.000000,0.000000,0.000000,11.939760
1205.000000,60.250000,29.690900,-4.509113,-0.000666,359.878810,2.488986,0.009137,-4.500000,0.000000,0.000653,0.040998,0.000000,0.000000,0.000000,0.000000,11.816419
1206.000000,60.300000,29.519200,-4.384664,-0.000929,359.881913,2.491035,0.015364,-4.400000,0.000000,0.011452,0.028089,0.000000,0.000000,0.000000,0.000000,11.692594
1207.000000,60.350000,29.096200,-4.260112,-0.001186,359.936399,2.492440,0.039905,-4.300000,0.000000,0.000917,-0.025649,0.000000,0.000000,0.000000,0.000000,11.569328
1208.000000,60.400000,29.157700,-4.135490,-0.001324,359.940765,2.491157,0.035515,-4.100000,0.000000,0.001868,0.055360,0.000000,0.000000,0.000000,0.000000,11.445355
1209.000000,60.450000,28.884600,-4.010933,-0.001453,359.949652,2.493925,0.011029,-4.000000,0.000000,0.001774,0.076115,0.000000,0.000000,0.000000,0.000000,11.321513
1210.000000,60.500000,29.247900,-3.886236,-0.001563,359.958102,2.497731,0.013852,-3.900000,0.000000,-0.025277,-0.041069,0.000000,0.000000,0.000000,0.000000,11.197538
1211.000000,60.550000,28.863400,-3.761350,-0.001654,359.837497,2.495678,0.038685,-3.800000,0.000000,-0.002729,0.061615,0.000000,0.000000,0.000000,0.000000,11.071768
1212.000000,60.600000,29.599000,-3.636567,-0.002008,359.824489,2.498759,0.036622,-3.600000,0.000000,0.018481,-0.104692,0.000000,0.000000,0.000000,0.000000,10.947492
1213.000000,60.650000,28.862800,-3.511629,-0.002391,359.912695,2.493524,0.011872,-3.500000,0.000000,0.010782,-0.011418,0.000000,0.000000,0.000000,0.000000,10.824334
1214.000000,60.700000,30.079900,-3.386953,-0.002581,359.964046,2.492953,0.013300,-3.400000,0.000000,0.004029,-0.003491,0.000000,0.000000,0.000000,0.000000,10.700970
1215.000000,60.750000,29.094400,-3.262305,-0.002659,359.983229,2.492778,0.037788,-3.300000,0.000000,-0.009725,0.115133,0.000000,0.000000,0.000000,0.000000,10.577235
1216.000000,60.800000,28.858200,-3.137667,-0.002695,359.936930,2.498535,0.037763,-3.100000,0.000000,-0.001774,0.056884,0.000000,0.000000,0.000000,0.000000,10.452709
1217.000000,60.850000,28.735300,-3.012740,-0.002833,359.928466,2.501379,0.013051,-3.000000,0.000000,0.025966,0.075779,0.000000,0.000000,0.000000,0.000000,10.328391
1218.000000,60.900000,28.592600,-2.887671,-0.002989,360.052541,2.505168,0.012686,-2.900000,0.000000,0.005186,-0.098289,0.000000,0.000000,0.000000,0.000000,10.205576
1219.000000,60.950000,28.473100,-2.762413,-0.002874,360.077354,2.500254,0.037697,-2.800000,0.000000,-0.011902,-0.050623,0.000000,0.000000,0.000000,0.000000,10.081335
1220.000000,61.000000,29.239600,-2.637400,-0.002705,360.020517,2.497723,0.037498,-2.600000,0.000000,-0.016072,0.047547,0.000000,0.000000,0.000000,0.000000,9.956347
1221.000000,61.050000,29.199800,-2.512514,-0.002661,359.943842,2.500100,0.012794,-2.500000,0.000000,0.002020,-0.074229,0.000000,0.000000,0.000000,0.000000,9.831282
1222.000000,61.100000,28.973100,-2.387509,-0.002783,359.953487,2.496389,0.012797,-2.400000,0.000000,0.021460,0.043519,0.000000,0.000000,0.000000,0.000000,9.707185
1223.000000,61.150000,28.805600,-2.262690,-0.002885,360.055819,2.498565,0.037422,-2.300000,0.000000,0.004526,-0.204161,0.000000,0.000000,0.000000,0.000000,9.584402
1224.000000,61.200000,29.412900,-2.137761,-0.002763,360.077415,2.488357,0.037862,-2.100000,0.000000,-0.009818,-0.464878,0.000000,0.000000,0.000000,0.000000,9.460527
1225.000000,61.250000,29.199500,-2.013344,-0.002595,360.030754,2.465113,0.013594,-2.000000,0.000000,0.000945,-0.376994,0.000000,0.000000,0.000000,0.000000,9.336352
1226.000000,61.300000,28.866600,-1.890088,-0.002529,360.035203,2.446263,0.010229,-1.900000,0.000000,0.001091,-0.618328,0.000000,0.000000,0.000000,0.000000,9.213976
1227.000000,61.350000,31.015000,-1.767775,-0.002453,360.040302,2.415347,0.032318,-1.800000,0.000000,-0.002827,-0.739084,0.000000,0.000000,0.000000,0.000000,9.092560
1228.000000,61.400000,29.584600,-1.647008,-0.002369,360.027260,2.378392,0.047067,-1.600000,0.000000,0.004805,-0.937092,0.000000,0.000000,0.000000,0.000000,8.972484
1229.000000,61.450000,30.040400,-1.528088,-0.002312,360.049088,2.331538,0.028183,-1.500000,0.000000,0.016977,-0.962149,0.000000,0.000000,0.000000,0.000000,8.854676
1230.000000,61.500000,29.398200,-1.411511,-0.002212,360.124695,2.283430,0.011722,-1.400000,0.000000,-0.012081,-1.081389,0.000000,0.000000,0.000000,0.000000,8.739836
1231.000000,61.550000,29.062300,-1.297340,-0.001964,360.072004,2.229361,0.003306,-1.300000,0.000000,0.002743,-1.333214,0.000000,0.000000,0.000000,0.000000,8.625878
1232.000000,61.600000,28.920400,-1.185872,-0.001824,360.083684,2.162700,0.014245,-1.200000,0.000000,0.027945,-1.274298,0.000000,0.000000,0.000000,0.000000,8.515389
1233.000000,61.650000,31.125000,-1.077737,-0.001666,360.199139,2.098985,0.022325,-1.100000,0.000000,-0.020011,-1.240311,0.000000,0.000000,0.000000,0.000000,8.409428
1234.000000,61.700000,30.728200,-0.972789,-0.001301,360.118909,2.036970,0.027243,-1.000000,0.000000,-0.004155,-1.375637,0.000000,0.000000,0.000000,0.000000,8.304343
1235.000000,61.750000,29.638800,-0.870940,-0.001089,360.102747,1.968188,0.029080,-0.900000,0.000000,0.012458,-1.453124,0.000000,0.000000,0.000000,0.000000,8.203118
1236.000000,61.800000,29.214100,-0.772531,-0.000913,360.149579,1.895532,0.027484,-0.800000,0.000000,-0.007783,-1.479743,0.000000,0.000000,0.000000,0.000000,8.106046
1237.000000,61.850000,28.884900,-0.677755,-0.000666,360.121404,1.821545,0.022255,-0.700000,0.000000,-0.005904,-1.488662,0.000000,0.000000,0.000000,0.000000,8.011723
1238.000000,61.900000,30.745400,-0.586678,-0.000473,360.100864,1.747111,0.013331,-0.600000,0.000000,-0.011923,-1.629879,0.000000,0.000000,0.000000,0.000000,7.921181
1239.000000,61.950000,29.229500,-0.499322,-0.000319,360.061079,1.665617,0.000749,-0.500000,0.000000,-0.000701,-1.503971,0.000000,0.000000,0.000000,0.000000,7.834132
1240.000000,62.000000,28.913200,-0.416041,-0.000230,360.058848,1.590419,0.016043,-0.400000,0.000000,-0.010667,-1.660848,0.000000,0.000000,0.000000,0.000000,7.751569
