step,t,solve_ms,mx,my,myaw_deg,v,min_dist,ref_x,ref_y,steer_rad,accel_cmd,throttle,brake,z,vz
0,0.032,15.8359,-0.002,-0.001,0.01,0.000,0.002,0.000,0.000,-0.0054,0.3207,0.028,0.000,0.197,-0.000
1,0.071,16.7328,-0.003,-0.001,0.01,0.000,0.003,0.000,0.000,-0.0262,0.7563,0.068,0.000,0.198,0.003
2,0.130,17.8258,-0.007,-0.001,0.02,0.000,0.007,0.000,0.000,-0.0051,1.0596,0.095,0.000,0.198,0.014
3,0.170,14.9630,0.009,-0.001,0.01,0.282,0.009,0.000,0.000,0.0048,1.1725,0.107,0.000,0.202,0.057
4,0.221,26.5441,0.036,-0.001,-0.01,0.471,0.036,0.000,0.000,0.0115,1.2980,0.119,0.000,0.206,0.061
5,0.269,18.0966,0.074,-0.001,-0.03,0.674,0.026,0.100,0.000,0.0117,1.1761,0.110,0.000,0.208,0.002
6,0.308,14.4599,0.149,-0.001,-0.01,0.942,0.049,0.100,0.000,-0.0075,1.2066,0.114,0.000,0.209,0.026
7,0.367,23.2421,0.208,0.000,0.03,1.112,0.008,0.200,0.000,-0.0082,1.1410,0.110,0.000,0.210,-0.016
8,0.428,18.6388,0.309,0.001,0.04,1.339,0.009,0.300,0.000,-0.0162,1.0612,0.104,0.000,0.210,0.019
9,0.468,14.5162,0.422,0.000,0.00,1.545,0.022,0.400,0.000,-0.0133,1.0287,0.103,0.000,0.209,0.010
10,0.527,29.6624,0.501,-0.001,-0.03,1.686,0.001,0.500,0.000,-0.0071,0.9361,0.096,0.000,0.209,-0.018
11,0.566,14.1242,0.628,-0.002,-0.09,1.857,0.028,0.600,0.000,-0.0126,0.7644,0.082,0.000,0.208,-0.024
12,0.605,16.6795,0.717,-0.003,-0.13,1.962,0.017,0.700,0.000,-0.0178,0.7588,0.082,0.000,0.208,-0.018
13,0.666,19.0126,0.808,-0.004,-0.16,2.051,0.009,0.800,0.000,-0.0009,0.7529,0.083,0.000,0.207,0.001
14,0.728,29.9723,0.949,-0.007,-0.22,2.171,0.049,0.900,0.000,0.0128,0.6133,0.071,0.000,0.207,0.006
15,0.766,15.6318,1.095,-0.009,-0.31,2.289,0.010,1.100,0.000,0.0020,0.3919,0.052,0.000,0.206,-0.024
16,0.826,23.8889,1.195,-0.010,-0.34,2.358,0.011,1.200,0.000,0.0000,0.5947,0.071,0.000,0.205,-0.005
17,0.886,21.0802,1.348,-0.010,-0.31,2.436,0.049,1.300,0.000,-0.0094,0.1423,0.031,0.000,0.204,-0.010
18,0.926,15.7484,1.504,-0.011,-0.29,2.502,0.012,1.500,0.000,-0.0157,0.2283,0.039,0.000,0.203,-0.039
19,0.966,15.1708,1.608,-0.012,-0.29,2.527,0.014,1.600,0.000,-0.0144,0.2760,0.044,0.000,0.203,-0.025
20,1.007,15.4242,1.712,-0.013,-0.32,2.528,0.017,1.700,0.000,-0.0068,0.2103,0.038,0.000,0.203,0.008
21,1.066,17.9703,1.817,-0.014,-0.37,2.537,0.022,1.800,0.000,0.0164,-0.0696,0.014,0.000,0.202,0.024
22,1.126,26.8283,1.974,-0.017,-0.45,2.562,0.031,2.000,0.000,0.0101,0.0920,0.028,0.000,0.202,-0.014
23,1.165,15.1106,2.130,-0.019,-0.48,2.561,0.036,2.100,0.000,0.0134,-0.0602,0.015,0.000,0.200,-0.063
24,1.206,14.3820,2.234,-0.019,-0.46,2.552,0.038,2.200,0.000,0.0105,-0.0810,0.013,0.000,0.200,-0.017
25,1.267,26.2543,2.337,-0.018,-0.41,2.527,0.041,2.300,0.000,-0.0026,0.1451,0.033,0.000,0.199,0.037
26,1.325,22.8897,2.489,-0.018,-0.33,2.511,0.021,2.500,0.000,-0.0060,-0.2029,0.002,0.000,0.199,-0.000
27,1.367,15.6158,2.641,-0.017,-0.28,2.500,0.044,2.600,0.000,0.0180,0.0012,0.020,0.000,0.198,-0.033
28,1.406,16.2629,2.741,-0.018,-0.28,2.481,0.045,2.700,0.000,0.0090,0.0050,0.020,0.000,0.199,0.008
29,1.466,17.8432,2.840,-0.018,-0.30,2.452,0.044,2.800,0.000,0.0043,0.1048,0.029,0.000,0.199,0.034
30,1.506,14.1907,2.989,-0.018,-0.29,2.446,0.021,3.000,0.000,0.0018,0.1611,0.034,0.000,0.199,-0.001
31,1.546,14.0566,3.087,-0.018,-0.25,2.440,0.022,3.100,0.000,0.0028,0.1476,0.033,0.000,0.198,0.040
32,1.605,24.6504,3.184,-0.018,-0.22,2.453,0.024,3.200,0.000,0.0111,0.1286,0.032,0.000,0.198,0.010
33,1.666,20.6690,3.333,-0.018,-0.20,2.457,0.037,3.300,0.000,0.0123,0.0928,0.029,0.000,0.199,0.042
34,1.706,13.9807,3.481,-0.017,-0.20,2.462,0.026,3.500,0.000,0.0005,-0.0974,0.012,0.000,0.199,0.037
35,1.766,19.7356,3.580,-0.016,-0.17,2.473,0.026,3.600,0.000,-0.0040,-0.0900,0.012,0.000,0.199,0.031
36,1.806,15.1683,3.728,-0.015,-0.10,2.447,0.032,3.700,0.000,0.0129,0.0392,0.024,0.000,0.200,0.043
37,1.866,20.7532,3.825,-0.016,-0.08,2.425,0.030,3.800,0.000,-0.0038,0.1518,0.034,0.000,0.200,0.022
38,1.926,25.2615,3.970,-0.015,-0.10,2.399,0.034,4.000,0.000,0.0031,-0.0476,0.016,0.000,0.200,0.031
39,1.965,15.1038,4.114,-0.015,-0.09,2.408,0.021,4.100,0.000,-0.0162,0.0236,0.022,0.000,0.200,0.034
40,2.006,14.2013,4.211,-0.015,-0.08,2.415,0.019,4.200,0.000,0.0062,0.0486,0.025,0.000,0.199,0.027
41,2.045,15.3525,4.307,-0.016,-0.08,2.406,0.017,4.300,0.000,0.0191,0.0584,0.026,0.000,0.199,-0.034
42,2.086,17.5570,4.403,-0.016,-0.09,2.397,0.016,4.400,0.000,0.0116,-0.1124,0.011,0.000,0.200,-0.026
43,2.126,13.8994,4.499,-0.015,-0.09,2.385,0.015,4.500,0.000,-0.0124,-0.0358,0.017,0.000,0.200,0.024
44,2.166,14.5747,4.595,-0.014,-0.06,2.386,0.015,4.600,0.000,-0.0053,0.2142,0.039,0.000,0.199,0.024
45,2.206,15.0972,4.690,-0.013,-0.02,2.375,0.017,4.700,0.000,0.0098,-0.0866,0.013,0.000,0.199,-0.026
46,2.245,14.0754,4.785,-0.013,0.01,2.366,0.020,4.800,0.000,-0.0031,0.1990,0.038,0.000,0.200,-0.019
47,2.307,20.4678,4.880,-0.013,0.00,2.350,0.024,4.900,0.000,0.0007,0.1536,0.034,0.000,0.200,0.026
48,2.346,14.6442,5.022,-0.013,-0.02,2.363,0.025,5.000,0.000,0.0151,-0.0164,0.020,0.000,0.200,0.002
49,2.406,22.9987,5.117,-0.013,-0.02,2.379,0.021,5.100,0.000,-0.0030,0.0438,0.025,0.000,0.200,0.036
50,2.446,17.3494,5.260,-0.013,-0.01,2.371,0.042,5.300,0.000,0.0015,0.0877,0.029,0.000,0.200,0.022
51,2.485,14.6993,5.355,-0.012,0.01,2.373,0.047,5.400,0.000,-0.0167,-0.0572,0.016,0.000,0.200,0.022
52,2.525,14.5283,5.449,-0.012,0.03,2.369,0.051,5.400,0.000,-0.0444,-0.1075,0.011,0.000,0.200,-0.028
53,2.565,14.1620,5.544,-0.012,0.03,2.360,0.045,5.500,0.000,-0.0433,-0.0632,0.015,0.000,0.200,-0.012
54,2.605,15.2010,5.638,-0.012,0.01,2.332,0.040,5.600,0.000,-0.0487,-0.1548,0.007,0.000,0.200,0.021
55,2.645,14.6469,5.731,-0.014,-0.03,2.316,0.034,5.700,0.000,-0.0834,-0.2025,0.003,0.000,0.200,0.023
56,2.686,15.3853,5.822,-0.015,-0.10,2.296,0.027,5.800,0.000,-0.0676,-0.2024,0.002,0.000,0.200,-0.034
57,2.726,15.2596,5.913,-0.018,-0.17,2.251,0.022,5.900,0.000,-0.0633,-0.2784,0.000,0.005,0.200,-0.007
58,2.766,17.3015,6.002,-0.021,-0.29,2.217,0.021,6.000,0.000,-0.0943,-0.1736,0.004,0.000,0.200,0.015
59,2.806,14.3969,6.090,-0.026,-0.43,2.185,0.027,6.100,0.000,-0.0903,-0.3707,0.000,0.013,0.200,-0.009
60,2.846,16.5091,6.177,-0.030,-0.58,2.142,0.038,6.200,0.000,-0.0910,-0.1327,0.007,0.000,0.200,-0.019
61,2.885,15.9841,6.261,-0.036,-0.77,2.102,0.053,6.300,0.000,-0.1048,-0.1253,0.008,0.000,0.200,0.010
62,2.946,21.9225,6.345,-0.043,-0.97,2.067,0.062,6.300,0.000,-0.0900,-0.0258,0.016,0.000,0.199,-0.009
63,2.987,16.4591,6.467,-0.055,-1.32,2.021,0.064,6.500,0.000,-0.0787,0.0581,0.024,0.000,0.199,-0.013
64,3.026,15.7133,6.547,-0.064,-1.57,1.992,0.079,6.500,0.000,-0.0633,0.1597,0.033,0.000,0.199,-0.008
65,3.067,15.8043,6.627,-0.073,-1.84,1.990,0.078,6.600,0.000,-0.0698,0.0984,0.028,0.000,0.199,0.001
66,3.106,16.8790,6.706,-0.083,-2.11,2.005,0.083,6.700,0.000,-0.0809,0.1790,0.035,0.000,0.199,-0.007
67,3.147,14.8133,6.786,-0.092,-2.34,2.021,0.093,6.800,0.000,-0.0833,0.3767,0.053,0.000,0.199,0.013
68,3.187,15.1116,6.867,-0.101,-2.55,2.034,0.107,6.900,0.000,-0.0725,0.1268,0.031,0.000,0.199,0.008
69,3.228,15.3010,6.948,-0.112,-2.78,2.045,0.122,6.900,0.000,-0.0550,0.3350,0.050,0.000,0.200,0.022
70,3.266,15.5236,7.030,-0.123,-3.03,2.066,0.126,7.000,0.000,-0.0489,0.2588,0.043,0.000,0.200,0.009
71,3.306,13.9889,7.112,-0.134,-3.30,2.089,0.134,7.100,0.000,-0.0688,0.2483,0.043,0.000,0.201,-0.020
72,3.365,26.4300,7.195,-0.144,-3.53,2.123,0.144,7.200,0.000,-0.0642,0.4349,0.060,0.000,0.201,0.039
73,3.426,21.0587,7.323,-0.160,-3.81,2.157,0.162,7.300,0.000,-0.0406,0.3896,0.056,0.000,0.201,0.032
74,3.467,14.7885,7.453,-0.178,-4.10,2.194,0.184,7.500,0.000,-0.0294,0.2946,0.048,0.000,0.202,0.026
75,3.525,23.1247,7.541,-0.190,-4.32,2.242,0.194,7.500,0.000,-0.0171,0.2170,0.042,0.000,0.202,0.017
76,3.586,20.0688,7.677,-0.207,-4.65,2.296,0.209,7.700,0.000,-0.0136,0.1073,0.032,0.000,0.202,0.016
77,3.646,25.7188,7.815,-0.224,-4.86,2.336,0.225,7.800,0.000,0.0048,0.1582,0.037,0.000,0.202,0.018
78,3.686,14.5033,7.955,-0.239,-4.97,2.360,0.243,8.000,0.000,0.0056,0.1119,0.033,0.000,0.201,0.017
79,3.727,15.0003,8.049,-0.249,-5.01,2.378,0.253,8.000,0.000,0.0330,0.3540,0.055,0.000,0.201,0.007
80,3.766,14.6705,8.143,-0.257,-5.04,2.388,0.261,8.100,0.000,-0.0008,0.0923,0.032,0.000,0.200,-0.035
81,3.826,22.4177,8.239,-0.265,-5.04,2.408,0.268,8.200,0.000,0.0507,0.1609,0.038,0.000,0.200,-0.019
82,3.885,23.2738,8.384,-0.277,-5.01,2.438,0.278,8.400,0.000,0.0289,0.0275,0.026,0.000,0.200,-0.023
83,3.927,14.7439,8.530,-0.289,-4.98,2.451,0.291,8.500,0.000,0.0565,0.2097,0.043,0.000,0.200,-0.022
84,3.965,14.4808,8.628,-0.296,-4.95,2.458,0.297,8.600,0.000,0.0377,0.0520,0.029,0.000,0.200,-0.040
85,4.007,14.0891,8.726,-0.302,-4.88,2.465,0.303,8.700,0.000,0.0541,0.0449,0.028,0.000,0.200,-0.005
86,4.067,26.7985,8.825,-0.307,-4.78,2.472,0.309,8.800,0.000,0.0499,-0.2336,0.004,0.000,0.199,0.035
87,4.126,28.8022,8.973,-0.314,-4.58,2.479,0.315,9.000,0.000,0.0496,0.0437,0.028,0.000,0.199,0.014
88,4.186,18.6754,9.121,-0.319,-4.35,2.447,0.320,9.100,0.000,0.0589,-0.0823,0.017,0.000,0.199,-0.028
89,4.245,28.3145,9.267,-0.322,-4.06,2.432,0.324,9.300,0.000,0.0456,-0.0332,0.021,0.000,0.198,-0.050
90,4.286,14.5975,9.413,-0.324,-3.77,2.429,0.324,9.400,0.000,0.0687,0.0617,0.029,0.000,0.198,-0.028
91,4.326,14.2145,9.510,-0.325,-3.57,2.409,0.325,9.500,0.000,0.0507,0.0368,0.027,0.000,0.198,-0.038
92,4.386,20.2665,9.607,-0.325,-3.38,2.404,0.325,9.600,0.000,0.0570,-0.0223,0.022,0.000,0.198,0.022
93,4.427,15.0810,9.751,-0.326,-3.10,2.403,0.329,9.800,0.000,0.0447,0.0024,0.024,0.000,0.199,-0.021
94,4.486,24.6120,9.848,-0.325,-2.90,2.408,0.329,9.800,0.000,0.0447,0.0733,0.031,0.000,0.199,0.033
95,4.525,15.1614,9.991,-0.324,-2.62,2.394,0.325,10.000,0.000,0.0599,0.1688,0.039,0.000,0.199,0.005
96,4.587,28.9446,10.087,-0.324,-2.43,2.399,0.324,10.100,0.000,0.0372,-0.0015,0.024,0.000,0.199,0.036
97,4.627,15.1457,10.231,-0.323,-2.19,2.417,0.324,10.200,0.000,0.0514,0.0241,0.027,0.000,0.199,0.017
98,4.666,14.3826,10.328,-0.321,-2.01,2.428,0.322,10.300,0.000,0.0273,0.0487,0.029,0.000,0.199,0.035
99,4.727,24.7417,10.425,-0.319,-1.84,2.415,0.320,10.400,0.000,0.0531,-0.0630,0.019,0.000,0.199,-0.006
100,4.767,14.7428,10.570,-0.317,-1.58,2.417,0.319,10.600,0.000,0.0677,-0.2250,0.004,0.000,0.199,0.031
101,4.805,14.7750,10.667,-0.316,-1.45,2.403,0.318,10.700,0.000,0.0602,-0.4328,0.000,0.014,0.199,-0.010
102,4.846,14.2799,10.763,-0.315,-1.33,2.383,0.317,10.800,0.000,0.0968,-0.4395,0.000,0.015,0.200,-0.029
103,4.887,16.7118,10.856,-0.312,-1.18,2.353,0.315,10.900,0.000,0.0785,-0.5579,0.000,0.026,0.199,-0.008
104,4.926,16.2476,10.949,-0.309,-1.01,2.284,0.313,10.900,0.000,0.1001,-0.5754,0.000,0.029,0.198,0.005
105,4.966,14.4068,11.040,-0.305,-0.81,2.248,0.308,11.000,0.000,0.0842,-0.4646,0.000,0.020,0.197,-0.032
106,5.006,14.3580,11.129,-0.301,-0.59,2.205,0.302,11.100,0.000,0.1365,-0.6967,0.000,0.041,0.197,-0.040
107,5.066,21.4602,11.216,-0.295,-0.36,2.147,0.295,11.200,0.000,0.1053,-0.5003,0.000,0.024,0.196,-0.006
108,5.125,24.4594,11.343,-0.285,0.01,2.079,0.288,11.300,0.000,0.1250,-0.5894,0.000,0.033,0.196,0.002
109,5.166,14.8464,11.466,-0.272,0.44,2.041,0.274,11.500,0.000,0.1278,-0.3226,0.000,0.010,0.195,-0.000
110,5.205,16.5421,11.547,-0.263,0.75,2.020,0.267,11.500,0.000,0.1406,-0.4628,0.000,0.023,0.195,0.009
111,5.246,15.3286,11.626,-0.253,1.07,1.985,0.254,11.600,0.000,0.1244,-0.5693,0.000,0.033,0.195,-0.012
112,5.285,14.1435,11.706,-0.242,1.42,1.982,0.242,11.700,0.000,0.1281,-0.2856,0.000,0.008,0.195,0.017
113,5.326,14.0851,11.784,-0.230,1.79,1.966,0.230,11.800,0.000,0.1429,-0.2642,0.000,0.007,0.195,0.016
114,5.365,14.0452,11.862,-0.217,2.17,1.958,0.220,11.900,0.000,0.1195,-0.1279,0.005,0.000,0.195,-0.009
115,5.405,16.8248,11.940,-0.202,2.58,1.964,0.206,11.900,0.000,0.1164,0.2321,0.037,0.000,0.195,0.008
116,5.446,13.9905,12.018,-0.187,2.98,1.960,0.188,12.000,0.000,0.1106,0.2567,0.039,0.000,0.196,0.014
117,5.485,14.9311,12.096,-0.173,3.38,1.979,0.173,12.100,0.000,0.1148,0.0961,0.025,0.000,0.196,0.013
118,5.525,15.9276,12.174,-0.158,3.75,1.989,0.160,12.200,0.000,0.0971,0.1539,0.031,0.000,0.197,0.010
119,5.566,16.4793,12.254,-0.143,4.09,2.002,0.150,12.300,0.000,0.0810,0.2781,0.042,0.000,0.198,0.003
120,5.607,17.7622,12.333,-0.127,4.44,2.016,0.131,12.300,0.000,0.1010,0.1178,0.028,0.000,0.198,0.011
121,5.645,14.4718,12.412,-0.112,4.77,2.026,0.112,12.400,0.000,0.1030,0.4151,0.055,0.000,0.198,0.004
122,5.686,15.2166,12.492,-0.096,5.09,2.046,0.097,12.500,0.000,0.1081,0.1261,0.029,0.000,0.199,0.003
123,5.725,13.7500,12.573,-0.080,5.39,2.050,0.085,12.600,0.000,0.1109,0.1705,0.033,0.000,0.199,-0.002
124,5.787,22.9799,12.655,-0.063,5.70,2.086,0.078,12.700,0.000,0.1243,0.4770,0.061,0.000,0.198,-0.003
125,5.846,25.6584,12.778,-0.036,6.23,2.110,0.042,12.800,0.000,0.1339,0.2002,0.037,0.000,0.198,-0.006
126,5.906,18.0660,12.903,-0.007,6.81,2.153,0.007,12.900,0.000,0.1537,0.1322,0.031,0.000,0.198,-0.006
127,5.966,24.9199,13.030,0.026,7.41,2.194,0.040,13.000,0.000,0.1865,0.3047,0.047,0.000,0.198,-0.004
128,6.006,15.0632,13.158,0.061,8.06,2.209,0.074,13.200,0.000,0.2230,0.2930,0.046,0.000,0.197,-0.016
129,6.046,14.4139,13.244,0.087,8.52,2.212,0.097,13.200,0.000,0.2461,-0.1565,0.006,0.000,0.197,-0.009
130,6.088,17.7168,13.330,0.114,9.01,2.241,0.117,13.300,0.000,0.2492,0.5753,0.071,0.000,0.196,0.014
131,6.126,15.5556,13.415,0.142,9.55,2.238,0.143,13.400,0.000,0.2520,0.1492,0.034,0.000,0.195,-0.032
132,6.166,14.3270,13.500,0.173,10.13,2.236,0.173,13.500,0.000,0.2475,0.3576,0.053,0.000,0.195,-0.043
133,6.205,14.0842,13.585,0.206,10.77,2.268,0.207,13.600,0.000,0.2257,0.3503,0.053,0.000,0.194,-0.000
134,6.246,15.4027,13.671,0.242,11.45,2.266,0.244,13.700,0.000,0.1945,0.0775,0.029,0.000,0.194,0.030
135,6.286,14.6025,13.756,0.280,12.16,2.300,0.283,13.800,0.000,0.1323,0.0793,0.029,0.000,0.194,-0.013
136,6.326,15.5659,13.842,0.320,12.93,2.324,0.322,13.800,0.000,0.0537,0.1107,0.032,0.000,0.194,0.004
137,6.366,15.5835,13.928,0.360,13.66,2.331,0.362,13.900,0.000,-0.0517,0.1574,0.036,0.000,0.195,-0.014
138,6.406,13.8723,14.015,0.400,14.34,2.330,0.401,14.000,0.000,-0.0855,-0.0081,0.022,0.000,0.196,0.030
139,6.446,14.6198,14.101,0.439,14.90,2.338,0.439,14.100,0.000,-0.0877,-0.0384,0.019,0.000,0.197,0.061
140,6.486,16.2206,14.189,0.474,15.32,2.331,0.474,14.200,0.000,-0.0984,0.0128,0.024,0.000,0.198,0.076
141,6.546,18.7398,14.276,0.506,15.59,2.322,0.507,14.300,0.000,-0.1275,-0.0571,0.017,0.000,0.199,0.005
142,6.586,16.3688,14.406,0.547,15.75,2.279,0.548,14.400,0.000,-0.1129,-0.1748,0.007,0.000,0.200,0.025
143,6.646,23.0417,14.493,0.571,15.72,2.242,0.571,14.500,0.000,-0.1047,0.1920,0.039,0.000,0.201,-0.033
144,6.686,14.8347,14.623,0.602,15.52,2.208,0.603,14.600,0.000,-0.0974,0.1489,0.036,0.000,0.200,-0.016
145,6.726,14.0709,14.709,0.621,15.35,2.175,0.621,14.700,0.000,-0.1093,0.2032,0.041,0.000,0.200,-0.020
146,6.765,13.7816,14.795,0.638,15.13,2.187,0.638,14.800,0.000,-0.1102,0.1690,0.038,0.000,0.200,0.020
147,6.806,14.1126,14.882,0.654,14.89,2.213,0.654,14.900,0.000,-0.0964,0.0130,0.024,0.000,0.200,0.008
148,6.846,14.4958,14.969,0.669,14.60,2.197,0.669,15.000,0.000,-0.1100,0.0554,0.028,0.000,0.201,-0.004
149,6.886,15.1707,15.056,0.682,14.26,2.192,0.684,15.000,0.000,-0.0915,0.1630,0.038,0.000,0.201,0.026
150,6.946,22.3579,15.144,0.694,13.88,2.201,0.693,15.157,0.001,-0.1149,0.0936,0.032,0.000,0.201,0.001
151,6.986,14.2240,15.276,0.711,13.33,2.209,0.709,15.314,0.003,-0.0959,0.0516,0.028,0.000,0.201,-0.009
152,7.045,22.9426,15.364,0.722,12.97,2.229,0.720,15.314,0.003,-0.0859,0.0788,0.030,0.000,0.201,-0.035
153,7.085,14.1413,15.498,0.737,12.45,2.232,0.730,15.471,0.007,-0.0923,0.2228,0.043,0.000,0.200,-0.028
154,7.126,14.8014,15.587,0.747,12.11,2.234,0.735,15.628,0.013,-0.0856,0.3977,0.059,0.000,0.200,-0.005
155,7.166,17.4023,15.676,0.757,11.78,2.246,0.745,15.785,0.021,-0.0821,0.2019,0.042,0.000,0.200,0.030
156,7.227,21.6565,15.765,0.767,11.45,2.264,0.747,15.785,0.021,-0.0803,0.2186,0.044,0.000,0.200,-0.011
157,7.266,16.0676,15.903,0.781,10.98,2.311,0.753,15.942,0.030,-0.0848,0.2299,0.045,0.000,0.200,0.003
158,7.306,16.6230,15.996,0.791,10.67,2.331,0.757,16.099,0.040,-0.0874,0.3533,0.057,0.000,0.201,-0.009
159,7.355,15.6394,16.090,0.800,10.36,2.354,0.759,16.099,0.040,-0.0910,-0.0874,0.018,0.000,0.201,0.023
160,7.395,16.1555,16.184,0.808,10.05,2.377,0.759,16.255,0.053,-0.0831,0.1268,0.037,0.000,0.201,0.010
161,7.435,16.2498,16.279,0.815,9.71,2.384,0.761,16.412,0.067,-0.0771,0.3086,0.053,0.000,0.202,-0.023
162,7.475,15.6468,16.374,0.822,9.36,2.372,0.757,16.412,0.067,-0.0580,0.0004,0.026,0.000,0.202,-0.003
163,7.535,24.9756,16.470,0.829,9.02,2.392,0.753,16.568,0.082,-0.0726,0.3401,0.056,0.000,0.201,0.014
164,7.575,14.0258,16.615,0.840,8.59,2.426,0.749,16.724,0.099,-0.0636,0.2044,0.045,0.000,0.201,0.013
165,7.613,15.6230,16.712,0.848,8.35,2.440,0.749,16.724,0.099,-0.0764,0.2269,0.047,0.000,0.200,0.010
166,7.655,14.8577,16.811,0.855,8.12,2.465,0.740,16.880,0.118,-0.0608,0.0221,0.029,0.000,0.200,-0.003
167,7.695,14.4379,16.909,0.862,7.87,2.485,0.734,17.036,0.139,-0.0404,0.1464,0.040,0.000,0.201,-0.027
168,7.755,20.5682,17.008,0.869,7.61,2.495,0.730,17.036,0.139,-0.0459,0.0998,0.036,0.000,0.201,-0.009
169,7.815,21.9489,17.157,0.879,7.23,2.516,0.719,17.191,0.161,-0.0478,0.2231,0.047,0.000,0.200,-0.016
170,7.854,15.2798,17.309,0.891,6.97,2.532,0.707,17.347,0.185,-0.0266,0.1670,0.042,0.000,0.200,0.008
171,7.894,14.6061,17.410,0.898,6.81,2.548,0.694,17.502,0.210,-0.0302,0.0829,0.035,0.000,0.200,-0.002
172,7.934,14.7892,17.512,0.905,6.62,2.565,0.684,17.656,0.237,-0.0392,0.2084,0.046,0.000,0.200,-0.000
173,7.974,15.0742,17.614,0.914,6.46,2.573,0.677,17.811,0.266,-0.0078,0.0959,0.037,0.000,0.200,0.006
174,8.014,13.8617,17.717,0.922,6.31,2.580,0.663,17.811,0.266,-0.0067,-0.0268,0.026,0.000,0.200,-0.011
175,8.054,14.0790,17.821,0.930,6.17,2.601,0.650,17.965,0.296,-0.0185,0.0033,0.029,0.000,0.200,-0.004
176,8.114,20.0374,17.925,0.938,6.07,2.604,0.641,18.119,0.328,-0.0203,-0.1035,0.019,0.000,0.200,0.012
177,8.154,14.0112,18.081,0.953,5.98,2.605,0.622,18.272,0.361,0.0074,-0.0092,0.027,0.000,0.200,-0.006
178,8.194,14.9050,18.185,0.962,5.93,2.594,0.607,18.272,0.361,0.0090,-0.1512,0.015,0.000,0.200,0.036
179,8.254,23.9036,18.288,0.971,5.85,2.587,0.591,18.425,0.396,0.0038,-0.0699,0.022,0.000,0.200,0.005
180,8.294,14.8146,18.441,0.987,5.78,2.572,0.571,18.578,0.433,-0.0024,-0.1635,0.013,0.000,0.199,0.013
181,8.334,15.6854,18.543,0.998,5.80,2.563,0.559,18.730,0.471,0.0206,-0.1928,0.011,0.000,0.198,0.030
182,8.374,15.4099,18.645,1.008,5.84,2.565,0.544,18.730,0.471,0.0190,-0.1458,0.014,0.000,0.198,-0.008
183,8.414,18.0255,18.746,1.019,5.85,2.530,0.526,18.882,0.511,0.0195,-0.1912,0.010,0.000,0.199,-0.031
184,8.453,15.6376,18.846,1.031,5.85,2.502,0.514,19.034,0.553,0.0181,-0.1918,0.010,0.000,0.199,-0.037
185,8.494,14.1217,18.945,1.042,5.88,2.485,0.498,19.034,0.553,0.0363,-0.0192,0.025,0.000,0.198,0.016
186,8.534,15.4887,19.044,1.055,5.95,2.470,0.480,19.185,0.596,0.0296,0.0442,0.031,0.000,0.198,0.032
187,8.595,22.0097,19.141,1.067,6.03,2.468,0.469,19.335,0.640,0.0359,-0.0555,0.022,0.000,0.197,-0.010
188,8.635,14.6672,19.288,1.087,6.17,2.465,0.447,19.486,0.686,0.0535,-0.0600,0.021,0.000,0.197,0.027
189,8.675,18.4855,19.385,1.101,6.28,2.471,0.426,19.486,0.686,0.0695,-0.3154,0.000,0.001,0.197,-0.014
190,8.734,21.3603,19.481,1.115,6.40,2.448,0.411,19.635,0.734,0.0576,-0.0773,0.019,0.000,0.198,-0.033
191,8.774,15.5977,19.626,1.138,6.64,2.420,0.389,19.784,0.783,0.0544,0.1388,0.038,0.000,0.197,-0.038
192,8.834,24.9931,19.721,1.155,6.82,2.378,0.377,19.784,0.783,0.0628,-0.0069,0.026,0.000,0.198,-0.038
193,8.895,19.6415,19.862,1.180,7.13,2.391,0.353,19.933,0.834,0.0701,-0.0667,0.020,0.000,0.197,-0.031
194,8.934,14.5462,20.004,1.207,7.44,2.415,0.330,20.081,0.887,0.0666,-0.0973,0.018,0.000,0.197,-0.013
195,8.974,14.0232,20.098,1.226,7.66,2.395,0.314,20.229,0.941,0.0701,-0.0346,0.023,0.000,0.198,-0.036
196,9.035,25.2434,20.193,1.246,7.90,2.398,0.307,20.229,0.941,0.0545,0.0865,0.034,0.000,0.198,0.003
197,9.075,15.0424,20.333,1.276,8.29,2.375,0.283,20.376,0.996,0.0601,0.0303,0.029,0.000,0.198,-0.026
198,9.133,27.2084,20.426,1.297,8.56,2.382,0.262,20.522,1.053,0.0768,-0.0241,0.024,0.000,0.198,0.014
199,9.174,17.9021,20.566,1.328,8.91,2.389,0.239,20.668,1.112,0.0689,-0.1760,0.011,0.000,0.199,-0.013
200,9.235,21.0916,20.659,1.349,9.13,2.380,0.235,20.813,1.172,0.0703,0.1815,0.042,0.000,0.199,0.024
201,9.294,28.2202,20.798,1.382,9.48,2.365,0.211,20.813,1.172,0.0804,-0.1692,0.011,0.000,0.199,-0.019
202,9.334,14.0581,20.934,1.416,9.87,2.365,0.184,20.957,1.234,0.0814,-0.2599,0.003,0.000,0.198,-0.038
203,9.376,19.2861,21.027,1.439,10.14,2.361,0.161,21.101,1.297,0.0821,0.0165,0.027,0.000,0.198,0.003
204,9.414,14.9490,21.118,1.464,10.41,2.344,0.162,21.244,1.361,0.0771,-0.0417,0.022,0.000,0.198,0.035
205,9.456,15.8655,21.208,1.489,10.70,2.328,0.132,21.244,1.361,0.0698,-0.1386,0.013,0.000,0.197,-0.018
206,9.495,15.9135,21.298,1.514,10.99,2.312,0.124,21.387,1.428,0.0873,-0.0375,0.022,0.000,0.197,-0.037
207,9.534,14.6311,21.387,1.539,11.28,2.304,0.111,21.387,1.428,0.0875,-0.1523,0.012,0.000,0.198,0.017
208,9.575,14.3804,21.476,1.564,11.55,2.297,0.087,21.528,1.495,0.0839,0.0796,0.032,0.000,0.198,0.043
209,9.614,13.8860,21.564,1.590,11.81,2.283,0.102,21.528,1.495,0.1051,-0.0781,0.018,0.000,0.197,-0.022
210,9.674,18.9235,21.652,1.617,12.07,2.270,0.055,21.670,1.564,0.0793,0.0096,0.026,0.000,0.198,-0.040
211,9.734,23.0771,21.782,1.658,12.53,2.266,0.036,21.810,1.635,0.0816,-0.2373,0.004,0.000,0.197,-0.039
212,9.774,14.0808,21.912,1.700,13.02,2.267,0.038,21.949,1.707,0.0692,-0.1865,0.008,0.000,0.197,-0.008
213,9.815,14.5168,21.999,1.728,13.32,2.256,0.054,21.949,1.707,0.0751,0.1071,0.034,0.000,0.198,-0.023
214,9.876,20.4211,22.084,1.757,13.60,2.220,0.024,22.088,1.780,0.0901,0.1495,0.038,0.000,0.198,0.018
215,9.934,25.0058,22.210,1.799,13.98,2.210,0.059,22.226,1.855,0.0885,-0.0729,0.019,0.000,0.198,-0.002
216,9.973,14.2633,22.337,1.842,14.37,2.239,0.093,22.364,1.932,0.1057,-0.1617,0.011,0.000,0.198,-0.021
217,10.015,16.4104,22.421,1.872,14.65,2.239,0.083,22.364,1.932,0.0946,0.0991,0.034,0.000,0.198,0.019
218,10.054,14.3733,22.505,1.903,14.96,2.243,0.107,22.500,2.010,0.0924,0.0743,0.031,0.000,0.197,-0.003
219,10.094,15.4386,22.589,1.935,15.28,2.220,0.117,22.500,2.010,0.0887,-0.1175,0.015,0.000,0.197,-0.035
220,10.134,15.0103,22.673,1.967,15.61,2.224,0.128,22.636,2.089,0.1003,-0.2584,0.002,0.000,0.198,0.007
221,10.174,15.0957,22.756,1.999,15.94,2.233,0.150,22.636,2.089,0.0947,0.0204,0.026,0.000,0.197,0.037
222,10.235,22.7929,22.839,2.032,16.25,2.203,0.153,22.770,2.170,0.1091,-0.1108,0.015,0.000,0.197,-0.022
223,10.294,21.8707,22.961,2.083,16.72,2.183,0.178,22.904,2.252,0.1084,-0.1664,0.010,0.000,0.197,-0.012
224,10.355,18.6947,23.082,2.133,17.21,2.172,0.207,23.037,2.335,0.1107,-0.1131,0.014,0.000,0.197,-0.007
225,10.395,13.8598,23.201,2.186,17.74,2.144,0.222,23.037,2.335,0.0893,0.0710,0.030,0.000,0.196,-0.000
226,10.436,17.3006,23.280,2.221,18.10,2.123,0.227,23.170,2.420,0.0888,-0.1057,0.015,0.000,0.196,-0.021
227,10.494,24.6786,23.357,2.257,18.48,2.112,0.248,23.170,2.420,0.0970,0.1070,0.033,0.000,0.196,0.001
228,10.534,14.6568,23.472,2.310,18.99,2.102,0.260,23.301,2.506,0.1017,0.0782,0.031,0.000,0.197,0.008
229,10.574,14.2498,23.549,2.346,19.28,2.100,0.274,23.431,2.594,0.0975,-0.1050,0.015,0.000,0.197,0.014
230,10.634,17.2433,23.625,2.382,19.57,2.114,0.287,23.431,2.594,0.0985,0.1794,0.040,0.000,0.197,-0.007
231,10.674,15.2931,23.740,2.437,20.04,2.110,0.304,23.561,2.683,0.0995,-0.3054,0.000,0.003,0.197,-0.001
232,10.734,27.5109,23.816,2.474,20.37,2.107,0.325,23.689,2.773,0.0988,-0.1040,0.015,0.000,0.197,-0.016
233,10.774,14.5086,23.929,2.531,20.86,2.084,0.341,23.689,2.773,0.1064,-0.0719,0.017,0.000,0.197,-0.018
234,10.834,25.2739,24.004,2.569,21.19,2.073,0.350,23.817,2.865,0.1030,0.0851,0.031,0.000,0.197,0.013
235,10.875,17.0190,24.113,2.627,21.67,2.053,0.372,23.943,2.958,0.0987,-0.1913,0.007,0.000,0.197,0.001
236,10.934,26.7741,24.186,2.666,21.99,2.044,0.380,23.943,2.958,0.0883,-0.0593,0.018,0.000,0.197,-0.004
237,10.974,16.1898,24.294,2.724,22.49,2.035,0.398,24.069,3.052,0.1072,0.0807,0.031,0.000,0.197,0.003
238,11.014,14.7036,24.366,2.763,22.82,2.034,0.414,24.069,3.052,0.0905,-0.0191,0.022,0.000,0.197,0.006
239,11.054,16.0775,24.438,2.803,23.11,2.030,0.423,24.194,3.148,0.1003,-0.1243,0.013,0.000,0.197,0.001
240,11.095,13.5501,24.508,2.841,23.38,2.029,0.439,24.194,3.148,0.1157,0.1902,0.040,0.000,0.197,0.005
241,11.134,16.3618,24.579,2.881,23.67,2.017,0.448,24.317,3.245,0.1071,0.0936,0.032,0.000,0.197,-0.003
242,11.174,15.2485,24.650,2.921,23.96,2.040,0.464,24.317,3.245,0.1235,0.0214,0.026,0.000,0.197,-0.020
243,11.214,17.8008,24.721,2.962,24.28,2.049,0.473,24.440,3.343,0.0884,-0.0357,0.021,0.000,0.197,-0.001
244,11.275,17.9035,24.792,3.005,24.62,2.042,0.488,24.440,3.343,0.0800,0.1138,0.034,0.000,0.197,-0.003
245,11.315,16.0321,24.898,3.069,25.15,2.053,0.503,24.561,3.442,0.0986,0.0526,0.029,0.000,0.197,0.009
246,11.374,22.8097,24.969,3.112,25.48,2.060,0.518,24.682,3.543,0.1015,-0.1880,0.007,0.000,0.198,0.004
247,11.414,16.3565,25.075,3.176,25.89,2.073,0.538,24.682,3.543,0.1285,0.1356,0.036,0.000,0.198,0.002
248,11.455,16.2497,25.145,3.220,26.15,2.052,0.547,24.801,3.645,0.1031,-0.0246,0.022,0.000,0.198,-0.005
249,11.493,16.9665,25.215,3.264,26.46,2.052,0.563,24.801,3.645,0.1119,-0.0390,0.020,0.000,0.198,-0.002
250,11.535,15.3266,25.285,3.308,26.80,2.068,0.572,24.920,3.748,0.1047,-0.0341,0.021,0.000,0.198,-0.017
251,11.574,15.9310,25.354,3.354,27.14,2.058,0.587,24.920,3.748,0.1058,-0.3143,0.000,0.004,0.197,-0.020
252,11.614,15.6571,25.423,3.400,27.49,2.055,0.595,25.037,3.853,0.1050,-0.2105,0.005,0.000,0.197,-0.001
253,11.654,14.0609,25.491,3.446,27.83,2.045,0.610,25.037,3.853,0.1101,-0.1167,0.013,0.000,0.197,-0.010
254,11.694,14.9469,25.559,3.493,28.16,2.037,0.618,25.153,3.959,0.1194,0.0089,0.024,0.000,0.197,-0.001
255,11.734,14.8394,25.626,3.540,28.50,2.024,0.632,25.153,3.959,0.1294,0.0535,0.028,0.000,0.197,0.008
256,11.774,14.6843,25.693,3.587,28.84,2.036,0.640,25.268,4.065,0.1151,-0.0678,0.017,0.000,0.197,-0.027
257,11.814,13.7689,25.759,3.635,29.20,2.033,0.653,25.268,4.065,0.1096,-0.2132,0.004,0.000,0.197,-0.003
258,11.875,27.5091,25.824,3.683,29.57,2.018,0.660,25.382,4.174,0.1055,-0.1867,0.006,0.000,0.196,0.013
259,11.915,15.3253,25.922,3.756,30.14,2.016,0.678,25.495,4.283,0.1026,0.0619,0.028,0.000,0.196,0.014
260,11.955,15.6289,25.987,3.805,30.49,2.021,0.686,25.495,4.283,0.1161,0.0361,0.026,0.000,0.197,-0.004
261,12.014,20.6374,26.051,3.854,30.81,2.005,0.699,25.607,4.393,0.1212,-0.0571,0.018,0.000,0.197,0.010
262,12.053,13.7113,26.148,3.928,31.28,2.006,0.714,25.607,4.393,0.1188,-0.0230,0.020,0.000,0.197,-0.005
263,12.095,14.4265,26.212,3.978,31.63,2.011,0.723,25.717,4.505,0.1009,0.1045,0.032,0.000,0.197,0.016
264,12.134,14.4112,26.275,4.029,31.99,2.011,0.734,25.717,4.505,0.1030,-0.0147,0.021,0.000,0.197,-0.020
265,12.175,14.4758,26.338,4.080,32.36,2.007,0.742,25.826,4.618,0.1105,0.1976,0.040,0.000,0.197,0.004
266,12.214,13.8548,26.400,4.131,32.73,2.008,0.753,25.826,4.618,0.1061,-0.1546,0.009,0.000,0.196,0.030
267,12.255,14.6761,26.463,4.183,33.06,2.024,0.762,25.935,4.732,0.1103,0.0703,0.029,0.000,0.197,-0.027
268,12.315,17.1122,26.526,4.235,33.37,2.023,0.772,25.935,4.732,0.1129,-0.0191,0.021,0.000,0.197,0.014
269,12.374,24.5357,26.619,4.314,33.87,2.022,0.786,26.041,4.847,0.1057,0.0416,0.026,0.000,0.197,0.007
270,12.414,15.7802,26.710,4.393,34.41,2.019,0.802,26.147,4.963,0.1287,0.0939,0.031,0.000,0.197,0.014
271,12.454,17.1354,26.771,4.447,34.78,2.019,0.810,26.147,4.963,0.1234,0.0148,0.024,0.000,0.197,0.012
272,12.496,13.9762,26.832,4.501,35.13,2.032,0.820,26.252,5.080,0.1057,0.1684,0.038,0.000,0.197,-0.018
273,12.534,13.7118,26.893,4.555,35.46,2.019,0.829,26.252,5.080,0.1161,0.0458,0.027,0.000,0.197,0.009
274,12.574,14.3101,26.953,4.611,35.83,2.038,0.839,26.355,5.199,0.1163,-0.0653,0.017,0.000,0.197,0.016
275,12.615,14.6281,27.013,4.667,36.19,2.055,0.847,26.355,5.199,0.1212,-0.0337,0.020,0.000,0.197,-0.017
276,12.654,14.2496,27.074,4.723,36.54,2.038,0.857,26.457,5.318,0.1171,0.0092,0.024,0.000,0.197,0.005
277,12.693,14.1711,27.133,4.780,36.92,2.035,0.864,26.457,5.318,0.1234,-0.0255,0.021,0.000,0.197,0.007
278,12.756,23.7785,27.192,4.838,37.29,2.033,0.874,26.558,5.439,0.1127,-0.2906,0.000,0.003,0.197,-0.035
279,12.814,27.8192,27.279,4.924,37.86,2.023,0.886,26.558,5.439,0.1132,-0.1367,0.011,0.000,0.196,-0.034
280,12.855,14.9192,27.364,5.011,38.44,2.020,0.895,26.657,5.560,0.1153,-0.1428,0.010,0.000,0.196,-0.036
281,12.894,14.9066,27.421,5.069,38.80,2.011,0.905,26.755,5.683,0.1178,-0.0089,0.022,0.000,0.197,0.019
282,12.934,14.8708,27.477,5.127,39.15,2.015,0.911,26.755,5.683,0.1453,0.1611,0.037,0.000,0.196,0.015
283,12.975,15.0116,27.533,5.186,39.52,2.020,0.921,26.852,5.806,0.1103,0.1482,0.036,0.000,0.196,-0.035
284,13.014,16.4901,27.588,5.245,39.89,2.012,0.926,26.852,5.806,0.1364,-0.1692,0.008,0.000,0.197,0.005
285,13.054,14.4343,27.644,5.306,40.29,2.034,0.935,26.948,5.931,0.1153,0.0844,0.030,0.000,0.196,0.013
286,13.115,23.5024,27.699,5.366,40.68,2.035,0.940,26.948,5.931,0.1101,-0.1031,0.013,0.000,0.196,-0.026
287,13.155,13.9596,27.781,5.458,41.23,2.034,0.951,27.042,6.057,0.1395,-0.0983,0.014,0.000,0.197,-0.028
288,13.215,24.7694,27.835,5.519,41.59,2.024,0.958,27.042,6.057,0.1066,-0.2155,0.003,0.000,0.197,0.013
289,13.254,14.3903,27.916,5.611,42.12,2.008,0.968,27.135,6.183,0.1222,-0.0857,0.014,0.000,0.197,0.007
290,13.313,17.7898,27.969,5.672,42.49,2.013,0.977,27.135,6.183,0.1175,-0.2617,0.000,0.001,0.196,0.015
291,13.375,25.6994,28.046,5.764,43.02,2.000,0.985,27.227,6.311,0.1155,-0.1163,0.011,0.000,0.196,0.004
292,13.435,21.7331,28.123,5.857,43.56,1.998,0.995,27.317,6.439,0.1065,0.0111,0.022,0.000,0.196,0.008
293,13.493,17.9865,28.199,5.950,44.12,1.994,1.006,27.406,6.569,0.1305,0.0017,0.022,0.000,0.196,0.010
294,13.535,15.3943,28.275,6.044,44.67,1.997,1.014,27.406,6.569,0.1306,-0.0271,0.019,0.000,0.196,0.011
295,13.574,14.6942,28.325,6.107,45.00,1.992,1.020,27.494,6.699,0.1172,-0.0843,0.014,0.000,0.197,-0.027
296,13.615,15.2156,28.374,6.170,45.34,1.980,1.027,27.494,6.699,0.1368,0.0842,0.029,0.000,0.197,0.018
297,13.655,15.6489,28.422,6.234,45.70,1.984,1.032,27.580,6.830,0.1346,-0.0869,0.014,0.000,0.196,-0.003
298,13.695,15.8535,28.470,6.298,46.07,1.995,1.037,27.580,6.830,0.1129,-0.0632,0.016,0.000,0.197,-0.023
299,13.734,15.3187,28.518,6.363,46.47,1.978,1.043,27.665,6.963,0.1163,0.0772,0.028,0.000,0.196,0.015
300,13.775,16.1996,28.565,6.428,46.86,1.988,1.047,27.665,6.963,0.1210,0.0249,0.024,0.000,0.196,-0.000
301,13.814,14.4401,28.611,6.493,47.24,1.988,1.053,27.748,7.096,0.1147,0.0182,0.023,0.000,0.197,-0.010
302,13.854,14.3297,28.657,6.558,47.61,1.984,1.056,27.748,7.096,0.1281,0.0744,0.028,0.000,0.197,0.031
303,13.895,16.2482,28.703,6.624,47.97,1.989,1.063,27.830,7.230,0.1130,-0.1601,0.007,0.000,0.197,0.000
304,13.954,26.7515,28.749,6.690,48.32,1.990,1.065,27.830,7.230,0.1186,0.0685,0.027,0.000,0.197,-0.009
305,13.995,15.8099,28.816,6.788,48.87,1.986,1.073,27.911,7.364,0.1198,-0.0969,0.013,0.000,0.197,-0.001
306,14.054,27.0527,28.861,6.854,49.24,1.985,1.078,27.911,7.364,0.1173,0.0032,0.022,0.000,0.197,0.016
307,14.094,16.3255,28.927,6.954,49.78,1.980,1.084,27.990,7.500,0.1175,0.1243,0.032,0.000,0.197,0.013
308,14.134,14.1613,28.970,7.022,50.15,1.978,1.090,27.990,7.500,0.1292,-0.2041,0.003,0.000,0.197,-0.018
309,14.175,14.5692,29.013,7.089,50.53,1.993,1.092,28.068,7.636,0.1136,0.0050,0.022,0.000,0.197,0.008
310,14.214,14.8877,29.055,7.157,50.89,1.985,1.097,28.068,7.636,0.1261,-0.1037,0.012,0.000,0.197,0.006
311,14.254,14.9137,29.098,7.225,51.27,1.995,1.100,28.145,7.774,0.1077,0.1827,0.037,0.000,0.197,-0.018
312,14.294,14.9814,29.139,7.294,51.64,1.987,1.104,28.145,7.774,0.1157,-0.1440,0.008,0.000,0.197,0.010
313,14.334,14.5058,29.181,7.363,52.00,2.000,1.107,28.220,7.912,0.1213,0.1581,0.035,0.000,0.197,0.014
314,14.375,18.3374,29.222,7.432,52.35,2.000,1.112,28.220,7.912,0.1242,0.0885,0.029,0.000,0.197,-0.009
315,14.415,14.9969,29.263,7.501,52.70,2.006,1.115,28.293,8.051,0.1247,-0.0683,0.015,0.000,0.197,0.003
316,14.455,17.6183,29.304,7.571,53.07,2.016,1.119,28.293,8.051,0.1218,0.0336,0.024,0.000,0.197,0.008
317,14.494,14.2812,29.343,7.642,53.45,2.001,1.122,28.365,8.190,0.1190,0.0339,0.024,0.000,0.197,-0.018
318,14.555,20.2519,29.383,7.713,53.85,2.008,1.124,28.365,8.190,0.1391,0.0098,0.022,0.000,0.197,0.014
319,14.595,15.2380,29.440,7.819,54.44,2.007,1.127,28.436,8.330,0.1300,0.0275,0.024,0.000,0.197,0.011
320,14.635,16.9774,29.478,7.889,54.79,1.992,1.132,28.436,8.330,0.1157,0.0963,0.030,0.000,0.197,0.006
321,14.674,17.2603,29.515,7.961,55.17,1.996,1.132,28.505,8.472,0.1227,0.1167,0.032,0.000,0.197,-0.009
322,14.735,22.8844,29.551,8.033,55.58,2.003,1.135,28.505,8.472,0.1066,0.0704,0.028,0.000,0.196,0.010
323,14.774,14.8639,29.606,8.142,56.17,2.019,1.136,28.572,8.613,0.1417,0.1039,0.031,0.000,0.197,0.006
324,14.815,15.5023,29.642,8.215,56.55,2.034,1.140,28.639,8.756,0.1282,0.1303,0.034,0.000,0.197,0.008
325,14.854,14.7412,29.679,8.289,56.92,2.031,1.140,28.639,8.756,0.1123,0.1087,0.032,0.000,0.197,-0.003
326,14.894,15.2981,29.714,8.363,57.29,2.047,1.144,28.703,8.899,0.1231,-0.0263,0.020,0.000,0.197,-0.010
327,14.934,13.9971,29.749,8.438,57.68,2.070,1.143,28.703,8.899,0.1199,-0.0134,0.021,0.000,0.197,0.007
328,14.975,14.9476,29.785,8.513,58.06,2.056,1.148,28.766,9.043,0.1102,-0.0351,0.019,0.000,0.197,-0.000
329,15.014,17.8726,29.819,8.589,58.45,2.061,1.147,28.766,9.043,0.1125,-0.0773,0.015,0.000,0.197,-0.003
330,15.054,15.6386,29.853,8.664,58.83,2.048,1.151,28.766,9.043,0.1276,-0.0142,0.021,0.000,0.197,0.009
331,15.094,14.8394,29.887,8.739,59.18,2.033,1.149,28.828,9.187,0.1152,-0.0832,0.015,0.000,0.197,-0.003
332,15.134,15.6520,29.919,8.814,59.54,2.036,1.153,28.828,9.187,0.1239,-0.0808,0.015,0.000,0.197,-0.009
333,15.174,13.9439,29.951,8.889,59.90,2.009,1.152,28.888,9.332,0.1071,0.0669,0.028,0.000,0.197,-0.008
334,15.234,32.2328,29.983,8.964,60.26,2.004,1.155,28.888,9.332,0.1028,0.1333,0.034,0.000,0.196,0.008
335,15.275,14.7342,30.029,9.076,60.82,2.011,1.155,28.947,9.478,0.1096,0.0215,0.024,0.000,0.196,0.014
336,15.315,16.2231,30.060,9.151,61.18,2.020,1.158,29.004,9.624,0.1176,-0.0149,0.021,0.000,0.196,0.006
337,15.374,24.7563,30.091,9.225,61.49,2.025,1.158,29.004,9.624,0.1134,0.0975,0.031,0.000,0.197,0.001
338,15.435,18.6757,30.136,9.339,61.98,2.025,1.160,29.059,9.771,0.1041,0.1203,0.033,0.000,0.197,-0.003
339,15.475,14.6752,30.179,9.453,62.53,2.031,1.163,29.113,9.919,0.1184,0.1875,0.039,0.000,0.197,-0.002
340,15.535,20.7389,30.208,9.530,62.89,2.034,1.162,29.113,9.919,0.1026,0.1000,0.031,0.000,0.197,0.018
341,15.575,15.0556,30.251,9.646,63.41,2.051,1.164,29.166,10.067,0.1273,-0.1089,0.013,0.000,0.197,0.010
342,15.615,15.2757,30.279,9.724,63.76,2.081,1.165,29.166,10.067,0.1154,-0.1733,0.007,0.000,0.197,-0.004
343,15.655,14.7763,30.307,9.803,64.10,2.071,1.166,29.217,10.216,0.1196,0.0365,0.026,0.000,0.198,-0.001
344,15.695,15.5552,30.334,9.882,64.46,2.063,1.166,29.217,10.216,0.1163,-0.0825,0.015,0.000,0.197,0.011
345,15.734,15.6925,30.360,9.961,64.83,2.056,1.167,29.266,10.365,0.1035,-0.0094,0.021,0.000,0.197,-0.023
346,15.774,15.0999,30.386,10.040,65.20,2.041,1.166,29.266,10.365,0.1308,0.0533,0.027,0.000,0.197,-0.018
347,15.814,16.7129,30.410,10.117,65.57,2.043,1.166,29.314,10.514,0.1148,0.0584,0.028,0.000,0.197,0.026
348,15.855,15.3085,30.435,10.195,65.94,2.038,1.166,29.314,10.514,0.1216,0.1384,0.035,0.000,0.196,-0.014
349,15.915,23.9143,30.459,10.274,66.28,2.043,1.166,29.360,10.665,0.1190,0.0209,0.024,0.000,0.197,-0.016
350,15.955,14.7595,30.493,10.393,66.82,2.062,1.166,29.360,10.665,0.1320,0.1778,0.038,0.000,0.197,-0.017
351,16.014,23.1113,30.516,10.473,67.21,2.066,1.163,29.404,10.815,0.1157,0.0276,0.025,0.000,0.196,0.025
352,16.074,21.5868,30.549,10.594,67.81,2.076,1.163,29.447,10.966,0.1156,0.1212,0.034,0.000,0.196,0.031
353,16.116,14.7019,30.580,10.716,68.42,2.093,1.160,29.447,10.966,0.1033,-0.0199,0.021,0.000,0.197,0.034
354,16.155,14.2365,30.601,10.798,68.82,2.105,1.157,29.489,11.118,0.1168,-0.0181,0.021,0.000,0.197,0.005
355,16.215,26.9299,30.621,10.881,69.20,2.108,1.157,29.489,11.118,0.1053,0.0473,0.027,0.000,0.197,-0.015
356,16.255,15.1993,30.651,11.003,69.73,2.097,1.154,29.529,11.270,0.1183,0.0161,0.024,0.000,0.198,-0.033
357,16.294,14.5366,30.671,11.085,70.09,2.091,1.154,29.567,11.422,0.1209,-0.0750,0.016,0.000,0.198,0.014
358,16.355,20.5745,30.690,11.167,70.44,2.090,1.151,29.567,11.422,0.1043,0.2808,0.048,0.000,0.197,0.016
359,16.415,28.7822,30.717,11.290,70.98,2.078,1.149,29.604,11.575,0.1311,0.0744,0.030,0.000,0.197,0.016
360,16.455,15.7555,30.743,11.413,71.54,2.100,1.148,29.639,11.728,0.1060,0.0256,0.026,0.000,0.196,0.034
361,16.494,15.1115,30.760,11.496,71.91,2.120,1.145,29.639,11.728,0.1147,0.1021,0.033,0.000,0.197,-0.019
362,16.534,14.5727,30.777,11.580,72.25,2.120,1.145,29.672,11.881,0.1169,0.0172,0.025,0.000,0.197,0.003
363,16.575,15.3152,30.793,11.664,72.60,2.130,1.142,29.672,11.881,0.1130,-0.1061,0.014,0.000,0.197,0.040
364,16.616,16.1725,30.809,11.749,72.98,2.136,1.141,29.704,12.035,0.1239,0.2057,0.042,0.000,0.197,-0.019
365,16.676,20.2024,30.823,11.834,73.36,2.129,1.137,29.704,12.035,0.1164,0.0115,0.025,0.000,0.197,-0.027
366,16.734,25.8637,30.844,11.961,73.96,2.140,1.133,29.734,12.189,0.1232,0.0748,0.030,0.000,0.197,-0.033
367,16.795,22.3167,30.863,12.088,74.54,2.153,1.130,29.763,12.344,0.1217,0.0611,0.029,0.000,0.197,-0.036
368,16.855,25.2096,30.881,12.217,75.14,2.157,1.126,29.763,12.344,0.1126,-0.0187,0.022,0.000,0.197,-0.043
369,16.895,15.3703,30.898,12.347,75.76,2.169,1.118,29.790,12.498,0.1131,0.1235,0.035,0.000,0.196,-0.027
370,16.935,14.9879,30.908,12.433,76.18,2.165,1.114,29.815,12.653,0.1260,0.2257,0.044,0.000,0.197,-0.014
371,16.974,14.8635,30.918,12.520,76.57,2.164,1.110,29.815,12.653,0.1215,0.1092,0.034,0.000,0.197,0.037
372,17.014,14.3294,30.927,12.607,76.97,2.189,1.107,29.839,12.809,0.1170,-0.0403,0.021,0.000,0.197,0.005
373,17.054,14.4869,30.936,12.695,77.35,2.192,1.102,29.839,12.809,0.1303,-0.0176,0.023,0.000,0.197,-0.047
374,17.095,14.3362,30.944,12.784,77.76,2.204,1.098,29.861,12.964,0.1179,0.0162,0.026,0.000,0.197,0.015
375,17.155,25.5576,30.951,12.872,78.19,2.201,1.094,29.861,12.964,0.1000,0.1065,0.034,0.000,0.197,0.036
376,17.215,26.2819,30.961,13.005,78.83,2.192,1.085,29.882,13.120,0.1266,-0.0131,0.023,0.000,0.197,0.038
377,17.255,14.8152,30.970,13.137,79.43,2.204,1.078,29.901,13.276,0.1148,-0.1216,0.014,0.000,0.197,0.036
378,17.314,23.3860,30.976,13.225,79.79,2.212,1.076,29.901,13.276,0.1031,0.1854,0.041,0.000,0.197,0.009
379,17.375,25.7301,30.983,13.358,80.33,2.186,1.068,29.918,13.432,0.1201,0.0881,0.032,0.000,0.197,0.020
380,17.414,15.7241,30.989,13.490,80.92,2.197,1.060,29.933,13.588,0.0963,0.2641,0.048,0.000,0.197,0.033
381,17.454,14.7385,30.993,13.578,81.30,2.220,1.059,29.947,13.745,0.1026,-0.0188,0.023,0.000,0.197,0.002
382,17.495,16.7392,30.996,13.668,81.66,2.228,1.052,29.947,13.745,0.1029,-0.0096,0.024,0.000,0.197,-0.032
383,17.536,15.2070,31.000,13.758,82.01,2.239,1.050,29.960,13.901,0.1263,0.1998,0.043,0.000,0.197,0.021
384,17.575,17.3437,31.002,13.848,82.37,2.248,1.044,29.960,13.901,0.1133,-0.0309,0.023,0.000,0.197,0.032
385,17.615,14.6476,31.004,13.938,82.72,2.244,1.040,29.970,14.058,0.0961,0.1107,0.035,0.000,0.197,-0.028
386,17.654,15.3093,31.005,14.028,83.09,2.255,1.035,29.970,14.058,0.1133,-0.0174,0.024,0.000,0.197,-0.020
387,17.694,15.0618,31.005,14.118,83.50,2.264,1.030,29.979,14.215,0.1235,0.1638,0.040,0.000,0.197,0.028
388,17.737,18.8846,31.005,14.210,83.88,2.262,1.025,29.979,14.215,0.1268,0.0400,0.029,0.000,0.197,0.012
389,17.774,14.2272,31.004,14.301,84.26,2.268,1.019,29.987,14.372,0.1037,0.0679,0.032,0.000,0.197,-0.035
390,17.815,17.4259,31.002,14.392,84.65,2.279,1.015,29.987,14.372,0.1036,-0.0545,0.021,0.000,0.197,-0.024
391,17.855,16.9310,30.998,14.484,85.06,2.280,1.007,29.993,14.529,0.1231,0.1416,0.038,0.000,0.197,0.021
392,17.895,16.1320,30.996,14.576,85.47,2.287,1.004,29.993,14.529,0.1063,0.0156,0.027,0.000,0.197,0.031
393,17.934,15.6370,30.992,14.667,85.86,2.290,0.996,29.997,14.686,0.1175,-0.1114,0.016,0.000,0.197,-0.026
394,17.973,15.4605,30.988,14.759,86.22,2.284,0.992,29.999,14.843,0.1097,-0.0302,0.023,0.000,0.197,-0.034
395,18.034,20.1873,30.983,14.851,86.60,2.283,0.984,29.999,14.843,0.1090,0.1031,0.035,0.000,0.197,0.030
396,18.094,18.2701,30.975,14.988,87.19,2.271,0.975,30.000,15.000,0.1140,0.1682,0.041,0.000,0.197,0.002
397,18.156,26.3922,30.965,15.125,87.78,2.280,0.966,29.999,15.157,0.0953,0.1450,0.039,0.000,0.197,-0.022
398,18.194,15.0494,30.953,15.263,88.37,2.300,0.958,29.997,15.314,0.0982,0.0222,0.028,0.000,0.197,-0.024
399,18.254,27.7486,30.945,15.354,88.77,2.319,0.949,29.997,15.314,0.1144,-0.0875,0.018,0.000,0.197,0.016
400,18.294,15.0823,30.932,15.494,89.35,2.332,0.940,29.993,15.471,0.1197,0.0022,0.026,0.000,0.198,-0.010
401,18.334,16.1609,30.923,15.587,89.71,2.310,0.937,29.987,15.628,0.1051,0.0236,0.028,0.000,0.198,0.024
402,18.373,16.2838,30.913,15.680,90.07,2.314,0.927,29.987,15.628,0.1154,0.0354,0.029,0.000,0.197,0.017
403,18.414,15.4493,30.902,15.772,90.45,2.319,0.922,29.979,15.785,0.1108,-0.1454,0.013,0.000,0.197,-0.018
404,18.454,14.2801,30.890,15.865,90.84,2.306,0.914,29.979,15.785,0.1035,0.2909,0.052,0.000,0.197,-0.033
405,18.515,20.6443,30.878,15.957,91.25,2.308,0.908,29.970,15.942,0.1054,0.1114,0.036,0.000,0.197,0.006
406,18.556,14.8724,30.859,16.094,91.84,2.320,0.899,29.960,16.099,0.1195,0.2073,0.045,0.000,0.197,-0.010
407,18.615,37.7980,30.845,16.187,92.22,2.346,0.889,29.960,16.099,0.0917,-0.0671,0.021,0.000,0.197,0.035
408,18.675,19.3014,30.822,16.328,92.80,2.382,0.878,29.947,16.255,0.1134,-0.1658,0.012,0.000,0.197,0.007
409,18.735,23.8590,30.798,16.469,93.41,2.383,0.867,29.933,16.412,0.0921,0.2250,0.046,0.000,0.197,-0.015
410,18.774,14.7433,30.774,16.610,93.98,2.358,0.857,29.918,16.568,0.1096,0.1644,0.041,0.000,0.197,-0.031
411,18.815,14.6396,30.757,16.703,94.36,2.340,0.850,29.918,16.568,0.1129,-0.0876,0.019,0.000,0.197,-0.015
412,18.853,14.6357,30.740,16.796,94.71,2.357,0.842,29.901,16.724,0.0982,0.1377,0.039,0.000,0.197,0.010
413,18.894,14.2078,30.722,16.889,95.07,2.374,0.838,29.901,16.724,0.1078,0.0490,0.031,0.000,0.197,0.013
414,18.934,14.3952,30.703,16.982,95.45,2.381,0.827,29.882,16.880,0.0933,-0.1264,0.016,0.000,0.197,-0.007
415,18.974,16.2058,30.684,17.075,95.83,2.375,0.823,29.861,17.036,0.0856,-0.0702,0.021,0.000,0.197,-0.018
416,19.015,14.1654,30.664,17.169,96.21,2.374,0.813,29.861,17.036,0.1118,0.0933,0.035,0.000,0.197,0.004
417,19.055,14.6540,30.643,17.262,96.57,2.364,0.807,29.839,17.191,0.1044,0.0324,0.030,0.000,0.197,0.033
418,19.114,21.9666,30.623,17.355,96.90,2.358,0.801,29.839,17.191,0.1004,-0.1741,0.012,0.000,0.197,0.006
419,19.155,14.6654,30.591,17.494,97.39,2.354,0.790,29.815,17.347,0.1135,-0.0312,0.024,0.000,0.197,0.017
420,19.195,15.7166,30.569,17.586,97.74,2.364,0.784,29.790,17.502,0.0956,0.1554,0.040,0.000,0.197,-0.004
421,19.255,28.4453,30.546,17.678,98.14,2.351,0.776,29.790,17.502,0.0969,0.2931,0.053,0.000,0.197,-0.029
422,19.295,16.5398,30.511,17.815,98.72,2.365,0.764,29.763,17.656,0.0855,-0.0144,0.026,0.000,0.196,-0.008
423,19.333,14.5699,30.486,17.907,99.08,2.376,0.758,29.734,17.811,0.1000,-0.1023,0.018,0.000,0.197,-0.003
424,19.374,17.2869,30.462,17.999,99.42,2.391,0.751,29.734,17.811,0.1015,-0.3098,0.000,0.000,0.197,0.005
425,19.414,14.4712,30.436,18.092,99.76,2.394,0.743,29.704,17.965,0.0916,-0.0480,0.022,0.000,0.197,0.013
426,19.456,14.6009,30.411,18.184,100.10,2.364,0.740,29.704,17.965,0.0933,-0.0721,0.020,0.000,0.197,0.004
427,19.494,14.7677,30.384,18.275,100.45,2.337,0.729,29.672,18.119,0.0827,0.0070,0.027,0.000,0.197,-0.013
428,19.554,20.1231,30.358,18.365,100.81,2.328,0.725,29.639,18.272,0.0883,-0.1117,0.017,0.000,0.197,-0.025
429,19.595,14.2436,30.318,18.499,101.31,2.330,0.716,29.639,18.272,0.1000,0.0490,0.031,0.000,0.197,-0.020
430,19.635,14.9163,30.291,18.588,101.61,2.320,0.706,29.604,18.425,0.0713,-0.0280,0.024,0.000,0.197,-0.008
431,19.693,24.9254,30.264,18.677,101.91,2.300,0.704,29.567,18.578,0.0902,-0.1024,0.017,0.000,0.197,0.022
432,19.733,14.7881,30.222,18.810,102.40,2.309,0.695,29.567,18.578,0.0812,0.0321,0.029,0.000,0.197,0.017
433,19.774,14.9596,30.195,18.897,102.70,2.305,0.686,29.529,18.730,0.0851,0.0306,0.029,0.000,0.197,0.034
434,19.814,15.2871,30.166,18.985,102.99,2.300,0.685,29.489,18.882,0.0845,0.1184,0.037,0.000,0.197,-0.005
435,19.875,25.6673,30.137,19.073,103.28,2.291,0.676,29.489,18.882,0.0834,0.1207,0.037,0.000,0.197,-0.021
436,19.934,28.5295,30.093,19.204,103.73,2.312,0.668,29.447,19.034,0.0874,-0.1380,0.014,0.000,0.197,-0.009
437,19.974,14.4609,30.047,19.336,104.19,2.334,0.661,29.404,19.185,0.1000,0.0965,0.035,0.000,0.197,0.004
438,20.014,15.9711,30.016,19.425,104.50,2.330,0.657,29.404,19.185,0.0907,0.1737,0.042,0.000,0.198,-0.017
439,20.055,15.2389,29.984,19.513,104.81,2.332,0.649,29.360,19.335,0.0820,-0.1681,0.012,0.000,0.198,-0.021
440,20.095,15.6909,29.951,19.601,105.13,2.336,0.648,29.314,19.486,0.0791,-0.0261,0.024,0.000,0.198,0.027
441,20.134,14.9640,29.918,19.688,105.46,2.344,0.638,29.314,19.486,0.0703,0.1284,0.038,0.000,0.197,0.018
442,20.175,16.2463,29.885,19.775,105.79,2.339,0.635,29.266,19.635,0.0843,0.1826,0.043,0.000,0.198,-0.020
443,20.214,14.4060,29.852,19.863,106.08,2.326,0.628,29.266,19.635,0.0913,-0.0399,0.023,0.000,0.198,-0.011
444,20.255,14.6819,29.818,19.950,106.33,2.337,0.624,29.217,19.784,0.0769,0.0934,0.035,0.000,0.198,0.040
445,20.295,15.9837,29.784,20.038,106.60,2.357,0.622,29.217,19.784,0.0817,0.0597,0.032,0.000,0.198,0.012
446,20.334,14.5919,29.749,20.126,106.89,2.366,0.615,29.166,19.933,0.0888,0.0274,0.030,0.000,0.198,-0.024
447,20.373,14.3367,29.714,20.214,107.18,2.367,0.616,29.113,20.081,0.0841,-0.0432,0.023,0.000,0.198,-0.017
448,20.415,15.8821,29.678,20.303,107.49,2.365,0.607,29.113,20.081,0.0944,-0.0409,0.024,0.000,0.198,0.031
449,20.454,14.6251,29.642,20.389,107.80,2.376,0.604,29.059,20.229,0.0905,0.0520,0.032,0.000,0.197,-0.002
450,20.494,15.0400,29.604,20.477,108.13,2.361,0.599,29.059,20.229,0.0945,-0.0356,0.024,0.000,0.197,-0.026
451,20.534,14.5298,29.566,20.564,108.45,2.363,0.593,29.004,20.376,0.0873,-0.0852,0.020,0.000,0.198,-0.025
452,20.595,36.1985,29.527,20.650,108.78,2.361,0.591,29.004,20.376,0.0931,-0.1116,0.017,0.000,0.197,0.008
453,20.635,14.0364,29.468,20.779,109.30,2.358,0.582,28.947,20.522,0.0986,-0.0451,0.023,0.000,0.197,-0.021
454,20.695,21.2575,29.428,20.865,109.62,2.329,0.575,28.888,20.668,0.1009,0.0260,0.029,0.000,0.197,0.021
455,20.735,15.5371,29.368,20.991,110.12,2.326,0.568,28.828,20.813,0.0709,0.1655,0.042,0.000,0.197,-0.022
456,20.794,21.5371,29.326,21.075,110.46,2.319,0.563,28.828,20.813,0.0792,-0.0995,0.018,0.000,0.197,0.039
457,20.834,14.3315,29.263,21.201,111.01,2.342,0.554,28.766,20.957,0.0837,0.1174,0.037,0.000,0.197,0.031
458,20.876,14.0488,29.222,21.286,111.35,2.352,0.550,28.703,21.101,0.0921,0.0183,0.029,0.000,0.197,0.047
459,20.934,21.4367,29.179,21.370,111.65,2.352,0.547,28.703,21.101,0.0848,-0.0716,0.021,0.000,0.197,-0.014
460,20.975,15.6111,29.115,21.496,112.08,2.355,0.538,28.639,21.244,0.0720,-0.1014,0.018,0.000,0.197,0.005
461,21.035,18.9654,29.071,21.578,112.40,2.350,0.535,28.572,21.387,0.0805,0.0628,0.032,0.000,0.197,-0.024
462,21.094,26.2945,29.006,21.703,112.90,2.337,0.531,28.505,21.528,0.0900,-0.0638,0.021,0.000,0.198,0.003
463,21.134,15.0906,28.941,21.827,113.31,2.324,0.529,28.505,21.528,0.0922,0.1338,0.039,0.000,0.198,0.020
464,21.175,14.9255,28.897,21.910,113.56,2.325,0.520,28.436,21.670,0.0875,0.0432,0.031,0.000,0.198,-0.016
465,21.215,15.3689,28.852,21.992,113.85,2.336,0.520,28.365,21.810,0.0770,0.1488,0.040,0.000,0.198,-0.036
466,21.275,24.7776,28.806,22.074,114.17,2.343,0.514,28.365,21.810,0.0769,-0.0981,0.019,0.000,0.198,0.014
467,21.334,21.1850,28.736,22.197,114.67,2.359,0.507,28.293,21.949,0.0773,0.1026,0.036,0.000,0.198,-0.013
468,21.376,15.2528,28.665,22.321,115.10,2.360,0.503,28.220,22.088,0.0869,-0.1309,0.016,0.000,0.198,-0.045
469,21.414,14.6209,28.618,22.403,115.37,2.351,0.505,28.145,22.226,0.0766,0.1562,0.041,0.000,0.199,0.011
470,21.475,19.8274,28.570,22.485,115.65,2.351,0.498,28.145,22.226,0.0904,-0.2103,0.009,0.000,0.198,0.046
471,21.534,26.0593,28.498,22.607,116.10,2.362,0.493,28.068,22.364,0.0642,0.1125,0.037,0.000,0.198,0.042
472,21.574,14.6946,28.424,22.728,116.54,2.352,0.490,27.990,22.500,0.0924,0.0251,0.029,0.000,0.198,-0.004
473,21.614,15.8218,28.375,22.808,116.84,2.344,0.493,27.990,22.500,0.0815,-0.0206,0.025,0.000,0.198,0.042
474,21.674,20.3864,28.325,22.888,117.13,2.350,0.485,27.911,22.636,0.0899,0.1394,0.040,0.000,0.198,0.002
475,21.714,14.5474,28.251,23.007,117.55,2.349,0.482,27.830,22.770,0.0804,0.0383,0.031,0.000,0.198,0.026
476,21.755,14.2309,28.199,23.087,117.84,2.357,0.486,27.830,22.770,0.0851,-0.1805,0.011,0.000,0.197,-0.015
477,21.795,15.0206,28.148,23.166,118.16,2.368,0.478,27.748,22.904,0.0658,0.2423,0.049,0.000,0.198,-0.025
478,21.835,15.8169,28.096,23.246,118.47,2.360,0.479,27.665,23.037,0.0967,0.1676,0.042,0.000,0.198,-0.000
479,21.894,21.2060,28.043,23.324,118.77,2.356,0.475,27.665,23.037,0.0938,-0.0140,0.026,0.000,0.198,0.046
480,21.935,19.5211,27.964,23.443,119.20,2.381,0.471,27.580,23.170,0.0816,-0.0981,0.019,0.000,0.198,0.022
481,21.974,14.8811,27.910,23.523,119.49,2.400,0.471,27.494,23.301,0.0724,-0.1621,0.013,0.000,0.198,0.045
482,22.015,15.4147,27.855,23.602,119.81,2.406,0.470,27.494,23.301,0.0731,0.0745,0.034,0.000,0.197,-0.014
483,22.075,22.1146,27.800,23.680,120.13,2.377,0.466,27.406,23.431,0.0800,0.0213,0.029,0.000,0.198,-0.046
484,22.134,31.2870,27.719,23.796,120.56,2.371,0.466,27.317,23.561,0.0764,0.0624,0.033,0.000,0.198,-0.037
485,22.175,16.1856,27.636,23.913,120.95,2.384,0.466,27.227,23.689,0.0584,-0.0537,0.023,0.000,0.198,-0.002
486,22.214,16.1229,27.580,23.990,121.23,2.381,0.464,27.227,23.689,0.1010,-0.0401,0.024,0.000,0.198,-0.042
487,22.254,14.4716,27.524,24.068,121.51,2.388,0.463,27.135,23.817,0.0884,-0.1068,0.018,0.000,0.198,0.001
488,22.295,16.0686,27.468,24.146,121.80,2.379,0.468,27.135,23.817,0.0774,-0.1492,0.014,0.000,0.198,0.039
489,22.335,15.3748,27.411,24.222,122.06,2.369,0.463,27.042,23.943,0.0906,0.0629,0.033,0.000,0.198,0.008
490,22.375,15.2941,27.354,24.298,122.33,2.353,0.467,26.948,24.069,0.1078,-0.0408,0.024,0.000,0.198,-0.027
491,22.436,21.2744,27.297,24.373,122.62,2.354,0.463,26.948,24.069,0.0814,-0.0775,0.020,0.000,0.198,-0.033
492,22.494,26.3910,27.210,24.485,123.09,2.350,0.462,26.852,24.194,0.0785,-0.0817,0.020,0.000,0.197,-0.044
493,22.534,14.5416,27.122,24.596,123.58,2.348,0.460,26.755,24.317,0.0890,-0.0024,0.027,0.000,0.197,-0.005
494,22.575,14.7576,27.063,24.669,123.89,2.333,0.466,26.657,24.440,0.0847,0.0093,0.028,0.000,0.198,-0.037
495,22.614,15.7397,27.004,24.741,124.18,2.317,0.460,26.657,24.440,0.0796,-0.0454,0.023,0.000,0.198,0.004
496,22.656,14.6629,26.946,24.813,124.46,2.323,0.462,26.558,24.561,0.0982,0.0402,0.030,0.000,0.197,0.050
497,22.695,15.3084,26.886,24.884,124.77,2.333,0.461,26.558,24.561,0.0943,-0.4548,0.000,0.013,0.197,-0.008
498,22.735,14.7079,26.827,24.956,125.06,2.318,0.460,26.457,24.682,0.0961,-0.1653,0.012,0.000,0.198,-0.048
499,22.775,18.5316,26.767,25.027,125.36,2.305,0.464,26.457,24.682,0.0953,0.0262,0.029,0.000,0.198,0.001
500,22.836,16.7822,26.706,25.096,125.69,2.280,0.459,26.355,24.801,0.0922,0.1089,0.036,0.000,0.197,0.028
501,22.894,23.1413,26.615,25.198,126.19,2.261,0.458,26.252,24.920,0.0925,-0.0524,0.022,0.000,0.197,0.035
502,22.934,14.6980,26.524,25.300,126.70,2.279,0.459,26.147,25.037,0.0833,0.1315,0.038,0.000,0.197,0.014
503,22.974,15.1415,26.462,25.367,127.03,2.279,0.456,26.147,25.037,0.0926,-0.0467,0.022,0.000,0.197,0.034
504,23.014,14.2089,26.399,25.435,127.35,2.293,0.455,26.041,25.153,0.0825,0.0949,0.035,0.000,0.197,0.001
505,23.076,20.4910,26.337,25.502,127.67,2.296,0.457,26.041,25.153,0.0939,0.0100,0.027,0.000,0.198,-0.022
506,23.115,14.8903,26.242,25.603,128.13,2.303,0.455,25.935,25.268,0.0963,-0.0591,0.021,0.000,0.198,-0.021
507,23.174,30.5837,26.179,25.670,128.43,2.304,0.455,25.826,25.382,0.0956,-0.0176,0.025,0.000,0.198,-0.018
508,23.214,15.2249,26.082,25.770,128.90,2.291,0.457,25.717,25.495,0.0861,-0.0755,0.020,0.000,0.198,-0.037
509,23.274,18.4260,26.017,25.836,129.23,2.290,0.454,25.717,25.495,0.0738,-0.0246,0.024,0.000,0.198,-0.003
510,23.315,17.7872,25.920,25.933,129.75,2.276,0.452,25.607,25.607,0.0945,-0.0900,0.018,0.000,0.198,-0.008
511,23.373,22.0917,25.856,25.997,130.07,2.277,0.457,25.495,25.717,0.0968,0.1424,0.039,0.000,0.198,0.044
512,23.414,16.7375,25.759,26.093,130.48,2.260,0.459,25.495,25.717,0.0847,0.1330,0.038,0.000,0.198,0.022
513,23.475,19.2534,25.694,26.156,130.75,2.253,0.454,25.382,25.826,0.0654,0.1506,0.040,0.000,0.197,0.020
514,23.515,16.0827,25.595,26.251,131.22,2.283,0.455,25.268,25.935,0.0847,-0.1125,0.017,0.000,0.198,0.031
515,23.576,26.0116,25.528,26.315,131.53,2.305,0.461,25.268,25.935,0.0935,0.1342,0.039,0.000,0.198,0.007
516,23.615,14.7735,25.428,26.410,131.96,2.300,0.460,25.153,26.041,0.0968,0.1628,0.041,0.000,0.198,0.006
517,23.655,17.2406,25.360,26.473,132.23,2.302,0.459,25.037,26.147,0.1095,0.0548,0.032,0.000,0.198,-0.024
518,23.695,16.6845,25.292,26.535,132.53,2.308,0.464,25.037,26.147,0.0702,-0.0404,0.023,0.000,0.198,-0.017
519,23.754,18.2057,25.222,26.597,132.86,2.321,0.460,24.920,26.252,0.0917,-0.0299,0.024,0.000,0.198,0.011
520,23.795,14.9858,25.117,26.691,133.38,2.326,0.461,24.801,26.355,0.1063,-0.1426,0.014,0.000,0.198,0.002
521,23.835,16.4250,25.047,26.752,133.70,2.319,0.467,24.801,26.355,0.0857,-0.0332,0.024,0.000,0.198,0.039
522,23.875,16.9560,24.977,26.813,134.00,2.312,0.462,24.682,26.457,0.0947,-0.0768,0.020,0.000,0.198,-0.004
523,23.936,29.4318,24.906,26.873,134.29,2.293,0.467,24.561,26.558,0.0860,-0.2116,0.008,0.000,0.198,-0.035
524,23.974,17.9734,24.801,26.961,134.77,2.282,0.470,24.561,26.558,0.0993,-0.0470,0.022,0.000,0.197,-0.019
525,24.015,16.8900,24.731,27.020,135.10,2.269,0.465,24.440,26.657,0.1020,-0.0062,0.026,0.000,0.198,-0.020
526,24.055,14.3217,24.660,27.077,135.43,2.257,0.470,24.317,26.755,0.0808,-0.0553,0.021,0.000,0.197,0.012
527,24.095,17.4560,24.590,27.134,135.73,2.237,0.467,24.317,26.755,0.1019,0.0309,0.029,0.000,0.197,0.008
528,24.134,15.7592,24.519,27.190,136.05,2.250,0.469,24.194,26.852,0.0858,-0.1181,0.016,0.000,0.197,-0.010
529,24.194,25.5775,24.449,27.246,136.38,2.248,0.469,24.194,26.852,0.0698,0.1271,0.037,0.000,0.197,-0.009
530,24.236,19.6461,24.342,27.329,136.85,2.237,0.469,24.069,26.948,0.0905,0.0274,0.029,0.000,0.197,-0.007
531,24.274,16.1599,24.271,27.384,137.15,2.228,0.474,23.943,27.042,0.0713,-0.0217,0.024,0.000,0.197,0.004
532,24.315,17.1467,24.200,27.440,137.42,2.240,0.473,23.943,27.042,0.0923,0.0947,0.035,0.000,0.197,0.018
533,24.356,16.6121,24.129,27.494,137.69,2.249,0.476,23.817,27.135,0.0841,0.0133,0.028,0.000,0.198,0.006
534,24.415,23.9112,24.058,27.549,137.96,2.243,0.479,23.817,27.135,0.0982,-0.0114,0.025,0.000,0.198,-0.010
535,24.474,19.0704,23.950,27.631,138.35,2.244,0.481,23.689,27.227,0.0913,-0.0114,0.025,0.000,0.198,-0.012
536,24.515,14.3419,23.840,27.712,138.79,2.247,0.483,23.561,27.317,0.0810,0.2489,0.048,0.000,0.198,-0.015
537,24.574,32.5149,23.767,27.764,139.12,2.257,0.491,23.431,27.406,0.0773,0.1052,0.036,0.000,0.198,-0.002
538,24.614,15.5273,23.656,27.842,139.61,2.275,0.491,23.431,27.406,0.0946,0.0259,0.029,0.000,0.198,-0.001
539,24.675,24.0145,23.581,27.895,139.90,2.294,0.490,23.301,27.494,0.0984,0.1600,0.041,0.000,0.198,0.025
540,24.715,15.6077,23.467,27.975,140.31,2.315,0.495,23.170,27.580,0.0857,0.0371,0.030,0.000,0.199,0.007
541,24.755,14.9382,23.391,28.027,140.60,2.301,0.499,23.170,27.580,0.0931,-0.2158,0.008,0.000,0.198,0.006
542,24.795,15.8639,23.313,28.080,140.91,2.332,0.498,23.037,27.665,0.0990,0.0656,0.033,0.000,0.198,0.002
543,24.834,15.5068,23.236,28.131,141.26,2.324,0.506,22.904,27.748,0.1008,-0.1061,0.018,0.000,0.198,-0.018
544,24.895,19.7124,23.158,28.182,141.59,2.302,0.502,22.904,27.748,0.0870,-0.0948,0.018,0.000,0.198,-0.017
545,24.934,15.2326,23.040,28.256,142.09,2.287,0.504,22.770,27.830,0.0842,0.0518,0.031,0.000,0.197,-0.018
546,24.974,15.0379,22.962,28.305,142.44,2.281,0.511,22.636,27.911,0.0782,-0.0882,0.019,0.000,0.197,-0.001
547,25.014,14.3712,22.884,28.353,142.79,2.286,0.507,22.636,27.911,0.0943,0.0373,0.030,0.000,0.197,0.021
548,25.055,14.7127,22.807,28.401,143.10,2.278,0.513,22.500,27.990,0.0906,-0.0852,0.019,0.000,0.197,0.011
549,25.115,25.1317,22.730,28.449,143.38,2.273,0.513,22.500,27.990,0.0886,0.0840,0.034,0.000,0.197,-0.027
550,25.174,26.8327,22.613,28.520,143.79,2.261,0.516,22.364,28.068,0.1043,0.0484,0.031,0.000,0.197,-0.020
551,25.215,16.3684,22.495,28.589,144.27,2.273,0.520,22.226,28.145,0.1012,0.0117,0.028,0.000,0.197,-0.004
552,25.275,26.6366,22.416,28.635,144.61,2.288,0.526,22.226,28.145,0.0972,0.0025,0.027,0.000,0.197,-0.026
553,25.315,16.2966,22.296,28.703,145.11,2.287,0.526,22.088,28.220,0.0926,0.0309,0.030,0.000,0.197,-0.012
554,25.374,26.3189,22.215,28.747,145.46,2.283,0.526,21.949,28.293,0.0885,-0.0486,0.022,0.000,0.197,-0.010
555,25.435,19.7466,22.094,28.813,145.99,2.286,0.530,21.810,28.365,0.1137,-0.0442,0.023,0.000,0.197,-0.011
556,25.494,28.2574,21.973,28.878,146.48,2.283,0.536,21.670,28.436,0.0978,0.0569,0.032,0.000,0.197,-0.006
557,25.555,22.0830,21.851,28.941,146.95,2.270,0.537,21.670,28.436,0.0984,0.0855,0.034,0.000,0.197,-0.004
558,25.595,15.8160,21.730,29.003,147.45,2.277,0.537,21.528,28.505,0.0970,-0.0973,0.018,0.000,0.197,0.010
559,25.634,14.1281,21.648,29.044,147.81,2.285,0.539,21.387,28.572,0.1089,0.0637,0.032,0.000,0.197,-0.023
560,25.675,16.2716,21.565,29.084,148.17,2.291,0.542,21.387,28.572,0.1146,-0.1918,0.010,0.000,0.197,-0.014
561,25.714,16.2682,21.482,29.124,148.51,2.277,0.541,21.244,28.639,0.0961,0.0767,0.033,0.000,0.197,0.026
562,25.755,18.5646,21.399,29.163,148.87,2.269,0.547,21.244,28.639,0.0896,-0.0116,0.026,0.000,0.196,0.013
563,25.814,23.2112,21.316,29.201,149.25,2.272,0.542,21.101,28.703,0.0968,0.0012,0.027,0.000,0.197,-0.021
564,25.876,25.6955,21.191,29.258,149.80,2.277,0.544,20.957,28.766,0.0926,-0.0754,0.020,0.000,0.197,-0.000
565,25.915,14.7118,21.067,29.314,150.27,2.275,0.548,20.813,28.828,0.0924,0.1185,0.037,0.000,0.197,0.003
566,25.956,18.3911,20.984,29.350,150.60,2.260,0.550,20.813,28.828,0.1052,-0.0620,0.021,0.000,0.197,-0.017
567,25.995,14.8565,20.900,29.387,150.92,2.261,0.551,20.668,28.888,0.0944,0.0461,0.031,0.000,0.197,-0.016
568,26.054,26.6721,20.817,29.423,151.26,2.269,0.555,20.668,28.888,0.0925,-0.0986,0.018,0.000,0.197,0.023
569,26.095,15.2044,20.690,29.476,151.77,2.268,0.555,20.522,28.947,0.1063,-0.0412,0.023,0.000,0.197,0.012
570,26.136,15.0551,20.606,29.510,152.10,2.265,0.557,20.376,29.004,0.0974,-0.1295,0.015,0.000,0.197,0.028
571,26.175,14.5590,20.522,29.545,152.43,2.254,0.560,20.376,29.004,0.0986,-0.0636,0.021,0.000,0.197,-0.019
572,26.215,16.5453,20.439,29.577,152.76,2.254,0.559,20.229,29.059,0.0963,0.1423,0.039,0.000,0.197,-0.035
573,26.255,15.0095,20.355,29.609,153.10,2.230,0.564,20.229,29.059,0.0843,-0.1231,0.016,0.000,0.197,0.027
574,26.294,14.3219,20.270,29.641,153.46,2.237,0.561,20.081,29.113,0.1029,0.1235,0.037,0.000,0.196,0.023
575,26.355,24.3370,20.186,29.673,153.81,2.246,0.567,19.933,29.166,0.0862,0.0700,0.033,0.000,0.197,-0.026
576,26.414,18.1552,20.059,29.720,154.29,2.253,0.568,19.933,29.166,0.0857,-0.0666,0.021,0.000,0.197,-0.015
577,26.454,16.2825,19.931,29.766,154.77,2.268,0.569,19.784,29.217,0.1023,0.0899,0.034,0.000,0.197,0.010
578,26.495,16.4594,19.846,29.797,155.08,2.264,0.571,19.635,29.266,0.1021,0.0575,0.032,0.000,0.198,-0.031
579,26.535,14.9190,19.760,29.827,155.38,2.261,0.575,19.635,29.266,0.1105,0.1800,0.043,0.000,0.198,0.004
580,26.574,15.1916,19.674,29.857,155.70,2.271,0.575,19.486,29.314,0.0887,-0.0385,0.023,0.000,0.198,0.025
581,26.614,14.6787,19.587,29.886,156.03,2.285,0.581,19.486,29.314,0.1009,0.0303,0.030,0.000,0.197,-0.010
582,26.655,14.2713,19.500,29.914,156.39,2.292,0.578,19.335,29.360,0.1045,-0.1144,0.017,0.000,0.197,-0.027
583,26.694,15.4940,19.412,29.942,156.74,2.298,0.583,19.185,29.404,0.0985,-0.2982,0.000,0.000,0.198,0.001
584,26.755,21.5455,19.324,29.969,157.08,2.284,0.582,19.185,29.404,0.0889,0.0087,0.027,0.000,0.197,0.036
585,26.796,17.9238,19.193,30.008,157.60,2.242,0.583,19.034,29.447,0.1005,0.0094,0.027,0.000,0.197,0.030
586,26.854,25.3611,19.107,30.033,157.95,2.230,0.589,18.882,29.489,0.1133,0.1682,0.041,0.000,0.197,0.022
587,26.894,18.4810,18.978,30.070,158.44,2.220,0.589,18.882,29.489,0.0950,0.0891,0.034,0.000,0.197,0.039
588,26.934,15.1339,18.892,30.094,158.77,2.239,0.588,18.730,29.529,0.1130,-0.0773,0.020,0.000,0.196,-0.036
589,26.994,21.7126,18.805,30.117,159.11,2.252,0.593,18.730,29.529,0.1027,0.1599,0.041,0.000,0.197,-0.028
590,27.054,22.4454,18.673,30.152,159.65,2.251,0.593,18.578,29.567,0.1158,-0.1649,0.012,0.000,0.197,-0.041
591,27.114,18.8313,18.541,30.184,160.19,2.261,0.592,18.425,29.604,0.0937,-0.0709,0.020,0.000,0.197,-0.028
592,27.174,22.4573,18.408,30.216,160.74,2.256,0.593,18.272,29.639,0.1106,-0.0216,0.025,0.000,0.197,-0.015
593,27.215,14.1363,18.276,30.245,161.31,2.241,0.594,18.119,29.672,0.0957,0.0286,0.029,0.000,0.197,0.018
594,27.254,14.2411,18.188,30.264,161.67,2.229,0.596,18.119,29.672,0.0926,-0.0820,0.019,0.000,0.197,-0.029
595,27.294,14.7483,18.100,30.283,162.00,2.223,0.595,17.965,29.704,0.1067,0.1927,0.044,0.000,0.198,-0.014
596,27.334,15.6697,18.014,30.302,162.32,2.226,0.600,17.965,29.704,0.1102,0.1185,0.037,0.000,0.197,0.044
597,27.375,14.9364,17.926,30.320,162.65,2.238,0.597,17.811,29.734,0.0969,-0.0918,0.019,0.000,0.197,-0.006
598,27.413,14.8909,17.838,30.337,162.98,2.248,0.602,17.656,29.763,0.1061,-0.1245,0.016,0.000,0.197,-0.043
599,27.475,18.9331,17.749,30.355,163.33,2.255,0.599,17.656,29.763,0.1074,0.0290,0.029,0.000,0.198,0.016
600,27.535,20.1217,17.615,30.379,163.87,2.235,0.600,17.502,29.790,0.1014,-0.0550,0.022,0.000,0.198,-0.001
601,27.574,15.2308,17.483,30.401,164.41,2.230,0.601,17.347,29.815,0.0998,-0.0819,0.019,0.000,0.197,-0.020
602,27.637,21.9222,17.394,30.415,164.80,2.224,0.602,17.347,29.815,0.0891,0.0796,0.033,0.000,0.197,0.022
603,27.675,14.3132,17.262,30.435,165.34,2.216,0.600,17.191,29.839,0.1036,-0.0502,0.022,0.000,0.197,0.007
604,27.734,27.5782,17.173,30.448,165.68,2.216,0.603,17.036,29.861,0.0851,0.0349,0.030,0.000,0.197,0.036
605,27.776,15.1083,17.041,30.468,166.17,2.205,0.606,17.036,29.861,0.0961,0.0170,0.028,0.000,0.198,0.027
606,27.834,19.9938,16.953,30.480,166.49,2.225,0.603,16.880,29.882,0.0733,0.3066,0.054,0.000,0.197,0.013
607,27.875,15.4582,16.821,30.498,166.97,2.225,0.605,16.724,29.901,0.0956,0.0781,0.034,0.000,0.197,0.022
608,27.916,15.2259,16.733,30.509,167.29,2.242,0.609,16.724,29.901,0.1179,-0.0152,0.026,0.000,0.197,-0.030
609,27.975,27.2882,16.643,30.521,167.60,2.260,0.607,16.568,29.918,0.1038,-0.0625,0.021,0.000,0.198,-0.004
610,28.015,14.4219,16.508,30.537,168.06,2.261,0.611,16.412,29.933,0.0993,0.1470,0.040,0.000,0.198,-0.023
611,28.075,20.7216,16.417,30.546,168.41,2.263,0.612,16.412,29.933,0.1007,-0.0434,0.023,0.000,0.198,0.023
612,28.135,25.1354,16.281,30.558,168.96,2.276,0.611,16.255,29.947,0.1043,0.0631,0.033,0.000,0.198,0.016
613,28.175,14.1939,16.144,30.569,169.50,2.287,0.611,16.099,29.960,0.0688,0.2615,0.050,0.000,0.198,-0.013
614,28.235,22.8994,16.052,30.576,169.86,2.274,0.615,15.942,29.970,0.0836,0.3194,0.056,0.000,0.198,0.026
615,28.275,14.1997,15.914,30.585,170.41,2.308,0.615,15.942,29.970,0.1080,-0.0236,0.026,0.000,0.198,0.008
616,28.335,22.3092,15.821,30.592,170.74,2.338,0.613,15.785,29.979,0.1156,-0.0429,0.024,0.000,0.198,0.036
617,28.373,15.3373,15.679,30.601,171.20,2.358,0.616,15.628,29.987,0.0894,0.2001,0.045,0.000,0.199,0.015
618,28.415,15.8415,15.586,30.606,171.52,2.359,0.620,15.628,29.987,0.1113,-0.0858,0.020,0.000,0.198,0.035
619,28.454,15.5216,15.491,30.610,171.87,2.370,0.618,15.471,29.993,0.0960,0.1236,0.039,0.000,0.198,-0.025
620,28.495,17.7500,15.396,30.614,172.23,2.367,0.623,15.314,29.997,0.1052,0.1020,0.037,0.000,0.198,-0.047
621,28.534,15.9393,15.301,30.618,172.58,2.377,0.621,15.314,29.997,0.0923,-0.0360,0.025,0.000,0.198,0.011
622,28.575,15.0482,15.205,30.620,172.94,2.384,0.622,15.157,29.999,0.0785,0.0190,0.030,0.000,0.197,0.033
623,28.614,16.5286,15.109,30.621,173.30,2.392,0.624,15.157,29.999,0.0696,0.0815,0.035,0.000,0.197,-0.011
624,28.674,21.6083,15.013,30.623,173.66,2.396,0.623,15.000,30.000,0.0963,0.0753,0.035,0.000,0.198,-0.023
625,28.714,15.4577,14.869,30.625,174.14,2.397,0.626,14.900,30.000,0.0938,0.0452,0.032,0.000,0.198,-0.012
626,28.774,23.9789,14.772,30.628,174.40,2.408,0.628,14.800,30.000,0.0750,0.0242,0.031,0.000,0.199,-0.023
627,28.814,15.6890,14.627,30.629,174.81,2.420,0.630,14.600,30.000,0.0940,-0.0379,0.025,0.000,0.198,-0.029
628,28.854,14.1636,14.530,30.629,175.12,2.427,0.630,14.500,30.000,0.0880,0.0506,0.033,0.000,0.198,-0.023
629,28.916,27.6413,14.433,30.630,175.43,2.418,0.630,14.400,30.000,0.1017,0.0372,0.032,0.000,0.198,0.009
630,28.975,23.2365,14.287,30.628,175.89,2.414,0.628,14.300,30.000,0.0782,-0.0317,0.026,0.000,0.198,-0.031
631,29.015,16.3263,14.141,30.624,176.38,2.432,0.626,14.100,30.000,0.0941,0.1998,0.046,0.000,0.197,-0.039
632,29.055,16.7137,14.043,30.621,176.73,2.427,0.623,14.000,30.000,0.0849,0.2238,0.049,0.000,0.197,-0.013
633,29.094,14.9855,13.945,30.617,177.08,2.444,0.619,13.900,30.000,0.0820,-0.0591,0.024,0.000,0.197,0.035
634,29.134,15.9024,13.847,30.613,177.42,2.462,0.615,13.800,30.000,0.0491,0.0147,0.030,0.000,0.197,0.040
635,29.174,13.9881,13.748,30.608,177.74,2.470,0.610,13.700,30.000,0.0676,-0.0702,0.023,0.000,0.197,-0.013
636,29.215,15.1578,13.648,30.603,178.04,2.472,0.605,13.600,30.000,0.0744,0.0640,0.035,0.000,0.198,-0.017
637,29.255,17.5848,13.551,30.599,178.33,2.468,0.601,13.600,30.000,0.0782,0.2027,0.047,0.000,0.199,0.001
638,29.294,15.1404,13.452,30.594,178.60,2.466,0.596,13.500,30.000,0.0721,0.1019,0.038,0.000,0.199,0.019
639,29.356,21.1536,13.353,30.588,178.86,2.459,0.590,13.400,30.000,0.0753,0.1041,0.039,0.000,0.198,0.005
640,29.395,14.7775,13.204,30.579,179.30,2.499,0.579,13.200,30.000,0.0666,-0.0542,0.025,0.000,0.198,0.015
641,29.455,21.9008,13.103,30.573,179.59,2.506,0.573,13.100,30.000,0.0613,-0.0015,0.029,0.000,0.198,0.020
642,29.494,14.8093,12.952,30.562,-179.97,2.504,0.564,13.000,30.000,0.0748,-0.0624,0.024,0.000,0.198,0.008
643,29.536,15.1886,12.852,30.554,-179.70,2.500,0.556,12.900,30.000,0.0543,0.0505,0.034,0.000,0.198,0.040
644,29.575,15.0780,12.752,30.547,-179.46,2.508,0.549,12.800,30.000,0.0479,-0.0430,0.026,0.000,0.198,-0.004
645,29.636,19.3341,12.652,30.539,-179.21,2.511,0.541,12.700,30.000,0.0602,0.0897,0.037,0.000,0.198,-0.036
646,29.694,21.3832,12.503,30.528,-178.87,2.508,0.528,12.500,30.000,0.0467,0.0837,0.037,0.000,0.198,0.002
647,29.736,15.7577,12.353,30.516,-178.57,2.504,0.518,12.400,30.000,0.0402,-0.0943,0.021,0.000,0.198,0.039
648,29.794,19.6844,12.253,30.508,-178.38,2.522,0.510,12.300,30.000,0.0579,-0.0606,0.024,0.000,0.198,-0.010
649,29.854,27.7549,12.102,30.496,-178.09,2.514,0.496,12.100,30.000,0.0562,0.1708,0.044,0.000,0.199,0.034
650,29.895,15.8954,11.952,30.484,-177.85,2.502,0.486,12.000,30.000,0.0281,-0.0740,0.023,0.000,0.199,0.020
651,29.935,14.7018,11.853,30.474,-177.68,2.499,0.477,11.900,30.000,0.0324,0.1162,0.040,0.000,0.198,0.012
652,29.974,14.4799,11.752,30.465,-177.49,2.508,0.467,11.800,30.000,0.0324,-0.0308,0.027,0.000,0.198,-0.011
653,30.035,22.9630,11.652,30.456,-177.31,2.518,0.459,11.700,30.000,0.0525,-0.0394,0.026,0.000,0.199,0.000
654,30.095,26.3856,11.502,30.443,-177.10,2.510,0.443,11.500,30.000,0.0367,-0.0588,0.024,0.000,0.199,-0.009
655,30.134,14.6056,11.353,30.429,-176.92,2.494,0.432,11.400,30.000,0.0168,0.0004,0.029,0.000,0.199,0.009
656,30.174,16.4727,11.253,30.419,-176.78,2.497,0.422,11.300,30.000,0.0089,0.0295,0.032,0.000,0.199,-0.006
657,30.215,14.6323,11.153,30.410,-176.63,2.507,0.413,11.200,30.000,0.0190,0.0284,0.032,0.000,0.199,-0.005
658,30.275,24.4877,11.054,30.401,-176.49,2.509,0.404,11.100,30.000,0.0303,-0.0336,0.026,0.000,0.199,-0.008
659,30.334,22.6816,10.904,30.389,-176.38,2.506,0.389,10.900,30.000,0.0376,0.1673,0.044,0.000,0.199,-0.013
660,30.374,16.6408,10.754,30.375,-176.28,2.507,0.378,10.800,30.000,0.0167,0.1532,0.043,0.000,0.199,-0.004
661,30.414,15.8483,10.654,30.366,-176.18,2.517,0.369,10.700,30.000,0.0145,-0.1203,0.019,0.000,0.199,-0.024
662,30.454,18.5400,10.554,30.356,-176.05,2.530,0.359,10.600,30.000,0.0158,-0.1012,0.021,0.000,0.199,-0.014
663,30.515,17.7953,10.453,30.347,-175.94,2.527,0.350,10.500,30.000,0.0137,-0.0315,0.027,0.000,0.199,0.022
664,30.575,23.7757,10.302,30.333,-175.83,2.512,0.333,10.300,30.000,0.0067,0.0332,0.032,0.000,0.200,-0.020
665,30.616,16.3504,10.153,30.320,-175.76,2.502,0.323,10.200,30.000,0.0119,-0.0232,0.027,0.000,0.199,-0.032
666,30.655,15.2627,10.053,30.311,-175.70,2.501,0.314,10.100,30.000,0.0079,-0.0710,0.023,0.000,0.200,-0.015
667,30.694,15.7256,9.954,30.302,-175.66,2.495,0.306,10.000,30.000,-0.0057,-0.0307,0.027,0.000,0.200,0.026
668,30.735,16.3655,9.854,30.294,-175.62,2.495,0.297,9.900,30.000,-0.0020,0.1344,0.041,0.000,0.199,0.026
669,30.775,18.0395,9.754,30.286,-175.59,2.497,0.289,9.800,30.000,0.0095,-0.0098,0.029,0.000,0.199,-0.012
670,30.815,15.3249,9.656,30.278,-175.57,2.498,0.281,9.700,30.000,0.0086,0.1621,0.044,0.000,0.200,-0.029
671,30.854,15.1314,9.557,30.270,-175.57,2.500,0.273,9.600,30.000,0.0009,-0.0200,0.028,0.000,0.200,0.009
672,30.894,14.3840,9.457,30.261,-175.57,2.508,0.265,9.500,30.000,0.0030,0.0570,0.035,0.000,0.200,0.026
673,30.955,22.5425,9.356,30.253,-175.54,2.528,0.257,9.400,30.000,-0.0130,0.0103,0.031,0.000,0.199,0.017
674,31.014,19.1303,9.205,30.241,-175.51,2.521,0.241,9.200,30.000,0.0200,0.0332,0.033,0.000,0.200,0.033
675,31.054,15.1159,9.054,30.229,-175.50,2.529,0.233,9.100,30.000,-0.0014,-0.0206,0.028,0.000,0.200,0.026
676,31.094,14.9240,8.953,30.221,-175.51,2.525,0.226,9.000,30.000,-0.0063,-0.0748,0.023,0.000,0.200,0.030
677,31.154,21.0840,8.852,30.213,-175.52,2.538,0.219,8.900,30.000,0.0009,-0.2511,0.007,0.000,0.200,0.002
678,31.195,17.4339,8.700,30.202,-175.52,2.521,0.202,8.700,30.000,0.0089,-0.1505,0.016,0.000,0.200,0.029
679,31.255,23.3259,8.600,30.194,-175.53,2.511,0.194,8.600,30.000,0.0188,-0.2089,0.011,0.000,0.200,-0.009
680,31.295,16.3690,8.451,30.182,-175.54,2.470,0.188,8.500,30.000,0.0115,-0.4507,0.000,0.011,0.199,0.019
681,31.334,15.3547,8.352,30.173,-175.51,2.466,0.180,8.400,30.000,0.0493,-0.2817,0.003,0.000,0.199,-0.021
682,31.375,15.2431,8.255,30.165,-175.46,2.437,0.171,8.300,30.000,0.0515,-0.2130,0.009,0.000,0.198,-0.038
683,31.414,17.2492,8.159,30.156,-175.41,2.399,0.161,8.200,30.000,0.0378,-0.1681,0.013,0.000,0.198,-0.010
684,31.455,15.4780,8.064,30.146,-175.34,2.367,0.150,8.100,30.000,0.0368,-0.1548,0.014,0.000,0.198,0.007
685,31.495,14.6006,7.970,30.136,-175.27,2.352,0.139,8.000,30.000,0.0519,-0.1162,0.017,0.000,0.197,0.001
686,31.535,17.1099,7.877,30.125,-175.16,2.341,0.127,7.900,30.000,0.0543,-0.1207,0.017,0.000,0.197,-0.029
687,31.574,14.9552,7.784,30.114,-175.03,2.319,0.115,7.800,30.000,0.0577,-0.1102,0.017,0.000,0.197,-0.001
688,31.615,15.5781,7.692,30.102,-174.89,2.313,0.102,7.700,30.000,0.0489,0.0295,0.030,0.000,0.197,0.022
689,31.654,14.1712,7.601,30.089,-174.74,2.305,0.089,7.600,30.000,0.0398,-0.0873,0.019,0.000,0.197,0.013
690,31.694,15.3891,7.510,30.075,-174.55,2.298,0.076,7.500,30.000,0.0573,0.1027,0.036,0.000,0.197,-0.007
691,31.734,14.0807,7.419,30.062,-174.38,2.291,0.065,7.400,30.000,0.0348,-0.0970,0.018,0.000,0.198,0.012
692,31.796,19.8609,7.329,30.049,-174.22,2.295,0.057,7.300,30.000,0.0365,-0.0082,0.026,0.000,0.198,0.030
693,31.834,14.2362,7.192,30.029,-174.00,2.290,0.030,7.200,30.000,0.0316,0.0394,0.030,0.000,0.199,0.019
694,31.875,17.3516,7.102,30.015,-173.87,2.289,0.015,7.100,30.000,0.0380,0.0161,0.028,0.000,0.199,0.007
695,31.935,27.2153,7.011,30.002,-173.75,2.284,0.011,7.000,30.000,0.0168,0.2486,0.049,0.000,0.199,0.006
696,31.974,14.8396,6.875,29.981,-173.56,2.292,0.031,6.900,30.000,0.0334,0.2536,0.050,0.000,0.199,-0.001
697,32.035,18.1632,6.784,29.968,-173.44,2.303,0.036,6.800,30.000,0.0268,0.1058,0.037,0.000,0.200,0.002
698,32.095,36.9333,6.646,29.947,-173.27,2.343,0.070,6.600,30.000,-0.0031,0.1718,0.043,0.000,0.200,-0.006
699,32.135,15.9785,6.506,29.925,-173.11,2.374,0.075,6.500,30.000,-0.0055,0.0132,0.029,0.000,0.200,0.002
700,32.196,20.2107,6.411,29.911,-173.01,2.388,0.089,6.400,30.000,-0.0038,0.1028,0.037,0.000,0.201,0.009
701,32.255,29.4096,6.269,29.892,-172.92,2.389,0.113,6.300,30.000,-0.0179,-0.1188,0.018,0.000,0.201,0.006
702,32.295,14.9459,6.127,29.873,-172.92,2.392,0.129,6.100,30.000,-0.0269,-0.0435,0.024,0.000,0.201,-0.005
703,32.335,14.6199,6.031,29.862,-172.95,2.393,0.142,6.000,30.000,-0.0237,-0.0942,0.020,0.000,0.201,0.006
704,32.374,14.5089,5.937,29.851,-172.97,2.385,0.154,5.900,30.000,-0.0158,0.0653,0.034,0.000,0.201,0.006
705,32.435,21.4888,5.842,29.840,-173.02,2.372,0.165,5.800,30.000,-0.0316,0.0192,0.030,0.000,0.201,-0.017
706,32.494,26.0978,5.702,29.826,-173.10,2.376,0.174,5.700,30.000,-0.0273,0.1081,0.037,0.000,0.200,-0.017
707,32.534,15.6282,5.560,29.811,-173.21,2.385,0.193,5.600,30.000,-0.0349,0.1697,0.043,0.000,0.200,0.008
708,32.596,23.1125,5.465,29.802,-173.29,2.385,0.201,5.500,30.000,-0.0350,0.2106,0.047,0.000,0.200,-0.017
709,32.655,26.6875,5.322,29.790,-173.44,2.411,0.212,5.300,30.000,-0.0395,-0.0516,0.024,0.000,0.201,-0.006
710,32.694,15.9354,5.177,29.778,-173.64,2.437,0.223,5.200,30.000,-0.0438,0.0824,0.036,0.000,0.201,0.014
711,32.756,21.4418,5.080,29.771,-173.78,2.442,0.230,5.100,30.000,-0.0495,0.1709,0.044,0.000,0.201,-0.027
712,32.815,19.2515,4.933,29.761,-174.00,2.449,0.241,4.900,30.000,-0.0485,-0.0788,0.022,0.000,0.201,-0.003
713,32.854,16.3651,4.787,29.753,-174.26,2.457,0.247,4.800,30.000,-0.0586,0.0688,0.035,0.000,0.201,0.027
714,32.894,16.9676,4.689,29.748,-174.45,2.466,0.252,4.700,30.000,-0.0310,0.1549,0.042,0.000,0.201,-0.019
715,32.935,15.5160,4.591,29.744,-174.66,2.460,0.256,4.600,30.000,-0.0594,0.0353,0.032,0.000,0.201,-0.037
716,32.974,15.5265,4.492,29.740,-174.86,2.465,0.260,4.500,30.000,-0.0583,-0.1022,0.020,0.000,0.201,0.002
717,33.015,14.7020,4.393,29.736,-175.05,2.482,0.264,4.400,30.000,-0.0613,0.2022,0.047,0.000,0.201,0.023
718,33.056,15.3577,4.294,29.733,-175.23,2.483,0.267,4.300,30.000,-0.0692,-0.1715,0.014,0.000,0.200,0.009
719,33.094,15.1507,4.194,29.730,-175.42,2.486,0.270,4.200,30.000,-0.0510,-0.1437,0.016,0.000,0.201,-0.025
720,33.155,21.7659,4.095,29.729,-175.64,2.476,0.271,4.100,30.000,-0.0422,-0.1300,0.017,0.000,0.201,-0.018
721,33.215,24.9803,3.947,29.727,-176.00,2.451,0.277,3.900,30.000,-0.0562,-0.1279,0.017,0.000,0.201,-0.028
722,33.254,15.1138,3.801,29.724,-176.31,2.435,0.276,3.800,30.000,-0.0548,0.1783,0.044,0.000,0.200,-0.015
723,33.294,14.5690,3.703,29.723,-176.47,2.427,0.277,3.700,30.000,-0.0590,-0.1746,0.013,0.000,0.200,-0.006
724,33.334,14.8487,3.606,29.722,-176.62,2.425,0.278,3.600,30.000,-0.0461,-0.0990,0.020,0.000,0.200,0.003
725,33.375,14.8598,3.509,29.721,-176.81,2.417,0.279,3.500,30.000,-0.0421,0.2285,0.049,0.000,0.200,-0.004
726,33.414,14.7342,3.413,29.722,-177.03,2.400,0.279,3.400,30.000,-0.0376,-0.0086,0.028,0.000,0.200,-0.010
727,33.456,15.2654,3.317,29.722,-177.24,2.413,0.279,3.300,30.000,-0.0551,-0.2489,0.006,0.000,0.200,0.009
728,33.494,15.1274,3.221,29.721,-177.40,2.439,0.280,3.200,30.000,-0.0487,-0.1105,0.018,0.000,0.200,0.007
729,33.535,15.9743,3.123,29.721,-177.54,2.425,0.280,3.100,30.000,-0.0418,-0.1265,0.017,0.000,0.200,-0.016
730,33.575,16.2519,3.027,29.721,-177.70,2.391,0.280,3.000,30.000,-0.0643,-0.1061,0.018,0.000,0.200,-0.017
731,33.614,14.6143,2.931,29.722,-177.87,2.372,0.279,2.900,30.000,-0.0536,0.2374,0.049,0.000,0.200,0.013
732,33.675,18.9272,2.836,29.723,-178.03,2.365,0.279,2.800,30.000,-0.0473,-0.0193,0.026,0.000,0.200,0.023
733,33.716,15.3933,2.694,29.726,-178.32,2.375,0.274,2.700,30.000,-0.0583,-0.1077,0.018,0.000,0.200,0.036
734,33.774,19.5606,2.599,29.728,-178.50,2.397,0.272,2.600,30.000,-0.0474,0.1975,0.045,0.000,0.200,0.011
735,33.814,14.8563,2.455,29.732,-178.80,2.381,0.272,2.500,30.000,-0.0784,-0.0003,0.028,0.000,0.200,0.035
736,33.875,26.6196,2.361,29.735,-178.99,2.387,0.268,2.400,30.000,-0.0656,0.0978,0.037,0.000,0.200,-0.007
737,33.915,14.8471,2.218,29.741,-179.28,2.396,0.260,2.200,30.000,-0.0697,0.4016,0.064,0.000,0.200,0.014
738,33.974,24.8887,2.122,29.745,-179.49,2.397,0.256,2.100,30.000,-0.0882,-0.0432,0.025,0.000,0.200,-0.017
739,34.035,19.5138,1.978,29.754,-179.85,2.435,0.247,2.000,30.000,-0.0719,0.0749,0.035,0.000,0.201,0.011
740,34.077,14.9147,1.831,29.765,179.74,2.440,0.237,1.800,30.000,-0.1026,0.1588,0.043,0.000,0.201,0.022
741,34.114,14.7559,1.734,29.773,179.44,2.440,0.229,1.700,30.000,-0.0927,-0.0760,0.022,0.000,0.201,-0.007
742,34.175,24.6138,1.636,29.782,179.15,2.448,0.221,1.600,30.000,-0.1235,-0.1108,0.019,0.000,0.201,-0.006
743,34.216,15.9285,1.489,29.797,178.69,2.444,0.203,1.500,30.000,-0.1206,-0.0590,0.024,0.000,0.201,-0.006
744,34.255,15.8260,1.394,29.809,178.37,2.428,0.191,1.400,30.000,-0.1420,-0.3989,0.000,0.007,0.201,0.013
745,34.315,17.2583,1.297,29.822,178.01,2.405,0.178,1.300,30.000,-0.1726,0.0102,0.029,0.000,0.201,-0.012
746,34.356,14.6909,1.155,29.843,177.41,2.353,0.163,1.200,30.000,-0.1645,-0.0927,0.020,0.000,0.200,-0.008
747,34.414,26.0958,1.063,29.859,176.99,2.323,0.146,1.100,30.000,-0.1919,0.0012,0.028,0.000,0.200,-0.036
748,34.454,15.9759,0.926,29.885,176.30,2.294,0.118,0.900,30.000,-0.2107,-0.0314,0.025,0.000,0.199,-0.024
749,34.514,23.4645,0.836,29.905,175.80,2.277,0.102,0.800,30.000,-0.2114,-0.2062,0.010,0.000,0.199,-0.021
750,34.555,18.9404,0.702,29.937,174.98,2.262,0.063,0.700,30.000,-0.1996,-0.0645,0.022,0.000,0.199,-0.017
751,34.614,23.1680,0.614,29.961,174.40,2.227,0.041,0.600,30.000,-0.1799,-0.0450,0.024,0.000,0.199,0.032
752,34.655,14.5216,0.484,30.000,173.45,2.190,0.016,0.500,30.000,-0.1371,-0.1575,0.014,0.000,0.200,0.029
753,34.695,14.3835,0.400,30.028,172.79,2.172,0.028,0.400,30.000,-0.0607,0.2765,0.052,0.000,0.199,0.013
754,34.734,16.3579,0.316,30.058,172.10,2.152,0.060,0.300,30.000,-0.0207,-0.0788,0.021,0.000,0.200,-0.036
755,34.774,14.9477,0.232,30.087,171.45,2.189,0.093,0.200,30.000,0.0072,0.0216,0.030,0.000,0.199,0.017
756,34.815,14.3859,0.147,30.114,170.90,2.236,0.124,0.100,30.000,0.0202,0.1500,0.041,0.000,0.197,-0.030
757,34.854,15.4995,0.060,30.140,170.48,2.276,0.145,0.100,30.000,0.0326,0.2346,0.049,0.000,0.197,-0.071
758,34.894,14.4535,-0.028,30.164,170.18,2.284,0.166,0.000,30.000,0.0267,-0.0408,0.025,0.000,0.196,0.007
759,34.956,19.5443,-0.118,30.185,169.96,2.310,0.186,-0.100,30.000,0.0599,-0.0504,0.024,0.000,0.196,0.014
760,34.995,16.6941,-0.255,30.214,169.78,2.349,0.219,-0.300,30.000,0.0781,0.2008,0.046,0.000,0.196,0.014
761,35.035,17.1318,-0.348,30.232,169.74,2.355,0.237,-0.300,30.000,0.0615,0.0997,0.037,0.000,0.196,-0.007
762,35.075,16.9506,-0.440,30.247,169.77,2.365,0.250,-0.400,30.000,0.0749,0.0851,0.036,0.000,0.196,0.029
763,35.116,15.9861,-0.534,30.262,169.86,2.394,0.264,-0.500,30.000,0.0871,-0.0568,0.024,0.000,0.197,0.027
764,35.174,28.0757,-0.629,30.275,169.97,2.398,0.277,-0.600,30.000,0.0770,-0.2043,0.010,0.000,0.197,-0.009
765,35.215,15.6134,-0.772,30.294,170.19,2.418,0.295,-0.800,30.000,0.0762,0.0101,0.029,0.000,0.197,-0.005
766,35.254,14.3934,-0.868,30.305,170.38,2.386,0.307,-0.900,30.000,0.0595,0.1722,0.044,0.000,0.198,-0.017
767,35.295,15.3564,-0.963,30.315,170.60,2.383,0.317,-1.000,30.000,0.0902,0.0680,0.035,0.000,0.198,-0.003
768,35.334,14.4433,-1.058,30.324,170.84,2.392,0.327,-1.100,30.000,0.0904,-0.0940,0.020,0.000,0.198,0.025
769,35.375,15.2224,-1.154,30.333,171.08,2.407,0.336,-1.200,30.000,0.0684,0.2162,0.048,0.000,0.198,0.010
770,35.415,14.6276,-1.250,30.340,171.32,2.408,0.344,-1.300,30.000,0.0857,-0.0046,0.028,0.000,0.198,-0.014
771,35.455,15.0950,-1.347,30.348,171.59,2.419,0.351,-1.300,30.000,0.0853,0.0130,0.030,0.000,0.198,-0.018
772,35.495,14.5961,-1.444,30.354,171.86,2.432,0.357,-1.400,30.000,0.0874,-0.1710,0.014,0.000,0.198,-0.005
773,35.534,14.3187,-1.541,30.360,172.13,2.427,0.362,-1.500,30.000,0.0839,-0.0760,0.022,0.000,0.198,0.017
774,35.575,14.5586,-1.639,30.365,172.44,2.428,0.367,-1.600,30.000,0.0744,0.0945,0.037,0.000,0.197,0.010
775,35.636,17.6164,-1.736,30.368,172.77,2.416,0.370,-1.700,30.000,0.0762,-0.0465,0.024,0.000,0.197,-0.032
776,35.695,26.9252,-1.881,30.373,173.26,2.429,0.374,-1.900,30.000,0.0838,0.0572,0.034,0.000,0.197,0.014
777,35.734,15.1485,-2.027,30.378,173.68,2.421,0.379,-2.000,30.000,0.0801,0.0333,0.032,0.000,0.198,0.033
778,35.775,15.7973,-2.124,30.380,173.96,2.429,0.381,-2.100,30.000,0.0663,-0.0647,0.023,0.000,0.198,-0.020
779,35.814,14.5560,-2.221,30.381,174.26,2.417,0.382,-2.200,30.000,0.0763,0.1047,0.038,0.000,0.198,-0.032
780,35.855,16.7763,-2.318,30.383,174.57,2.427,0.384,-2.300,30.000,0.0649,0.0774,0.036,0.000,0.198,0.001
781,35.894,14.6465,-2.416,30.385,174.86,2.424,0.385,-2.400,30.000,0.0639,0.0713,0.035,0.000,0.198,0.036
782,35.955,21.7507,-2.513,30.386,175.13,2.435,0.386,-2.500,30.000,0.0519,0.0800,0.036,0.000,0.198,0.019
783,36.014,29.9714,-2.659,30.388,175.50,2.444,0.390,-2.700,30.000,0.0977,0.0727,0.035,0.000,0.199,0.029
784,36.054,14.3720,-2.806,30.389,175.85,2.460,0.389,-2.800,30.000,0.0639,0.1135,0.039,0.000,0.199,0.006
785,36.095,14.6082,-2.905,30.390,176.06,2.458,0.390,-2.900,30.000,0.0837,0.1387,0.041,0.000,0.199,0.023
786,36.134,18.4475,-3.004,30.391,176.28,2.482,0.391,-3.000,30.000,0.0724,-0.0010,0.029,0.000,0.199,0.008
787,36.175,14.6906,-3.104,30.390,176.52,2.495,0.390,-3.100,30.000,0.0782,-0.0840,0.022,0.000,0.199,-0.026
788,36.237,18.8197,-3.204,30.389,176.78,2.504,0.389,-3.200,30.000,0.0577,0.1449,0.042,0.000,0.198,-0.045
789,36.275,14.5446,-3.354,30.385,177.23,2.500,0.387,-3.400,30.000,0.0513,0.0890,0.037,0.000,0.198,-0.026
790,36.315,14.8169,-3.455,30.381,177.53,2.490,0.384,-3.500,30.000,0.0695,0.0575,0.035,0.000,0.198,-0.037
791,36.356,15.3961,-3.555,30.378,177.80,2.501,0.381,-3.600,30.000,0.0532,0.1630,0.044,0.000,0.199,0.012
792,36.415,18.5130,-3.656,30.375,178.04,2.511,0.378,-3.700,30.000,0.0415,0.0151,0.031,0.000,0.199,0.048
793,36.455,15.8659,-3.807,30.370,178.37,2.528,0.370,-3.800,30.000,0.0646,-0.1681,0.015,0.000,0.199,0.016
794,36.515,22.4369,-3.909,30.367,178.58,2.552,0.367,-3.900,30.000,0.0456,-0.1132,0.020,0.000,0.199,0.046
795,36.574,26.7427,-4.060,30.363,178.86,2.521,0.365,-4.100,30.000,0.0530,0.0975,0.038,0.000,0.200,0.003
796,36.615,17.4949,-4.211,30.357,179.14,2.490,0.358,-4.200,30.000,0.0497,-0.1195,0.019,0.000,0.199,-0.025
797,36.655,14.1690,-4.311,30.354,179.33,2.503,0.354,-4.300,30.000,0.0556,-0.1432,0.017,0.000,0.199,0.002
798,36.694,14.3830,-4.411,30.350,179.52,2.502,0.350,-4.400,30.000,0.0491,-0.0222,0.027,0.000,0.198,0.014
799,36.735,14.5387,-4.511,30.345,179.72,2.493,0.345,-4.500,30.000,0.0528,0.1901,0.046,0.000,0.198,-0.001
800,36.774,15.0209,-4.610,30.340,179.92,2.477,0.340,-4.600,30.000,0.0691,0.0315,0.032,0.000,0.198,-0.010
801,36.814,15.2479,-4.710,30.335,-179.88,2.487,0.335,-4.700,30.000,0.0302,0.0710,0.036,0.000,0.198,-0.013
802,36.854,14.2874,-4.810,30.329,-179.67,2.509,0.329,-4.800,30.000,0.0608,-0.0152,0.028,0.000,0.198,-0.006
803,36.915,24.5336,-4.910,30.322,-179.46,2.514,0.322,-4.900,30.000,0.0646,-0.1441,0.017,0.000,0.199,0.023
804,36.955,14.4933,-5.060,30.312,-179.16,2.521,0.315,-5.100,30.000,0.0838,-0.0193,0.028,0.000,0.199,-0.017
805,37.014,25.0930,-5.160,30.305,-178.96,2.500,0.307,-5.200,30.000,0.0764,-0.1991,0.012,0.000,0.199,0.021
806,37.054,17.0169,-5.310,30.292,-178.63,2.504,0.292,-5.300,30.000,0.1136,-0.0735,0.023,0.000,0.199,-0.038
807,37.094,15.4849,-5.409,30.282,-178.37,2.482,0.282,-5.400,30.000,0.1056,-0.2160,0.010,0.000,0.198,0.020
808,37.134,15.5037,-5.508,30.272,-178.09,2.472,0.272,-5.500,30.000,0.1178,-0.5560,0.000,0.021,0.197,0.028
809,37.175,14.9763,-5.607,30.260,-177.79,2.466,0.260,-5.600,30.000,0.1089,-0.4856,0.000,0.015,0.197,-0.018
810,37.215,15.4059,-5.703,30.247,-177.47,2.413,0.247,-5.700,30.000,0.1127,-0.5275,0.000,0.019,0.197,-0.055
811,37.255,15.0022,-5.799,30.233,-177.13,2.373,0.233,-5.800,30.000,0.0969,-0.4620,0.000,0.014,0.196,-0.022
812,37.295,15.3460,-5.892,30.218,-176.76,2.325,0.218,-5.900,30.000,0.1119,-0.3127,0.000,0.002,0.196,0.043
813,37.334,16.9250,-5.984,30.202,-176.38,2.296,0.203,-6.000,30.000,0.1028,-0.1678,0.011,0.000,0.195,0.012
814,37.376,15.0688,-6.074,30.187,-176.02,2.256,0.188,-6.100,30.000,0.0932,-0.1279,0.014,0.000,0.195,-0.041
815,37.415,15.1624,-6.162,30.171,-175.66,2.223,0.175,-6.200,30.000,0.0933,-0.2364,0.004,0.000,0.196,-0.020
816,37.455,16.0613,-6.250,30.154,-175.30,2.199,0.162,-6.200,30.000,0.1015,-0.0762,0.018,0.000,0.196,0.035
817,37.493,14.9000,-6.336,30.137,-174.97,2.179,0.142,-6.300,30.000,0.0694,-0.0916,0.017,0.000,0.195,0.022
818,37.555,24.9091,-6.421,30.121,-174.65,2.157,0.123,-6.400,30.000,0.0766,0.0920,0.033,0.000,0.196,-0.029
819,37.596,16.7325,-6.548,30.096,-174.18,2.146,0.107,-6.500,30.000,0.0594,0.0624,0.031,0.000,0.196,-0.007
820,37.655,20.3055,-6.632,30.079,-173.89,2.132,0.086,-6.600,30.000,0.0364,0.1749,0.041,0.000,0.197,-0.001
821,37.694,14.9121,-6.759,30.055,-173.52,2.140,0.069,-6.800,30.000,0.0334,0.1567,0.039,0.000,0.198,-0.004
822,37.755,27.2749,-6.844,30.040,-173.31,2.165,0.059,-6.800,30.000,0.0323,0.1621,0.040,0.000,0.198,0.043
823,37.795,15.4236,-6.973,30.018,-173.05,2.186,0.032,-7.000,30.000,0.0249,0.2283,0.046,0.000,0.199,0.039
824,37.855,21.0217,-7.060,30.003,-172.92,2.212,0.041,-7.100,30.000,0.0072,0.2046,0.044,0.000,0.200,0.011
825,37.895,15.7050,-7.191,29.982,-172.76,2.240,0.020,-7.200,30.000,-0.0059,0.2856,0.052,0.000,0.200,0.011
826,37.955,19.4073,-7.280,29.969,-172.68,2.253,0.037,-7.300,30.000,0.0080,0.2586,0.050,0.000,0.201,-0.023
827,38.015,28.0235,-7.415,29.949,-172.60,2.290,0.053,-7.400,30.000,-0.0103,0.1493,0.040,0.000,0.202,-0.012
828,38.054,17.2047,-7.552,29.931,-172.58,2.332,0.084,-7.600,30.000,-0.0119,-0.0233,0.025,0.000,0.202,-0.018
829,38.116,19.9513,-7.644,29.918,-172.58,2.348,0.093,-7.600,30.000,-0.0060,0.3983,0.063,0.000,0.202,-0.014
830,38.176,28.9525,-7.785,29.900,-172.58,2.356,0.101,-7.800,30.000,-0.0256,0.1681,0.043,0.000,0.202,-0.027
831,38.215,15.0889,-7.926,29.882,-172.61,2.382,0.120,-7.900,30.000,-0.0216,0.0470,0.032,0.000,0.202,-0.024
832,38.274,26.8097,-8.021,29.871,-172.65,2.414,0.131,-8.000,30.000,-0.0252,0.0449,0.032,0.000,0.202,-0.010
833,38.334,32.2244,-8.166,29.854,-172.71,2.428,0.150,-8.200,30.000,-0.0282,0.0630,0.034,0.000,0.202,-0.022
834,38.374,15.9525,-8.311,29.838,-172.80,2.431,0.162,-8.300,30.000,-0.0471,0.0340,0.031,0.000,0.202,-0.009
835,38.415,14.8433,-8.408,29.828,-172.90,2.426,0.172,-8.400,30.000,-0.0408,-0.1102,0.018,0.000,0.202,-0.027
836,38.455,14.5275,-8.505,29.819,-173.01,2.431,0.181,-8.500,30.000,-0.0460,-0.1851,0.012,0.000,0.202,0.022
837,38.495,16.5769,-8.602,29.811,-173.13,2.436,0.189,-8.600,30.000,-0.0465,0.1945,0.045,0.000,0.202,0.001
838,38.534,14.7590,-8.699,29.803,-173.26,2.417,0.197,-8.700,30.000,-0.0493,-0.0469,0.024,0.000,0.201,-0.014
839,38.595,24.1371,-8.795,29.796,-173.43,2.392,0.204,-8.800,30.000,-0.0543,0.0783,0.035,0.000,0.201,-0.028
840,38.639,21.1850,-8.939,29.786,-173.69,2.406,0.217,-8.900,30.000,-0.0382,0.0615,0.033,0.000,0.201,-0.017
841,38.694,24.6427,-9.035,29.781,-173.89,2.398,0.222,-9.000,30.000,-0.0453,0.0524,0.033,0.000,0.201,-0.003
842,38.755,21.8357,-9.180,29.773,-174.18,2.420,0.228,-9.200,30.000,-0.0611,-0.0760,0.021,0.000,0.201,-0.029
843,38.815,29.2844,-9.324,29.765,-174.43,2.433,0.236,-9.300,30.000,-0.0484,-0.0456,0.024,0.000,0.200,-0.026
844,38.854,16.8585,-9.470,29.759,-174.68,2.426,0.243,-9.500,30.000,-0.0446,0.0869,0.036,0.000,0.201,-0.006
845,38.914,23.5557,-9.566,29.755,-174.88,2.413,0.247,-9.600,30.000,-0.0474,-0.0255,0.026,0.000,0.201,-0.037
846,38.955,14.4265,-9.711,29.750,-175.17,2.420,0.251,-9.700,30.000,-0.0488,-0.1013,0.019,0.000,0.200,-0.034
847,38.995,15.0213,-9.808,29.746,-175.34,2.429,0.254,-9.800,30.000,-0.0539,0.2330,0.049,0.000,0.201,-0.021
848,39.055,22.4562,-9.905,29.744,-175.51,2.416,0.257,-9.900,30.000,-0.0538,0.0335,0.031,0.000,0.201,0.014
849,39.094,16.1167,-10.050,29.740,-175.79,2.429,0.265,-10.100,30.000,-0.0531,0.0452,0.032,0.000,0.201,-0.011
850,39.134,15.5775,-10.148,29.739,-176.00,2.438,0.266,-10.100,30.000,-0.0256,-0.0719,0.022,0.000,0.201,0.022
851,39.175,15.9734,-10.246,29.737,-176.22,2.440,0.266,-10.200,30.000,-0.0432,-0.1300,0.017,0.000,0.201,0.013
852,39.215,16.5615,-10.344,29.737,-176.43,2.450,0.267,-10.300,30.000,-0.0518,-0.0339,0.025,0.000,0.201,-0.018
853,39.254,16.5260,-10.441,29.735,-176.61,2.441,0.268,-10.400,30.000,-0.0394,-0.2156,0.009,0.000,0.200,-0.027
854,39.295,15.8373,-10.539,29.734,-176.76,2.433,0.269,-10.500,30.000,-0.0579,-0.0496,0.023,0.000,0.200,-0.003
855,39.354,18.7047,-10.636,29.733,-176.92,2.403,0.269,-10.600,30.000,-0.0387,-0.0548,0.023,0.000,0.200,-0.001
856,39.395,15.6765,-10.779,29.732,-177.17,2.396,0.268,-10.800,30.000,-0.0477,-0.2096,0.009,0.000,0.200,-0.000
857,39.454,20.0233,-10.875,29.732,-177.35,2.375,0.269,-10.900,30.000,-0.0497,-0.1942,0.010,0.000,0.200,-0.010
858,39.495,18.3187,-11.018,29.732,-177.58,2.364,0.269,-11.000,30.000,-0.0449,-0.1410,0.015,0.000,0.200,-0.002
859,39.534,14.9961,-11.112,29.733,-177.75,2.326,0.267,-11.100,30.000,-0.0525,0.0502,0.031,0.000,0.200,-0.010
860,39.575,15.6396,-11.204,29.734,-177.92,2.309,0.266,-11.200,30.000,-0.0611,0.0183,0.029,0.000,0.200,0.019
861,39.635,21.2178,-11.296,29.735,-178.10,2.308,0.265,-11.300,30.000,-0.0559,0.0840,0.035,0.000,0.200,-0.004
862,39.675,15.2997,-11.434,29.738,-178.37,2.312,0.264,-11.400,30.000,-0.0691,0.1670,0.042,0.000,0.200,0.020
863,39.735,26.2671,-11.527,29.741,-178.57,2.320,0.261,-11.500,30.000,-0.0726,-0.0392,0.024,0.000,0.200,-0.011
864,39.775,14.7690,-11.667,29.746,-178.89,2.338,0.256,-11.700,30.000,-0.0740,0.1724,0.043,0.000,0.201,-0.007
865,39.815,17.4837,-11.760,29.751,-179.12,2.341,0.253,-11.800,30.000,-0.0742,0.0878,0.035,0.000,0.201,-0.012
866,39.854,15.4478,-11.854,29.756,-179.37,2.330,0.248,-11.900,30.000,-0.0752,0.1207,0.038,0.000,0.202,0.012
867,39.894,15.2523,-11.947,29.763,-179.63,2.344,0.242,-11.900,30.000,-0.0803,0.1744,0.043,0.000,0.201,0.039
868,39.956,20.7078,-12.042,29.770,-179.92,2.358,0.234,-12.000,30.000,-0.0994,0.4213,0.065,0.000,0.201,-0.001
869,40.015,23.1123,-12.183,29.781,179.64,2.377,0.219,-12.200,30.000,-0.0966,0.1455,0.041,0.000,0.201,0.025
870,40.054,14.7571,-12.327,29.796,179.18,2.407,0.206,-12.300,30.000,-0.1093,0.1887,0.045,0.000,0.202,0.034
871,40.095,17.8517,-12.424,29.806,178.84,2.436,0.195,-12.400,30.000,-0.1110,0.1588,0.043,0.000,0.202,0.023
872,40.134,15.1139,-12.521,29.819,178.47,2.456,0.183,-12.500,30.000,-0.1403,0.0063,0.030,0.000,0.202,-0.013
873,40.175,14.2648,-12.618,29.832,178.09,2.463,0.169,-12.600,30.000,-0.1558,0.0519,0.034,0.000,0.202,-0.026
874,40.214,15.7197,-12.716,29.846,177.68,2.457,0.155,-12.700,30.000,-0.1715,0.1561,0.043,0.000,0.202,0.010
875,40.255,14.3772,-12.814,29.862,177.24,2.456,0.138,-12.800,30.000,-0.1787,0.3474,0.060,0.000,0.202,0.013
876,40.295,14.6462,-12.911,29.880,176.76,2.452,0.120,-12.900,30.000,-0.2119,-0.0382,0.026,0.000,0.202,-0.014
877,40.355,19.7378,-13.008,29.900,176.26,2.454,0.101,-13.000,30.000,-0.2199,-0.0353,0.027,0.000,0.202,-0.011
878,40.395,16.3645,-13.154,29.933,175.42,2.454,0.082,-13.200,30.000,-0.2382,-0.0822,0.022,0.000,0.202,-0.028
879,40.435,14.5947,-13.250,29.957,174.80,2.441,0.066,-13.300,30.000,-0.2350,-0.1098,0.020,0.000,0.202,0.014
880,40.495,25.4948,-13.345,29.984,174.14,2.411,0.048,-13.300,30.000,-0.2225,-0.0696,0.023,0.000,0.201,0.042
881,40.535,18.0014,-13.484,30.028,173.07,2.370,0.032,-13.500,30.000,-0.1944,0.0421,0.033,0.000,0.201,0.002
882,40.575,15.7501,-13.575,30.060,172.30,2.346,0.065,-13.600,30.000,-0.1260,0.1278,0.041,0.000,0.201,-0.011
883,40.634,19.1757,-13.665,30.094,171.51,2.339,0.101,-13.700,30.000,-0.0592,-0.0206,0.028,0.000,0.201,-0.027
884,40.694,21.4078,-13.797,30.147,170.32,2.367,0.147,-13.800,30.000,0.0461,0.0257,0.032,0.000,0.200,-0.038
885,40.735,15.6254,-13.934,30.199,169.28,2.417,0.202,-13.900,30.000,0.0625,0.0927,0.038,0.000,0.198,0.001
886,40.774,17.6275,-14.027,30.232,168.74,2.446,0.233,-14.000,30.000,0.0764,-0.1223,0.019,0.000,0.197,-0.018
887,40.835,25.3603,-14.121,30.262,168.33,2.488,0.263,-14.100,30.000,0.0825,-0.0848,0.022,0.000,0.196,-0.073
888,40.876,17.6286,-14.266,30.302,167.99,2.510,0.304,-14.300,30.000,0.0800,-0.1427,0.017,0.000,0.194,0.008
889,40.914,17.7603,-14.363,30.325,167.91,2.500,0.327,-14.400,30.000,0.0836,-0.1895,0.013,0.000,0.194,-0.019
890,40.957,15.8460,-14.462,30.345,167.92,2.495,0.347,-14.500,30.000,0.0943,-0.1517,0.016,0.000,0.194,-0.002
891,41.014,22.5928,-14.560,30.363,168.02,2.488,0.366,-14.600,30.000,0.0877,-0.1296,0.017,0.000,0.194,0.019
892,41.055,15.6393,-14.705,30.387,168.22,2.456,0.387,-14.700,30.000,0.1124,-0.1889,0.012,0.000,0.195,0.020
893,41.094,14.1936,-14.803,30.402,168.40,2.456,0.402,-14.800,30.000,0.1187,-0.2915,0.003,0.000,0.195,0.010
894,41.134,15.1093,-14.900,30.415,168.63,2.449,0.415,-14.900,30.000,0.1092,-0.3643,0.000,0.004,0.196,-0.006
895,41.175,14.6195,-14.997,30.426,168.89,2.420,0.426,-15.000,30.000,0.1152,-0.2279,0.007,0.000,0.196,-0.012
896,41.215,15.8753,-15.093,30.437,169.19,2.376,0.442,-15.157,29.999,0.1140,-0.1257,0.016,0.000,0.196,0.010
897,41.256,15.5559,-15.187,30.445,169.53,2.347,0.447,-15.157,29.999,0.1057,-0.3463,0.000,0.003,0.195,0.005
898,41.294,15.7759,-15.281,30.452,169.92,2.330,0.456,-15.314,29.997,0.0952,-0.0570,0.022,0.000,0.194,-0.029
899,41.335,14.5389,-15.374,30.457,170.31,2.291,0.465,-15.314,29.997,0.1071,-0.0351,0.024,0.000,0.194,-0.012
900,41.376,16.1766,-15.466,30.463,170.69,2.281,0.470,-15.471,29.993,0.1066,-0.1103,0.017,0.000,0.195,0.012
901,41.414,17.0936,-15.557,30.467,171.05,2.269,0.482,-15.471,29.993,0.1079,-0.1622,0.012,0.000,0.195,0.043
902,41.455,15.1683,-15.648,30.471,171.40,2.261,0.485,-15.628,29.987,0.1069,-0.1722,0.011,0.000,0.195,0.007
903,41.495,16.0634,-15.739,30.474,171.76,2.249,0.497,-15.785,29.979,0.1143,-0.2458,0.004,0.000,0.195,-0.028
904,41.555,34.9847,-15.829,30.476,172.14,2.225,0.499,-15.785,29.979,0.0871,-0.0932,0.018,0.000,0.196,0.005
905,41.596,14.6795,-15.961,30.478,172.73,2.187,0.508,-15.942,29.970,0.1076,-0.1597,0.012,0.000,0.196,-0.023
906,41.654,24.5168,-16.049,30.479,173.11,2.167,0.519,-15.942,29.970,0.1022,-0.0389,0.022,0.000,0.196,0.039
907,41.714,25.2874,-16.179,30.479,173.64,2.121,0.526,-16.099,29.960,0.0980,-0.0377,0.022,0.000,0.196,0.022
908,41.775,28.9445,-16.307,30.478,174.15,2.113,0.534,-16.255,29.947,0.0910,-0.2005,0.008,0.000,0.196,0.014
909,41.814,16.6588,-16.435,30.477,174.67,2.109,0.544,-16.412,29.933,0.0993,0.1636,0.040,0.000,0.197,0.009
910,41.854,14.8225,-16.519,30.476,175.00,2.097,0.553,-16.412,29.933,0.0981,-0.1638,0.011,0.000,0.197,0.036
911,41.895,16.1691,-16.604,30.475,175.30,2.093,0.558,-16.568,29.918,0.1048,0.0807,0.032,0.000,0.197,-0.018
912,41.935,14.9888,-16.688,30.473,175.60,2.091,0.568,-16.568,29.918,0.1034,-0.1722,0.010,0.000,0.197,-0.013
913,41.974,15.7458,-16.772,30.470,175.91,2.085,0.571,-16.724,29.901,0.1021,-0.1313,0.013,0.000,0.197,0.030
914,42.035,18.9604,-16.856,30.467,176.25,2.086,0.581,-16.724,29.901,0.0910,0.0406,0.029,0.000,0.197,-0.014
915,42.075,14.9046,-16.980,30.461,176.77,2.063,0.588,-16.880,29.882,0.0993,0.0140,0.026,0.000,0.196,-0.012
916,42.115,14.6743,-17.063,30.456,177.10,2.057,0.595,-17.036,29.861,0.1054,-0.0324,0.022,0.000,0.197,-0.022
917,42.155,17.4399,-17.145,30.452,177.41,2.058,0.601,-17.036,29.861,0.1023,0.1260,0.036,0.000,0.197,0.037
918,42.214,25.5841,-17.228,30.446,177.72,2.059,0.608,-17.191,29.839,0.1100,0.0224,0.027,0.000,0.197,-0.004
919,42.254,15.1303,-17.353,30.437,178.21,2.077,0.619,-17.191,29.839,0.1065,0.0309,0.028,0.000,0.197,-0.004
920,42.295,14.2947,-17.436,30.430,178.56,2.092,0.622,-17.347,29.815,0.1016,0.2165,0.044,0.000,0.197,-0.032
921,42.334,14.7937,-17.520,30.423,178.91,2.086,0.632,-17.347,29.815,0.1167,0.1086,0.035,0.000,0.197,0.026
922,42.374,14.7882,-17.603,30.415,179.26,2.102,0.633,-17.502,29.790,0.1083,-0.1643,0.011,0.000,0.197,0.015
923,42.415,14.3617,-17.688,30.406,179.60,2.125,0.644,-17.502,29.790,0.1040,0.0421,0.029,0.000,0.198,-0.042
924,42.454,15.7038,-17.773,30.397,179.94,2.120,0.644,-17.656,29.763,0.1070,0.1373,0.038,0.000,0.198,0.013
925,42.495,14.4614,-17.857,30.387,-179.70,2.117,0.654,-17.811,29.734,0.1003,-0.0211,0.024,0.000,0.197,0.024
926,42.535,15.5950,-17.942,30.377,-179.34,2.125,0.656,-17.811,29.734,0.0886,-0.0634,0.020,0.000,0.197,-0.029
927,42.574,15.0705,-18.027,30.366,-178.99,2.124,0.665,-17.965,29.704,0.1188,-0.0691,0.019,0.000,0.198,-0.005
928,42.635,19.6586,-18.112,30.355,-178.65,2.133,0.667,-17.965,29.704,0.1030,-0.0611,0.020,0.000,0.198,0.040
929,42.676,17.9556,-18.239,30.339,-178.19,2.111,0.677,-18.119,29.672,0.1059,0.0590,0.031,0.000,0.198,0.038
930,42.714,15.3328,-18.323,30.327,-177.87,2.106,0.686,-18.119,29.672,0.1132,0.2077,0.044,0.000,0.197,-0.021
931,42.755,15.8524,-18.407,30.314,-177.54,2.110,0.689,-18.272,29.639,0.1150,-0.0401,0.022,0.000,0.197,-0.027
932,42.814,25.5648,-18.490,30.301,-177.18,2.119,0.697,-18.272,29.639,0.1035,-0.1383,0.013,0.000,0.197,0.032
933,42.855,14.4713,-18.617,30.279,-176.61,2.130,0.702,-18.425,29.604,0.1015,0.2092,0.044,0.000,0.197,0.029
934,42.915,25.2685,-18.701,30.263,-176.22,2.121,0.707,-18.578,29.567,0.1076,0.0709,0.032,0.000,0.196,0.013
935,42.955,14.5744,-18.828,30.239,-175.67,2.135,0.717,-18.578,29.567,0.1085,0.0617,0.031,0.000,0.197,0.025
936,42.995,15.0670,-18.912,30.223,-175.34,2.150,0.718,-18.730,29.529,0.1024,-0.0022,0.026,0.000,0.197,-0.024
937,43.036,14.2446,-18.997,30.206,-175.01,2.159,0.726,-18.882,29.489,0.1004,0.0331,0.029,0.000,0.198,-0.002
938,43.076,15.2460,-19.083,30.189,-174.64,2.167,0.728,-18.882,29.489,0.1172,-0.0083,0.025,0.000,0.197,0.042
939,43.135,28.7545,-19.168,30.171,-174.27,2.181,0.736,-19.034,29.447,0.1066,0.1574,0.040,0.000,0.197,-0.008
940,43.174,15.7787,-19.296,30.143,-173.74,2.179,0.744,-19.034,29.447,0.1192,-0.1250,0.015,0.000,0.197,-0.001
941,43.215,14.8964,-19.381,30.124,-173.40,2.175,0.745,-19.185,29.404,0.1138,0.0370,0.029,0.000,0.197,-0.046
942,43.254,14.7255,-19.466,30.103,-173.04,2.180,0.753,-19.185,29.404,0.1253,0.1275,0.037,0.000,0.197,0.020
943,43.296,14.9260,-19.551,30.082,-172.65,2.180,0.754,-19.335,29.360,0.1214,-0.1225,0.015,0.000,0.197,0.023
944,43.356,14.7657,-19.636,30.060,-172.26,2.187,0.762,-19.486,29.314,0.1149,-0.1302,0.014,0.000,0.197,-0.046
945,43.415,22.2412,-19.764,30.025,-171.64,2.182,0.764,-19.486,29.314,0.1185,-0.1680,0.011,0.000,0.196,-0.029
946,43.454,16.4988,-19.890,29.989,-171.01,2.160,0.767,-19.635,29.266,0.1217,-0.1406,0.013,0.000,0.196,-0.004
947,43.495,16.6027,-19.973,29.965,-170.61,2.142,0.772,-19.784,29.217,0.1052,-0.0837,0.018,0.000,0.197,-0.022
948,43.556,20.6943,-20.055,29.940,-170.22,2.108,0.772,-19.784,29.217,0.1045,-0.0580,0.020,0.000,0.197,0.004
949,43.595,16.2445,-20.176,29.902,-169.64,2.092,0.775,-19.933,29.166,0.1120,0.0653,0.031,0.000,0.196,0.011
950,43.635,16.0139,-20.257,29.877,-169.26,2.092,0.782,-19.933,29.166,0.1048,-0.1154,0.015,0.000,0.196,0.021
951,43.675,17.1404,-20.337,29.852,-168.92,2.081,0.782,-20.081,29.113,0.1050,0.0913,0.033,0.000,0.196,-0.019
952,43.716,18.6304,-20.417,29.827,-168.59,2.082,0.788,-20.081,29.113,0.1106,0.2651,0.049,0.000,0.197,-0.009
953,43.754,16.4210,-20.497,29.801,-168.24,2.089,0.788,-20.229,29.059,0.1011,0.0922,0.034,0.000,0.196,0.027
954,43.795,16.4535,-20.577,29.774,-167.90,2.097,0.795,-20.229,29.059,0.1126,0.1915,0.043,0.000,0.196,-0.012
955,43.835,16.7773,-20.657,29.747,-167.55,2.126,0.795,-20.376,29.004,0.1134,0.0711,0.032,0.000,0.197,0.001
956,43.876,16.5412,-20.738,29.719,-167.19,2.140,0.802,-20.376,29.004,0.1010,-0.0199,0.024,0.000,0.197,0.028
957,43.936,25.2954,-20.820,29.690,-166.85,2.158,0.801,-20.522,28.947,0.0973,0.1813,0.042,0.000,0.197,-0.004
958,43.975,14.4854,-20.943,29.646,-166.30,2.164,0.806,-20.668,28.888,0.1100,-0.0550,0.021,0.000,0.197,0.004
959,44.014,16.7944,-21.025,29.616,-165.94,2.183,0.811,-20.668,28.888,0.1259,-0.0370,0.023,0.000,0.198,-0.011
960,44.055,15.2758,-21.107,29.586,-165.61,2.181,0.813,-20.813,28.828,0.1060,0.0910,0.034,0.000,0.198,0.007
961,44.095,14.8450,-21.189,29.554,-165.28,2.177,0.818,-20.813,28.828,0.1069,-0.0921,0.018,0.000,0.198,0.005
962,44.135,16.3202,-21.270,29.522,-164.92,2.187,0.818,-20.957,28.766,0.1216,0.2146,0.045,0.000,0.198,-0.016
963,44.195,19.6440,-21.352,29.490,-164.55,2.178,0.824,-20.957,28.766,0.1179,0.0973,0.035,0.000,0.198,-0.021
964,44.254,26.9413,-21.474,29.440,-163.99,2.189,0.826,-21.101,28.703,0.1175,-0.0152,0.025,0.000,0.197,-0.022
965,44.295,15.1929,-21.597,29.387,-163.40,2.222,0.828,-21.244,28.639,0.0918,-0.1488,0.013,0.000,0.197,-0.021
966,44.356,23.4277,-21.679,29.351,-162.98,2.234,0.831,-21.387,28.572,0.1228,-0.0593,0.021,0.000,0.197,-0.002
967,44.415,24.2492,-21.802,29.295,-162.37,2.220,0.834,-21.387,28.572,0.1217,-0.0656,0.020,0.000,0.197,-0.001
968,44.455,17.8513,-21.923,29.240,-161.83,2.192,0.835,-21.528,28.505,0.1038,-0.0176,0.025,0.000,0.197,-0.020
969,44.515,32.8431,-22.003,29.203,-161.47,2.179,0.836,-21.670,28.436,0.1093,-0.0821,0.019,0.000,0.197,-0.005
970,44.574,27.7760,-22.122,29.146,-160.90,2.178,0.841,-21.810,28.365,0.1203,-0.3052,0.000,0.001,0.196,-0.002
971,44.615,15.0045,-22.240,29.089,-160.35,2.162,0.842,-21.810,28.365,0.1069,0.0772,0.033,0.000,0.196,-0.009
972,44.655,14.4806,-22.318,29.050,-159.99,2.153,0.842,-21.949,28.293,0.1021,0.0819,0.033,0.000,0.196,-0.015
973,44.695,18.1243,-22.393,29.011,-159.62,2.134,0.844,-21.949,28.293,0.1060,-0.1343,0.014,0.000,0.196,0.012
974,44.736,17.0876,-22.470,28.972,-159.26,2.136,0.844,-22.088,28.220,0.0870,-0.2256,0.006,0.000,0.196,0.000
975,44.776,15.1185,-22.547,28.933,-158.90,2.144,0.848,-22.088,28.220,0.1113,-0.0154,0.024,0.000,0.196,-0.006
976,44.814,17.0084,-22.622,28.893,-158.56,2.118,0.847,-22.226,28.145,0.0934,-0.0614,0.020,0.000,0.196,0.019
977,44.855,17.1349,-22.698,28.854,-158.24,2.100,0.852,-22.226,28.145,0.1314,0.1940,0.043,0.000,0.196,0.009
978,44.895,16.4724,-22.772,28.814,-157.91,2.098,0.851,-22.364,28.068,0.1256,-0.2038,0.007,0.000,0.197,-0.010
979,44.936,14.8071,-22.846,28.775,-157.60,2.092,0.856,-22.364,28.068,0.1264,0.1503,0.039,0.000,0.197,-0.002
980,44.976,15.4147,-22.921,28.734,-157.28,2.104,0.854,-22.500,27.990,0.1233,0.0408,0.029,0.000,0.197,0.003
981,45.014,15.2222,-22.994,28.692,-156.93,2.103,0.859,-22.500,27.990,0.0966,0.0468,0.030,0.000,0.196,-0.015
982,45.055,15.7403,-23.067,28.651,-156.58,2.104,0.856,-22.636,27.911,0.1010,0.1367,0.038,0.000,0.196,-0.006
983,45.094,14.8057,-23.140,28.607,-156.19,2.117,0.860,-22.636,27.911,0.0963,0.1210,0.037,0.000,0.196,0.035
984,45.154,18.4074,-23.214,28.564,-155.81,2.130,0.857,-22.770,27.830,0.1009,-0.0211,0.024,0.000,0.196,0.007
985,45.195,15.3170,-23.325,28.498,-155.31,2.149,0.860,-22.904,27.748,0.1226,0.0742,0.033,0.000,0.197,0.012
986,45.236,14.4607,-23.399,28.454,-155.00,2.168,0.862,-22.904,27.748,0.1115,0.2124,0.045,0.000,0.198,-0.015
987,45.295,24.9177,-23.473,28.408,-154.68,2.157,0.862,-23.037,27.665,0.1013,0.0120,0.027,0.000,0.198,0.012
988,45.355,24.5187,-23.585,28.339,-154.13,2.183,0.865,-23.170,27.580,0.1005,-0.0411,0.023,0.000,0.198,0.002
989,45.415,36.2081,-23.696,28.267,-153.54,2.201,0.865,-23.170,27.580,0.1062,-0.0426,0.022,0.000,0.198,0.013
990,45.475,20.7568,-23.807,28.195,-153.01,2.202,0.865,-23.301,27.494,0.1055,-0.0322,0.023,0.000,0.198,-0.005
991,45.536,24.5873,-23.918,28.122,-152.50,2.192,0.865,-23.431,27.406,0.1282,-0.1971,0.009,0.000,0.198,-0.021
992,45.575,16.2674,-24.027,28.047,-151.96,2.186,0.866,-23.561,27.317,0.1195,-0.0705,0.020,0.000,0.197,-0.032
993,45.616,16.6662,-24.099,27.997,-151.59,2.171,0.867,-23.561,27.317,0.1110,-0.1465,0.013,0.000,0.197,-0.003
994,45.655,16.0749,-24.170,27.947,-151.21,2.150,0.866,-23.689,27.227,0.1062,0.1668,0.040,0.000,0.196,0.017
995,45.695,15.5186,-24.240,27.896,-150.83,2.141,0.867,-23.689,27.227,0.1047,-0.0136,0.025,0.000,0.196,-0.023
996,45.735,15.0714,-24.309,27.846,-150.45,2.141,0.864,-23.817,27.135,0.1001,-0.0265,0.023,0.000,0.196,-0.021
997,45.794,17.6168,-24.378,27.795,-150.09,2.144,0.866,-23.817,27.135,0.1134,-0.1741,0.010,0.000,0.196,0.035
998,45.855,25.7045,-24.483,27.717,-149.57,2.145,0.864,-23.943,27.042,0.1217,0.1015,0.035,0.000,0.197,0.026
999,45.895,15.5521,-24.586,27.640,-149.07,2.120,0.863,-24.069,26.948,0.1007,-0.1420,0.013,0.000,0.197,0.009
1000,45.955,21.1039,-24.653,27.587,-148.71,2.110,0.866,-24.069,26.948,0.1043,-0.0482,0.021,0.000,0.196,0.022
1001,46.015,23.3195,-24.754,27.508,-148.14,2.114,0.863,-24.194,26.852,0.1062,0.1074,0.035,0.000,0.196,0.033
1002,46.054,14.9785,-24.853,27.429,-147.62,2.088,0.861,-24.317,26.755,0.1137,0.0817,0.033,0.000,0.196,0.039
1003,46.115,25.8097,-24.918,27.376,-147.29,2.098,0.864,-24.440,26.657,0.1112,0.2102,0.044,0.000,0.196,-0.017
1004,46.155,16.6990,-25.016,27.296,-146.78,2.115,0.860,-24.440,26.657,0.1068,0.0047,0.026,0.000,0.196,-0.014
1005,46.195,14.7354,-25.082,27.241,-146.40,2.132,0.859,-24.561,26.558,0.1062,0.0440,0.030,0.000,0.197,-0.022
1006,46.234,16.9352,-25.147,27.185,-146.03,2.137,0.858,-24.561,26.558,0.1026,0.1844,0.042,0.000,0.197,0.042
1007,46.294,25.0059,-25.212,27.129,-145.66,2.157,0.856,-24.682,26.457,0.1099,-0.1355,0.014,0.000,0.197,0.013
1008,46.335,15.2735,-25.311,27.043,-145.14,2.178,0.856,-24.801,26.355,0.1033,0.2558,0.049,0.000,0.197,0.027
1009,46.396,26.7442,-25.376,26.985,-144.78,2.180,0.853,-24.801,26.355,0.1027,-0.0271,0.024,0.000,0.197,-0.038
1010,46.455,21.0987,-25.474,26.897,-144.24,2.201,0.851,-24.920,26.252,0.1147,0.0996,0.035,0.000,0.197,-0.034
1011,46.495,14.5971,-25.573,26.807,-143.70,2.220,0.850,-25.037,26.147,0.1020,0.1199,0.037,0.000,0.197,-0.016
1012,46.535,17.1512,-25.639,26.747,-143.35,2.215,0.849,-25.037,26.147,0.0879,0.1677,0.042,0.000,0.198,-0.043
1013,46.575,18.1631,-25.704,26.686,-142.98,2.226,0.848,-25.153,26.041,0.1062,0.0324,0.030,0.000,0.198,0.030
1014,46.614,15.4100,-25.769,26.624,-142.62,2.243,0.848,-25.153,26.041,0.1171,-0.0127,0.026,0.000,0.198,0.028
1015,46.675,23.3612,-25.835,26.562,-142.28,2.259,0.845,-25.268,25.935,0.1091,0.0354,0.030,0.000,0.198,-0.024
1016,46.735,19.7342,-25.932,26.468,-141.78,2.265,0.845,-25.382,25.826,0.1190,-0.0751,0.020,0.000,0.198,-0.017
1017,46.775,14.0262,-26.029,26.371,-141.23,2.269,0.844,-25.495,25.717,0.1176,0.1658,0.042,0.000,0.197,0.004
1018,46.815,17.3699,-26.093,26.306,-140.82,2.261,0.839,-25.495,25.717,0.1042,-0.1653,0.012,0.000,0.197,-0.034
1019,46.855,14.2334,-26.156,26.240,-140.42,2.266,0.838,-25.607,25.607,0.1012,-0.0385,0.023,0.000,0.197,-0.030
1020,46.896,15.7405,-26.218,26.174,-140.00,2.267,0.834,-25.607,25.607,0.0979,0.0877,0.035,0.000,0.197,0.038
1021,46.934,15.8557,-26.280,26.107,-139.59,2.265,0.832,-25.717,25.495,0.1027,-0.1276,0.016,0.000,0.196,0.023
1022,46.975,15.4142,-26.342,26.041,-139.23,2.252,0.830,-25.717,25.495,0.1131,-0.0722,0.020,0.000,0.197,-0.032
1023,47.014,14.6816,-26.404,25.975,-138.90,2.258,0.828,-25.826,25.382,0.0994,-0.0091,0.026,0.000,0.198,-0.006
1024,47.075,22.9567,-26.465,25.908,-138.54,2.234,0.827,-25.826,25.382,0.1195,0.0805,0.034,0.000,0.197,0.032
1025,47.134,30.7386,-26.555,25.807,-137.99,2.235,0.822,-25.935,25.268,0.1123,-0.0457,0.023,0.000,0.197,0.018
1026,47.175,17.4001,-26.645,25.706,-137.44,2.245,0.819,-26.041,25.153,0.1047,-0.0697,0.020,0.000,0.197,-0.009
1027,47.237,27.5970,-26.704,25.638,-137.08,2.242,0.819,-26.147,25.037,0.0951,-0.0052,0.026,0.000,0.197,0.020
1028,47.295,28.1668,-26.791,25.535,-136.51,2.230,0.814,-26.147,25.037,0.1059,0.0151,0.028,0.000,0.197,0.026
1029,47.356,22.3571,-26.878,25.432,-135.95,2.224,0.809,-26.252,24.920,0.1126,0.1432,0.039,0.000,0.197,0.005
1030,47.415,22.2712,-26.964,25.328,-135.45,2.238,0.805,-26.355,24.801,0.0958,-0.2215,0.007,0.000,0.198,-0.027
1031,47.455,16.4652,-27.049,25.223,-134.94,2.248,0.802,-26.457,24.682,0.0971,0.0744,0.033,0.000,0.197,-0.036
1032,47.495,18.1870,-27.105,25.152,-134.55,2.255,0.801,-26.457,24.682,0.1087,-0.1184,0.016,0.000,0.197,0.028
1033,47.534,15.2834,-27.161,25.081,-134.17,2.244,0.796,-26.558,24.561,0.1187,-0.1049,0.017,0.000,0.197,0.021
1034,47.574,14.9800,-27.217,25.010,-133.83,2.232,0.797,-26.558,24.561,0.1164,0.0269,0.029,0.000,0.197,-0.032
1035,47.615,14.4177,-27.271,24.939,-133.49,2.228,0.791,-26.657,24.440,0.0957,-0.0447,0.022,0.000,0.197,-0.019
1036,47.655,18.0601,-27.324,24.867,-133.13,2.202,0.791,-26.755,24.317,0.1048,0.1483,0.039,0.000,0.197,0.022
1037,47.695,16.8407,-27.377,24.795,-132.75,2.219,0.785,-26.755,24.317,0.1011,0.0566,0.031,0.000,0.196,0.012
1038,47.734,16.7745,-27.430,24.723,-132.36,2.227,0.784,-26.852,24.194,0.0904,-0.0125,0.025,0.000,0.197,-0.016
1039,47.776,16.1663,-27.483,24.651,-131.99,2.227,0.779,-26.852,24.194,0.0964,0.0513,0.031,0.000,0.197,0.001
1040,47.815,14.6428,-27.535,24.577,-131.65,2.241,0.777,-26.948,24.069,0.0979,0.1554,0.040,0.000,0.197,0.031
1041,47.854,16.9231,-27.587,24.505,-131.32,2.252,0.774,-26.948,24.069,0.0906,0.2230,0.047,0.000,0.197,0.002
1042,47.895,14.6025,-27.639,24.431,-131.00,2.247,0.771,-27.042,23.943,0.0989,0.0241,0.029,0.000,0.198,-0.026
1043,47.935,15.9408,-27.692,24.357,-130.66,2.271,0.770,-27.042,23.943,0.1033,0.2505,0.049,0.000,0.198,0.012
1044,47.975,14.3697,-27.744,24.282,-130.32,2.293,0.766,-27.135,23.817,0.1065,-0.1401,0.015,0.000,0.198,0.029
1045,48.015,15.8812,-27.796,24.206,-129.99,2.298,0.767,-27.135,23.817,0.1038,0.0579,0.032,0.000,0.198,-0.019
1046,48.054,14.6836,-27.848,24.129,-129.64,2.312,0.761,-27.227,23.689,0.0962,0.0126,0.028,0.000,0.198,-0.030
1047,48.095,14.3741,-27.899,24.051,-129.26,2.316,0.761,-27.317,23.561,0.1046,0.0340,0.030,0.000,0.198,0.008
1048,48.135,15.1189,-27.949,23.973,-128.88,2.309,0.754,-27.317,23.561,0.1032,-0.0926,0.019,0.000,0.197,0.020
1049,48.175,15.8873,-28.000,23.894,-128.52,2.317,0.753,-27.406,23.431,0.1092,-0.2255,0.007,0.000,0.198,-0.015
1050,48.215,14.9751,-28.049,23.816,-128.16,2.313,0.749,-27.406,23.431,0.1069,0.1542,0.041,0.000,0.198,-0.034
1051,48.255,14.8973,-28.098,23.737,-127.79,2.288,0.745,-27.494,23.301,0.0876,-0.0392,0.024,0.000,0.197,-0.005
1052,48.316,20.3536,-28.145,23.658,-127.41,2.278,0.743,-27.494,23.301,0.1126,-0.0127,0.026,0.000,0.197,0.015
1053,48.375,29.6684,-28.216,23.541,-126.84,2.283,0.736,-27.580,23.170,0.1086,-0.0654,0.021,0.000,0.197,0.019
1054,48.415,14.7256,-28.286,23.422,-126.32,2.291,0.731,-27.665,23.037,0.1023,-0.0490,0.023,0.000,0.197,-0.010
1055,48.475,21.6263,-28.332,23.342,-125.98,2.283,0.730,-27.748,22.904,0.0834,-0.0443,0.023,0.000,0.197,0.020
1056,48.515,15.0257,-28.399,23.223,-125.44,2.278,0.725,-27.748,22.904,0.0906,-0.1140,0.017,0.000,0.197,0.020
1057,48.556,16.5971,-28.444,23.143,-125.06,2.265,0.718,-27.830,22.770,0.0880,0.1673,0.042,0.000,0.197,0.025
1058,48.615,24.9072,-28.489,23.064,-124.72,2.257,0.719,-27.911,22.636,0.1047,0.0871,0.035,0.000,0.197,-0.008
1059,48.655,14.4518,-28.554,22.945,-124.26,2.266,0.714,-27.911,22.636,0.0996,0.0972,0.036,0.000,0.197,0.001
1060,48.695,16.5549,-28.598,22.865,-123.96,2.283,0.709,-27.990,22.500,0.0992,0.0539,0.032,0.000,0.197,-0.020
1061,48.735,15.1812,-28.642,22.784,-123.63,2.293,0.710,-27.990,22.500,0.0807,0.0472,0.031,0.000,0.197,-0.000
1062,48.777,14.4069,-28.684,22.703,-123.29,2.304,0.703,-28.068,22.364,0.0950,0.1926,0.044,0.000,0.197,0.013
1063,48.815,17.9961,-28.727,22.620,-122.92,2.321,0.703,-28.145,22.226,0.1072,-0.0544,0.023,0.000,0.197,-0.000
1064,48.855,18.0533,-28.769,22.537,-122.57,2.319,0.698,-28.145,22.226,0.0789,0.2382,0.049,0.000,0.197,-0.012
1065,48.896,14.9762,-28.811,22.454,-122.24,2.327,0.695,-28.220,22.088,0.0991,0.1377,0.040,0.000,0.198,-0.005
1066,48.935,15.7532,-28.853,22.369,-121.90,2.347,0.693,-28.220,22.088,0.0909,-0.0295,0.025,0.000,0.198,0.025
1067,48.975,15.7793,-28.894,22.285,-121.57,2.362,0.688,-28.293,21.949,0.0985,-0.0151,0.027,0.000,0.198,0.012
1068,49.017,14.7805,-28.936,22.199,-121.23,2.364,0.690,-28.293,21.949,0.0936,0.0289,0.030,0.000,0.198,-0.016
1069,49.056,14.5867,-28.977,22.113,-120.88,2.377,0.682,-28.365,21.810,0.1022,0.0335,0.031,0.000,0.198,-0.009
1070,49.095,15.5082,-29.017,22.027,-120.54,2.363,0.682,-28.436,21.670,0.0979,0.0610,0.033,0.000,0.198,0.023
1071,49.135,15.4124,-29.056,21.941,-120.20,2.364,0.677,-28.436,21.670,0.1038,-0.0242,0.026,0.000,0.197,0.007
1072,49.175,14.7952,-29.095,21.854,-119.84,2.383,0.674,-28.505,21.528,0.0970,-0.0783,0.021,0.000,0.197,-0.030
1073,49.215,14.8805,-29.133,21.767,-119.46,2.379,0.672,-28.505,21.528,0.0967,-0.1373,0.016,0.000,0.197,-0.010
1074,49.256,14.6429,-29.171,21.679,-119.09,2.365,0.666,-28.572,21.387,0.1013,-0.1350,0.016,0.000,0.197,0.001
1075,49.295,16.9095,-29.208,21.591,-118.73,2.357,0.667,-28.639,21.244,0.1052,0.1875,0.044,0.000,0.197,0.014
1076,49.335,15.6379,-29.244,21.504,-118.36,2.349,0.659,-28.639,21.244,0.0798,-0.1451,0.015,0.000,0.197,-0.012
1077,49.376,15.8483,-29.279,21.417,-118.00,2.333,0.657,-28.703,21.101,0.0896,-0.0359,0.024,0.000,0.196,-0.023
1078,49.415,15.8195,-29.314,21.329,-117.62,2.340,0.652,-28.703,21.101,0.0949,-0.2022,0.010,0.000,0.196,-0.012
1079,49.477,17.3750,-29.349,21.242,-117.26,2.342,0.648,-28.766,20.957,0.1017,-0.0390,0.024,0.000,0.197,0.021
1080,49.536,20.2850,-29.400,21.111,-116.76,2.317,0.645,-28.828,20.813,0.1015,0.0220,0.029,0.000,0.197,-0.014
1081,49.574,14.8754,-29.448,20.981,-116.26,2.300,0.642,-28.888,20.668,0.1003,-0.0607,0.022,0.000,0.196,-0.032
1082,49.615,14.9871,-29.479,20.895,-115.90,2.285,0.634,-28.888,20.668,0.0996,-0.0042,0.027,0.000,0.196,0.015
1083,49.656,17.0290,-29.511,20.808,-115.53,2.289,0.632,-28.947,20.522,0.0845,0.0974,0.036,0.000,0.196,0.030
1084,49.697,16.6757,-29.540,20.722,-115.15,2.294,0.627,-28.947,20.522,0.0873,-0.1029,0.018,0.000,0.196,-0.015
1085,49.757,26.2300,-29.570,20.635,-114.79,2.289,0.623,-29.004,20.376,0.0984,0.1068,0.037,0.000,0.197,-0.012
1086,49.815,28.8183,-29.615,20.504,-114.30,2.285,0.621,-29.059,20.229,0.0806,-0.0851,0.020,0.000,0.197,-0.010
1087,49.855,16.4177,-29.659,20.374,-113.84,2.288,0.617,-29.059,20.229,0.0920,0.1616,0.042,0.000,0.197,-0.008
1088,49.896,15.3126,-29.688,20.286,-113.52,2.288,0.610,-29.113,20.081,0.0949,0.1198,0.038,0.000,0.197,-0.014
1089,49.935,17.3766,-29.716,20.199,-113.19,2.297,0.611,-29.166,19.933,0.1082,0.1156,0.038,0.000,0.198,0.005
1090,49.977,15.2040,-29.744,20.111,-112.88,2.312,0.605,-29.166,19.933,0.0795,-0.0185,0.026,0.000,0.197,0.018
1091,50.036,20.0898,-29.772,20.021,-112.55,2.324,0.604,-29.217,19.784,0.0852,-0.0613,0.022,0.000,0.197,-0.007
1092,50.075,14.8802,-29.812,19.887,-112.03,2.341,0.601,-29.266,19.635,0.1022,0.0721,0.034,0.000,0.197,0.028
1093,50.116,14.5029,-29.839,19.797,-111.69,2.339,0.595,-29.266,19.635,0.1012,0.0875,0.036,0.000,0.198,-0.018
1094,50.175,33.7259,-29.864,19.707,-111.39,2.328,0.594,-29.314,19.486,0.0809,-0.2051,0.010,0.000,0.198,-0.023
1095,50.215,14.9046,-29.902,19.571,-110.91,2.341,0.591,-29.360,19.335,0.0949,0.0663,0.033,0.000,0.198,-0.041
1096,50.256,15.0876,-29.926,19.480,-110.56,2.336,0.585,-29.360,19.335,0.1014,-0.1734,0.012,0.000,0.198,0.008
1097,50.294,16.8191,-29.950,19.391,-110.21,2.333,0.584,-29.404,19.185,0.1041,-0.0725,0.021,0.000,0.197,0.037
1098,50.336,15.4927,-29.973,19.300,-109.87,2.329,0.580,-29.404,19.185,0.0811,-0.0341,0.024,0.000,0.197,-0.011
1099,50.375,15.0414,-29.995,19.210,-109.53,2.299,0.576,-29.447,19.034,0.0894,0.0440,0.031,0.000,0.197,-0.033
1100,50.416,15.0091,-30.017,19.120,-109.18,2.296,0.576,-29.447,19.034,0.0870,0.0155,0.029,0.000,0.197,-0.001
1101,50.455,15.4276,-30.038,19.030,-108.83,2.300,0.569,-29.489,18.882,0.0924,-0.0193,0.026,0.000,0.197,0.031
1102,50.516,24.8493,-30.059,18.940,-108.51,2.305,0.571,-29.529,18.730,0.0967,-0.0354,0.024,0.000,0.197,0.015
1103,50.556,14.6753,-30.090,18.805,-108.04,2.304,0.566,-29.529,18.730,0.0831,-0.0053,0.027,0.000,0.197,0.027
1104,50.614,23.6956,-30.110,18.714,-107.71,2.302,0.560,-29.567,18.578,0.0947,0.0741,0.034,0.000,0.197,-0.008
1105,50.677,19.5783,-30.138,18.578,-107.20,2.308,0.556,-29.604,18.425,0.0686,0.2162,0.047,0.000,0.197,0.023
1106,50.735,32.9948,-30.166,18.442,-106.72,2.305,0.554,-29.639,18.272,0.0674,0.2206,0.047,0.000,0.197,0.038
1107,50.774,14.3078,-30.193,18.306,-106.27,2.336,0.554,-29.672,18.119,0.0849,-0.1509,0.015,0.000,0.198,0.051
1108,50.815,14.5543,-30.212,18.214,-105.97,2.372,0.548,-29.672,18.119,0.0722,0.0687,0.034,0.000,0.198,0.022
1109,50.855,15.1556,-30.231,18.121,-105.71,2.360,0.549,-29.704,17.965,0.0869,0.1061,0.037,0.000,0.199,-0.032
1110,50.895,15.1047,-30.249,18.028,-105.46,2.358,0.549,-29.704,17.965,0.0813,0.0146,0.029,0.000,0.199,-0.012
1111,50.935,15.1467,-30.267,17.935,-105.20,2.362,0.547,-29.734,17.811,0.0847,-0.0995,0.019,0.000,0.199,0.028
1112,50.976,14.9972,-30.284,17.841,-104.91,2.382,0.551,-29.734,17.811,0.0939,-0.1445,0.015,0.000,0.198,-0.004
1113,51.015,14.5870,-30.300,17.748,-104.61,2.370,0.545,-29.763,17.656,0.1091,0.2171,0.047,0.000,0.198,-0.034
1114,51.055,16.3842,-30.316,17.654,-104.29,2.364,0.548,-29.790,17.502,0.0956,-0.0595,0.023,0.000,0.198,-0.025
1115,51.095,14.9017,-30.330,17.560,-103.96,2.354,0.543,-29.790,17.502,0.0882,-0.0394,0.024,0.000,0.198,0.013
1116,51.134,16.2895,-30.343,17.466,-103.61,2.363,0.541,-29.815,17.347,0.0990,-0.1081,0.018,0.000,0.197,0.028
1117,51.175,14.7880,-30.356,17.372,-103.26,2.374,0.542,-29.815,17.347,0.0889,-0.0850,0.020,0.000,0.197,-0.006
1118,51.214,14.8391,-30.369,17.277,-102.91,2.363,0.537,-29.839,17.191,0.1078,-0.2602,0.005,0.000,0.197,-0.042
1119,51.255,16.2491,-30.380,17.185,-102.59,2.341,0.540,-29.861,17.036,0.0861,-0.2104,0.009,0.000,0.198,0.003
1120,51.295,15.6860,-30.392,17.091,-102.26,2.319,0.533,-29.861,17.036,0.0869,0.0041,0.027,0.000,0.197,0.049
1121,51.336,16.7280,-30.402,16.999,-101.92,2.309,0.534,-29.882,16.880,0.0826,0.0445,0.031,0.000,0.197,-0.002
1122,51.374,16.4043,-30.412,16.908,-101.59,2.280,0.531,-29.882,16.880,0.0848,0.2752,0.052,0.000,0.197,-0.052
1123,51.437,22.6331,-30.422,16.817,-101.29,2.280,0.530,-29.901,16.724,0.0855,-0.0692,0.021,0.000,0.197,0.006
1124,51.476,14.7826,-30.436,16.679,-100.85,2.317,0.530,-29.918,16.568,0.0838,0.1940,0.045,0.000,0.197,-0.016
1125,51.535,26.2267,-30.446,16.586,-100.54,2.334,0.528,-29.918,16.568,0.0813,-0.1600,0.013,0.000,0.197,0.043
1126,51.596,18.8134,-30.458,16.445,-100.07,2.356,0.526,-29.933,16.412,0.0861,-0.0645,0.022,0.000,0.198,0.014
1127,51.655,20.5897,-30.470,16.304,-99.60,2.351,0.525,-29.947,16.255,0.1023,0.1831,0.044,0.000,0.198,-0.021
1128,51.694,14.5270,-30.480,16.164,-99.15,2.325,0.525,-29.960,16.099,0.0835,-0.0171,0.026,0.000,0.198,-0.031
1129,51.734,16.1127,-30.486,16.071,-98.85,2.332,0.527,-29.960,16.099,0.1042,-0.0183,0.026,0.000,0.198,-0.025
1130,51.795,19.8241,-30.492,15.978,-98.53,2.334,0.523,-29.970,15.942,0.0912,-0.0934,0.019,0.000,0.198,0.033
1131,51.855,23.4682,-30.499,15.837,-98.04,2.342,0.522,-29.979,15.785,0.0861,0.2492,0.050,0.000,0.198,-0.002
1132,51.895,14.4972,-30.505,15.696,-97.55,2.327,0.522,-29.987,15.628,0.0985,-0.0086,0.027,0.000,0.198,-0.035
1133,51.935,15.5316,-30.508,15.602,-97.22,2.330,0.522,-29.987,15.628,0.0804,0.0062,0.028,0.000,0.198,0.047
1134,51.975,16.5105,-30.511,15.508,-96.89,2.354,0.520,-29.993,15.471,0.0945,0.0375,0.031,0.000,0.197,0.030
1135,52.015,15.8205,-30.513,15.414,-96.56,2.357,0.523,-29.993,15.471,0.0858,-0.1002,0.019,0.000,0.197,-0.032
1136,52.056,16.0654,-30.515,15.319,-96.26,2.351,0.518,-29.997,15.314,0.0835,0.0441,0.032,0.000,0.198,-0.027
1137,52.115,19.1199,-30.517,15.224,-95.94,2.354,0.522,-29.999,15.157,0.0900,-0.1258,0.017,0.000,0.198,0.029
1138,52.156,14.8929,-30.518,15.083,-95.47,2.353,0.524,-29.999,15.157,0.0981,-0.0720,0.021,0.000,0.198,-0.004
1139,52.214,32.3519,-30.518,14.989,-95.16,2.340,0.518,-30.000,15.000,0.0814,-0.1907,0.011,0.000,0.198,0.035
1140,52.256,14.9416,-30.517,14.849,-94.68,2.332,0.518,-29.999,14.843,0.0932,0.1372,0.039,0.000,0.198,-0.004
1141,52.295,15.1788,-30.515,14.755,-94.34,2.312,0.523,-29.997,14.686,0.1095,0.1069,0.037,0.000,0.197,0.037
1142,52.336,17.4591,-30.513,14.662,-94.02,2.319,0.517,-29.997,14.686,0.0932,0.0453,0.032,0.000,0.197,0.001
1143,52.375,15.1947,-30.511,14.569,-93.69,2.320,0.520,-29.993,14.529,0.0859,-0.0756,0.021,0.000,0.197,-0.042
1144,52.415,14.2503,-30.507,14.476,-93.37,2.332,0.517,-29.993,14.529,0.0862,-0.1474,0.014,0.000,0.197,-0.014
1145,52.455,16.0120,-30.503,14.382,-93.03,2.340,0.517,-29.987,14.372,0.0756,0.0430,0.031,0.000,0.197,0.047
1146,52.515,27.7658,-30.499,14.288,-92.69,2.336,0.519,-29.987,14.372,0.0984,-0.0460,0.023,0.000,0.197,0.011
1147,52.555,14.9673,-30.493,14.149,-92.22,2.324,0.518,-29.979,14.215,0.0716,0.0108,0.028,0.000,0.198,0.038
1148,52.596,14.3202,-30.488,14.056,-91.95,2.313,0.518,-29.970,14.058,0.0911,0.1771,0.043,0.000,0.198,-0.022
1149,52.655,27.9046,-30.484,13.963,-91.68,2.313,0.522,-29.970,14.058,0.0995,-0.1116,0.018,0.000,0.198,-0.026
1150,52.695,15.0107,-30.476,13.823,-91.28,2.332,0.522,-29.960,13.901,0.0975,-0.0794,0.020,0.000,0.198,-0.033
1151,52.735,15.3570,-30.470,13.730,-90.99,2.350,0.523,-29.947,13.745,0.0882,0.0197,0.029,0.000,0.198,-0.002
1152,52.775,14.5953,-30.463,13.637,-90.68,2.325,0.527,-29.947,13.745,0.1000,-0.0568,0.022,0.000,0.198,0.027
1153,52.816,15.8281,-30.455,13.544,-90.37,2.327,0.524,-29.933,13.588,0.1048,0.0036,0.028,0.000,0.197,0.005
1154,52.877,19.1607,-30.447,13.451,-90.03,2.330,0.529,-29.918,13.432,0.0902,-0.1172,0.017,0.000,0.197,-0.028
1155,52.915,15.7561,-30.432,13.311,-89.53,2.328,0.528,-29.918,13.432,0.0927,-0.1917,0.010,0.000,0.197,-0.005
1156,52.957,17.2190,-30.422,13.219,-89.17,2.323,0.524,-29.901,13.276,0.1105,0.0371,0.030,0.000,0.197,-0.028
1157,53.014,20.9937,-30.411,13.126,-88.82,2.297,0.529,-29.882,13.120,0.0843,0.0970,0.035,0.000,0.197,-0.000
1158,53.054,16.7123,-30.393,12.989,-88.32,2.279,0.528,-29.882,13.120,0.1043,0.0538,0.032,0.000,0.197,-0.039
1159,53.095,17.2589,-30.381,12.898,-87.97,2.298,0.524,-29.861,12.964,0.1081,-0.0531,0.022,0.000,0.197,0.024
1160,53.135,17.2496,-30.368,12.806,-87.62,2.314,0.529,-29.839,12.809,0.1045,-0.1849,0.011,0.000,0.197,0.024
1161,53.175,14.4541,-30.355,12.715,-87.29,2.306,0.524,-29.839,12.809,0.0963,0.1471,0.040,0.000,0.197,-0.029
1162,53.215,14.7771,-30.340,12.623,-86.93,2.292,0.526,-29.815,12.653,0.0951,-0.2428,0.005,0.000,0.197,-0.025
1163,53.256,16.1541,-30.325,12.532,-86.55,2.296,0.524,-29.815,12.653,0.0815,0.0496,0.031,0.000,0.197,0.019
1164,53.315,19.0134,-30.310,12.442,-86.20,2.280,0.523,-29.790,12.498,0.1063,-0.1469,0.014,0.000,0.197,0.011
1165,53.374,28.4675,-30.287,12.307,-85.70,2.273,0.525,-29.763,12.344,0.0992,-0.0413,0.023,0.000,0.197,0.023
1166,53.415,14.9038,-30.264,12.173,-85.25,2.249,0.529,-29.763,12.344,0.0953,-0.0348,0.023,0.000,0.198,0.010
1167,53.475,20.4180,-30.247,12.084,-84.95,2.246,0.524,-29.734,12.189,0.0978,-0.0512,0.022,0.000,0.197,0.003
1168,53.535,27.7098,-30.221,11.951,-84.46,2.240,0.524,-29.704,12.035,0.0631,-0.1267,0.015,0.000,0.197,0.010
1169,53.575,14.4040,-30.194,11.819,-83.93,2.229,0.526,-29.672,11.881,0.0975,-0.0459,0.022,0.000,0.197,0.014
1170,53.636,21.6579,-30.176,11.731,-83.60,2.231,0.525,-29.672,11.881,0.0985,-0.0877,0.018,0.000,0.196,0.018
1171,53.695,26.9214,-30.148,11.601,-83.14,2.208,0.525,-29.639,11.728,0.0952,0.2409,0.047,0.000,0.197,0.017
1172,53.755,20.5239,-30.118,11.471,-82.67,2.195,0.525,-29.604,11.575,0.0926,0.0994,0.035,0.000,0.197,0.006
1173,53.796,15.0080,-30.087,11.342,-82.16,2.213,0.526,-29.567,11.422,0.0937,0.1854,0.043,0.000,0.197,0.016
1174,53.836,16.8584,-30.066,11.255,-81.83,2.235,0.526,-29.567,11.422,0.0887,-0.0761,0.020,0.000,0.197,0.012
1175,53.895,26.7369,-30.044,11.168,-81.49,2.258,0.526,-29.529,11.270,0.0793,-0.0771,0.020,0.000,0.197,-0.001
1176,53.935,14.6407,-30.011,11.037,-81.02,2.264,0.528,-29.489,11.118,0.0678,0.0595,0.032,0.000,0.198,0.003
1177,53.975,16.4183,-29.988,10.949,-80.70,2.246,0.527,-29.489,11.118,0.0952,0.0913,0.035,0.000,0.198,0.003
1178,54.015,15.0821,-29.966,10.862,-80.41,2.241,0.529,-29.447,10.966,0.1040,0.0689,0.033,0.000,0.198,0.005
1179,54.056,16.0024,-29.944,10.774,-80.15,2.251,0.532,-29.447,10.966,0.0880,0.0319,0.030,0.000,0.198,0.010
1180,54.095,17.3960,-29.921,10.687,-79.89,2.256,0.532,-29.404,10.815,0.0897,0.1230,0.038,0.000,0.198,-0.011
1181,54.135,16.7766,-29.897,10.599,-79.63,2.268,0.538,-29.404,10.815,0.0911,-0.3111,0.000,0.001,0.198,-0.018
1182,54.175,14.5291,-29.872,10.511,-79.32,2.279,0.535,-29.360,10.665,0.0782,0.0946,0.035,0.000,0.198,-0.003
1183,54.235,20.9842,-29.846,10.424,-78.99,2.274,0.540,-29.314,10.514,0.1016,0.1156,0.037,0.000,0.197,0.003
1184,54.295,22.4067,-29.807,10.293,-78.50,2.260,0.541,-29.314,10.514,0.0987,0.0476,0.031,0.000,0.197,0.020
1185,54.355,23.8418,-29.768,10.164,-78.07,2.265,0.541,-29.266,10.365,0.0959,-0.0360,0.024,0.000,0.198,0.018
1186,54.396,17.4159,-29.727,10.032,-77.63,2.288,0.542,-29.217,10.216,0.0822,-0.1333,0.015,0.000,0.198,0.004
1187,54.436,15.7840,-29.698,9.945,-77.31,2.289,0.546,-29.166,10.067,0.0803,0.0523,0.031,0.000,0.197,0.015
1188,54.495,23.5980,-29.669,9.857,-76.94,2.289,0.545,-29.166,10.067,0.1101,0.0498,0.031,0.000,0.197,-0.006
1189,54.535,14.6864,-29.625,9.727,-76.45,2.281,0.547,-29.113,9.919,0.0997,0.0374,0.030,0.000,0.198,0.007
1190,54.595,18.1621,-29.596,9.641,-76.17,2.279,0.552,-29.059,9.771,0.0980,0.0787,0.034,0.000,0.198,-0.013
1191,54.654,27.2164,-29.550,9.511,-75.74,2.289,0.555,-29.059,9.771,0.0871,0.0379,0.030,0.000,0.197,-0.010
1192,54.696,14.3999,-29.502,9.381,-75.22,2.306,0.554,-29.004,9.624,0.0969,-0.3493,0.000,0.004,0.197,0.002
1193,54.756,23.8600,-29.469,9.294,-74.85,2.306,0.554,-28.947,9.478,0.0953,0.1825,0.043,0.000,0.197,-0.019
1194,54.815,25.4431,-29.420,9.166,-74.35,2.267,0.557,-28.888,9.332,0.1049,-0.0715,0.020,0.000,0.197,-0.016
1195,54.856,14.4741,-29.369,9.040,-73.87,2.258,0.561,-28.828,9.187,0.0884,0.0560,0.032,0.000,0.197,0.004
1196,54.895,16.9896,-29.335,8.955,-73.53,2.275,0.557,-28.828,9.187,0.0922,-0.1150,0.017,0.000,0.197,-0.030
1197,54.935,15.2089,-29.300,8.871,-73.17,2.282,0.560,-28.766,9.043,0.0985,0.0521,0.031,0.000,0.197,-0.008
1198,54.975,17.9285,-29.264,8.786,-72.83,2.272,0.560,-28.766,9.043,0.0962,-0.0921,0.019,0.000,0.197,0.032
1199,55.015,14.9580,-29.229,8.702,-72.50,2.274,0.561,-28.703,8.899,0.0978,0.1893,0.043,0.000,0.197,-0.005
1200,55.055,15.0271,-29.192,8.619,-72.16,2.267,0.563,-28.703,8.899,0.1081,0.0299,0.029,0.000,0.197,-0.020
1201,55.095,14.6117,-29.155,8.536,-71.83,2.263,0.562,-28.639,8.756,0.1095,-0.0328,0.024,0.000,0.197,-0.004
1202,55.137,14.9452,-29.118,8.452,-71.48,2.283,0.567,-28.639,8.756,0.1061,0.0123,0.028,0.000,0.197,0.026
1203,55.175,14.2770,-29.079,8.369,-71.11,2.288,0.562,-28.572,8.613,0.0951,0.0983,0.036,0.000,0.197,-0.004
1204,55.236,21.0118,-29.039,8.286,-70.73,2.273,0.566,-28.505,8.472,0.0974,0.0406,0.031,0.000,0.196,-0.028
1205,55.295,29.3574,-28.979,8.162,-70.16,2.291,0.567,-28.505,8.472,0.1012,0.2257,0.047,0.000,0.197,-0.009
1206,55.336,15.3538,-28.919,8.038,-69.65,2.300,0.565,-28.436,8.330,0.0943,-0.1733,0.012,0.000,0.197,0.010
1207,55.375,14.7385,-28.878,7.955,-69.31,2.315,0.564,-28.365,8.190,0.1028,0.0969,0.036,0.000,0.197,-0.036
1208,55.415,14.8438,-28.835,7.872,-68.95,2.318,0.568,-28.365,8.190,0.1108,0.0520,0.032,0.000,0.198,-0.004
1209,55.455,16.9493,-28.793,7.789,-68.60,2.313,0.564,-28.293,8.051,0.1020,0.0235,0.029,0.000,0.197,0.039
1210,55.516,18.9951,-28.749,7.707,-68.23,2.323,0.568,-28.220,7.912,0.0953,-0.0103,0.026,0.000,0.197,-0.003
1211,55.575,21.9192,-28.683,7.583,-67.67,2.329,0.568,-28.220,7.912,0.1141,-0.0638,0.022,0.000,0.197,0.022
1212,55.614,15.9052,-28.616,7.460,-67.11,2.330,0.566,-28.145,7.774,0.1015,-0.1342,0.015,0.000,0.197,0.039
1213,55.655,16.2903,-28.570,7.378,-66.75,2.331,0.564,-28.068,7.636,0.0974,0.0019,0.027,0.000,0.197,0.012
1214,55.696,16.9307,-28.524,7.297,-66.40,2.304,0.568,-28.068,7.636,0.0883,-0.0386,0.024,0.000,0.197,-0.027
1215,55.735,14.9800,-28.478,7.217,-66.04,2.296,0.564,-27.990,7.500,0.1026,-0.0588,0.022,0.000,0.197,-0.024
1216,55.775,14.7897,-28.432,7.137,-65.69,2.297,0.568,-27.911,7.364,0.1102,-0.0980,0.018,0.000,0.197,0.032
1217,55.816,15.0782,-28.386,7.058,-65.36,2.292,0.565,-27.911,7.364,0.0986,0.1267,0.038,0.000,0.197,0.025
1218,55.856,14.5377,-28.340,6.979,-65.03,2.276,0.568,-27.830,7.230,0.1056,-0.1859,0.010,0.000,0.197,-0.033
1219,55.916,19.2328,-28.292,6.900,-64.70,2.289,0.567,-27.830,7.230,0.0934,-0.1963,0.009,0.000,0.197,-0.036
1220,55.957,17.1198,-28.220,6.783,-64.15,2.277,0.566,-27.748,7.096,0.0858,0.0130,0.028,0.000,0.197,-0.053
1221,55.996,16.1046,-28.171,6.706,-63.78,2.251,0.568,-27.665,6.963,0.1012,0.0493,0.031,0.000,0.197,0.013
1222,56.036,16.4712,-28.123,6.630,-63.42,2.238,0.566,-27.665,6.963,0.0876,-0.1577,0.013,0.000,0.196,0.048
1223,56.095,27.0577,-28.075,6.554,-63.09,2.239,0.567,-27.580,6.830,0.0875,-0.1300,0.015,0.000,0.197,-0.015
1224,56.136,14.6557,-28.002,6.441,-62.64,2.230,0.570,-27.494,6.699,0.0847,-0.1262,0.015,0.000,0.197,0.000
1225,56.175,17.7952,-27.954,6.366,-62.34,2.202,0.568,-27.494,6.699,0.0953,0.0689,0.032,0.000,0.197,-0.036
1226,56.215,16.5773,-27.906,6.292,-62.04,2.186,0.571,-27.406,6.569,0.0964,0.0176,0.028,0.000,0.197,0.011
1227,56.256,17.0006,-27.858,6.219,-61.74,2.183,0.571,-27.406,6.569,0.1024,0.3667,0.059,0.000,0.197,0.026
1228,56.295,14.7919,-27.810,6.147,-61.44,2.187,0.572,-27.317,6.439,0.0982,0.0463,0.031,0.000,0.197,-0.026
1229,56.336,15.0645,-27.760,6.074,-61.14,2.212,0.574,-27.317,6.439,0.0866,0.1669,0.041,0.000,0.197,-0.014
1230,56.397,20.0336,-27.709,6.001,-60.81,2.224,0.573,-27.227,6.311,0.0939,-0.0338,0.024,0.000,0.197,0.032
1231,56.455,26.1989,-27.631,5.890,-60.29,2.257,0.576,-27.135,6.183,0.0861,-0.0969,0.018,0.000,0.198,0.028
1232,56.494,15.1911,-27.551,5.779,-59.81,2.265,0.580,-27.042,6.057,0.1044,0.1373,0.039,0.000,0.198,-0.003
1233,56.535,14.2796,-27.498,5.705,-59.50,2.258,0.576,-27.042,6.057,0.0955,-0.0131,0.026,0.000,0.198,0.043
1234,56.575,14.3616,-27.444,5.632,-59.18,2.265,0.580,-26.948,5.931,0.0817,-0.0797,0.020,0.000,0.198,-0.005
1235,56.615,14.1785,-27.390,5.559,-58.86,2.259,0.578,-26.948,5.931,0.0831,-0.1052,0.017,0.000,0.198,-0.043
1236,56.677,27.3969,-27.336,5.486,-58.53,2.264,0.580,-26.852,5.806,0.0844,0.1133,0.037,0.000,0.198,0.011
1237,56.717,14.4827,-27.254,5.378,-58.05,2.242,0.585,-26.755,5.683,0.0958,0.1157,0.037,0.000,0.198,0.001
1238,56.775,28.6172,-27.199,5.306,-57.76,2.238,0.582,-26.755,5.683,0.1024,0.1793,0.043,0.000,0.198,0.028
1239,56.815,14.7723,-27.117,5.200,-57.33,2.257,0.584,-26.657,5.560,0.1002,-0.1017,0.018,0.000,0.198,0.019
1240,56.855,16.4149,-27.060,5.128,-57.01,2.285,0.591,-26.558,5.439,0.1047,0.0443,0.031,0.000,0.197,0.018
1241,56.895,15.1720,-27.003,5.056,-56.67,2.291,0.587,-26.558,5.439,0.1052,-0.0246,0.025,0.000,0.197,-0.025
1242,56.935,15.2941,-26.944,4.985,-56.31,2.292,0.590,-26.457,5.318,0.1083,-0.0362,0.024,0.000,0.197,-0.021
1243,56.975,14.3185,-26.885,4.915,-55.93,2.283,0.588,-26.457,5.318,0.1050,-0.1090,0.017,0.000,0.197,0.021
1244,57.016,18.5925,-26.825,4.845,-55.55,2.285,0.588,-26.355,5.199,0.1028,0.0636,0.033,0.000,0.197,0.029
1245,57.076,27.7452,-26.764,4.776,-55.16,2.281,0.588,-26.355,5.199,0.0802,-0.0423,0.023,0.000,0.197,-0.027
1246,57.135,21.2031,-26.673,4.673,-54.58,2.283,0.586,-26.252,5.080,0.1041,0.0507,0.031,0.000,0.197,0.006
1247,57.175,14.6726,-26.581,4.571,-54.04,2.288,0.585,-26.147,4.963,0.1075,0.1639,0.041,0.000,0.197,0.031
1248,57.216,14.3210,-26.521,4.504,-53.72,2.275,0.590,-26.041,4.847,0.0921,0.0484,0.031,0.000,0.197,-0.032
1249,57.256,14.9279,-26.460,4.435,-53.42,2.286,0.587,-26.041,4.847,0.0933,-0.0007,0.027,0.000,0.198,-0.020
1250,57.295,15.5080,-26.398,4.367,-53.09,2.296,0.589,-25.935,4.732,0.0941,0.0994,0.036,0.000,0.198,0.035
1251,57.355,25.4223,-26.335,4.299,-52.75,2.309,0.589,-25.935,4.732,0.1009,-0.1085,0.018,0.000,0.197,0.010
1252,57.395,14.1329,-26.240,4.198,-52.23,2.313,0.589,-25.826,4.618,0.0824,0.1003,0.036,0.000,0.198,0.029
1253,57.435,14.3455,-26.175,4.130,-51.90,2.318,0.592,-25.717,4.505,0.0961,-0.0887,0.019,0.000,0.197,-0.007
1254,57.475,19.6560,-26.111,4.063,-51.54,2.322,0.592,-25.717,4.505,0.0944,0.0436,0.031,0.000,0.198,-0.025
1255,57.516,16.0499,-26.046,3.997,-51.21,2.314,0.592,-25.607,4.393,0.1112,-0.1469,0.014,0.000,0.198,-0.005
1256,57.555,14.5539,-25.980,3.930,-50.88,2.307,0.595,-25.607,4.393,0.1028,-0.0501,0.023,0.000,0.198,0.031
1257,57.615,33.8395,-25.914,3.865,-50.53,2.316,0.592,-25.495,4.283,0.1071,-0.1500,0.014,0.000,0.197,-0.002
1258,57.654,15.2376,-25.816,3.769,-50.00,2.300,0.593,-25.382,4.174,0.0908,0.2100,0.045,0.000,0.197,0.031
1259,57.716,32.1673,-25.749,3.706,-49.62,2.279,0.594,-25.382,4.174,0.0850,0.0730,0.034,0.000,0.196,-0.038
1260,57.756,16.4380,-25.648,3.612,-49.05,2.298,0.592,-25.268,4.065,0.0787,0.0884,0.035,0.000,0.196,0.003
1261,57.796,17.2716,-25.581,3.548,-48.70,2.315,0.593,-25.153,3.959,0.1043,-0.1230,0.016,0.000,0.197,-0.021
1262,57.836,13.9431,-25.513,3.484,-48.39,2.322,0.596,-25.153,3.959,0.0995,0.0040,0.028,0.000,0.198,0.027
1263,57.897,23.3398,-25.445,3.420,-48.11,2.310,0.595,-25.037,3.853,0.1111,-0.1274,0.016,0.000,0.198,0.033
1264,57.936,18.3559,-25.343,3.326,-47.67,2.307,0.598,-24.920,3.748,0.0908,0.0863,0.035,0.000,0.198,0.010
1265,57.995,22.5428,-25.273,3.264,-47.34,2.302,0.600,-24.920,3.748,0.1086,-0.0707,0.021,0.000,0.197,0.010
1266,58.037,15.2803,-25.169,3.172,-46.80,2.298,0.599,-24.801,3.645,0.1100,-0.1187,0.016,0.000,0.197,0.019
1267,58.076,15.2869,-25.100,3.111,-46.47,2.311,0.601,-24.682,3.543,0.1017,-0.0391,0.023,0.000,0.197,0.017
1268,58.116,15.0672,-25.029,3.051,-46.13,2.296,0.602,-24.682,3.543,0.1123,-0.0523,0.022,0.000,0.197,-0.033
1269,58.175,20.3554,-24.958,2.992,-45.78,2.286,0.600,-24.561,3.442,0.0882,-0.2555,0.004,0.000,0.197,-0.019
1270,58.238,21.3624,-24.852,2.906,-45.22,2.275,0.601,-24.440,3.343,0.1031,-0.0316,0.024,0.000,0.197,-0.033
1271,58.296,27.7585,-24.745,2.820,-44.65,2.248,0.603,-24.317,3.245,0.0991,0.0902,0.034,0.000,0.197,-0.027
1272,58.335,15.0843,-24.640,2.737,-44.14,2.220,0.602,-24.317,3.245,0.0933,0.0291,0.029,0.000,0.197,-0.020
1273,58.375,16.1300,-24.569,2.682,-43.80,2.223,0.599,-24.194,3.148,0.0949,0.0616,0.032,0.000,0.197,-0.014
1274,58.436,19.6580,-24.498,2.627,-43.46,2.231,0.603,-24.194,3.148,0.0890,-0.2114,0.008,0.000,0.197,0.016
1275,58.495,26.7164,-24.391,2.545,-42.96,2.245,0.601,-24.069,3.052,0.1094,-0.1947,0.009,0.000,0.197,0.008
1276,58.536,17.7809,-24.284,2.463,-42.47,2.224,0.600,-23.943,2.958,0.0849,0.3170,0.054,0.000,0.197,-0.005
1277,58.575,18.9988,-24.212,2.410,-42.16,2.191,0.602,-23.817,2.865,0.0877,0.0719,0.033,0.000,0.197,0.001
1278,58.615,13.8423,-24.141,2.358,-41.85,2.204,0.602,-23.817,2.865,0.0977,0.1779,0.042,0.000,0.197,0.011
1279,58.656,16.3049,-24.070,2.305,-41.54,2.214,0.603,-23.689,2.773,0.0995,0.1299,0.038,0.000,0.197,-0.005
1280,58.695,17.3319,-23.998,2.253,-41.24,2.243,0.605,-23.689,2.773,0.0921,-0.0982,0.018,0.000,0.197,-0.009
1281,58.736,18.3837,-23.924,2.200,-40.93,2.259,0.604,-23.561,2.683,0.0903,-0.1978,0.009,0.000,0.197,0.020
1282,58.776,14.7276,-23.850,2.148,-40.60,2.260,0.608,-23.561,2.683,0.1015,-0.0131,0.025,0.000,0.197,0.011
1283,58.815,14.1042,-23.775,2.096,-40.26,2.246,0.605,-23.431,2.594,0.0999,0.1697,0.042,0.000,0.198,-0.016
1284,58.856,14.2010,-23.701,2.045,-39.92,2.235,0.610,-23.301,2.506,0.0839,0.1230,0.038,0.000,0.198,0.004
1285,58.895,13.8527,-23.627,1.995,-39.61,2.221,0.606,-23.301,2.506,0.0926,-0.1481,0.014,0.000,0.197,0.013
1286,58.956,26.0052,-23.551,1.945,-39.28,2.252,0.609,-23.170,2.420,0.0970,-0.0948,0.018,0.000,0.197,-0.005
1287,58.995,15.1429,-23.438,1.871,-38.78,2.254,0.611,-23.170,2.420,0.1084,0.0590,0.032,0.000,0.198,0.003
1288,59.055,27.0953,-23.362,1.822,-38.44,2.235,0.607,-23.037,2.335,0.0953,-0.1148,0.017,0.000,0.197,-0.012
1289,59.096,14.6656,-23.249,1.750,-37.94,2.231,0.608,-22.904,2.252,0.0953,-0.0153,0.025,0.000,0.197,-0.015
1290,59.136,14.9542,-23.173,1.704,-37.59,2.226,0.610,-22.904,2.252,0.0999,-0.0756,0.020,0.000,0.197,-0.016
1291,59.176,15.1013,-23.097,1.657,-37.24,2.222,0.608,-22.770,2.170,0.0856,0.0888,0.034,0.000,0.197,0.004
1292,59.215,14.2270,-23.020,1.611,-36.91,2.218,0.612,-22.770,2.170,0.0943,0.1500,0.040,0.000,0.197,0.017
1293,59.256,15.5223,-22.944,1.565,-36.57,2.218,0.608,-22.636,2.089,0.0917,0.0312,0.030,0.000,0.197,-0.013
1294,59.295,14.6149,-22.867,1.520,-36.25,2.233,0.612,-22.500,2.010,0.0940,-0.1499,0.014,0.000,0.197,-0.003
1295,59.355,19.7965,-22.790,1.474,-35.93,2.239,0.609,-22.500,2.010,0.0928,0.0718,0.033,0.000,0.197,0.026
1296,59.415,25.5857,-22.673,1.406,-35.44,2.228,0.610,-22.364,1.932,0.0983,0.1241,0.038,0.000,0.197,0.011
1297,59.456,15.1932,-22.556,1.340,-34.95,2.226,0.611,-22.226,1.855,0.0891,0.0259,0.029,0.000,0.197,-0.003
1298,59.494,14.9407,-22.477,1.297,-34.63,2.229,0.613,-22.226,1.855,0.0950,0.1203,0.038,0.000,0.197,0.022
1299,59.535,14.4244,-22.398,1.253,-34.29,2.251,0.612,-22.088,1.780,0.0933,0.0378,0.030,0.000,0.197,0.007
1300,59.575,15.9456,-22.319,1.210,-33.96,2.261,0.615,-22.088,1.780,0.0974,-0.0020,0.027,0.000,0.197,-0.008
1301,59.615,15.4670,-22.239,1.167,-33.64,2.259,0.612,-21.949,1.707,0.0953,-0.1281,0.016,0.000,0.198,-0.000
1302,59.676,21.7930,-22.158,1.125,-33.31,2.271,0.618,-21.810,1.635,0.1013,-0.0463,0.023,0.000,0.197,0.017
1303,59.736,23.8583,-22.036,1.062,-32.80,2.254,0.616,-21.810,1.635,0.0821,-0.1057,0.018,0.000,0.197,0.019
1304,59.775,14.6204,-21.916,1.002,-32.29,2.234,0.614,-21.670,1.564,0.0978,0.0943,0.035,0.000,0.197,0.000
1305,59.815,17.4141,-21.836,0.963,-31.95,2.233,0.615,-21.528,1.495,0.1017,0.0861,0.035,0.000,0.197,0.023
1306,59.855,14.1794,-21.755,0.923,-31.61,2.229,0.615,-21.528,1.495,0.1184,0.1141,0.037,0.000,0.197,-0.021
1307,59.917,27.7701,-21.674,0.885,-31.29,2.249,0.614,-21.387,1.428,0.1057,-0.0164,0.026,0.000,0.197,-0.024
1308,59.975,23.7032,-21.551,0.828,-30.77,2.268,0.616,-21.244,1.361,0.0956,0.0464,0.031,0.000,0.197,-0.025
1309,60.015,14.1758,-21.426,0.772,-30.19,2.275,0.617,-21.244,1.361,0.0975,0.0843,0.035,0.000,0.197,-0.014
1310,60.076,24.6001,-21.342,0.735,-29.80,2.267,0.611,-21.101,1.297,0.1024,0.1215,0.038,0.000,0.197,-0.001
1311,60.116,18.9773,-21.217,0.681,-29.27,2.278,0.611,-20.957,1.234,0.1040,-0.1038,0.018,0.000,0.197,-0.017
1312,60.175,30.3555,-21.133,0.645,-28.94,2.283,0.615,-20.957,1.234,0.0990,-0.1243,0.016,0.000,0.198,0.014
1313,60.215,14.0851,-21.005,0.592,-28.41,2.286,0.611,-20.813,1.172,0.0833,0.0975,0.036,0.000,0.198,-0.022
1314,60.256,15.3304,-20.920,0.557,-28.02,2.275,0.609,-20.668,1.112,0.1013,0.0348,0.030,0.000,0.197,0.029
1315,60.295,14.8437,-20.835,0.524,-27.65,2.275,0.612,-20.668,1.112,0.0986,-0.1546,0.014,0.000,0.197,0.024
1316,60.335,14.6316,-20.750,0.489,-27.33,2.272,0.608,-20.522,1.053,0.0950,-0.0619,0.022,0.000,0.197,-0.034
1317,60.396,32.3794,-20.665,0.456,-27.01,2.276,0.613,-20.376,0.996,0.1097,0.0634,0.033,0.000,0.197,-0.032
1318,60.435,15.7089,-20.538,0.407,-26.51,2.266,0.611,-20.376,0.996,0.0796,0.1418,0.040,0.000,0.197,-0.040
1319,60.477,16.2834,-20.453,0.376,-26.17,2.248,0.608,-20.229,0.941,0.0892,0.0472,0.031,0.000,0.197,0.025
1320,60.515,15.2552,-20.367,0.344,-25.82,2.269,0.612,-20.229,0.941,0.0906,-0.0993,0.019,0.000,0.197,0.032
1321,60.556,14.0422,-20.282,0.313,-25.48,2.288,0.608,-20.081,0.887,0.1044,0.0535,0.032,0.000,0.197,-0.023
1322,60.595,14.1769,-20.196,0.282,-25.16,2.278,0.612,-19.933,0.834,0.1139,0.0351,0.030,0.000,0.198,-0.022
1323,60.655,23.7045,-20.110,0.252,-24.85,2.267,0.609,-19.933,0.834,0.0830,-0.1010,0.018,0.000,0.198,0.029
1324,60.695,15.0342,-19.980,0.208,-24.34,2.279,0.608,-19.784,0.783,0.1183,-0.0207,0.025,0.000,0.197,0.004
1325,60.736,19.5586,-19.892,0.179,-23.97,2.284,0.612,-19.635,0.734,0.0886,-0.0390,0.024,0.000,0.197,0.034
1326,60.776,14.1011,-19.805,0.151,-23.60,2.276,0.607,-19.635,0.734,0.1065,0.0041,0.027,0.000,0.197,-0.006
1327,60.815,15.2802,-19.718,0.123,-23.26,2.267,0.609,-19.486,0.686,0.0922,-0.1113,0.017,0.000,0.197,-0.036
1328,60.855,14.7731,-19.631,0.096,-22.94,2.270,0.608,-19.486,0.686,0.0977,-0.0912,0.019,0.000,0.198,-0.003
1329,60.896,16.4993,-19.544,0.069,-22.63,2.261,0.608,-19.335,0.640,0.1016,0.0332,0.030,0.000,0.197,0.042
1330,60.935,14.7032,-19.457,0.043,-22.30,2.250,0.609,-19.335,0.640,0.0993,-0.0477,0.023,0.000,0.197,-0.008
1331,60.976,15.7836,-19.371,0.018,-21.97,2.254,0.607,-19.185,0.596,0.0916,-0.0741,0.020,0.000,0.197,-0.057
1332,61.015,15.1049,-19.284,-0.006,-21.61,2.247,0.610,-19.185,0.596,0.0970,0.0707,0.033,0.000,0.197,0.014
1333,61.056,15.0562,-19.197,-0.031,-21.26,2.247,0.606,-19.034,0.553,0.0895,0.1216,0.038,0.000,0.197,0.038
1334,61.096,16.0631,-19.110,-0.054,-20.91,2.249,0.609,-18.882,0.511,0.0957,0.0974,0.036,0.000,0.197,-0.032
1335,61.155,20.1030,-19.023,-0.078,-20.59,2.250,0.605,-18.882,0.511,0.0906,0.0931,0.035,0.000,0.197,-0.026
1336,61.195,15.6211,-18.891,-0.112,-20.11,2.271,0.605,-18.730,0.471,0.1035,0.1637,0.042,0.000,0.197,-0.040
1337,61.235,16.1665,-18.802,-0.135,-19.78,2.286,0.611,-18.730,0.471,0.0915,-0.1727,0.012,0.000,0.198,0.022
1338,61.275,15.2122,-18.712,-0.157,-19.44,2.304,0.605,-18.578,0.433,0.0974,0.1484,0.040,0.000,0.198,0.027
1339,61.316,14.8728,-18.622,-0.179,-19.10,2.304,0.608,-18.425,0.396,0.1009,-0.1105,0.018,0.000,0.198,-0.008
1340,61.357,15.1114,-18.533,-0.200,-18.77,2.298,0.606,-18.425,0.396,0.0924,-0.1503,0.014,0.000,0.198,-0.035
1341,61.395,15.7899,-18.442,-0.221,-18.43,2.301,0.606,-18.272,0.361,0.1045,0.1278,0.038,0.000,0.198,-0.006
1342,61.436,15.8999,-18.352,-0.241,-18.08,2.286,0.607,-18.272,0.361,0.0944,-0.0992,0.018,0.000,0.198,0.037
1343,61.475,16.2701,-18.263,-0.260,-17.73,2.285,0.605,-18.119,0.328,0.1055,0.1619,0.041,0.000,0.197,-0.009
1344,61.516,16.4251,-18.174,-0.278,-17.39,2.285,0.608,-18.119,0.328,0.0939,-0.0171,0.026,0.000,0.197,-0.047
1345,61.575,19.5063,-18.083,-0.296,-17.05,2.286,0.604,-17.965,0.296,0.0954,0.0839,0.035,0.000,0.198,0.003
1346,61.614,14.7901,-17.947,-0.323,-16.54,2.301,0.604,-17.811,0.266,0.0929,-0.1846,0.011,0.000,0.198,-0.022
1347,61.676,22.4115,-17.856,-0.340,-16.19,2.300,0.607,-17.811,0.266,0.1054,0.2092,0.046,0.000,0.198,0.046
1348,61.715,18.6409,-17.720,-0.364,-15.67,2.289,0.605,-17.656,0.237,0.0888,0.0032,0.028,0.000,0.198,0.018
1349,61.775,24.8126,-17.629,-0.380,-15.33,2.286,0.603,-17.502,0.210,0.1075,-0.0421,0.024,0.000,0.197,0.034
1350,61.815,15.0231,-17.493,-0.402,-14.82,2.302,0.605,-17.347,0.185,0.0938,-0.0803,0.020,0.000,0.198,0.035
1351,61.856,14.6717,-17.401,-0.417,-14.49,2.304,0.604,-17.347,0.185,0.1044,0.1061,0.037,0.000,0.197,0.012
1352,61.895,14.0134,-17.310,-0.431,-14.17,2.294,0.603,-17.191,0.161,0.1081,-0.1262,0.016,0.000,0.197,-0.032
1353,61.935,15.3535,-17.219,-0.444,-13.83,2.299,0.605,-17.191,0.161,0.0860,-0.0153,0.026,0.000,0.198,-0.019
1354,61.995,23.6287,-17.128,-0.456,-13.48,2.289,0.602,-17.036,0.139,0.1093,0.0812,0.034,0.000,0.197,0.031
1355,62.036,17.2272,-16.991,-0.473,-12.93,2.281,0.602,-16.880,0.118,0.0744,-0.0622,0.022,0.000,0.198,0.012
1356,62.077,18.8912,-16.900,-0.485,-12.59,2.288,0.604,-16.880,0.118,0.1088,-0.1722,0.012,0.000,0.197,0.049
1357,62.135,28.3543,-16.808,-0.496,-12.26,2.302,0.601,-16.724,0.099,0.1081,-0.0240,0.025,0.000,0.197,-0.007
1358,62.175,14.4718,-16.672,-0.512,-11.80,2.276,0.603,-16.568,0.082,0.0927,-0.1147,0.017,0.000,0.197,0.011
1359,62.215,14.6260,-16.581,-0.521,-11.49,2.256,0.603,-16.568,0.082,0.0893,0.1394,0.039,0.000,0.197,-0.051
1360,62.256,14.9671,-16.491,-0.530,-11.15,2.246,0.602,-16.412,0.067,0.0929,-0.0169,0.026,0.000,0.198,-0.009
1361,62.316,30.2983,-16.401,-0.539,-10.81,2.249,0.605,-16.412,0.067,0.1101,0.1514,0.040,0.000,0.197,0.035
1362,62.356,13.8747,-16.266,-0.551,-10.33,2.258,0.603,-16.255,0.053,0.0934,0.0585,0.032,0.000,0.197,0.026
1363,62.414,26.0424,-16.175,-0.557,-10.01,2.268,0.603,-16.099,0.040,0.0930,0.1189,0.038,0.000,0.197,0.007
1364,62.455,14.1331,-16.038,-0.567,-9.50,2.281,0.604,-15.942,0.030,0.0951,0.0687,0.034,0.000,0.197,0.029
1365,62.495,14.6511,-15.946,-0.573,-9.16,2.302,0.603,-15.942,0.030,0.1109,0.1058,0.037,0.000,0.197,0.007
1366,62.535,15.5332,-15.854,-0.578,-8.81,2.309,0.603,-15.785,0.021,0.0933,0.0610,0.033,0.000,0.198,-0.020
1367,62.575,14.7464,-15.762,-0.583,-8.48,2.319,0.604,-15.785,0.021,0.0905,-0.0347,0.025,0.000,0.198,-0.013
1368,62.616,16.5371,-15.668,-0.587,-8.13,2.326,0.601,-15.628,0.013,0.1005,0.1755,0.043,0.000,0.198,0.032
1369,62.655,14.0361,-15.575,-0.590,-7.78,2.340,0.606,-15.628,0.013,0.0917,0.0800,0.035,0.000,0.198,0.010
1370,62.695,16.1536,-15.481,-0.594,-7.44,2.336,0.601,-15.471,0.007,0.0871,-0.0732,0.022,0.000,0.198,-0.041
1371,62.736,14.5183,-15.387,-0.596,-7.10,2.343,0.604,-15.314,0.003,0.0853,0.0738,0.034,0.000,0.198,-0.003
1372,62.775,14.8648,-15.292,-0.599,-6.76,2.357,0.602,-15.314,0.003,0.0939,0.1200,0.039,0.000,0.198,0.045
1373,62.836,27.8542,-15.197,-0.601,-6.44,2.358,0.603,-15.157,0.001,0.1113,0.0577,0.033,0.000,0.198,0.006
1374,62.876,15.4711,-15.055,-0.603,-5.97,2.363,0.605,-15.000,0.000,0.0910,-0.0353,0.025,0.000,0.198,0.020
1375,62.935,24.6619,-14.960,-0.603,-5.64,2.383,0.605,-15.000,0.000,0.0849,0.0740,0.035,0.000,0.198,-0.024
1376,62.975,16.2862,-14.816,-0.602,-5.11,2.378,0.603,-14.800,0.000,0.1073,0.0783,0.035,0.000,0.197,0.010
1377,63.015,15.1955,-14.720,-0.602,-4.76,2.390,0.602,-14.700,0.000,0.0824,-0.0624,0.023,0.000,0.198,-0.008
1378,63.075,19.6703,-14.624,-0.600,-4.42,2.396,0.601,-14.600,0.000,0.0803,0.1108,0.038,0.000,0.198,-0.023
1379,63.116,15.9116,-14.480,-0.597,-3.94,2.402,0.598,-14.500,0.000,0.0824,0.0464,0.033,0.000,0.198,-0.017
1380,63.156,17.0405,-14.384,-0.595,-3.62,2.394,0.595,-14.400,0.000,0.0755,0.1878,0.045,0.000,0.198,-0.024
1381,63.195,15.7404,-14.287,-0.593,-3.31,2.398,0.593,-14.300,0.000,0.0698,0.1519,0.042,0.000,0.198,0.011
1382,63.235,13.7585,-14.192,-0.590,-3.01,2.421,0.590,-14.200,0.000,0.0830,0.2093,0.048,0.000,0.198,0.042
1383,63.275,15.7465,-14.094,-0.587,-2.72,2.445,0.587,-14.100,0.000,0.0710,0.0516,0.034,0.000,0.198,-0.002
1384,63.315,14.5544,-13.996,-0.584,-2.45,2.454,0.584,-14.000,0.000,0.0828,-0.0206,0.027,0.000,0.198,-0.040
1385,63.375,22.8261,-13.897,-0.581,-2.18,2.465,0.581,-13.900,0.000,0.0642,-0.1241,0.018,0.000,0.199,0.005
1386,63.435,24.1376,-13.749,-0.574,-1.76,2.469,0.576,-13.700,0.000,0.0823,-0.0140,0.028,0.000,0.199,-0.028
1387,63.495,19.7884,-13.600,-0.566,-1.33,2.457,0.566,-13.600,0.000,0.0870,-0.0961,0.021,0.000,0.198,-0.016
1388,63.535,14.7500,-13.453,-0.558,-0.93,2.433,0.560,-13.500,0.000,0.0454,-0.0663,0.023,0.000,0.198,-0.004
1389,63.575,14.7862,-13.355,-0.552,-0.68,2.438,0.554,-13.400,0.000,0.0863,0.1212,0.040,0.000,0.198,-0.024
1390,63.616,14.6016,-13.258,-0.545,-0.40,2.443,0.547,-13.300,0.000,0.0613,0.2287,0.049,0.000,0.198,-0.021
1391,63.655,15.1728,-13.160,-0.539,-0.11,2.439,0.540,-13.200,0.000,0.0578,0.0684,0.035,0.000,0.198,0.011
1392,63.696,14.2541,-13.063,-0.532,0.15,2.445,0.533,-13.100,0.000,0.0570,-0.0184,0.028,0.000,0.198,0.015
1393,63.735,15.2371,-12.964,-0.525,0.39,2.471,0.526,-13.000,0.000,0.0508,0.2697,0.053,0.000,0.198,0.024
1394,63.776,14.6349,-12.865,-0.518,0.62,2.486,0.519,-12.900,0.000,0.0430,0.0058,0.030,0.000,0.198,-0.009
1395,63.815,16.0755,-12.766,-0.510,0.84,2.490,0.512,-12.800,0.000,0.0351,0.2169,0.049,0.000,0.199,-0.014
1396,63.855,14.4524,-12.666,-0.504,1.05,2.489,0.505,-12.700,0.000,0.0522,-0.1677,0.015,0.000,0.199,0.015
1397,63.916,20.1303,-12.566,-0.497,1.22,2.511,0.498,-12.600,0.000,0.0421,0.2018,0.048,0.000,0.199,0.039
1398,63.956,14.0614,-12.415,-0.487,1.45,2.504,0.488,-12.400,0.000,0.0557,-0.0653,0.024,0.000,0.200,0.010
1399,64.015,27.4657,-12.315,-0.480,1.60,2.505,0.480,-12.300,0.000,0.0348,0.0570,0.035,0.000,0.199,0.034
1400,64.076,29.5871,-12.165,-0.469,1.86,2.514,0.470,-12.200,0.000,0.0454,0.2041,0.048,0.000,0.199,0.018
1401,64.116,14.0795,-12.014,-0.456,2.14,2.514,0.457,-12.000,0.000,0.0279,0.0805,0.037,0.000,0.199,-0.002
1402,64.156,14.0340,-11.913,-0.448,2.30,2.529,0.449,-11.900,0.000,0.0357,-0.0608,0.025,0.000,0.199,0.038
1403,64.215,22.8075,-11.813,-0.440,2.45,2.550,0.440,-11.800,0.000,0.0342,0.2185,0.050,0.000,0.199,0.030
1404,64.275,32.0714,-11.660,-0.428,2.64,2.551,0.429,-11.700,0.000,0.0330,0.1799,0.047,0.000,0.200,0.028
1405,64.335,25.3971,-11.508,-0.414,2.84,2.561,0.414,-11.500,0.000,0.0170,-0.0727,0.024,0.000,0.200,0.005
1406,64.375,17.7142,-11.353,-0.400,3.04,2.599,0.403,-11.400,0.000,0.0249,-0.0055,0.030,0.000,0.200,-0.020
1407,64.417,17.4600,-11.249,-0.392,3.17,2.603,0.395,-11.200,0.000,0.0215,-0.0987,0.022,0.000,0.200,0.004
1408,64.456,15.1434,-11.145,-0.383,3.29,2.606,0.385,-11.100,0.000,0.0227,0.0789,0.038,0.000,0.200,0.005
1409,64.495,14.1527,-11.042,-0.374,3.39,2.594,0.376,-11.000,0.000,0.0161,0.1163,0.041,0.000,0.200,0.008
1410,64.535,15.2244,-10.939,-0.364,3.47,2.582,0.366,-10.900,0.000,0.0157,-0.1556,0.017,0.000,0.200,0.010
1411,64.576,14.3067,-10.835,-0.356,3.55,2.598,0.357,-10.800,0.000,0.0118,-0.0603,0.025,0.000,0.199,-0.015
1412,64.615,15.1852,-10.731,-0.347,3.63,2.600,0.349,-10.700,0.000,0.0219,0.1069,0.040,0.000,0.200,-0.003
1413,64.655,17.3363,-10.628,-0.339,3.70,2.592,0.340,-10.600,0.000,0.0094,-0.1790,0.015,0.000,0.200,-0.011
1414,64.696,15.7789,-10.525,-0.330,3.76,2.595,0.331,-10.500,0.000,0.0197,-0.1657,0.016,0.000,0.200,0.004
1415,64.735,15.2480,-10.423,-0.322,3.81,2.582,0.323,-10.400,0.000,0.0160,0.2539,0.053,0.000,0.199,0.020
1416,64.775,14.4960,-10.320,-0.314,3.85,2.560,0.314,-10.300,0.000,0.0203,-0.1466,0.018,0.000,0.199,-0.005
1417,64.815,14.0423,-10.218,-0.305,3.90,2.573,0.306,-10.200,0.000,0.0117,-0.0565,0.025,0.000,0.199,-0.014
1418,64.855,14.0511,-10.115,-0.297,3.96,2.581,0.297,-10.100,0.000,-0.0049,0.1571,0.044,0.000,0.199,-0.016
1419,64.896,14.0105,-10.012,-0.287,4.04,2.580,0.288,-10.000,0.000,-0.0010,-0.0512,0.026,0.000,0.199,-0.007
1420,64.956,17.1033,-9.910,-0.279,4.11,2.577,0.279,-9.900,0.000,-0.0099,0.0652,0.036,0.000,0.199,0.025
1421,65.016,25.3934,-9.756,-0.267,4.13,2.581,0.271,-9.800,0.000,0.0027,-0.0809,0.023,0.000,0.200,-0.010
1422,65.056,14.1807,-9.601,-0.256,4.11,2.580,0.256,-9.600,0.000,0.0072,-0.1192,0.020,0.000,0.200,-0.015
1423,65.116,18.9880,-9.499,-0.249,4.09,2.586,0.249,-9.500,0.000,-0.0145,0.0062,0.031,0.000,0.200,-0.024
1424,65.175,26.8987,-9.345,-0.238,4.09,2.565,0.242,-9.300,0.000,0.0069,-0.0308,0.028,0.000,0.199,-0.025
1425,65.216,14.1660,-9.192,-0.226,4.12,2.555,0.226,-9.200,0.000,0.0039,0.0350,0.033,0.000,0.199,0.008
1426,65.255,17.1332,-9.090,-0.219,4.12,2.556,0.220,-9.100,0.000,-0.0057,0.0992,0.039,0.000,0.199,-0.010
1427,65.296,15.1899,-8.988,-0.212,4.12,2.565,0.212,-9.000,0.000,0.0046,-0.1275,0.019,0.000,0.199,-0.023
1428,65.356,22.0391,-8.885,-0.204,4.13,2.576,0.204,-8.900,0.000,-0.0002,-0.0797,0.023,0.000,0.200,0.007
1429,65.415,23.6965,-8.733,-0.193,4.13,2.568,0.196,-8.700,0.000,-0.0185,0.0121,0.031,0.000,0.200,-0.018
1430,65.475,17.9933,-8.580,-0.181,4.15,2.546,0.182,-8.600,0.000,-0.0170,-0.1034,0.021,0.000,0.199,-0.011
1431,65.515,13.8430,-8.428,-0.170,4.15,2.534,0.173,-8.400,0.000,-0.0166,-0.2054,0.012,0.000,0.200,0.008
1432,65.555,13.8485,-8.326,-0.164,4.12,2.539,0.166,-8.300,0.000,-0.0119,0.0217,0.032,0.000,0.200,-0.006
1433,65.616,24.2929,-8.226,-0.158,4.08,2.523,0.160,-8.200,0.000,0.0047,-0.1798,0.014,0.000,0.200,-0.022
1434,65.676,22.2316,-8.075,-0.149,3.99,2.503,0.151,-8.100,0.000,-0.0015,-0.1217,0.019,0.000,0.200,-0.014
1435,65.735,30.2329,-7.925,-0.140,3.93,2.493,0.142,-7.900,0.000,-0.0123,0.0135,0.031,0.000,0.199,-0.015
1436,65.795,27.6567,-7.777,-0.130,3.93,2.467,0.132,-7.800,0.000,-0.0189,-0.2052,0.011,0.000,0.199,0.016
1437,65.835,14.1010,-7.629,-0.120,3.94,2.474,0.123,-7.600,0.000,-0.0140,0.0075,0.030,0.000,0.199,0.016
1438,65.876,14.4500,-7.530,-0.114,3.91,2.454,0.118,-7.500,0.000,-0.0331,0.0284,0.032,0.000,0.199,0.013
1439,65.915,13.9068,-7.432,-0.109,3.85,2.444,0.113,-7.400,0.000,-0.0080,-0.1741,0.014,0.000,0.200,0.003
1440,65.956,15.0483,-7.335,-0.103,3.79,2.449,0.109,-7.300,0.000,0.0057,-0.1147,0.019,0.000,0.200,-0.005
1441,65.997,14.5130,-7.238,-0.098,3.73,2.447,0.106,-7.200,0.000,-0.0089,-0.0867,0.021,0.000,0.200,0.003
1442,66.055,21.1184,-7.141,-0.093,3.68,2.420,0.101,-7.100,0.000,-0.0280,-0.0562,0.024,0.000,0.200,0.001
1443,66.095,14.6314,-6.996,-0.084,3.67,2.423,0.084,-7.000,0.000,-0.0198,-0.0399,0.025,0.000,0.199,-0.000
1444,66.136,14.4677,-6.899,-0.079,3.66,2.405,0.079,-6.900,0.000,-0.0048,0.0381,0.032,0.000,0.200,0.006
1445,66.196,18.8688,-6.803,-0.074,3.61,2.400,0.074,-6.800,0.000,-0.0101,-0.0646,0.023,0.000,0.200,-0.005
1446,66.236,15.2444,-6.659,-0.066,3.52,2.401,0.078,-6.700,0.000,0.0040,0.0167,0.030,0.000,0.200,-0.019
1447,66.295,28.8036,-6.563,-0.061,3.48,2.409,0.071,-6.600,0.000,-0.0152,0.0941,0.037,0.000,0.200,0.002
1448,66.335,14.7865,-6.419,-0.053,3.45,2.412,0.056,-6.400,0.000,-0.0399,0.0416,0.032,0.000,0.200,-0.012
1449,66.375,14.4449,-6.323,-0.048,3.46,2.419,0.053,-6.300,0.000,-0.0185,0.0968,0.037,0.000,0.200,0.010
1450,66.416,15.3287,-6.227,-0.042,3.46,2.430,0.050,-6.200,0.000,-0.0171,0.2855,0.054,0.000,0.200,0.014
1451,66.455,15.2035,-6.130,-0.037,3.42,2.437,0.047,-6.100,0.000,-0.0161,0.0615,0.035,0.000,0.201,0.013
1452,66.516,26.6153,-6.032,-0.033,3.35,2.442,0.046,-6.000,0.000,-0.0087,-0.0518,0.025,0.000,0.201,-0.010
1453,66.556,13.8557,-5.884,-0.026,3.24,2.475,0.031,-5.900,0.000,-0.0045,0.0646,0.035,0.000,0.201,-0.006
1454,66.615,20.2360,-5.785,-0.022,3.17,2.474,0.027,-5.800,0.000,-0.0085,0.1411,0.042,0.000,0.201,-0.015
1455,66.655,14.6087,-5.637,-0.015,3.12,2.478,0.040,-5.600,0.000,-0.0298,0.0238,0.032,0.000,0.201,-0.027
1456,66.695,16.8935,-5.537,-0.010,3.10,2.491,0.039,-5.500,0.000,-0.0219,-0.0356,0.026,0.000,0.201,-0.003
1457,66.735,14.4910,-5.437,-0.006,3.08,2.506,0.038,-5.400,0.000,-0.0159,0.1068,0.039,0.000,0.201,0.014
1458,66.776,15.3334,-5.339,-0.002,3.04,2.507,0.039,-5.300,0.000,-0.0347,-0.0608,0.024,0.000,0.201,0.010
1459,66.815,15.9458,-5.239,0.002,2.96,2.502,0.039,-5.200,0.000,-0.0267,-0.1813,0.013,0.000,0.201,-0.002
1460,66.854,16.5919,-5.139,0.005,2.88,2.496,0.039,-5.100,0.000,-0.0315,-0.1243,0.018,0.000,0.201,-0.016
1461,66.895,16.9303,-5.039,0.008,2.80,2.485,0.039,-5.000,0.000,-0.0164,-0.1999,0.011,0.000,0.201,0.007
