step,t,solve_ms,mx,my,myaw_deg,v,min_dist,ref_x,ref_y,steer_rad,accel_cmd,throttle,brake,z,vz,step_ms
0,0.099,14.8760,-0.003,-0.001,0.02,0.000,0.003,0.000,0.000,-0.0096,0.3207,0.028,0.000,0.198,-0.000,0.000
1,0.335,35.7200,-0.004,-0.001,0.03,0.000,0.004,0.000,0.000,-0.0467,0.7564,0.068,0.000,0.198,-0.000,86.510
2,0.585,18.0737,-0.007,-0.001,0.03,0.000,0.007,0.000,0.000,-0.0091,1.0596,0.095,0.000,0.199,0.009,99.534
3,0.836,17.5324,-0.008,-0.001,0.03,0.000,0.008,0.000,0.000,0.0076,1.2113,0.110,0.000,0.200,0.026,50.924
4,1.034,15.1526,-0.001,-0.001,0.02,0.213,0.001,0.000,0.000,0.0214,1.3531,0.124,0.000,0.201,0.039,49.028
5,1.284,38.7083,0.013,-0.001,0.00,0.352,0.013,0.000,0.000,0.0215,1.2637,0.118,0.000,0.203,0.060,50.216
6,1.535,16.2989,0.035,-0.001,0.01,0.509,0.035,0.000,0.000,-0.0156,1.3166,0.124,0.000,0.206,0.066,100.251
7,1.835,28.3246,0.065,-0.000,0.03,0.677,0.035,0.100,0.000,-0.0181,1.2807,0.123,0.000,0.208,0.016,99.972
8,2.035,16.4044,0.103,-0.001,0.04,0.832,0.003,0.100,0.000,-0.0325,1.2242,0.119,0.000,0.209,0.022,49.713
9,2.335,22.9913,0.148,-0.001,0.04,0.973,0.048,0.100,0.000,-0.0205,1.2301,0.121,0.000,0.210,0.021,100.364
10,2.534,19.5253,0.200,-0.001,0.01,1.123,0.001,0.200,0.000,-0.0126,1.1698,0.118,0.000,0.211,-0.002,49.924
11,2.834,29.2774,0.261,-0.002,-0.03,1.280,0.039,0.300,0.000,-0.0245,1.0649,0.110,0.000,0.211,-0.019,100.610
12,3.085,15.5417,0.328,-0.002,-0.05,1.418,0.028,0.300,0.000,-0.0340,1.0472,0.110,0.000,0.211,-0.023,101.268
13,3.335,27.3215,0.402,-0.003,-0.06,1.554,0.004,0.400,0.000,-0.0023,1.0487,0.111,0.000,0.210,-0.019,50.272
14,3.584,14.8991,0.483,-0.005,-0.11,1.678,0.018,0.500,0.000,0.0161,0.9056,0.100,0.000,0.210,-0.035,99.480
15,3.885,17.4142,0.570,-0.005,-0.16,1.804,0.030,0.600,0.000,-0.0013,0.7271,0.085,0.000,0.209,-0.004,100.077
16,4.135,25.7961,0.664,-0.005,-0.17,1.934,0.036,0.700,0.000,-0.0003,0.9157,0.102,0.000,0.208,-0.003,100.493
17,4.435,25.8886,0.763,-0.005,-0.14,2.051,0.037,0.800,0.000,-0.0210,0.5251,0.069,0.000,0.207,-0.016,100.339
18,4.634,28.1463,0.868,-0.006,-0.12,2.140,0.032,0.900,0.000,-0.0345,0.5770,0.074,0.000,0.207,-0.028,50.233
19,4.934,15.1101,0.977,-0.006,-0.15,2.219,0.024,1.000,0.000,-0.0311,0.6071,0.078,0.000,0.206,-0.025,100.065
20,5.184,16.4859,1.090,-0.008,-0.19,2.295,0.013,1.100,0.000,-0.0164,0.5514,0.073,0.000,0.206,-0.007,100.135
21,5.435,14.6703,1.207,-0.010,-0.26,2.365,0.012,1.200,0.000,0.0262,0.2042,0.043,0.000,0.205,-0.005,50.272
22,5.684,20.8162,1.327,-0.012,-0.33,2.425,0.029,1.300,0.000,0.0145,0.3491,0.056,0.000,0.204,-0.007,100.070
23,5.934,17.0966,1.449,-0.012,-0.35,2.469,0.051,1.400,0.000,0.0203,0.1710,0.041,0.000,0.203,-0.008,50.120
24,6.184,17.2540,1.574,-0.012,-0.31,2.506,0.028,1.600,0.000,0.0145,0.1003,0.035,0.000,0.202,0.006,100.113
25,6.485,16.8712,1.700,-0.011,-0.25,2.526,0.011,1.700,0.000,-0.0072,0.2848,0.051,0.000,0.201,0.017,100.149
26,6.735,18.0437,1.827,-0.011,-0.19,2.540,0.029,1.800,0.000,-0.0136,-0.0902,0.019,0.000,0.201,0.023,100.177
27,7.035,25.9718,1.955,-0.011,-0.18,2.551,0.046,2.000,0.000,0.0303,0.0722,0.033,0.000,0.201,0.031,100.202
28,7.285,17.9097,2.083,-0.012,-0.22,2.540,0.021,2.100,0.000,0.0134,0.0574,0.032,0.000,0.201,0.026,100.300
29,7.585,20.4778,2.210,-0.012,-0.23,2.545,0.015,2.200,0.000,0.0045,0.1283,0.038,0.000,0.200,0.026,100.241
30,7.835,16.0462,2.338,-0.011,-0.19,2.559,0.040,2.300,0.000,0.0007,0.1478,0.040,0.000,0.199,0.035,100.176
31,8.134,15.5985,2.467,-0.011,-0.15,2.571,0.035,2.500,0.000,0.0026,0.1083,0.037,0.000,0.199,0.040,100.007
32,8.385,22.3024,2.596,-0.011,-0.14,2.583,0.012,2.600,0.000,0.0185,0.0766,0.034,0.000,0.200,0.038,99.931
33,8.635,21.7480,2.726,-0.011,-0.15,2.593,0.028,2.700,0.000,0.0197,0.0169,0.029,0.000,0.200,0.031,50.082
34,8.885,15.8067,2.856,-0.010,-0.13,2.601,0.045,2.900,0.000,-0.0010,-0.1840,0.011,0.000,0.200,0.023,99.945
35,9.185,16.4654,2.986,-0.009,-0.08,2.596,0.017,3.000,0.000,-0.0090,-0.1898,0.010,0.000,0.200,0.024,99.864
36,9.435,16.7118,3.115,-0.009,-0.04,2.561,0.018,3.100,0.000,0.0211,-0.0591,0.022,0.000,0.200,0.021,100.474
37,9.734,17.1227,3.243,-0.009,-0.05,2.529,0.044,3.200,0.000,-0.0083,0.0582,0.032,0.000,0.200,0.009,100.167
38,9.985,23.6644,3.369,-0.009,-0.06,2.524,0.032,3.400,0.000,0.0033,-0.1440,0.014,0.000,0.199,0.012,99.933
39,10.235,25.1692,3.496,-0.009,-0.05,2.526,0.010,3.500,0.000,-0.0299,-0.0790,0.020,0.000,0.199,0.014,49.866
40,10.485,22.6447,3.622,-0.009,-0.04,2.505,0.023,3.600,0.000,0.0089,-0.0538,0.022,0.000,0.199,0.023,99.814
41,10.785,17.4658,3.747,-0.010,-0.07,2.483,0.048,3.700,0.000,0.0327,-0.0381,0.023,0.000,0.199,0.019,100.111
42,11.035,27.4488,3.871,-0.010,-0.10,2.474,0.031,3.900,0.000,0.0191,-0.1992,0.009,0.000,0.199,0.017,100.194
43,11.335,18.0781,3.995,-0.009,-0.09,2.467,0.010,4.000,0.000,-0.0228,-0.1177,0.016,0.000,0.199,0.027,100.287
44,11.585,27.1295,4.118,-0.008,-0.03,2.445,0.020,4.100,0.000,-0.0109,0.1363,0.038,0.000,0.199,0.037,99.973
45,11.835,15.2898,4.240,-0.008,0.00,2.424,0.041,4.200,0.000,0.0158,-0.1565,0.012,0.000,0.199,0.042,50.352
46,12.084,26.0802,4.362,-0.008,-0.03,2.423,0.039,4.400,0.000,-0.0065,0.1300,0.037,0.000,0.199,0.041,99.773
47,12.385,15.5884,4.483,-0.008,-0.05,2.422,0.019,4.500,0.000,-0.0000,0.0938,0.034,0.000,0.199,0.044,100.245
48,12.584,15.2158,4.605,-0.008,-0.04,2.434,0.009,4.600,0.000,0.0289,-0.0670,0.020,0.000,0.199,0.045,49.002
49,12.835,15.8734,4.727,-0.008,-0.03,2.443,0.028,4.700,0.000,0.0032,0.0494,0.031,0.000,0.199,0.035,50.062
50,13.085,14.0529,4.849,-0.007,-0.01,2.441,0.049,4.800,0.000,0.0206,0.1614,0.041,0.000,0.199,0.027,99.758
51,13.335,15.8157,4.971,-0.006,0.02,2.446,0.030,5.000,0.000,0.0066,0.0784,0.033,0.000,0.199,0.019,50.405
52,13.584,13.8994,5.093,-0.005,0.05,2.464,0.009,5.100,0.000,-0.0377,0.0706,0.033,0.000,0.199,0.015,99.775
53,13.835,13.7660,5.216,-0.004,0.08,2.475,0.017,5.200,0.000,-0.0187,-0.0349,0.023,0.000,0.200,0.013,50.748
54,14.085,13.8668,5.340,-0.005,0.06,2.470,0.040,5.300,0.000,-0.0542,-0.1274,0.015,0.000,0.200,0.006,100.073
55,14.335,13.9686,5.463,-0.006,0.02,2.455,0.038,5.500,0.000,-0.1019,-0.1992,0.009,0.000,0.200,-0.007,50.168
56,14.534,14.2173,5.585,-0.008,-0.06,2.429,0.017,5.600,0.000,-0.0824,-0.2636,0.003,0.000,0.200,-0.022,50.212
57,14.784,16.0273,5.705,-0.011,-0.15,2.390,0.012,5.700,0.000,-0.0952,-0.3961,0.000,0.009,0.200,-0.029,50.333
58,14.984,14.5779,5.823,-0.015,-0.29,2.337,0.027,5.800,0.000,-0.1514,-0.2545,0.003,0.000,0.200,-0.044,50.188
59,15.234,16.0889,5.938,-0.020,-0.46,2.291,0.043,5.900,0.000,-0.1497,-0.4720,0.000,0.017,0.200,-0.044,50.374
60,15.434,15.0645,6.051,-0.027,-0.66,2.225,0.056,6.100,0.000,-0.1473,-0.2530,0.002,0.000,0.200,-0.031,50.041
61,15.684,14.7525,6.161,-0.035,-0.90,2.175,0.052,6.200,0.000,-0.1724,-0.2156,0.005,0.000,0.199,-0.007,50.008
62,15.884,15.3018,6.269,-0.044,-1.18,2.139,0.054,6.300,0.000,-0.1522,-0.1692,0.009,0.000,0.199,0.002,50.227
63,16.135,14.1529,6.374,-0.055,-1.48,2.085,0.061,6.400,0.000,-0.1360,0.0317,0.026,0.000,0.199,-0.001,50.207
64,16.335,14.8333,6.477,-0.067,-1.82,2.056,0.070,6.500,0.000,-0.1030,0.1043,0.033,0.000,0.199,-0.011,50.471
65,16.635,15.2550,6.580,-0.079,-2.15,2.068,0.081,6.600,0.000,-0.1114,0.0081,0.024,0.000,0.199,-0.001,100.679
66,16.834,16.0449,6.683,-0.091,-2.45,2.091,0.092,6.700,0.000,-0.1330,0.0971,0.032,0.000,0.199,0.018,49.987
67,17.084,14.2254,6.787,-0.102,-2.70,2.103,0.103,6.800,0.000,-0.1357,0.3027,0.051,0.000,0.199,0.026,50.233
68,17.285,16.2303,6.892,-0.115,-2.95,2.110,0.115,6.900,0.000,-0.1162,0.0099,0.025,0.000,0.200,0.009,50.042
69,17.535,15.6231,6.997,-0.129,-3.26,2.127,0.129,7.000,0.000,-0.0786,0.2599,0.047,0.000,0.201,-0.006,50.284
70,17.784,15.1395,7.103,-0.143,-3.59,2.145,0.143,7.100,0.000,-0.0699,0.1435,0.037,0.000,0.201,-0.014,100.030
71,18.035,14.6247,7.211,-0.156,-3.86,2.177,0.157,7.200,0.000,-0.0994,0.1423,0.037,0.000,0.201,0.006,50.556
72,18.285,13.9757,7.320,-0.169,-4.05,2.209,0.170,7.300,0.000,-0.0791,0.3546,0.056,0.000,0.201,0.025,99.745
73,18.534,15.7721,7.431,-0.182,-4.21,2.234,0.185,7.400,0.000,-0.0480,0.3291,0.055,0.000,0.201,0.033,50.449
74,18.735,14.1466,7.543,-0.196,-4.41,2.276,0.200,7.500,0.000,-0.0255,0.2294,0.046,0.000,0.201,0.017,50.271
75,19.035,14.4938,7.657,-0.209,-4.61,2.325,0.213,7.700,0.000,-0.0061,0.1618,0.040,0.000,0.201,-0.002,100.989
76,19.285,15.1628,7.773,-0.221,-4.74,2.365,0.223,7.800,0.000,0.0001,0.0686,0.032,0.000,0.201,-0.023,100.395
77,19.535,15.8267,7.891,-0.232,-4.79,2.385,0.232,7.900,0.000,0.0251,0.0969,0.035,0.000,0.201,-0.029,50.442
78,19.735,15.5890,8.010,-0.242,-4.80,2.399,0.243,8.000,0.000,0.0185,0.0724,0.033,0.000,0.201,-0.042,50.178
79,20.035,16.9142,8.130,-0.252,-4.78,2.408,0.254,8.100,0.000,0.0671,0.2746,0.051,0.000,0.200,-0.037,100.498
80,20.235,17.6727,8.250,-0.261,-4.75,2.423,0.265,8.300,0.000,0.0001,0.0235,0.029,0.000,0.200,-0.031,50.497
81,20.485,14.8443,8.372,-0.269,-4.69,2.451,0.270,8.400,0.000,0.0860,0.1124,0.037,0.000,0.200,-0.023,50.347
82,20.684,15.8836,8.494,-0.277,-4.63,2.458,0.277,8.500,0.000,0.0466,-0.0122,0.026,0.000,0.201,-0.025,50.120
83,20.934,13.9756,8.617,-0.286,-4.59,2.463,0.286,8.600,0.000,0.0903,0.1819,0.043,0.000,0.201,-0.029,50.090
84,21.134,14.0208,8.740,-0.293,-4.52,2.470,0.295,8.700,0.000,0.0580,0.0216,0.029,0.000,0.200,-0.029,50.294
85,21.435,14.6152,8.864,-0.299,-4.41,2.488,0.301,8.900,0.000,0.0880,0.0364,0.031,0.000,0.200,-0.023,100.066
86,21.635,15.8637,8.989,-0.304,-4.25,2.495,0.304,9.000,0.000,0.0800,-0.2780,0.003,0.000,0.200,-0.014,50.469
87,21.884,14.7679,9.114,-0.308,-4.07,2.483,0.309,9.100,0.000,0.0775,0.0027,0.027,0.000,0.199,-0.011,50.390
88,22.085,15.1658,9.238,-0.311,-3.87,2.455,0.314,9.200,0.000,0.0935,-0.1044,0.018,0.000,0.199,-0.001,50.328
89,22.334,13.9615,9.360,-0.313,-3.66,2.447,0.316,9.400,0.000,0.0704,-0.0366,0.024,0.000,0.199,0.013,49.858
90,22.535,15.3579,9.483,-0.315,-3.44,2.438,0.315,9.500,0.000,0.1125,0.0568,0.032,0.000,0.199,0.019,50.148
91,22.784,14.6493,9.605,-0.316,-3.22,2.432,0.316,9.600,0.000,0.0833,0.0411,0.031,0.000,0.199,0.029,50.179
92,22.985,13.9141,9.727,-0.317,-3.02,2.444,0.318,9.700,0.000,0.0950,-0.0362,0.024,0.000,0.199,0.024,50.150
93,23.234,15.4468,9.849,-0.317,-2.80,2.448,0.321,9.800,0.000,0.0757,-0.0260,0.025,0.000,0.199,0.032,50.264
94,23.484,13.8286,9.972,-0.316,-2.56,2.445,0.317,10.000,0.000,0.0765,0.0404,0.031,0.000,0.199,0.035,99.943
95,23.735,15.2478,10.094,-0.315,-2.33,2.437,0.315,10.100,0.000,0.1018,0.1287,0.038,0.000,0.199,0.038,50.440
96,23.935,15.0127,10.216,-0.314,-2.12,2.443,0.315,10.200,0.000,0.0644,-0.0560,0.022,0.000,0.199,0.032,50.046
97,24.185,13.7435,10.338,-0.312,-1.92,2.459,0.315,10.300,0.000,0.0959,-0.0526,0.022,0.000,0.199,0.036,50.167
98,24.384,14.9510,10.461,-0.311,-1.71,2.448,0.313,10.500,0.000,0.0570,-0.0739,0.020,0.000,0.199,0.035,50.047
99,24.634,14.2286,10.583,-0.309,-1.51,2.434,0.309,10.600,0.000,0.1149,-0.2222,0.007,0.000,0.199,0.033,50.346
100,24.835,14.3498,10.704,-0.307,-1.33,2.405,0.307,10.700,0.000,0.1468,-0.3785,0.000,0.007,0.199,0.022,50.281
101,25.084,15.2622,10.824,-0.305,-1.17,2.361,0.306,10.800,0.000,0.1364,-0.5292,0.000,0.021,0.199,0.014,50.167
102,25.285,16.7645,10.941,-0.301,-0.97,2.313,0.304,10.900,0.000,0.1957,-0.5306,0.000,0.022,0.198,-0.007,50.216
103,25.535,16.0172,11.056,-0.296,-0.73,2.263,0.300,11.100,0.000,0.1624,-0.6044,0.000,0.029,0.197,-0.010,50.303
104,25.784,14.9482,11.167,-0.290,-0.45,2.200,0.292,11.200,0.000,0.2027,-0.5706,0.000,0.027,0.196,-0.024,99.793
105,26.035,15.1230,11.276,-0.282,-0.15,2.145,0.283,11.300,0.000,0.1849,-0.4666,0.000,0.018,0.196,-0.032,50.030
106,26.234,15.7464,11.381,-0.273,0.19,2.091,0.274,11.400,0.000,0.2597,-0.6563,0.000,0.035,0.195,-0.029,50.138
107,26.485,14.2456,11.485,-0.262,0.54,2.029,0.263,11.500,0.000,0.2094,-0.3783,0.000,0.012,0.195,-0.013,50.089
108,26.684,15.3652,11.585,-0.250,0.94,2.015,0.251,11.600,0.000,0.2340,-0.4060,0.000,0.015,0.195,0.005,50.168
109,26.935,14.8348,11.685,-0.237,1.37,1.985,0.237,11.700,0.000,0.2273,-0.0682,0.015,0.000,0.195,0.006,50.798
110,27.185,17.0150,11.784,-0.222,1.83,1.981,0.222,11.800,0.000,0.2494,-0.1873,0.004,0.000,0.195,0.012,100.018
111,27.435,15.0047,11.882,-0.205,2.30,1.969,0.206,11.900,0.000,0.2153,-0.3468,0.000,0.010,0.195,-0.010,50.173
112,27.635,15.4213,11.980,-0.187,2.81,1.967,0.188,12.000,0.000,0.2110,0.0215,0.022,0.000,0.195,0.007,49.954
113,27.934,15.4980,12.078,-0.168,3.32,1.974,0.170,12.100,0.000,0.2237,0.1205,0.031,0.000,0.196,0.031,99.988
114,28.134,15.2500,12.175,-0.149,3.78,1.974,0.151,12.200,0.000,0.1681,0.0819,0.028,0.000,0.197,0.008,50.168
115,28.434,14.2345,12.273,-0.129,4.24,1.988,0.132,12.300,0.000,0.1596,0.3491,0.052,0.000,0.197,0.012,100.024
116,28.635,16.9148,12.372,-0.109,4.71,2.012,0.113,12.400,0.000,0.1656,0.4103,0.057,0.000,0.198,0.005,50.059
117,28.885,14.5909,12.472,-0.090,5.12,2.042,0.094,12.500,0.000,0.1943,0.2349,0.042,0.000,0.198,0.025,50.115
118,29.085,14.9269,12.574,-0.070,5.48,2.075,0.075,12.600,0.000,0.1769,0.2089,0.040,0.000,0.199,0.003,50.033
119,29.334,15.7044,12.677,-0.049,5.86,2.121,0.054,12.700,0.000,0.1951,0.3319,0.051,0.000,0.199,-0.006,49.932
120,29.584,14.6329,12.782,-0.026,6.28,2.159,0.032,12.800,0.000,0.2705,0.0241,0.025,0.000,0.199,-0.000,100.440
121,29.834,14.8740,12.889,-0.002,6.72,2.183,0.012,12.900,0.000,0.2942,0.2956,0.049,0.000,0.199,-0.003,50.675
122,30.035,15.6002,12.996,0.024,7.19,2.189,0.024,13.000,0.000,0.3483,0.1101,0.033,0.000,0.198,-0.004,50.249
123,30.285,16.2312,13.103,0.052,7.70,2.207,0.052,13.100,0.000,0.4100,0.1350,0.035,0.000,0.198,-0.003,50.435
124,30.485,15.4983,13.211,0.083,8.28,2.228,0.084,13.200,0.000,0.4446,0.4076,0.059,0.000,0.197,-0.008,50.194
125,30.734,16.1297,13.319,0.118,8.93,2.261,0.119,13.300,0.000,0.4750,0.0648,0.029,0.000,0.196,-0.007,50.092
126,30.935,14.1301,13.428,0.155,9.66,2.275,0.158,13.400,0.000,0.4704,-0.0204,0.022,0.000,0.195,-0.021,50.035
127,31.185,14.1137,13.536,0.197,10.47,2.279,0.200,13.500,0.000,0.4519,0.3735,0.057,0.000,0.194,-0.020,50.130
128,31.385,14.7387,13.643,0.242,11.36,2.276,0.246,13.600,0.000,0.4017,0.2041,0.042,0.000,0.193,-0.018,50.175
129,31.635,15.7463,13.750,0.291,12.31,2.308,0.295,13.700,0.000,0.3101,-0.3039,0.000,0.003,0.193,-0.010,50.793
130,31.834,13.6534,13.856,0.343,13.32,2.320,0.346,13.900,0.000,0.1072,0.4309,0.062,0.000,0.193,0.006,50.252
131,32.085,16.3327,13.962,0.396,14.30,2.300,0.398,14.000,0.000,-0.0895,0.2543,0.047,0.000,0.194,0.046,50.837
132,32.285,14.8387,14.069,0.447,15.13,2.334,0.448,14.100,0.000,-0.1323,0.1419,0.038,0.000,0.196,0.077,50.089
133,32.585,14.8393,14.177,0.494,15.75,2.356,0.495,14.200,0.000,-0.1750,0.1247,0.036,0.000,0.198,0.073,100.172
134,32.784,15.5611,14.288,0.537,16.15,2.367,0.537,14.300,0.000,-0.1700,0.0841,0.033,0.000,0.200,0.049,49.602
135,33.034,15.1525,14.400,0.575,16.33,2.361,0.575,14.400,0.000,-0.1913,-0.1008,0.016,0.000,0.201,0.029,50.289
136,33.235,15.2283,14.512,0.607,16.30,2.340,0.607,14.500,0.000,-0.1973,-0.0323,0.022,0.000,0.201,0.013,50.137
137,33.485,14.6964,14.624,0.636,16.14,2.306,0.636,14.600,0.000,-0.2042,-0.0152,0.024,0.000,0.201,-0.010,50.251
138,33.685,14.8604,14.735,0.661,15.91,2.273,0.662,14.700,0.000,-0.2045,-0.0805,0.018,0.000,0.201,-0.004,50.018
139,33.985,13.8300,14.847,0.684,15.62,2.252,0.686,14.800,0.000,-0.1890,0.1455,0.038,0.000,0.201,-0.020,100.019
140,34.185,14.1383,14.957,0.704,15.27,2.228,0.706,15.000,0.000,-0.1916,0.0780,0.032,0.000,0.201,-0.032,50.147
141,34.434,14.6892,15.069,0.722,14.84,2.224,0.726,15.000,0.000,-0.2302,0.0693,0.031,0.000,0.201,-0.006,49.895
142,34.685,15.0548,15.180,0.738,14.35,2.238,0.738,15.157,0.001,-0.2052,-0.0392,0.022,0.000,0.201,0.015,97.603
143,34.935,15.1920,15.292,0.751,13.81,2.221,0.748,15.314,0.003,-0.1830,0.2976,0.052,0.000,0.201,0.018,50.439
144,35.185,14.3573,15.404,0.763,13.25,2.230,0.759,15.471,0.007,-0.1684,0.2014,0.044,0.000,0.201,0.015,99.757
145,35.435,15.1643,15.516,0.776,12.73,2.271,0.769,15.471,0.007,-0.1877,0.2583,0.049,0.000,0.200,-0.003,50.094
146,35.635,15.7291,15.631,0.788,12.28,2.309,0.775,15.628,0.013,-0.1800,0.2056,0.045,0.000,0.200,0.010,50.586
147,35.935,15.1422,15.747,0.799,11.82,2.331,0.780,15.785,0.021,-0.1548,0.0253,0.029,0.000,0.200,0.007,100.078
148,36.135,15.1127,15.865,0.810,11.33,2.355,0.784,15.942,0.030,-0.1776,0.1308,0.038,0.000,0.200,-0.004,50.732
149,36.385,14.7419,15.982,0.821,10.85,2.362,0.790,16.099,0.040,-0.1403,0.2202,0.046,0.000,0.200,0.002,50.590
150,36.585,13.8087,16.101,0.831,10.41,2.372,0.791,16.099,0.040,-0.1808,0.1293,0.039,0.000,0.201,0.008,50.500
151,36.884,14.5646,16.221,0.842,9.99,2.408,0.790,16.255,0.053,-0.1437,0.0507,0.032,0.000,0.201,0.012,100.569
152,37.085,15.8751,16.341,0.851,9.58,2.415,0.788,16.412,0.067,-0.1179,0.0909,0.035,0.000,0.201,0.020,50.119
153,37.335,15.4869,16.463,0.860,9.16,2.421,0.785,16.568,0.082,-0.1295,0.2145,0.046,0.000,0.201,0.019,50.536
154,37.535,14.7831,16.584,0.870,8.79,2.445,0.783,16.724,0.099,-0.1160,0.3487,0.059,0.000,0.200,0.019,50.067
155,37.785,14.5897,16.707,0.879,8.45,2.471,0.780,16.724,0.099,-0.1023,0.1502,0.041,0.000,0.200,0.020,50.146
156,37.985,15.5826,16.832,0.888,8.12,2.503,0.771,16.880,0.118,-0.0926,0.1284,0.040,0.000,0.200,0.023,50.051
157,38.235,14.7163,16.958,0.898,7.80,2.528,0.763,17.036,0.139,-0.0986,0.1277,0.040,0.000,0.200,0.022,50.130
158,38.434,16.6178,17.086,0.908,7.53,2.544,0.754,17.191,0.161,-0.0997,0.2631,0.052,0.000,0.200,0.028,50.206
159,38.685,16.7394,17.213,0.917,7.26,2.560,0.744,17.347,0.185,-0.1037,-0.1957,0.012,0.000,0.201,0.027,49.967
160,38.934,16.0868,17.342,0.925,6.99,2.571,0.733,17.502,0.210,-0.0779,-0.0001,0.029,0.000,0.201,0.023,100.257
161,39.184,16.1898,17.471,0.933,6.69,2.551,0.720,17.656,0.237,-0.0724,0.1796,0.045,0.000,0.201,0.008,50.235
162,39.384,16.3453,17.599,0.941,6.41,2.558,0.706,17.656,0.237,-0.0216,-0.1196,0.018,0.000,0.200,0.002,50.056
163,39.635,17.1196,17.728,0.950,6.19,2.579,0.689,17.811,0.266,-0.0433,0.1686,0.044,0.000,0.200,-0.014,50.124
164,39.835,15.5046,17.857,0.960,6.03,2.591,0.673,17.965,0.296,-0.0219,0.0368,0.032,0.000,0.199,-0.007,50.297
165,40.084,15.8692,17.986,0.970,5.92,2.604,0.656,18.119,0.328,-0.0489,0.0240,0.031,0.000,0.199,-0.014,50.135
166,40.335,21.4724,18.116,0.981,5.83,2.620,0.639,18.272,0.361,-0.0084,-0.1509,0.016,0.000,0.199,-0.005,100.017
167,40.585,20.0755,18.246,0.992,5.74,2.613,0.622,18.425,0.396,0.0327,-0.0114,0.028,0.000,0.199,-0.011,50.422
168,40.835,21.0469,18.376,1.004,5.66,2.602,0.606,18.578,0.433,0.0205,-0.0687,0.023,0.000,0.199,-0.025,99.992
169,41.085,24.7620,18.505,1.018,5.66,2.609,0.590,18.578,0.433,0.0184,0.0326,0.032,0.000,0.198,-0.023,49.840
170,41.285,28.2151,18.634,1.033,5.73,2.608,0.570,18.730,0.471,0.0528,0.0233,0.031,0.000,0.198,-0.012,50.280
171,41.585,36.8269,18.763,1.047,5.80,2.608,0.549,18.882,0.511,0.0507,-0.0607,0.023,0.000,0.198,-0.009,99.957
172,41.835,18.6397,18.892,1.063,5.86,2.608,0.530,19.034,0.553,0.0318,0.0659,0.035,0.000,0.198,-0.009,100.290
173,42.085,33.8876,19.021,1.080,5.96,2.605,0.511,19.185,0.596,0.0854,-0.0653,0.023,0.000,0.198,0.003,49.972
174,42.335,20.0379,19.149,1.096,6.07,2.607,0.493,19.335,0.640,0.0857,-0.1964,0.011,0.000,0.199,0.009,100.850
175,42.635,20.2857,19.278,1.114,6.19,2.590,0.475,19.486,0.686,0.0679,-0.1346,0.017,0.000,0.199,0.010,100.172
176,42.884,17.8013,19.405,1.132,6.33,2.563,0.453,19.486,0.686,0.0592,-0.1900,0.011,0.000,0.198,0.013,100.104
177,43.184,20.6274,19.531,1.151,6.51,2.543,0.430,19.635,0.734,0.0996,-0.1120,0.018,0.000,0.198,0.020,100.463
178,43.435,17.7735,19.656,1.171,6.70,2.514,0.408,19.784,0.783,0.1039,-0.2588,0.005,0.000,0.198,0.018,100.496
179,43.685,19.8846,19.779,1.191,6.88,2.492,0.388,19.933,0.834,0.0913,-0.1572,0.014,0.000,0.198,0.018,50.308
180,43.885,22.8222,19.901,1.212,7.08,2.464,0.371,20.081,0.887,0.0774,-0.2449,0.006,0.000,0.198,0.022,50.343
181,44.135,20.9312,20.022,1.233,7.33,2.441,0.352,20.081,0.887,0.1135,-0.2255,0.007,0.000,0.197,0.027,50.238
182,44.385,19.2336,20.141,1.255,7.56,2.403,0.326,20.229,0.941,0.1114,-0.1815,0.011,0.000,0.198,0.022,100.009
183,44.685,26.1599,20.258,1.277,7.78,2.364,0.304,20.376,0.996,0.1052,-0.2206,0.007,0.000,0.197,0.011,100.330
184,44.934,17.2004,20.374,1.300,8.01,2.337,0.288,20.522,1.053,0.0986,-0.2089,0.008,0.000,0.197,0.005,100.144
185,45.184,24.4054,20.488,1.324,8.28,2.307,0.272,20.522,1.053,0.1265,-0.0054,0.026,0.000,0.197,0.001,50.048
186,45.435,27.4899,20.600,1.347,8.55,2.281,0.245,20.668,1.112,0.1098,0.0621,0.032,0.000,0.197,-0.009,100.054
187,45.734,23.8163,20.712,1.372,8.81,2.283,0.224,20.813,1.172,0.1192,-0.0202,0.024,0.000,0.197,-0.017,100.009
188,45.935,18.8909,20.823,1.397,9.07,2.292,0.211,20.957,1.234,0.1464,-0.0103,0.025,0.000,0.198,-0.025,49.966
189,46.235,20.0764,20.935,1.423,9.36,2.293,0.190,20.957,1.234,0.1712,-0.2744,0.002,0.000,0.198,-0.031,100.096
190,46.435,15.0295,21.047,1.450,9.67,2.277,0.163,21.101,1.297,0.1522,-0.0519,0.021,0.000,0.198,-0.029,50.149
191,46.684,15.4815,21.156,1.479,10.01,2.248,0.147,21.244,1.361,0.1425,0.1597,0.040,0.000,0.198,-0.023,50.342
192,46.935,16.9282,21.265,1.509,10.39,2.236,0.146,21.387,1.428,0.1535,0.0201,0.028,0.000,0.198,0.002,100.056
193,47.234,16.1318,21.374,1.539,10.76,2.253,0.112,21.387,1.428,0.1650,-0.0460,0.022,0.000,0.198,0.019,100.028
194,47.436,18.8941,21.483,1.570,11.13,2.261,0.088,21.528,1.495,0.1551,-0.0927,0.018,0.000,0.198,0.035,50.143
195,47.734,16.0067,21.592,1.603,11.52,2.256,0.087,21.670,1.564,0.1621,-0.0190,0.024,0.000,0.198,0.034,99.606
196,47.935,16.0279,21.699,1.637,11.92,2.245,0.078,21.670,1.564,0.1342,0.0817,0.033,0.000,0.198,0.025,50.168
197,48.184,16.3342,21.807,1.671,12.31,2.239,0.036,21.810,1.635,0.1442,0.0527,0.031,0.000,0.198,0.016,50.236
198,48.385,16.5979,21.914,1.704,12.68,2.250,0.035,21.949,1.707,0.1699,-0.0139,0.025,0.000,0.198,-0.003,50.108
199,48.634,16.3248,22.022,1.739,13.03,2.256,0.078,22.088,1.780,0.1556,-0.1495,0.013,0.000,0.198,-0.013,50.104
200,48.885,28.5911,22.129,1.775,13.39,2.253,0.041,22.088,1.780,0.1574,0.2028,0.044,0.000,0.198,-0.019,100.271
201,49.134,16.5603,22.236,1.811,13.79,2.242,0.045,22.226,1.855,0.1728,-0.1662,0.011,0.000,0.198,-0.022,50.274
202,49.335,20.5733,22.342,1.848,14.18,2.244,0.086,22.364,1.932,0.1740,-0.2641,0.002,0.000,0.198,-0.024,50.142
203,49.585,15.3532,22.448,1.887,14.57,2.221,0.095,22.364,1.932,0.1745,0.0248,0.028,0.000,0.197,-0.024,50.282
204,49.784,15.0064,22.552,1.926,14.99,2.192,0.098,22.500,2.010,0.1634,-0.0218,0.024,0.000,0.197,-0.009,50.121
205,50.085,17.7900,22.654,1.966,15.43,2.189,0.124,22.636,2.089,0.1495,-0.1298,0.014,0.000,0.197,0.010,100.288
206,50.284,17.9203,22.757,2.006,15.85,2.190,0.147,22.636,2.089,0.1778,-0.0191,0.024,0.000,0.197,0.031,49.917
207,50.534,15.6586,22.858,2.046,16.22,2.170,0.152,22.770,2.170,0.1767,-0.1468,0.012,0.000,0.197,0.021,50.303
208,50.735,15.1703,22.959,2.087,16.57,2.152,0.174,22.904,2.252,0.1710,0.1037,0.034,0.000,0.197,0.002,50.205
209,50.985,20.2933,23.059,2.128,16.95,2.144,0.198,22.904,2.252,0.2053,-0.0646,0.019,0.000,0.197,-0.016,50.232
210,51.235,16.2229,23.158,2.170,17.36,2.152,0.205,23.037,2.335,0.1622,0.0201,0.027,0.000,0.197,-0.017,100.221
211,51.485,14.5281,23.258,2.213,17.80,2.155,0.225,23.170,2.420,0.1674,-0.2235,0.005,0.000,0.197,-0.004,50.417
212,51.734,16.8120,23.356,2.257,18.21,2.139,0.248,23.170,2.420,0.1436,-0.1871,0.008,0.000,0.197,0.003,99.999
213,51.984,16.4056,23.454,2.301,18.60,2.114,0.256,23.301,2.506,0.1536,0.1257,0.036,0.000,0.197,0.008,50.216
214,52.185,16.6796,23.550,2.344,18.96,2.096,0.277,23.431,2.594,0.1784,0.1666,0.040,0.000,0.197,0.003,50.169
215,52.434,18.3895,23.646,2.387,19.30,2.116,0.298,23.431,2.594,0.1768,-0.0625,0.019,0.000,0.198,0.005,50.194
216,52.685,15.1531,23.743,2.432,19.65,2.135,0.310,23.561,2.683,0.2054,-0.1529,0.011,0.000,0.197,-0.005,100.177
217,52.935,16.4993,23.840,2.479,20.05,2.120,0.331,23.689,2.773,0.1855,0.1116,0.035,0.000,0.197,-0.003,50.247
218,53.134,16.3025,23.935,2.526,20.48,2.104,0.348,23.689,2.773,0.1793,0.0966,0.033,0.000,0.197,-0.018,50.253
219,53.384,17.2258,24.030,2.574,20.93,2.116,0.360,23.817,2.865,0.1731,-0.1129,0.015,0.000,0.197,-0.003,50.246
220,53.584,18.7090,24.125,2.624,21.36,2.135,0.380,23.943,2.958,0.1941,-0.2495,0.003,0.000,0.197,0.005,50.052
221,53.885,21.3248,24.219,2.673,21.77,2.109,0.396,23.943,2.958,0.1831,0.0268,0.027,0.000,0.197,-0.002,99.943
222,54.135,20.0500,24.312,2.723,22.17,2.078,0.409,24.069,3.052,0.2081,-0.0950,0.016,0.000,0.197,-0.001,100.150
223,54.435,20.3588,24.404,2.774,22.58,2.082,0.429,24.194,3.148,0.2071,-0.1608,0.010,0.000,0.197,-0.007,99.993
224,54.684,16.7799,24.495,2.825,23.02,2.071,0.442,24.194,3.148,0.2089,-0.1010,0.015,0.000,0.197,0.003,100.140
225,54.985,18.8167,24.584,2.877,23.47,2.047,0.455,24.317,3.245,0.1719,0.0794,0.031,0.000,0.196,-0.005,100.262
226,55.234,22.7451,24.673,2.929,23.95,2.042,0.475,24.440,3.343,0.1709,-0.0997,0.015,0.000,0.196,-0.005,100.129
227,55.534,28.5560,24.761,2.982,24.40,2.044,0.483,24.440,3.343,0.1853,0.1119,0.034,0.000,0.196,-0.011,100.043
228,55.785,16.9441,24.850,3.034,24.80,2.047,0.499,24.561,3.442,0.1949,0.0733,0.031,0.000,0.197,0.000,100.098
229,56.085,21.6903,24.938,3.088,25.17,2.045,0.517,24.561,3.442,0.1884,-0.1139,0.014,0.000,0.197,-0.004,99.949
230,56.335,16.7122,25.026,3.142,25.57,2.052,0.528,24.682,3.543,0.1898,0.1674,0.039,0.000,0.197,0.021,100.143
231,56.634,21.7658,25.113,3.197,26.02,2.054,0.546,24.801,3.645,0.1908,-0.3253,0.000,0.004,0.197,0.012,100.086
232,56.884,22.8616,25.200,3.253,26.47,2.056,0.559,24.801,3.645,0.1913,-0.1267,0.013,0.000,0.197,0.006,100.019
233,57.134,17.3091,25.286,3.310,26.89,2.042,0.572,24.920,3.748,0.2033,-0.0971,0.015,0.000,0.197,-0.016,50.121
234,57.385,24.2068,25.371,3.366,27.31,2.026,0.590,25.037,3.853,0.1974,0.0702,0.030,0.000,0.197,-0.023,100.143
235,57.684,23.4476,25.455,3.424,27.74,2.021,0.599,25.037,3.853,0.1897,-0.2236,0.004,0.000,0.197,-0.016,100.658
236,57.935,19.4231,25.539,3.482,28.19,2.023,0.613,25.153,3.959,0.1721,-0.0940,0.015,0.000,0.197,0.021,100.269
237,58.234,14.7439,25.622,3.540,28.63,2.010,0.629,25.153,3.959,0.2050,0.0487,0.028,0.000,0.197,0.032,100.056
238,58.484,26.4489,25.705,3.598,29.03,2.002,0.640,25.268,4.065,0.1760,-0.0523,0.019,0.000,0.197,0.007,99.870
239,58.784,13.7786,25.787,3.657,29.42,2.009,0.657,25.382,4.174,0.1935,-0.1620,0.009,0.000,0.197,-0.019,100.140
240,59.034,15.6669,25.869,3.716,29.82,2.009,0.668,25.382,4.174,0.2204,0.1492,0.036,0.000,0.197,-0.015,100.089
241,59.335,27.1259,25.950,3.775,30.22,1.995,0.682,25.495,4.283,0.2050,0.0587,0.029,0.000,0.197,-0.011,100.200
242,59.585,25.2877,26.031,3.836,30.64,2.005,0.698,25.495,4.283,0.2322,-0.0128,0.022,0.000,0.197,0.013,100.114
243,59.885,17.6268,26.111,3.898,31.10,2.024,0.707,25.607,4.393,0.1712,-0.0705,0.017,0.000,0.196,0.016,99.988
244,60.085,30.0471,26.191,3.962,31.58,2.024,0.721,25.717,4.505,0.1575,0.0827,0.031,0.000,0.196,-0.005,49.973
245,60.385,15.4933,26.270,4.025,32.05,2.013,0.732,25.717,4.505,0.1883,0.0191,0.025,0.000,0.197,-0.000,99.991
246,60.634,16.0886,26.349,4.088,32.44,2.020,0.744,25.826,4.618,0.1921,-0.2142,0.004,0.000,0.198,-0.020,100.075
247,60.935,14.4784,26.428,4.152,32.80,2.011,0.761,25.826,4.618,0.2379,0.1195,0.034,0.000,0.198,-0.002,100.028
248,61.135,28.1856,26.506,4.216,33.19,2.002,0.770,25.935,4.732,0.1931,-0.0323,0.020,0.000,0.197,0.018,50.224
249,61.385,15.7257,26.584,4.281,33.63,2.014,0.784,26.041,4.847,0.2083,-0.0495,0.019,0.000,0.197,0.008,50.218
250,61.635,19.7343,26.661,4.347,34.09,2.012,0.796,26.041,4.847,0.1942,-0.0441,0.019,0.000,0.196,-0.024,100.043
251,61.934,22.1251,26.737,4.413,34.54,2.006,0.806,26.147,4.963,0.1963,-0.3218,0.000,0.005,0.196,-0.025,100.070
252,62.185,22.8318,26.812,4.480,34.97,1.993,0.821,26.252,5.080,0.1940,-0.2077,0.004,0.000,0.197,-0.014,100.097
253,62.485,31.0421,26.887,4.547,35.40,1.980,0.829,26.252,5.080,0.2021,-0.1035,0.013,0.000,0.197,0.014,100.113
254,62.685,18.4283,26.960,4.614,35.83,1.979,0.841,26.355,5.199,0.2190,0.0222,0.024,0.000,0.197,0.026,50.267
255,62.985,31.0623,27.033,4.682,36.27,1.977,0.852,26.355,5.199,0.2365,0.0636,0.028,0.000,0.196,0.004,100.182
256,63.235,16.3994,27.106,4.751,36.72,1.983,0.862,26.457,5.318,0.2116,-0.0530,0.018,0.000,0.196,-0.024,100.230
257,63.535,18.5020,27.177,4.821,37.20,1.986,0.875,26.558,5.439,0.2008,-0.1964,0.005,0.000,0.196,-0.024,99.877
258,63.735,26.6480,27.248,4.892,37.68,1.980,0.880,26.558,5.439,0.1951,-0.1716,0.007,0.000,0.197,0.008,50.479
259,63.984,20.8760,27.318,4.962,38.14,1.973,0.891,26.657,5.560,0.1890,0.0794,0.029,0.000,0.197,0.037,50.045
260,64.235,26.7025,27.388,5.033,38.56,1.976,0.902,26.657,5.560,0.2127,0.0535,0.027,0.000,0.197,0.021,100.130
261,64.485,16.2208,27.458,5.104,38.98,1.982,0.911,26.755,5.683,0.2226,-0.0371,0.019,0.000,0.197,-0.014,50.288
262,64.735,25.4651,27.528,5.175,39.40,1.989,0.924,26.755,5.683,0.2190,-0.0111,0.021,0.000,0.197,-0.032,100.133
263,65.034,14.8490,27.596,5.248,39.86,1.994,0.930,26.852,5.806,0.1876,0.1149,0.032,0.000,0.197,-0.013,100.114
264,65.284,16.2369,27.664,5.322,40.35,2.002,0.940,26.948,5.931,0.1916,-0.0024,0.022,0.000,0.197,0.022,100.101
265,65.535,16.2330,27.732,5.397,40.82,2.006,0.949,26.948,5.931,0.2050,0.2059,0.041,0.000,0.197,0.031,50.273
266,65.735,25.6314,27.800,5.472,41.25,2.014,0.957,27.042,6.057,0.1980,-0.1518,0.009,0.000,0.197,0.012,50.262
267,66.035,20.5874,27.868,5.548,41.67,2.026,0.970,27.135,6.183,0.2063,0.0772,0.029,0.000,0.197,-0.028,100.003
268,66.284,17.4623,27.935,5.624,42.11,2.024,0.976,27.135,6.183,0.2099,-0.0167,0.021,0.000,0.197,-0.027,100.328
269,66.585,21.3487,28.002,5.702,42.57,2.021,0.985,27.227,6.311,0.1974,0.0442,0.026,0.000,0.197,-0.013,100.557
270,66.834,24.2017,28.067,5.780,43.04,2.018,0.994,27.227,6.311,0.2376,0.1015,0.031,0.000,0.197,0.022,100.260
271,67.135,18.3971,28.132,5.858,43.50,2.025,1.001,27.317,6.439,0.2290,0.0183,0.024,0.000,0.197,0.021,99.904
272,67.385,16.6311,28.197,5.937,43.96,2.031,1.012,27.406,6.569,0.1967,0.1764,0.038,0.000,0.196,0.007,99.911
273,67.684,27.3303,28.260,6.018,44.44,2.032,1.017,27.406,6.569,0.2157,0.0509,0.027,0.000,0.196,-0.030,99.954
274,67.934,19.9817,28.324,6.099,44.92,2.057,1.025,27.494,6.699,0.2159,-0.0596,0.018,0.000,0.197,-0.021,100.108
275,68.234,17.0919,28.388,6.180,45.39,2.067,1.034,27.494,6.699,0.2243,-0.0252,0.021,0.000,0.197,-0.001,99.881
276,68.435,25.9071,28.450,6.263,45.86,2.044,1.039,27.580,6.830,0.2171,0.0165,0.024,0.000,0.197,0.023,50.242
277,68.734,15.0990,28.511,6.347,46.36,2.038,1.047,27.665,6.963,0.2268,-0.0106,0.022,0.000,0.197,0.014,100.041
278,68.984,19.9568,28.571,6.430,46.87,2.040,1.051,27.665,6.963,0.2077,-0.2714,0.000,0.001,0.196,0.007,100.085
279,69.284,19.3671,28.631,6.514,47.38,2.037,1.057,27.748,7.096,0.2090,-0.1177,0.012,0.000,0.196,-0.005,100.270
280,69.535,18.6850,28.689,6.597,47.86,2.024,1.065,27.748,7.096,0.2117,-0.1258,0.011,0.000,0.196,-0.021,100.391
281,69.834,15.5516,28.747,6.681,48.33,2.013,1.068,27.830,7.230,0.2154,0.0181,0.024,0.000,0.197,-0.017,100.065
282,70.085,19.9542,28.804,6.765,48.79,2.009,1.076,27.911,7.364,0.2634,0.1941,0.039,0.000,0.197,0.005,99.968
283,70.384,16.9524,28.860,6.849,49.27,2.013,1.080,27.911,7.364,0.2006,0.1839,0.039,0.000,0.196,0.005,100.220
284,70.635,16.9232,28.916,6.935,49.76,2.033,1.084,27.990,7.500,0.2470,-0.1362,0.011,0.000,0.196,0.016,100.044
285,70.934,22.9588,28.972,7.022,50.24,2.053,1.092,27.990,7.500,0.2109,0.1169,0.033,0.000,0.196,-0.006,100.019
286,71.184,15.7897,29.027,7.109,50.72,2.046,1.094,28.068,7.636,0.2011,-0.0665,0.017,0.000,0.197,-0.009,99.920
287,71.485,26.4769,29.081,7.197,51.21,2.050,1.100,28.145,7.774,0.2529,-0.0679,0.016,0.000,0.197,0.000,100.251
288,71.734,21.2637,29.134,7.284,51.68,2.035,1.104,28.145,7.774,0.1939,-0.1755,0.007,0.000,0.197,0.001,100.138
289,72.035,29.0333,29.187,7.372,52.14,2.022,1.108,28.220,7.912,0.2216,-0.0485,0.018,0.000,0.197,-0.003,100.228
290,72.235,18.1560,29.239,7.460,52.61,2.022,1.115,28.220,7.912,0.2123,-0.2258,0.002,0.000,0.197,0.006,49.995
291,72.534,20.0788,29.290,7.547,53.05,2.014,1.117,28.293,8.051,0.2088,-0.0760,0.015,0.000,0.197,-0.004,100.033
292,72.785,15.4503,29.340,7.636,53.50,1.998,1.121,28.365,8.190,0.1915,0.0567,0.027,0.000,0.196,-0.003,100.100
293,73.085,24.0610,29.389,7.724,53.98,1.999,1.125,28.365,8.190,0.2339,0.0504,0.026,0.000,0.196,-0.009,100.163
294,73.284,23.5443,29.438,7.812,54.43,2.014,1.128,28.436,8.330,0.2341,0.0196,0.024,0.000,0.197,0.003,50.324
295,73.584,38.5749,29.486,7.901,54.85,2.004,1.135,28.436,8.330,0.2104,-0.0414,0.018,0.000,0.197,-0.002,100.659
296,73.835,21.2769,29.533,7.990,55.30,2.003,1.135,28.505,8.472,0.2454,0.1290,0.033,0.000,0.196,-0.003,100.325
297,74.134,18.2608,29.579,8.080,55.78,2.008,1.139,28.572,8.613,0.2414,-0.0418,0.018,0.000,0.197,0.003,99.975
298,74.334,16.9295,29.625,8.171,56.27,2.011,1.141,28.572,8.613,0.2021,-0.0169,0.020,0.000,0.196,-0.001,50.068
299,74.635,15.2656,29.668,8.262,56.78,2.006,1.142,28.639,8.756,0.2086,0.1194,0.033,0.000,0.196,0.008,99.971
300,74.885,14.6778,29.712,8.354,57.27,2.012,1.146,28.639,8.756,0.2166,0.0736,0.029,0.000,0.196,-0.012,100.139
301,75.135,14.5426,29.755,8.446,57.74,2.024,1.145,28.703,8.899,0.2057,0.0676,0.028,0.000,0.197,0.002,50.234
302,75.334,17.6265,29.798,8.538,58.20,2.030,1.148,28.766,9.043,0.2301,0.1228,0.033,0.000,0.197,0.004,49.965
303,75.585,21.2599,29.840,8.631,58.66,2.033,1.150,28.766,9.043,0.2034,-0.1150,0.012,0.000,0.197,0.014,50.260
304,75.834,18.1398,29.882,8.726,59.15,2.039,1.150,28.828,9.187,0.2136,0.1155,0.033,0.000,0.197,0.013,100.226
305,76.085,35.8024,29.922,8.820,59.63,2.038,1.154,28.888,9.332,0.2156,-0.0520,0.018,0.000,0.197,0.001,50.096
306,76.335,16.0352,29.962,8.914,60.09,2.042,1.153,28.888,9.332,0.2116,0.0476,0.027,0.000,0.197,-0.017,100.219
307,76.634,23.8863,30.001,9.009,60.56,2.031,1.154,28.947,9.478,0.2116,0.1635,0.037,0.000,0.197,-0.021,100.064
308,76.884,22.5964,30.039,9.104,61.05,2.033,1.155,28.947,9.478,0.2318,-0.1632,0.008,0.000,0.197,-0.013,99.894
309,77.185,14.6488,30.077,9.200,61.52,2.043,1.154,29.004,9.624,0.2035,0.0446,0.026,0.000,0.197,0.021,100.094
310,77.435,19.6754,30.113,9.296,62.00,2.036,1.157,29.059,9.771,0.2253,-0.0631,0.017,0.000,0.196,0.024,99.953
311,77.685,25.0859,30.149,9.392,62.49,2.029,1.154,29.059,9.771,0.1911,0.2234,0.042,0.000,0.196,0.003,50.176
312,77.935,26.7079,30.184,9.488,62.97,2.034,1.154,29.113,9.919,0.2050,-0.0952,0.014,0.000,0.196,-0.016,100.307
313,78.234,16.3463,30.219,9.585,63.42,2.054,1.155,29.113,9.919,0.2151,0.1994,0.040,0.000,0.197,-0.020,100.185
314,78.485,16.1940,30.254,9.682,63.85,2.052,1.154,29.166,10.067,0.2197,0.1393,0.035,0.000,0.197,-0.012,100.203
315,78.784,18.4054,30.287,9.780,64.31,2.061,1.156,29.217,10.216,0.2204,-0.0168,0.022,0.000,0.197,0.013,99.870
316,79.035,20.7957,30.320,9.880,64.82,2.079,1.153,29.217,10.216,0.2156,0.0786,0.030,0.000,0.197,0.018,100.484
317,79.285,25.8398,30.351,9.980,65.34,2.078,1.151,29.266,10.365,0.2099,0.0815,0.030,0.000,0.196,0.024,50.059
318,79.535,16.3964,30.382,10.080,65.84,2.088,1.151,29.266,10.365,0.2470,0.0559,0.028,0.000,0.196,0.000,100.024
319,79.835,20.2534,30.412,10.181,66.32,2.092,1.147,29.314,10.514,0.2310,0.0672,0.029,0.000,0.197,-0.022,99.996
320,80.085,23.2630,30.440,10.283,66.81,2.106,1.146,29.360,10.665,0.2065,0.1270,0.035,0.000,0.197,-0.039,100.094
321,80.334,32.1215,30.468,10.386,67.34,2.104,1.143,29.360,10.665,0.2192,0.1479,0.037,0.000,0.197,-0.009,50.228
322,80.584,23.1559,30.495,10.489,67.88,2.118,1.139,29.404,10.815,0.1911,0.0969,0.032,0.000,0.197,0.023,100.165
323,80.884,25.2946,30.523,10.593,68.39,2.143,1.138,29.447,10.966,0.2532,0.1272,0.035,0.000,0.197,0.043,99.951
324,81.085,19.6210,30.549,10.698,68.87,2.154,1.134,29.447,10.966,0.2295,0.1542,0.038,0.000,0.197,0.038,49.883
325,81.335,23.4426,30.575,10.804,69.36,2.171,1.130,29.489,11.118,0.2019,0.1202,0.035,0.000,0.197,0.009,49.775
326,81.585,24.3418,30.600,10.911,69.88,2.191,1.129,29.529,11.270,0.2208,-0.0186,0.023,0.000,0.197,-0.004,99.912
327,81.835,22.3595,30.624,11.019,70.41,2.199,1.124,29.529,11.270,0.2146,-0.0044,0.024,0.000,0.197,-0.025,50.316
328,82.085,37.9791,30.647,11.127,70.92,2.197,1.120,29.567,11.422,0.1969,-0.0316,0.021,0.000,0.197,-0.035,99.786
329,82.384,29.4638,30.669,11.236,71.42,2.189,1.118,29.567,11.422,0.2002,-0.0723,0.018,0.000,0.197,-0.044,100.137
330,82.635,31.6447,30.691,11.343,71.92,2.178,1.111,29.604,11.575,0.2262,-0.0102,0.023,0.000,0.197,-0.021,100.066
331,82.935,24.1181,30.712,11.451,72.40,2.163,1.108,29.639,11.728,0.2032,-0.0743,0.018,0.000,0.197,-0.001,100.149
332,83.184,38.8566,30.731,11.558,72.88,2.160,1.105,29.639,11.728,0.2178,-0.0667,0.018,0.000,0.197,0.010,100.278
333,83.484,20.3415,30.749,11.665,73.39,2.142,1.099,29.672,11.881,0.1873,0.0788,0.031,0.000,0.196,0.040,99.977
334,83.735,17.4586,30.766,11.771,73.89,2.137,1.095,29.704,12.035,0.1793,0.1413,0.037,0.000,0.196,0.026,100.065
335,84.034,34.1494,30.783,11.878,74.37,2.143,1.091,29.704,12.035,0.1905,0.0334,0.027,0.000,0.196,0.012,100.135
336,84.284,30.3473,30.801,11.985,74.80,2.163,1.086,29.734,12.189,0.2053,-0.0036,0.024,0.000,0.197,-0.010,100.203
337,84.585,30.8466,30.817,12.092,75.22,2.165,1.084,29.763,12.344,0.1964,0.1032,0.033,0.000,0.197,-0.027,100.178
338,84.835,24.9403,30.832,12.200,75.68,2.168,1.078,29.763,12.344,0.1788,0.1228,0.035,0.000,0.197,-0.030,100.128
339,85.135,23.8805,30.846,12.309,76.17,2.178,1.073,29.790,12.498,0.2059,0.1883,0.041,0.000,0.197,-0.010,100.068
340,85.384,23.9670,30.860,12.418,76.63,2.196,1.071,29.815,12.653,0.1758,0.0967,0.033,0.000,0.198,0.003,100.269
341,85.635,22.0816,30.873,12.528,77.06,2.213,1.065,29.815,12.653,0.2217,-0.1123,0.015,0.000,0.198,0.027,50.237
342,85.885,32.9905,30.886,12.639,77.50,2.218,1.060,29.839,12.809,0.1985,-0.1715,0.010,0.000,0.198,0.039,99.944
343,86.184,20.3524,30.897,12.750,77.96,2.208,1.058,29.861,12.964,0.2051,0.0358,0.028,0.000,0.197,0.026,100.192
344,86.434,27.2134,30.907,12.860,78.43,2.177,1.051,29.861,12.964,0.1977,-0.0770,0.018,0.000,0.197,0.005,99.929
345,86.735,27.3918,30.915,12.969,78.92,2.175,1.044,29.882,13.120,0.1726,0.0034,0.025,0.000,0.196,-0.016,99.905
346,86.935,30.6447,30.923,13.078,79.41,2.171,1.041,29.901,13.276,0.2219,0.0672,0.030,0.000,0.196,-0.021,49.814
347,87.235,15.9312,30.931,13.187,79.87,2.170,1.034,29.901,13.276,0.1917,0.0663,0.030,0.000,0.197,-0.020,100.039
348,87.434,23.3538,30.937,13.296,80.29,2.177,1.028,29.918,13.432,0.2037,0.1532,0.038,0.000,0.197,-0.026,50.103
349,87.735,19.3398,30.943,13.405,80.73,2.182,1.025,29.918,13.432,0.1991,0.0299,0.028,0.000,0.197,-0.006,100.187
350,87.984,23.4003,30.947,13.516,81.21,2.198,1.017,29.933,13.588,0.2219,0.1840,0.041,0.000,0.197,0.001,99.956
351,88.284,25.1247,30.951,13.627,81.71,2.212,1.010,29.947,13.745,0.1930,0.0297,0.028,0.000,0.197,0.018,100.172
352,88.534,38.5911,30.953,13.739,82.22,2.232,1.006,29.947,13.745,0.1918,0.1187,0.036,0.000,0.197,0.029,99.918
353,88.834,16.5343,30.954,13.851,82.72,2.240,0.996,29.960,13.901,0.1690,-0.0208,0.023,0.000,0.197,0.032,100.095
354,89.085,23.4405,30.955,13.964,83.19,2.244,0.989,29.970,14.058,0.1931,-0.0267,0.023,0.000,0.197,0.030,100.029
355,89.385,24.0030,30.956,14.077,83.63,2.241,0.986,29.970,14.058,0.1697,0.0467,0.029,0.000,0.198,-0.000,100.165
356,89.634,29.2184,30.956,14.189,84.06,2.237,0.977,29.979,14.215,0.1939,0.0083,0.026,0.000,0.198,-0.017,99.967
357,89.934,32.2201,30.956,14.302,84.49,2.241,0.971,29.987,14.372,0.1990,-0.0877,0.018,0.000,0.198,-0.015,100.181
358,90.134,18.8982,30.954,14.414,84.92,2.240,0.968,29.987,14.372,0.1680,0.2787,0.050,0.000,0.197,-0.027,50.030
359,90.434,18.6687,30.951,14.526,85.38,2.235,0.959,29.993,14.529,0.2174,0.0499,0.030,0.000,0.197,-0.016,99.937
360,90.685,18.4604,30.948,14.639,85.83,2.252,0.953,29.997,14.686,0.1704,0.0079,0.026,0.000,0.197,-0.015,99.953
361,90.984,18.5810,30.944,14.753,86.27,2.263,0.949,29.999,14.843,0.1860,0.0839,0.033,0.000,0.197,-0.012,100.041
362,91.234,21.6866,30.939,14.867,86.70,2.275,0.940,29.999,14.843,0.1919,-0.0064,0.025,0.000,0.197,-0.006,99.996
363,91.535,20.4503,30.933,14.981,87.14,2.279,0.933,30.000,15.000,0.1827,-0.1210,0.015,0.000,0.198,-0.000,100.128
364,91.784,22.7833,30.925,15.095,87.61,2.279,0.928,29.999,15.157,0.2018,0.1880,0.042,0.000,0.197,0.006,99.912
365,92.084,17.0133,30.917,15.209,88.08,2.255,0.919,29.999,15.157,0.1844,-0.0198,0.024,0.000,0.197,0.023,100.050
366,92.334,23.3615,30.908,15.322,88.55,2.262,0.911,29.997,15.314,0.1968,0.0520,0.030,0.000,0.197,0.021,100.368
367,92.635,14.7267,30.897,15.436,89.01,2.272,0.905,29.993,15.471,0.1937,0.0424,0.030,0.000,0.197,0.009,100.166
368,92.885,17.1869,30.886,15.550,89.49,2.284,0.897,29.993,15.471,0.1770,-0.0411,0.022,0.000,0.197,0.013,100.005
369,93.134,15.6124,30.873,15.665,89.98,2.287,0.887,29.987,15.628,0.1766,0.0919,0.034,0.000,0.197,0.015,50.054
370,93.385,28.6827,30.860,15.778,90.45,2.284,0.880,29.979,15.785,0.2014,0.2050,0.044,0.000,0.197,0.013,100.043
371,93.685,19.6823,30.846,15.892,90.90,2.292,0.873,29.979,15.785,0.1930,0.0833,0.034,0.000,0.197,0.009,100.093
372,93.935,20.0242,30.831,16.007,91.34,2.309,0.863,29.970,15.942,0.1814,-0.0738,0.020,0.000,0.197,-0.004,99.956
373,94.235,23.9135,30.815,16.123,91.82,2.325,0.856,29.960,16.099,0.2064,-0.0420,0.023,0.000,0.197,-0.013,100.388
374,94.435,29.6735,30.798,16.238,92.32,2.314,0.850,29.960,16.099,0.1825,-0.0024,0.026,0.000,0.197,-0.020,49.616
375,94.735,22.6566,30.780,16.353,92.80,2.302,0.838,29.947,16.255,0.1471,0.0757,0.033,0.000,0.197,-0.026,100.038
376,94.985,18.4915,30.761,16.467,93.28,2.306,0.829,29.933,16.412,0.1984,-0.0411,0.023,0.000,0.197,-0.012,100.210
377,95.235,20.0628,30.742,16.581,93.72,2.304,0.824,29.918,16.568,0.1745,-0.1462,0.013,0.000,0.197,-0.007,50.364
378,95.485,27.4415,30.723,16.695,94.13,2.290,0.815,29.918,16.568,0.1519,0.1619,0.040,0.000,0.197,-0.021,99.885
379,95.784,19.9308,30.702,16.808,94.55,2.278,0.806,29.901,16.724,0.1838,0.0760,0.033,0.000,0.197,-0.009,100.225
380,96.035,32.5198,30.682,16.922,94.97,2.297,0.801,29.882,16.880,0.1407,0.2308,0.047,0.000,0.197,0.000,99.988
381,96.335,15.1588,30.660,17.035,95.38,2.316,0.794,29.882,16.880,0.1513,-0.0464,0.023,0.000,0.197,-0.000,100.162
382,96.585,22.2336,30.638,17.150,95.76,2.334,0.786,29.861,17.036,0.1536,-0.0320,0.024,0.000,0.198,0.001,100.003
383,96.884,14.7210,30.616,17.265,96.13,2.325,0.780,29.839,17.191,0.1970,0.1841,0.043,0.000,0.198,0.013,100.226
384,97.085,20.3307,30.592,17.379,96.51,2.317,0.776,29.839,17.191,0.1708,-0.0525,0.022,0.000,0.198,0.008,50.055
385,97.384,15.4785,30.567,17.494,96.92,2.335,0.766,29.815,17.347,0.1354,0.0815,0.034,0.000,0.197,0.015,100.365
386,97.634,22.5832,30.541,17.609,97.36,2.345,0.759,29.790,17.502,0.1726,-0.0405,0.023,0.000,0.197,0.038,100.192
387,97.934,18.9469,30.515,17.724,97.79,2.349,0.755,29.763,17.656,0.1892,0.1365,0.039,0.000,0.197,0.035,100.010
388,98.185,16.3100,30.487,17.839,98.19,2.346,0.747,29.763,17.656,0.1971,0.0116,0.028,0.000,0.197,0.010,100.004
389,98.485,16.8362,30.458,17.953,98.59,2.362,0.738,29.734,17.811,0.1515,0.0414,0.031,0.000,0.197,-0.007,100.094
390,98.735,28.7651,30.428,18.068,99.05,2.366,0.731,29.704,17.965,0.1523,-0.0778,0.020,0.000,0.197,0.008,99.956
391,99.034,19.3023,30.398,18.182,99.52,2.364,0.727,29.704,17.965,0.1880,0.1159,0.037,0.000,0.197,0.011,100.114
392,99.285,16.5544,30.367,18.297,99.93,2.354,0.717,29.672,18.119,0.1549,-0.0050,0.027,0.000,0.197,0.008,100.136
393,99.534,25.2841,30.335,18.411,100.32,2.362,0.710,29.639,18.272,0.1786,-0.1324,0.015,0.000,0.197,0.007,50.307
394,99.784,21.8799,30.302,18.525,100.72,2.363,0.705,29.604,18.425,0.1656,-0.0621,0.021,0.000,0.197,-0.000,100.394
395,100.085,18.6926,30.268,18.638,101.15,2.347,0.698,29.604,18.425,0.1631,0.0660,0.033,0.000,0.197,-0.013,100.059
396,100.334,15.9629,30.234,18.750,101.59,2.341,0.688,29.567,18.578,0.1735,0.1317,0.039,0.000,0.197,-0.031,100.134
397,100.634,18.6944,30.198,18.862,102.01,2.350,0.682,29.529,18.730,0.1386,0.1166,0.037,0.000,0.197,-0.028,100.036
398,100.885,24.0875,30.162,18.975,102.45,2.363,0.679,29.529,18.730,0.1414,-0.0180,0.026,0.000,0.197,-0.020,100.051
399,101.184,24.0172,30.125,19.088,102.87,2.371,0.668,29.489,18.882,0.1758,-0.1197,0.017,0.000,0.197,-0.015,100.158
400,101.434,15.6436,30.088,19.201,103.26,2.358,0.662,29.447,19.034,0.1814,-0.0196,0.025,0.000,0.198,-0.016,100.247
401,101.734,24.4203,30.050,19.313,103.63,2.346,0.658,29.404,19.185,0.1544,0.0001,0.027,0.000,0.198,-0.036,100.208
402,101.985,26.1472,30.011,19.424,104.03,2.342,0.652,29.404,19.185,0.1754,0.0017,0.027,0.000,0.197,-0.022,99.949
403,102.285,30.8207,29.972,19.535,104.46,2.350,0.644,29.360,19.335,0.1671,-0.1815,0.011,0.000,0.197,-0.026,100.149
404,102.484,22.1594,29.931,19.646,104.87,2.343,0.638,29.314,19.486,0.1550,0.2665,0.050,0.000,0.197,-0.035,50.071
405,102.785,16.7480,29.889,19.755,105.29,2.325,0.635,29.266,19.635,0.1558,0.0971,0.036,0.000,0.197,-0.023,100.055
406,103.034,15.0896,29.847,19.865,105.71,2.342,0.625,29.266,19.635,0.1849,0.1827,0.043,0.000,0.197,-0.000,100.034
407,103.335,16.0988,29.804,19.975,106.11,2.366,0.618,29.217,19.784,0.1323,-0.0871,0.020,0.000,0.198,0.016,99.999
408,103.535,17.3747,29.760,20.086,106.52,2.390,0.613,29.166,19.933,0.1716,-0.1923,0.010,0.000,0.198,0.034,50.051
409,103.835,28.0498,29.715,20.197,106.94,2.370,0.609,29.166,19.933,0.1332,0.2092,0.046,0.000,0.198,0.043,100.097
410,104.035,23.5765,29.670,20.307,107.35,2.353,0.601,29.113,20.081,0.1643,0.1490,0.041,0.000,0.198,0.041,50.034
411,104.335,25.7733,29.625,20.416,107.72,2.368,0.596,29.059,20.229,0.1744,-0.0924,0.019,0.000,0.198,0.032,99.910
412,104.585,20.2492,29.578,20.527,108.07,2.384,0.594,29.004,20.376,0.1485,0.1092,0.037,0.000,0.198,0.019,99.904
413,104.885,23.3006,29.530,20.637,108.46,2.384,0.588,29.004,20.376,0.1681,0.0332,0.030,0.000,0.198,0.025,100.140
414,105.135,14.9235,29.482,20.746,108.87,2.392,0.580,28.947,20.522,0.1407,-0.1344,0.016,0.000,0.198,0.030,100.002
415,105.435,17.2836,29.432,20.856,109.28,2.392,0.576,28.888,20.668,0.1270,-0.0794,0.020,0.000,0.198,0.039,99.831
416,105.684,16.6727,29.383,20.965,109.68,2.376,0.575,28.828,20.813,0.1760,0.0656,0.033,0.000,0.198,0.038,100.054
417,105.985,15.9693,29.333,21.073,110.03,2.367,0.569,28.828,20.813,0.1647,0.0150,0.029,0.000,0.198,0.030,100.046
418,106.185,15.8183,29.283,21.181,110.37,2.378,0.563,28.766,20.957,0.1579,-0.1937,0.010,0.000,0.197,0.013,50.077
419,106.434,18.2168,29.232,21.288,110.74,2.378,0.561,28.703,21.101,0.1829,-0.0582,0.022,0.000,0.197,0.002,50.094
420,106.635,18.7951,29.179,21.394,111.16,2.356,0.559,28.703,21.101,0.1512,0.1247,0.038,0.000,0.197,-0.006,50.182
421,106.885,16.6880,29.126,21.499,111.59,2.349,0.550,28.639,21.244,0.1545,0.2605,0.050,0.000,0.196,-0.018,50.201
422,107.085,19.0252,29.072,21.604,112.01,2.364,0.545,28.572,21.387,0.1344,-0.0361,0.024,0.000,0.197,-0.015,49.998
423,107.385,17.3775,29.017,21.710,112.40,2.388,0.543,28.505,21.528,0.1635,-0.1282,0.016,0.000,0.197,-0.016,100.186
424,107.585,19.1124,28.962,21.816,112.78,2.382,0.540,28.505,21.528,0.1651,-0.3247,0.000,0.001,0.198,-0.019,50.223
425,107.884,24.6590,28.906,21.922,113.15,2.355,0.534,28.436,21.670,0.1454,-0.0582,0.022,0.000,0.198,-0.032,100.035
426,108.135,17.7782,28.850,22.025,113.54,2.324,0.530,28.365,21.810,0.1497,-0.0862,0.019,0.000,0.198,-0.041,100.216
427,108.435,17.8792,28.794,22.126,113.93,2.307,0.531,28.293,21.949,0.1322,0.0020,0.027,0.000,0.197,-0.045,99.842
428,108.685,20.0912,28.738,22.227,114.31,2.295,0.524,28.293,21.949,0.1419,-0.1184,0.016,0.000,0.197,-0.044,99.859
429,108.985,15.8994,28.681,22.327,114.66,2.292,0.520,28.220,22.088,0.1640,0.0438,0.031,0.000,0.198,-0.032,100.120
430,109.235,18.6732,28.625,22.427,114.99,2.282,0.520,28.145,22.226,0.1121,-0.0326,0.024,0.000,0.198,-0.019,100.044
431,109.535,19.0583,28.567,22.526,115.36,2.282,0.518,28.145,22.226,0.1482,-0.1072,0.017,0.000,0.198,0.015,99.996
432,109.735,15.5593,28.510,22.625,115.72,2.273,0.513,28.068,22.364,0.1330,0.0303,0.029,0.000,0.198,0.041,50.235
433,110.035,25.3464,28.452,22.723,116.06,2.263,0.513,27.990,22.500,0.1397,0.0290,0.029,0.000,0.198,0.044,99.933
434,110.285,19.5464,28.393,22.821,116.39,2.270,0.515,27.990,22.500,0.1405,0.1164,0.037,0.000,0.198,0.041,100.088
435,110.535,17.9141,28.334,22.918,116.72,2.278,0.509,27.911,22.636,0.1405,0.1213,0.038,0.000,0.198,0.027,50.275
436,110.735,15.0869,28.274,23.016,117.08,2.298,0.507,27.830,22.770,0.1494,-0.1439,0.014,0.000,0.198,0.010,50.196
437,111.035,20.4050,28.213,23.114,117.43,2.307,0.509,27.748,22.904,0.1724,0.0915,0.035,0.000,0.198,-0.005,99.927
438,111.285,19.7829,28.150,23.211,117.80,2.296,0.506,27.748,22.904,0.1562,0.1638,0.041,0.000,0.198,-0.015,99.919
439,111.535,22.6076,28.087,23.307,118.19,2.310,0.501,27.665,23.037,0.1413,-0.1739,0.012,0.000,0.198,-0.019,50.214
440,111.785,18.2138,28.022,23.404,118.60,2.323,0.501,27.580,23.170,0.1368,-0.0368,0.024,0.000,0.198,-0.024,100.078
441,112.085,16.8971,27.958,23.500,119.00,2.307,0.502,27.580,23.170,0.1208,0.1223,0.038,0.000,0.198,-0.028,99.931
442,112.285,27.5934,27.893,23.596,119.35,2.294,0.497,27.494,23.301,0.1465,0.1766,0.043,0.000,0.198,-0.034,49.993
443,112.535,17.6704,27.829,23.692,119.66,2.309,0.497,27.406,23.431,0.1606,-0.0525,0.022,0.000,0.199,-0.037,50.058
444,112.785,31.2231,27.763,23.788,119.97,2.334,0.501,27.317,23.561,0.1360,0.0786,0.034,0.000,0.199,-0.020,100.061
445,113.084,25.7325,27.697,23.884,120.32,2.335,0.499,27.317,23.561,0.1457,0.0460,0.031,0.000,0.199,0.002,100.103
446,113.284,14.9075,27.629,23.980,120.69,2.340,0.496,27.227,23.689,0.1590,0.0107,0.028,0.000,0.198,0.022,49.934
447,113.534,15.1657,27.560,24.076,121.06,2.347,0.498,27.135,23.817,0.1509,-0.0633,0.022,0.000,0.198,0.024,50.089
448,113.785,20.1183,27.490,24.170,121.44,2.348,0.501,27.135,23.817,0.1708,-0.0571,0.022,0.000,0.198,0.037,100.103
449,114.085,29.8699,27.420,24.264,121.84,2.330,0.495,27.042,23.943,0.1631,0.0382,0.031,0.000,0.198,0.035,100.087
450,114.334,18.2929,27.348,24.358,122.24,2.322,0.493,26.948,24.069,0.1700,-0.0515,0.023,0.000,0.198,0.032,99.999
451,114.635,40.5586,27.276,24.450,122.66,2.327,0.495,26.852,24.194,0.1581,-0.0975,0.018,0.000,0.197,0.021,99.971
452,114.885,16.4140,27.203,24.541,123.09,2.327,0.494,26.852,24.194,0.1689,-0.1223,0.016,0.000,0.197,0.030,100.203
453,115.135,22.1135,27.130,24.632,123.51,2.314,0.489,26.755,24.317,0.1789,-0.0559,0.022,0.000,0.197,0.024,50.212
454,115.335,19.4149,27.056,24.722,123.93,2.299,0.489,26.657,24.440,0.1831,0.0134,0.028,0.000,0.197,0.009,50.334
455,115.585,19.5254,26.982,24.809,124.36,2.295,0.492,26.558,24.561,0.1308,0.1560,0.041,0.000,0.196,-0.014,50.022
456,115.784,21.6540,26.907,24.897,124.82,2.295,0.484,26.558,24.561,0.1464,-0.1112,0.017,0.000,0.196,-0.011,50.095
457,116.035,17.9080,26.832,24.985,125.25,2.310,0.482,26.457,24.682,0.1545,0.1057,0.036,0.000,0.197,-0.017,50.175
458,116.235,17.8120,26.757,25.073,125.63,2.297,0.485,26.355,24.801,0.1693,0.0104,0.028,0.000,0.198,-0.029,50.274
459,116.535,26.6545,26.681,25.160,125.99,2.306,0.484,26.355,24.801,0.1567,-0.0847,0.019,0.000,0.198,-0.030,100.000
460,116.785,30.0701,26.604,25.246,126.39,2.313,0.480,26.252,24.920,0.1355,-0.1074,0.017,0.000,0.198,-0.024,100.074
461,117.035,22.0279,26.526,25.332,126.82,2.301,0.481,26.147,25.037,0.1502,0.0587,0.032,0.000,0.198,-0.013,50.303
462,117.285,17.2312,26.450,25.418,127.21,2.285,0.486,26.147,25.037,0.1672,-0.0661,0.021,0.000,0.198,-0.006,100.076
463,117.535,17.3941,26.373,25.503,127.55,2.279,0.481,26.041,25.153,0.1719,0.1285,0.038,0.000,0.198,-0.002,50.222
464,117.785,19.0251,26.294,25.586,127.90,2.279,0.480,25.935,25.268,0.1642,0.0378,0.030,0.000,0.197,-0.003,100.176
465,118.035,14.8516,26.215,25.670,128.31,2.299,0.483,25.826,25.382,0.1460,0.1460,0.040,0.000,0.197,0.011,50.235
466,118.235,21.8175,26.134,25.753,128.75,2.316,0.482,25.826,25.382,0.1467,-0.1102,0.017,0.000,0.197,0.032,50.197
467,118.485,21.3962,26.053,25.837,129.16,2.323,0.479,25.717,25.495,0.1487,0.0943,0.035,0.000,0.198,0.036,50.214
468,118.685,26.8150,25.972,25.920,129.52,2.317,0.481,25.607,25.607,0.1646,-0.1399,0.015,0.000,0.198,0.030,50.107
469,118.935,19.2674,25.890,26.002,129.88,2.313,0.486,25.607,25.607,0.1484,0.1512,0.040,0.000,0.198,0.017,50.178
470,119.134,15.1606,25.807,26.083,130.27,2.302,0.481,25.495,25.717,0.1716,-0.2158,0.008,0.000,0.198,0.006,50.541
471,119.385,22.7095,25.724,26.165,130.66,2.310,0.481,25.382,25.826,0.1263,0.1078,0.036,0.000,0.198,-0.008,50.202
472,119.635,20.8700,25.641,26.245,131.06,2.297,0.485,25.268,25.935,0.1755,0.0261,0.029,0.000,0.197,-0.004,100.205
473,119.935,15.4786,25.558,26.325,131.43,2.305,0.486,25.268,25.935,0.1564,-0.0231,0.025,0.000,0.198,-0.008,100.143
474,120.185,28.8155,25.474,26.404,131.79,2.311,0.484,25.153,26.041,0.1724,0.1350,0.039,0.000,0.198,-0.027,100.120
475,120.435,22.1197,25.389,26.483,132.17,2.312,0.486,25.037,26.147,0.1563,0.0369,0.030,0.000,0.197,-0.023,50.376
476,120.635,17.1788,25.302,26.561,132.59,2.327,0.491,25.037,26.147,0.1646,-0.1841,0.011,0.000,0.197,-0.017,50.386
477,120.884,17.9937,25.215,26.639,133.01,2.316,0.487,24.920,26.252,0.1307,0.2396,0.048,0.000,0.197,-0.014,50.393
478,121.135,22.5093,25.127,26.716,133.43,2.307,0.486,24.801,26.355,0.1848,0.1690,0.042,0.000,0.197,-0.014,100.098
479,121.435,27.2837,25.040,26.792,133.81,2.334,0.491,24.682,26.457,0.1798,-0.0190,0.026,0.000,0.198,-0.005,100.134
480,121.685,32.4823,24.951,26.869,134.18,2.365,0.492,24.682,26.457,0.1597,-0.1077,0.018,0.000,0.198,-0.003,99.922
481,121.935,24.1509,24.860,26.946,134.58,2.361,0.490,24.561,26.558,0.1427,-0.1744,0.012,0.000,0.198,-0.002,50.240
482,122.184,27.2285,24.769,27.021,135.02,2.340,0.491,24.440,26.657,0.1437,0.0665,0.033,0.000,0.198,0.008,100.043
483,122.435,15.1316,24.680,27.095,135.43,2.307,0.497,24.317,26.755,0.1550,0.0262,0.030,0.000,0.198,0.018,50.191
484,122.684,15.0265,24.590,27.169,135.78,2.307,0.495,24.317,26.755,0.1484,0.0676,0.033,0.000,0.198,0.010,99.668
485,122.985,16.9852,24.499,27.242,136.14,2.316,0.495,24.194,26.852,0.1167,-0.0479,0.023,0.000,0.197,0.006,99.950
486,123.234,32.9367,24.408,27.315,136.53,2.339,0.500,24.069,26.948,0.1912,-0.0274,0.025,0.000,0.197,0.018,99.971
487,123.535,20.4008,24.317,27.388,136.90,2.328,0.505,24.069,26.948,0.1705,-0.1041,0.018,0.000,0.198,0.015,100.216
488,123.784,17.0904,24.225,27.460,137.23,2.317,0.504,23.943,27.042,0.1511,-0.1433,0.014,0.000,0.198,0.009,99.858
489,124.034,21.3634,24.133,27.531,137.59,2.303,0.506,23.817,27.135,0.1742,0.0756,0.034,0.000,0.197,0.004,50.100
490,124.235,24.6920,24.041,27.600,137.97,2.288,0.513,23.689,27.227,0.2040,-0.0312,0.024,0.000,0.197,0.005,50.155
491,124.534,18.2779,23.949,27.668,138.38,2.293,0.512,23.689,27.227,0.1584,-0.0675,0.021,0.000,0.196,-0.004,100.151
492,124.784,19.0897,23.855,27.735,138.80,2.290,0.511,23.561,27.317,0.1532,-0.0702,0.021,0.000,0.196,-0.005,100.072
493,125.034,19.4291,23.761,27.802,139.23,2.284,0.515,23.431,27.406,0.1710,0.0141,0.028,0.000,0.197,-0.006,50.316
494,125.285,25.3466,23.668,27.867,139.64,2.276,0.518,23.431,27.406,0.1636,0.0221,0.029,0.000,0.197,-0.019,100.052
495,125.584,19.2061,23.574,27.932,140.03,2.277,0.516,23.301,27.494,0.1558,-0.0367,0.024,0.000,0.197,-0.022,100.065
496,125.834,22.5165,23.479,27.996,140.44,2.280,0.519,23.170,27.580,0.1889,0.0508,0.031,0.000,0.197,-0.017,100.029
497,126.135,30.1382,23.384,28.060,140.84,2.276,0.526,23.170,27.580,0.1801,-0.4521,0.000,0.013,0.197,-0.013,100.233
498,126.335,19.1740,23.289,28.123,141.25,2.254,0.523,23.037,27.665,0.1835,-0.1560,0.012,0.000,0.197,-0.022,50.276
499,126.635,17.3204,23.194,28.183,141.66,2.221,0.523,22.904,27.748,0.1807,0.0448,0.030,0.000,0.197,-0.016,99.964
500,126.885,27.8609,23.100,28.242,142.11,2.200,0.527,22.770,27.830,0.1750,0.1302,0.038,0.000,0.196,0.004,100.418
501,127.135,16.6640,23.005,28.300,142.56,2.205,0.525,22.770,27.830,0.1762,-0.0363,0.023,0.000,0.196,0.025,50.172
502,127.384,15.5791,22.910,28.357,142.99,2.219,0.524,22.636,27.911,0.1598,0.1454,0.039,0.000,0.196,0.041,100.009
503,127.685,17.3946,22.814,28.414,143.41,2.230,0.528,22.500,27.990,0.1768,-0.0360,0.023,0.000,0.197,0.041,100.205
504,127.884,17.3121,22.717,28.472,143.83,2.237,0.528,22.500,27.990,0.1592,0.1071,0.036,0.000,0.197,0.025,50.005
505,128.184,17.0474,22.620,28.528,144.24,2.246,0.527,22.364,28.068,0.1795,0.0255,0.029,0.000,0.197,0.004,100.188
506,128.434,32.1556,22.522,28.584,144.65,2.258,0.530,22.226,28.145,0.1838,-0.0435,0.023,0.000,0.197,-0.016,100.042
507,128.734,17.4714,22.424,28.640,145.06,2.254,0.533,22.226,28.145,0.1827,-0.0024,0.026,0.000,0.198,-0.025,100.148
508,128.935,16.2241,22.324,28.694,145.49,2.249,0.530,22.088,28.220,0.1658,-0.0666,0.021,0.000,0.197,-0.033,50.103
509,129.184,22.2471,22.225,28.748,145.95,2.242,0.531,21.949,28.293,0.1443,-0.0183,0.025,0.000,0.197,-0.021,50.112
510,129.434,18.0189,22.125,28.801,146.40,2.235,0.537,21.949,28.293,0.1806,-0.0845,0.019,0.000,0.197,-0.013,100.089
511,129.734,23.3053,22.026,28.853,146.77,2.224,0.534,21.810,28.365,0.1847,0.1484,0.039,0.000,0.198,0.000,100.019
512,129.984,21.2841,21.927,28.905,147.12,2.221,0.536,21.670,28.436,0.1639,0.1416,0.039,0.000,0.198,-0.001,99.912
513,130.285,26.0010,21.828,28.956,147.50,2.239,0.541,21.528,28.505,0.1315,0.1510,0.040,0.000,0.197,0.017,100.125
514,130.485,26.4661,21.726,29.007,147.92,2.269,0.540,21.528,28.505,0.1648,-0.1178,0.016,0.000,0.197,0.041,50.082
515,130.784,18.9515,21.624,29.059,148.32,2.281,0.541,21.387,28.572,0.1799,0.1296,0.038,0.000,0.198,0.032,100.142
516,130.985,18.3426,21.522,29.109,148.69,2.274,0.547,21.244,28.639,0.1859,0.1598,0.041,0.000,0.198,0.023,50.191
517,131.235,25.3727,21.419,29.159,149.07,2.288,0.549,21.244,28.639,0.2085,0.0488,0.031,0.000,0.197,-0.004,50.363
518,131.485,20.0928,21.314,29.207,149.50,2.319,0.547,21.101,28.703,0.1420,-0.0550,0.022,0.000,0.197,-0.019,100.084
519,131.784,26.2446,21.208,29.255,149.98,2.321,0.549,20.957,28.766,0.1793,-0.0460,0.023,0.000,0.197,-0.021,100.328
520,132.034,19.2971,21.101,29.302,150.44,2.304,0.555,20.957,28.766,0.2040,-0.1583,0.013,0.000,0.197,-0.020,100.111
521,132.334,20.1542,20.996,29.348,150.85,2.284,0.551,20.813,28.828,0.1670,-0.0495,0.022,0.000,0.198,-0.034,99.961
522,132.535,26.5833,20.890,29.392,151.28,2.268,0.551,20.668,28.888,0.1816,-0.0851,0.019,0.000,0.197,-0.034,50.306
523,132.834,20.1675,20.785,29.436,151.72,2.268,0.556,20.522,28.947,0.1657,-0.2188,0.007,0.000,0.197,-0.032,100.140
524,133.035,25.0681,20.679,29.479,152.16,2.249,0.555,20.522,28.947,0.1886,-0.0507,0.022,0.000,0.197,-0.031,50.002
525,133.335,19.1081,20.575,29.520,152.58,2.215,0.554,20.376,29.004,0.1920,-0.0075,0.026,0.000,0.197,-0.012,100.143
526,133.584,22.0294,20.472,29.561,152.99,2.204,0.557,20.229,29.059,0.1542,-0.0497,0.022,0.000,0.197,0.010,100.151
527,133.885,23.5263,20.367,29.600,153.43,2.212,0.558,20.229,29.059,0.1915,0.0381,0.030,0.000,0.196,0.044,100.006
528,134.134,26.4641,20.263,29.639,153.88,2.209,0.556,20.081,29.113,0.1625,-0.1105,0.016,0.000,0.196,0.050,100.191
529,134.434,16.7183,20.159,29.677,154.30,2.212,0.559,19.933,29.166,0.1346,0.1388,0.038,0.000,0.196,0.030,100.142
530,134.635,26.1468,20.055,29.714,154.70,2.199,0.562,19.933,29.166,0.1703,0.0360,0.029,0.000,0.197,0.013,50.134
531,134.885,23.2526,19.951,29.752,155.07,2.214,0.560,19.784,29.217,0.1378,-0.0151,0.025,0.000,0.197,-0.005,50.106
532,135.085,21.8443,19.846,29.789,155.42,2.221,0.564,19.635,29.266,0.1748,0.0957,0.035,0.000,0.198,-0.026,50.253
533,135.335,28.5479,19.741,29.827,155.76,2.225,0.571,19.635,29.266,0.1604,0.0164,0.028,0.000,0.198,-0.027,49.943
534,135.584,24.4695,19.635,29.863,156.11,2.236,0.570,19.486,29.314,0.1858,-0.0089,0.026,0.000,0.198,-0.019,100.126
535,135.884,15.4908,19.529,29.898,156.49,2.236,0.572,19.335,29.360,0.1738,-0.0173,0.025,0.000,0.198,-0.017,100.212
536,136.135,23.9403,19.422,29.932,156.90,2.236,0.579,19.185,29.404,0.1557,0.2521,0.049,0.000,0.198,0.005,100.161
537,136.435,25.6070,19.314,29.965,157.34,2.238,0.576,19.185,29.404,0.1482,0.1006,0.036,0.000,0.198,0.027,100.060
538,136.685,18.0716,19.205,29.998,157.76,2.268,0.577,19.034,29.447,0.1792,0.0186,0.029,0.000,0.198,0.048,99.958
539,136.985,31.0104,19.096,30.032,158.14,2.287,0.583,18.882,29.489,0.1855,0.1529,0.040,0.000,0.198,0.041,100.218
540,137.184,24.6699,18.986,30.063,158.52,2.296,0.584,18.882,29.489,0.1632,0.0315,0.030,0.000,0.198,0.019,50.248
541,137.485,22.8028,18.874,30.094,158.94,2.315,0.584,18.730,29.529,0.1769,-0.2221,0.007,0.000,0.198,0.006,100.020
542,137.734,17.4948,18.762,30.125,159.37,2.313,0.587,18.578,29.567,0.1855,0.0644,0.033,0.000,0.198,-0.018,100.272
543,138.035,23.5890,18.650,30.154,159.81,2.283,0.591,18.578,29.567,0.1881,-0.1083,0.017,0.000,0.198,-0.023,100.106
544,138.285,16.3265,18.539,30.181,160.25,2.282,0.589,18.425,29.604,0.1632,-0.0933,0.019,0.000,0.197,-0.034,98.920
545,138.585,25.0288,18.427,30.208,160.72,2.277,0.590,18.272,29.639,0.1589,0.0521,0.031,0.000,0.197,-0.026,99.997
546,138.835,27.9559,18.316,30.233,161.18,2.269,0.595,18.119,29.672,0.1478,-0.0840,0.019,0.000,0.197,-0.023,99.958
547,139.135,17.9568,18.206,30.259,161.59,2.264,0.593,18.119,29.672,0.1757,0.0433,0.030,0.000,0.197,-0.035,100.132
548,139.385,27.6719,18.095,30.284,161.96,2.257,0.595,17.965,29.704,0.1689,-0.0802,0.020,0.000,0.198,-0.035,99.910
549,139.684,23.9154,17.984,30.309,162.32,2.258,0.600,17.811,29.734,0.1651,0.0873,0.034,0.000,0.198,-0.022,100.234
550,139.884,22.4537,17.873,30.332,162.73,2.255,0.601,17.811,29.734,0.1934,0.0488,0.031,0.000,0.198,0.008,50.332
551,140.184,29.4387,17.762,30.355,163.17,2.260,0.601,17.656,29.763,0.1873,0.0123,0.028,0.000,0.197,0.039,100.145
552,140.434,16.7188,17.650,30.376,163.60,2.265,0.605,17.502,29.790,0.1799,0.0069,0.027,0.000,0.197,0.034,100.136
553,140.735,20.8765,17.537,30.396,164.05,2.276,0.607,17.502,29.790,0.1714,0.0331,0.030,0.000,0.197,0.035,100.229
554,140.984,27.9784,17.424,30.414,164.51,2.276,0.604,17.347,29.815,0.1646,-0.0420,0.023,0.000,0.197,0.028,99.889
555,141.284,31.5830,17.311,30.433,164.96,2.279,0.606,17.191,29.839,0.2082,-0.0378,0.023,0.000,0.197,0.014,100.057
556,141.535,23.9427,17.198,30.451,165.38,2.276,0.612,17.036,29.861,0.1808,0.0628,0.032,0.000,0.198,-0.001,100.054
557,141.835,18.3006,17.086,30.468,165.80,2.275,0.608,17.036,29.861,0.1820,0.0913,0.035,0.000,0.197,-0.007,100.020
558,142.035,16.5082,16.972,30.483,166.25,2.284,0.609,16.880,29.882,0.1793,-0.0942,0.019,0.000,0.197,-0.025,50.091
559,142.335,16.5741,16.858,30.498,166.71,2.290,0.612,16.724,29.901,0.2003,0.0724,0.033,0.000,0.197,-0.029,100.162
560,142.585,21.0040,16.744,30.512,167.17,2.277,0.612,16.724,29.901,0.2092,-0.1740,0.011,0.000,0.197,-0.036,100.008
561,142.885,28.9620,16.630,30.524,167.63,2.276,0.610,16.568,29.918,0.1756,0.0982,0.035,0.000,0.197,-0.042,99.837
562,143.135,17.3897,16.516,30.535,168.12,2.263,0.611,16.412,29.933,0.1635,0.0159,0.028,0.000,0.197,-0.020,100.048
563,143.434,24.4078,16.402,30.546,168.62,2.273,0.612,16.412,29.933,0.1759,0.0374,0.030,0.000,0.197,0.009,100.111
564,143.684,16.9088,16.288,30.556,169.05,2.284,0.610,16.255,29.947,0.1673,-0.0343,0.024,0.000,0.198,0.014,100.147
565,143.985,14.8085,16.174,30.566,169.46,2.279,0.611,16.099,29.960,0.1658,0.1696,0.042,0.000,0.198,0.009,100.236
566,144.235,26.7106,16.060,30.575,169.87,2.279,0.616,15.942,29.970,0.1889,-0.0088,0.026,0.000,0.198,0.017,99.978
567,144.535,16.4751,15.945,30.584,170.30,2.291,0.613,15.942,29.970,0.1687,0.1017,0.036,0.000,0.198,0.015,99.907
568,144.735,22.0157,15.830,30.591,170.73,2.303,0.613,15.785,29.979,0.1646,-0.0368,0.024,0.000,0.197,0.018,50.050
569,144.985,17.9067,15.714,30.598,171.17,2.317,0.617,15.628,29.987,0.1878,0.0312,0.030,0.000,0.197,0.029,49.534
570,145.185,16.5582,15.598,30.603,171.60,2.317,0.617,15.628,29.987,0.1708,-0.0580,0.022,0.000,0.197,0.028,50.196
571,145.484,25.3189,15.482,30.608,172.03,2.315,0.616,15.471,29.993,0.1716,0.0077,0.028,0.000,0.197,0.009,100.114
572,145.734,20.0724,15.366,30.612,172.47,2.304,0.617,15.314,29.997,0.1656,0.2185,0.046,0.000,0.197,0.000,100.055
573,145.985,24.6381,15.250,30.615,172.90,2.312,0.621,15.314,29.997,0.1423,-0.0410,0.024,0.000,0.197,-0.005,50.163
574,146.235,24.7447,15.133,30.617,173.33,2.332,0.618,15.157,29.999,0.1743,0.1984,0.045,0.000,0.197,0.001,100.106
575,146.535,16.1043,15.016,30.620,173.73,2.344,0.620,15.000,30.000,0.1432,0.1482,0.041,0.000,0.198,-0.011,100.012
576,146.785,14.5748,14.898,30.621,174.11,2.364,0.621,14.900,30.000,0.1378,0.0163,0.029,0.000,0.198,-0.016,100.064
577,147.085,23.5267,14.779,30.623,174.50,2.383,0.623,14.800,30.000,0.1663,0.1692,0.043,0.000,0.198,-0.016,100.194
578,147.335,22.4579,14.659,30.624,174.88,2.387,0.625,14.700,30.000,0.1644,0.1299,0.039,0.000,0.198,-0.015,100.001
579,147.635,31.1349,14.539,30.624,175.25,2.398,0.625,14.500,30.000,0.1771,0.2505,0.050,0.000,0.198,-0.020,100.069
580,147.885,24.1066,14.418,30.622,175.65,2.415,0.623,14.400,30.000,0.1331,0.0481,0.033,0.000,0.198,-0.021,100.037
581,148.135,19.9136,14.296,30.619,176.10,2.448,0.619,14.300,30.000,0.1520,0.1042,0.038,0.000,0.198,-0.016,50.146
582,148.384,29.5842,14.172,30.616,176.53,2.461,0.617,14.200,30.000,0.1555,-0.0383,0.025,0.000,0.198,-0.014,99.988
583,148.684,28.9504,14.048,30.612,176.94,2.463,0.614,14.000,30.000,0.1387,-0.2309,0.008,0.000,0.198,-0.017,100.168
584,148.885,25.5554,13.924,30.607,177.34,2.454,0.607,13.900,30.000,0.1164,0.0646,0.034,0.000,0.198,-0.009,50.233
585,149.184,24.9099,13.802,30.601,177.75,2.435,0.601,13.800,30.000,0.1348,0.0660,0.034,0.000,0.198,-0.002,100.112
586,149.435,30.8323,13.680,30.596,178.11,2.442,0.597,13.700,30.000,0.1592,0.2021,0.046,0.000,0.198,-0.008,100.159
587,149.735,19.1658,13.558,30.591,178.43,2.454,0.592,13.600,30.000,0.1242,0.1405,0.041,0.000,0.198,-0.015,99.853
588,149.985,26.9782,13.434,30.584,178.77,2.480,0.585,13.400,30.000,0.1500,-0.0232,0.027,0.000,0.198,-0.004,99.928
589,150.285,23.0263,13.310,30.577,179.14,2.493,0.577,13.300,30.000,0.1238,0.2113,0.048,0.000,0.198,0.004,100.224
590,150.485,18.5113,13.185,30.568,179.52,2.495,0.569,13.200,30.000,0.1520,-0.1123,0.019,0.000,0.198,-0.002,50.072
591,150.785,28.8048,13.060,30.559,179.87,2.503,0.561,13.100,30.000,0.0941,-0.0526,0.024,0.000,0.198,-0.002,99.972
592,151.034,16.9943,12.934,30.550,-179.77,2.492,0.551,12.900,30.000,0.1258,0.0412,0.033,0.000,0.198,-0.003,100.015
593,151.335,17.6452,12.810,30.540,-179.43,2.483,0.540,12.800,30.000,0.0938,0.0643,0.035,0.000,0.198,-0.008,100.067
594,151.535,19.2446,12.685,30.530,-179.11,2.491,0.530,12.700,30.000,0.0812,-0.0421,0.025,0.000,0.198,-0.008,49.467
595,151.784,34.9098,12.560,30.520,-178.81,2.502,0.521,12.600,30.000,0.1041,0.2306,0.049,0.000,0.198,0.003,50.454
596,152.034,22.2852,12.436,30.510,-178.56,2.502,0.511,12.400,30.000,0.1084,0.1533,0.043,0.000,0.199,-0.003,100.200
597,152.285,24.5140,12.310,30.500,-178.34,2.523,0.500,12.300,30.000,0.0838,-0.0362,0.026,0.000,0.199,-0.006,50.086
598,152.535,16.8858,12.184,30.488,-178.08,2.546,0.489,12.200,30.000,0.1012,-0.1445,0.017,0.000,0.199,0.000,100.221
599,152.835,20.9931,12.057,30.477,-177.80,2.541,0.479,12.100,30.000,0.0953,0.0475,0.033,0.000,0.199,-0.002,100.087
600,153.085,27.8146,11.931,30.465,-177.54,2.521,0.466,11.900,30.000,0.0798,-0.0598,0.024,0.000,0.199,-0.013,100.198
601,153.384,20.1572,11.805,30.452,-177.29,2.523,0.452,11.800,30.000,0.0652,-0.0763,0.022,0.000,0.198,-0.009,100.245
602,153.634,21.4433,11.680,30.439,-177.04,2.521,0.439,11.700,30.000,0.0404,0.0765,0.036,0.000,0.198,-0.007,100.092
603,153.934,21.8278,11.555,30.427,-176.83,2.515,0.429,11.600,30.000,0.0680,-0.0269,0.027,0.000,0.199,-0.006,99.975
604,154.185,25.1375,11.430,30.415,-176.67,2.513,0.416,11.400,30.000,0.0253,-0.0058,0.029,0.000,0.199,-0.013,100.337
605,154.485,29.9421,11.305,30.404,-176.54,2.512,0.404,11.300,30.000,0.0332,-0.0028,0.029,0.000,0.199,-0.020,100.103
606,154.735,26.6613,11.180,30.393,-176.42,2.508,0.394,11.200,30.000,-0.0089,0.2337,0.050,0.000,0.199,-0.017,100.215
607,155.034,15.5594,11.056,30.383,-176.31,2.512,0.385,11.100,30.000,0.0318,0.0321,0.032,0.000,0.199,-0.014,99.971
608,155.235,24.2737,10.930,30.373,-176.25,2.527,0.374,10.900,30.000,0.0662,-0.0478,0.025,0.000,0.199,-0.015,50.199
609,155.535,21.0232,10.804,30.364,-176.21,2.531,0.364,10.800,30.000,0.0356,-0.0864,0.022,0.000,0.200,-0.021,100.109
610,155.784,20.4876,10.678,30.353,-176.15,2.524,0.354,10.700,30.000,0.0257,0.1438,0.042,0.000,0.199,-0.022,100.067
611,156.035,25.0733,10.553,30.342,-176.04,2.520,0.345,10.600,30.000,0.0294,-0.1022,0.020,0.000,0.199,-0.010,50.025
612,156.285,31.3023,10.427,30.331,-175.93,2.528,0.332,10.400,30.000,0.0303,0.0373,0.033,0.000,0.199,-0.009,100.000
613,156.534,32.7494,10.301,30.320,-175.85,2.521,0.320,10.300,30.000,-0.0410,0.2001,0.047,0.000,0.199,-0.012,49.668
614,156.785,17.3209,10.175,30.308,-175.77,2.529,0.309,10.200,30.000,-0.0168,0.2423,0.051,0.000,0.199,-0.005,99.971
615,157.085,23.2339,10.048,30.298,-175.71,2.553,0.302,10.000,30.000,0.0332,-0.0671,0.024,0.000,0.200,0.007,100.188
616,157.334,21.6261,9.921,30.289,-175.73,2.569,0.289,9.900,30.000,0.0468,-0.1419,0.017,0.000,0.200,-0.011,100.032
617,157.635,27.3117,9.793,30.278,-175.74,2.559,0.278,9.800,30.000,-0.0052,0.0757,0.036,0.000,0.200,-0.023,100.084
618,157.885,17.7688,9.665,30.267,-175.68,2.550,0.269,9.700,30.000,0.0326,-0.1871,0.013,0.000,0.200,-0.011,100.104
619,158.185,19.7708,9.538,30.257,-175.61,2.550,0.259,9.500,30.000,-0.0038,0.0350,0.033,0.000,0.200,-0.002,100.019
620,158.385,25.0420,9.411,30.246,-175.57,2.534,0.246,9.400,30.000,0.0135,-0.0180,0.028,0.000,0.200,-0.013,49.975
621,158.635,18.6896,9.285,30.236,-175.57,2.531,0.236,9.300,30.000,-0.0048,-0.0959,0.021,0.000,0.199,-0.010,50.067
622,158.834,16.2615,9.158,30.225,-175.55,2.532,0.229,9.200,30.000,-0.0287,0.0286,0.032,0.000,0.199,-0.012,50.825
623,159.085,27.3223,9.032,30.215,-175.53,2.524,0.218,9.000,30.000,-0.0454,0.0044,0.030,0.000,0.199,-0.002,50.078
624,159.335,17.9210,8.906,30.206,-175.54,2.522,0.207,8.900,30.000,0.0163,-0.1076,0.020,0.000,0.200,-0.005,100.219
625,159.635,27.2383,8.781,30.198,-175.60,2.516,0.199,8.800,30.000,0.0138,-0.1159,0.019,0.000,0.200,-0.013,100.032
626,159.884,16.3218,8.655,30.189,-175.66,2.503,0.194,8.700,30.000,-0.0143,-0.2098,0.011,0.000,0.200,-0.021,100.100
627,160.184,27.6278,8.531,30.179,-175.64,2.488,0.182,8.500,30.000,0.0632,-0.2980,0.003,0.000,0.199,-0.007,100.140
628,160.435,18.7150,8.407,30.170,-175.60,2.456,0.170,8.400,30.000,0.0521,-0.2462,0.007,0.000,0.199,-0.004,100.086
629,160.734,32.0531,8.285,30.159,-175.58,2.416,0.160,8.300,30.000,0.0932,-0.2835,0.003,0.000,0.198,-0.011,99.954
630,160.984,16.9604,8.166,30.147,-175.52,2.384,0.151,8.200,30.000,0.0577,-0.3110,0.000,0.000,0.198,-0.012,100.150
631,161.235,34.9023,8.048,30.135,-175.41,2.349,0.143,8.000,30.000,0.1020,-0.0380,0.024,0.000,0.197,-0.001,50.189
632,161.435,15.1901,7.932,30.122,-175.26,2.317,0.126,7.900,30.000,0.1053,0.0047,0.028,0.000,0.197,-0.001,50.187
633,161.734,15.5004,7.817,30.107,-175.09,2.315,0.109,7.800,30.000,0.1010,-0.1955,0.010,0.000,0.197,0.005,99.875
634,161.985,15.6612,7.702,30.092,-174.91,2.320,0.092,7.700,30.000,0.0342,-0.1734,0.012,0.000,0.197,0.017,99.879
635,162.234,27.4583,7.587,30.075,-174.68,2.301,0.076,7.600,30.000,0.0745,-0.1179,0.017,0.000,0.197,0.026,50.009
636,162.435,22.2971,7.474,30.059,-174.46,2.271,0.065,7.500,30.000,0.0781,-0.0034,0.027,0.000,0.198,0.019,50.113
637,162.685,15.3267,7.363,30.043,-174.29,2.250,0.057,7.400,30.000,0.0895,0.1976,0.044,0.000,0.198,0.016,50.266
638,162.885,16.5238,7.251,30.026,-174.12,2.257,0.055,7.300,30.000,0.0592,0.1571,0.041,0.000,0.198,0.008,50.079
639,163.135,17.2805,7.139,30.009,-173.92,2.288,0.040,7.100,30.000,0.0711,0.1183,0.038,0.000,0.198,0.016,50.185
640,163.335,17.1386,7.025,29.992,-173.71,2.311,0.026,7.000,30.000,0.0618,-0.0406,0.024,0.000,0.199,0.016,50.187
641,163.585,19.3192,6.910,29.974,-173.53,2.323,0.028,6.900,30.000,0.0314,0.0709,0.034,0.000,0.199,0.001,50.056
642,163.834,16.3244,6.795,29.956,-173.36,2.320,0.044,6.800,30.000,0.0448,0.0482,0.032,0.000,0.200,0.004,99.986
643,164.085,29.9838,6.680,29.939,-173.23,2.332,0.064,6.700,30.000,-0.0041,0.0991,0.036,0.000,0.200,-0.000,50.285
644,164.335,16.7511,6.565,29.922,-173.12,2.341,0.086,6.600,30.000,-0.0161,-0.0646,0.022,0.000,0.200,0.010,100.095
645,164.634,20.9967,6.449,29.905,-173.04,2.338,0.106,6.400,30.000,-0.0050,0.1189,0.038,0.000,0.201,-0.003,99.881
646,164.885,17.2685,6.333,29.891,-173.02,2.328,0.114,6.300,30.000,-0.0210,0.1094,0.038,0.000,0.201,0.000,99.939
647,165.134,29.2687,6.217,29.877,-173.05,2.341,0.125,6.200,30.000,-0.0371,-0.0457,0.024,0.000,0.201,-0.022,50.220
648,165.384,15.3359,6.100,29.863,-173.08,2.352,0.137,6.100,30.000,-0.0162,0.0195,0.030,0.000,0.201,-0.024,99.827
649,165.685,15.9318,5.983,29.850,-173.14,2.346,0.151,6.000,30.000,-0.0187,0.2558,0.051,0.000,0.201,-0.023,100.060
650,165.885,19.4731,5.866,29.838,-173.19,2.357,0.166,5.900,30.000,-0.0743,0.0126,0.029,0.000,0.201,-0.015,50.164
651,166.135,17.4998,5.748,29.825,-173.25,2.386,0.182,5.700,30.000,-0.0767,0.1894,0.045,0.000,0.201,0.001,50.154
652,166.384,34.3255,5.629,29.813,-173.31,2.396,0.190,5.600,30.000,-0.0747,0.0037,0.029,0.000,0.201,0.019,100.276
653,166.685,20.3252,5.510,29.802,-173.41,2.407,0.199,5.500,30.000,-0.0351,0.0259,0.031,0.000,0.201,0.030,100.398
654,166.885,22.8660,5.390,29.791,-173.56,2.406,0.209,5.400,30.000,-0.0654,0.0097,0.029,0.000,0.201,0.018,50.174
655,167.184,20.8122,5.270,29.781,-173.70,2.412,0.221,5.300,30.000,-0.1053,-0.0025,0.028,0.000,0.201,0.021,100.043
656,167.435,19.2540,5.150,29.771,-173.81,2.415,0.235,5.100,30.000,-0.1143,0.1008,0.037,0.000,0.201,0.033,100.068
657,167.684,24.2258,5.029,29.762,-173.94,2.411,0.240,5.000,30.000,-0.0943,-0.0182,0.027,0.000,0.201,0.029,50.390
658,167.935,23.0345,4.909,29.754,-174.13,2.412,0.246,4.900,30.000,-0.0753,-0.0280,0.026,0.000,0.201,0.028,100.154
659,168.185,24.6013,4.788,29.748,-174.36,2.409,0.253,4.800,30.000,-0.0600,0.1797,0.045,0.000,0.201,0.014,50.112
660,168.385,25.0017,4.668,29.741,-174.60,2.420,0.261,4.700,30.000,-0.0866,0.1917,0.046,0.000,0.200,0.003,50.245
661,168.634,15.7413,4.547,29.735,-174.79,2.449,0.269,4.500,30.000,-0.0973,-0.0783,0.022,0.000,0.200,0.001,50.110
662,168.884,20.3456,4.424,29.729,-174.96,2.465,0.272,4.400,30.000,-0.0963,-0.1181,0.018,0.000,0.200,-0.000,99.889
663,169.185,23.5794,4.301,29.724,-175.16,2.450,0.276,4.300,30.000,-0.0979,0.0156,0.030,0.000,0.201,-0.010,100.145
664,169.385,19.0437,4.179,29.720,-175.41,2.427,0.280,4.200,30.000,-0.1035,0.0469,0.033,0.000,0.201,-0.018,50.198
665,169.685,21.5271,4.058,29.718,-175.68,2.426,0.285,4.100,30.000,-0.0937,-0.0186,0.027,0.000,0.201,-0.021,100.091
666,169.884,21.5705,3.937,29.716,-175.96,2.436,0.286,3.900,30.000,-0.0936,-0.0746,0.022,0.000,0.201,-0.020,49.988
667,170.135,22.0687,3.815,29.715,-176.23,2.435,0.285,3.800,30.000,-0.1098,-0.0477,0.025,0.000,0.201,-0.017,50.445
668,170.334,22.2732,3.693,29.714,-176.48,2.423,0.286,3.700,30.000,-0.0980,0.0997,0.038,0.000,0.201,-0.007,50.216
669,170.634,28.3773,3.572,29.714,-176.74,2.418,0.287,3.600,30.000,-0.0747,-0.0663,0.023,0.000,0.201,0.002,99.962
670,170.835,17.9573,3.451,29.715,-177.02,2.430,0.289,3.500,30.000,-0.0786,0.0799,0.036,0.000,0.200,0.006,50.351
671,171.135,25.4687,3.330,29.715,-177.27,2.434,0.286,3.300,30.000,-0.0893,-0.1187,0.018,0.000,0.200,0.012,100.071
672,171.385,20.3709,3.208,29.715,-177.48,2.439,0.285,3.200,30.000,-0.0853,0.0277,0.031,0.000,0.200,0.021,100.297
673,171.685,16.1099,3.086,29.716,-177.69,2.427,0.284,3.100,30.000,-0.1073,-0.0865,0.021,0.000,0.200,0.018,100.097
674,171.935,27.1194,2.965,29.718,-177.93,2.420,0.284,3.000,30.000,-0.0578,0.0047,0.029,0.000,0.200,0.014,100.117
675,172.235,19.1003,2.845,29.720,-178.19,2.416,0.283,2.800,30.000,-0.0828,-0.0581,0.023,0.000,0.200,0.011,100.099
676,172.434,16.1556,2.724,29.722,-178.43,2.416,0.279,2.700,30.000,-0.0977,-0.0096,0.028,0.000,0.200,0.002,50.362
677,172.685,20.2160,2.604,29.725,-178.64,2.411,0.275,2.600,30.000,-0.1053,-0.1903,0.012,0.000,0.199,-0.006,50.298
678,172.885,16.3310,2.484,29.729,-178.86,2.395,0.272,2.500,30.000,-0.1156,0.1147,0.038,0.000,0.200,-0.010,50.206
679,173.184,18.2962,2.365,29.733,-179.13,2.374,0.269,2.400,30.000,-0.1246,0.1245,0.040,0.000,0.200,-0.025,99.945
680,173.385,25.5091,2.246,29.739,-179.43,2.379,0.265,2.200,30.000,-0.1558,-0.2851,0.003,0.000,0.200,-0.021,49.964
681,173.635,17.1492,2.127,29.747,-179.75,2.379,0.255,2.100,30.000,-0.1142,0.0350,0.031,0.000,0.200,-0.021,50.129
682,173.885,21.0927,2.009,29.756,179.91,2.351,0.244,2.000,30.000,-0.1215,-0.0229,0.026,0.000,0.200,-0.022,100.061
683,174.184,24.3266,1.892,29.765,179.57,2.348,0.235,1.900,30.000,-0.1542,0.0242,0.030,0.000,0.200,-0.009,100.032
684,174.435,15.4942,1.774,29.775,179.26,2.351,0.227,1.800,30.000,-0.1810,0.1164,0.039,0.000,0.200,0.014,100.093
685,174.735,18.2218,1.657,29.786,178.93,2.355,0.218,1.700,30.000,-0.1952,0.1786,0.044,0.000,0.200,0.029,100.062
686,174.935,18.3623,1.539,29.799,178.57,2.363,0.205,1.500,30.000,-0.2261,0.1481,0.042,0.000,0.200,0.022,50.415
687,175.185,16.0448,1.421,29.813,178.14,2.374,0.188,1.400,30.000,-0.2503,0.0550,0.034,0.000,0.201,0.013,50.231
688,175.385,23.1348,1.303,29.830,177.68,2.375,0.170,1.300,30.000,-0.2702,-0.0363,0.026,0.000,0.201,0.002,49.991
689,175.635,17.3601,1.185,29.849,177.17,2.366,0.152,1.200,30.000,-0.3163,-0.0831,0.022,0.000,0.201,-0.010,50.220
690,175.885,17.1122,1.067,29.870,176.61,2.348,0.134,1.100,30.000,-0.3095,0.0108,0.030,0.000,0.201,-0.027,100.135
691,176.135,16.2330,0.952,29.894,175.99,2.321,0.117,1.000,30.000,-0.3478,-0.0853,0.021,0.000,0.201,-0.029,50.129
692,176.334,16.7648,0.837,29.920,175.33,2.308,0.088,0.800,30.000,-0.3610,0.0304,0.031,0.000,0.201,-0.017,50.143
693,176.635,24.5650,0.724,29.949,174.62,2.284,0.056,0.700,30.000,-0.3474,0.0155,0.030,0.000,0.201,0.011,100.111
694,176.885,26.6983,0.613,29.981,173.85,2.272,0.023,0.600,30.000,-0.3093,-0.0669,0.023,0.000,0.200,0.033,100.193
695,177.135,26.1401,0.503,30.016,173.04,2.269,0.016,0.500,30.000,-0.2450,0.1312,0.040,0.000,0.200,0.032,50.394
696,177.335,16.0654,0.394,30.052,172.18,2.275,0.053,0.400,30.000,-0.1385,0.3179,0.057,0.000,0.200,0.008,50.085
697,177.585,14.7843,0.284,30.090,171.37,2.312,0.091,0.300,30.000,-0.0041,-0.0179,0.028,0.000,0.200,-0.043,50.239
698,177.835,18.4932,0.172,30.126,170.66,2.372,0.129,0.200,30.000,0.0199,0.1474,0.042,0.000,0.199,-0.070,100.055
699,178.085,16.1526,0.056,30.159,170.14,2.418,0.165,0.100,30.000,0.0642,-0.0932,0.021,0.000,0.198,-0.078,50.138
700,178.285,19.7367,-0.061,30.189,169.80,2.445,0.193,-0.100,30.000,0.0954,0.0614,0.035,0.000,0.197,-0.051,50.285
701,178.534,16.8563,-0.181,30.216,169.61,2.451,0.217,-0.200,30.000,0.0907,-0.2025,0.011,0.000,0.196,-0.024,50.251
702,178.735,18.1554,-0.301,30.239,169.57,2.459,0.239,-0.300,30.000,0.1140,-0.0617,0.024,0.000,0.196,-0.009,50.205
703,179.035,18.3566,-0.422,30.260,169.62,2.445,0.261,-0.400,30.000,0.1362,-0.1119,0.019,0.000,0.196,0.012,100.072
704,179.235,19.4300,-0.542,30.279,169.73,2.435,0.282,-0.500,30.000,0.1492,0.0176,0.030,0.000,0.197,0.010,50.246
705,179.534,19.2245,-0.663,30.296,169.88,2.431,0.298,-0.700,30.000,0.1592,-0.1447,0.016,0.000,0.197,0.010,100.065
706,179.785,16.0480,-0.784,30.311,170.09,2.431,0.311,-0.800,30.000,0.1474,-0.0273,0.026,0.000,0.197,0.012,100.043
707,180.085,21.6308,-0.905,30.324,170.36,2.423,0.324,-0.900,30.000,0.1579,0.1052,0.038,0.000,0.197,0.009,99.942
708,180.285,19.3820,-1.025,30.335,170.68,2.428,0.336,-1.000,30.000,0.1542,0.1581,0.043,0.000,0.197,0.017,50.249
709,180.585,17.4280,-1.147,30.345,171.04,2.436,0.348,-1.100,30.000,0.1481,-0.0453,0.025,0.000,0.197,0.024,100.230
710,180.785,16.5845,-1.270,30.353,171.45,2.459,0.354,-1.300,30.000,0.1637,0.0266,0.031,0.000,0.197,0.029,50.228
711,181.035,20.4953,-1.393,30.360,171.86,2.461,0.360,-1.400,30.000,0.1556,0.1089,0.039,0.000,0.197,0.035,50.094
712,181.235,23.2926,-1.517,30.365,172.28,2.468,0.365,-1.500,30.000,0.1453,-0.2004,0.011,0.000,0.197,0.031,50.398
713,181.535,17.3560,-1.641,30.369,172.72,2.478,0.372,-1.600,30.000,0.1369,0.0284,0.031,0.000,0.197,0.032,100.010
714,181.735,35.6686,-1.764,30.373,173.14,2.462,0.375,-1.800,30.000,0.1709,0.0585,0.034,0.000,0.198,0.029,50.320
715,181.985,15.9426,-1.887,30.377,173.52,2.460,0.377,-1.900,30.000,0.1274,-0.0148,0.028,0.000,0.198,0.017,50.198
716,182.185,14.5622,-2.010,30.380,173.90,2.469,0.380,-2.000,30.000,0.1293,-0.1690,0.014,0.000,0.198,0.014,49.850
717,182.435,18.9107,-2.134,30.383,174.28,2.462,0.384,-2.100,30.000,0.1179,0.1562,0.043,0.000,0.198,0.014,50.199
718,182.684,15.6079,-2.256,30.385,174.63,2.442,0.388,-2.300,30.000,0.1000,-0.2199,0.009,0.000,0.198,0.015,100.003
719,182.934,16.6165,-2.379,30.387,174.96,2.440,0.388,-2.400,30.000,0.1148,-0.0510,0.024,0.000,0.198,0.012,50.210
720,183.135,18.0005,-2.501,30.390,175.25,2.423,0.390,-2.500,30.000,0.1460,-0.0559,0.024,0.000,0.198,0.011,50.176
721,183.385,16.3271,-2.622,30.392,175.53,2.412,0.392,-2.600,30.000,0.1118,-0.0539,0.024,0.000,0.198,0.004,50.129
722,183.585,17.0498,-2.743,30.392,175.84,2.413,0.394,-2.700,30.000,0.1151,0.1397,0.041,0.000,0.198,0.004,49.932
723,183.835,17.2300,-2.864,30.392,176.17,2.416,0.394,-2.900,30.000,0.1072,-0.0469,0.024,0.000,0.198,0.011,50.180
724,184.035,17.2022,-2.985,30.392,176.48,2.430,0.392,-3.000,30.000,0.1165,-0.0460,0.024,0.000,0.198,0.008,50.134
725,184.335,19.0970,-3.106,30.391,176.77,2.431,0.391,-3.100,30.000,0.1310,0.2739,0.053,0.000,0.198,-0.007,99.791
726,184.534,21.1941,-3.227,30.389,177.06,2.432,0.390,-3.200,30.000,0.1108,0.0963,0.037,0.000,0.198,-0.017,50.105
727,184.835,35.1085,-3.349,30.386,177.39,2.458,0.389,-3.300,30.000,0.0977,-0.1151,0.019,0.000,0.198,-0.019,100.140
728,185.085,18.1308,-3.473,30.383,177.71,2.470,0.384,-3.500,30.000,0.0840,-0.0940,0.020,0.000,0.198,-0.018,100.230
729,185.384,21.0925,-3.596,30.380,178.01,2.447,0.380,-3.600,30.000,0.1160,-0.0278,0.026,0.000,0.199,-0.022,100.192
730,185.585,22.0225,-3.718,30.377,178.24,2.423,0.377,-3.700,30.000,0.0720,-0.0536,0.024,0.000,0.199,-0.038,50.220
731,185.885,20.8427,-3.839,30.373,178.46,2.415,0.375,-3.800,30.000,0.0821,0.2156,0.048,0.000,0.199,-0.044,100.150
732,186.135,21.9093,-3.961,30.371,178.69,2.424,0.373,-4.000,30.000,0.0841,-0.0843,0.021,0.000,0.199,-0.040,100.091
733,186.435,27.7056,-4.083,30.368,178.90,2.440,0.368,-4.100,30.000,0.0767,0.0139,0.030,0.000,0.199,-0.037,99.936
734,186.634,16.7200,-4.205,30.364,179.12,2.443,0.364,-4.200,30.000,0.0967,0.1357,0.041,0.000,0.199,-0.035,50.129
735,186.934,20.1565,-4.327,30.360,179.33,2.447,0.361,-4.300,30.000,0.0575,0.0779,0.036,0.000,0.199,-0.030,100.295
736,187.135,15.5062,-4.450,30.355,179.56,2.466,0.358,-4.500,30.000,0.0986,0.0599,0.034,0.000,0.199,-0.015,50.264
737,187.386,17.3783,-4.574,30.350,179.77,2.479,0.351,-4.600,30.000,0.0878,0.2448,0.051,0.000,0.200,-0.018,50.460
738,187.585,26.0731,-4.698,30.345,179.96,2.494,0.345,-4.700,30.000,0.0874,-0.0945,0.021,0.000,0.200,-0.029,49.771
739,187.834,16.2239,-4.823,30.338,-179.83,2.516,0.339,-4.800,30.000,0.1015,-0.0925,0.021,0.000,0.199,-0.030,49.850
740,188.084,16.0928,-4.949,30.331,-179.58,2.512,0.335,-4.900,30.000,0.0928,-0.0184,0.028,0.000,0.199,-0.037,100.140
741,188.335,19.5193,-5.074,30.323,-179.32,2.498,0.324,-5.100,30.000,0.1345,-0.1372,0.017,0.000,0.199,-0.038,50.387
742,188.535,16.8084,-5.198,30.314,-179.06,2.487,0.314,-5.200,30.000,0.1409,-0.3171,0.001,0.000,0.199,-0.041,50.180
743,188.784,17.7480,-5.322,30.304,-178.79,2.461,0.305,-5.300,30.000,0.1917,-0.1714,0.013,0.000,0.198,-0.049,50.062
744,188.985,18.4368,-5.444,30.293,-178.50,2.420,0.296,-5.400,30.000,0.2166,-0.4000,0.000,0.007,0.198,-0.054,50.240
745,189.235,16.4404,-5.565,30.280,-178.17,2.379,0.282,-5.600,30.000,0.1808,-0.3099,0.000,0.000,0.197,-0.054,50.179
746,189.435,16.4680,-5.683,30.266,-177.79,2.351,0.266,-5.700,30.000,0.2055,-0.3309,0.000,0.002,0.196,-0.047,50.169
747,189.685,15.9168,-5.799,30.250,-177.38,2.307,0.250,-5.800,30.000,0.1929,-0.1971,0.010,0.000,0.196,-0.023,49.943
748,189.885,17.0182,-5.913,30.232,-176.94,2.273,0.232,-5.900,30.000,0.1756,-0.0750,0.020,0.000,0.195,-0.012,50.021
749,190.135,16.4699,-6.024,30.213,-176.46,2.241,0.214,-6.000,30.000,0.1642,-0.1271,0.015,0.000,0.195,0.018,50.385
750,190.335,17.6224,-6.135,30.193,-175.99,2.223,0.196,-6.100,30.000,0.1888,-0.3759,0.000,0.007,0.196,0.036,50.110
751,190.585,17.4007,-6.244,30.174,-175.58,2.189,0.179,-6.200,30.000,0.1635,-0.1073,0.017,0.000,0.196,0.038,50.239
752,190.785,30.2262,-6.352,30.154,-175.18,2.160,0.161,-6.400,30.000,0.1220,-0.1858,0.010,0.000,0.196,0.028,49.750
753,191.034,27.9780,-6.458,30.133,-174.78,2.143,0.140,-6.500,30.000,0.1326,-0.0152,0.024,0.000,0.196,0.026,50.494
754,191.285,21.7316,-6.563,30.114,-174.40,2.124,0.120,-6.600,30.000,0.0984,-0.1225,0.015,0.000,0.197,0.015,100.073
755,191.584,17.1587,-6.668,30.095,-174.09,2.112,0.100,-6.700,30.000,0.0947,-0.0034,0.025,0.000,0.197,0.001,100.033
756,191.785,15.7314,-6.771,30.077,-173.83,2.097,0.082,-6.800,30.000,0.0739,0.1655,0.040,0.000,0.198,-0.002,50.027
757,192.035,15.9304,-6.875,30.059,-173.59,2.094,0.064,-6.900,30.000,0.0577,0.1541,0.039,0.000,0.199,0.015,49.953
758,192.235,19.4440,-6.979,30.042,-173.40,2.120,0.047,-7.000,30.000,0.0284,0.2035,0.044,0.000,0.199,0.028,50.069
759,192.535,16.1040,-7.085,30.025,-173.24,2.151,0.030,-7.100,30.000,0.0617,0.0311,0.029,0.000,0.200,0.025,99.891
760,192.735,25.9143,-7.191,30.010,-173.13,2.172,0.013,-7.200,30.000,0.0746,0.3608,0.058,0.000,0.200,0.004,50.098
761,192.985,16.0442,-7.299,29.994,-173.05,2.185,0.007,-7.300,30.000,0.0319,0.2396,0.048,0.000,0.201,-0.018,50.047
762,193.185,17.1452,-7.408,29.977,-172.93,2.226,0.025,-7.400,30.000,0.0481,0.2058,0.045,0.000,0.201,-0.023,50.126
763,193.435,17.5026,-7.519,29.960,-172.81,2.264,0.044,-7.500,30.000,0.0447,0.1089,0.037,0.000,0.201,-0.011,50.178
764,193.635,16.1150,-7.632,29.943,-172.70,2.294,0.066,-7.600,30.000,-0.0043,-0.0412,0.024,0.000,0.201,-0.000,50.229
765,193.885,16.2960,-7.746,29.925,-172.60,2.307,0.088,-7.700,30.000,-0.0109,0.1296,0.039,0.000,0.201,0.024,50.249
766,194.085,16.9870,-7.860,29.908,-172.51,2.300,0.100,-7.900,30.000,-0.0597,0.2231,0.047,0.000,0.202,0.029,50.175
767,194.385,19.0466,-7.974,29.892,-172.48,2.317,0.111,-8.000,30.000,-0.0182,0.2283,0.048,0.000,0.202,0.009,100.112
768,194.585,16.3758,-8.089,29.878,-172.52,2.346,0.123,-8.100,30.000,-0.0263,0.0154,0.029,0.000,0.202,0.005,50.029
769,194.834,15.7772,-8.206,29.864,-172.58,2.370,0.137,-8.200,30.000,-0.0810,0.3728,0.061,0.000,0.202,0.006,50.110
770,195.034,17.2803,-8.324,29.850,-172.64,2.388,0.152,-8.300,30.000,-0.0555,0.0676,0.035,0.000,0.202,-0.003,50.556
771,195.335,15.5950,-8.443,29.837,-172.71,2.413,0.169,-8.400,30.000,-0.0483,0.0649,0.034,0.000,0.202,-0.002,99.885
772,195.584,19.0488,-8.564,29.825,-172.83,2.420,0.179,-8.600,30.000,-0.0749,-0.0911,0.021,0.000,0.202,-0.010,100.153
773,195.834,15.6995,-8.685,29.813,-172.98,2.416,0.187,-8.700,30.000,-0.0647,0.0002,0.029,0.000,0.202,-0.022,50.106
774,196.035,18.7102,-8.805,29.803,-173.13,2.406,0.197,-8.800,30.000,-0.0989,0.0450,0.033,0.000,0.202,-0.020,50.214
775,196.285,17.7002,-8.925,29.793,-173.29,2.401,0.209,-8.900,30.000,-0.0848,0.0040,0.029,0.000,0.202,-0.025,50.022
776,196.485,18.0946,-9.045,29.784,-173.48,2.407,0.221,-9.000,30.000,-0.0900,-0.0067,0.028,0.000,0.201,-0.013,50.012
777,196.734,25.1394,-9.166,29.776,-173.69,2.404,0.226,-9.200,30.000,-0.0835,0.1172,0.039,0.000,0.201,-0.006,50.107
778,196.985,17.8418,-9.286,29.769,-173.94,2.405,0.231,-9.300,30.000,-0.1133,-0.1198,0.018,0.000,0.201,0.005,100.181
779,197.285,27.1323,-9.407,29.763,-174.18,2.413,0.237,-9.400,30.000,-0.0871,0.1504,0.042,0.000,0.201,0.011,99.990
780,197.485,28.4994,-9.528,29.757,-174.42,2.408,0.244,-9.500,30.000,-0.1032,0.1372,0.041,0.000,0.201,0.025,50.087
781,197.785,19.1574,-9.649,29.752,-174.66,2.424,0.252,-9.600,30.000,-0.0997,0.0945,0.037,0.000,0.201,0.024,100.041
782,197.985,19.3403,-9.771,29.748,-174.92,2.443,0.254,-9.800,30.000,-0.1280,0.0181,0.031,0.000,0.201,0.031,50.140
783,198.284,17.0454,-9.894,29.745,-175.19,2.453,0.256,-9.900,30.000,-0.0391,0.0614,0.035,0.000,0.201,0.033,100.142
784,198.534,21.8842,-10.017,29.742,-175.48,2.452,0.258,-10.000,30.000,-0.0915,0.0766,0.036,0.000,0.201,0.019,100.106
785,198.835,31.6521,-10.140,29.739,-175.76,2.469,0.264,-10.100,30.000,-0.0732,0.0561,0.034,0.000,0.201,0.020,99.930
786,199.085,15.9870,-10.264,29.737,-175.99,2.483,0.266,-10.300,30.000,-0.0838,-0.0583,0.024,0.000,0.201,0.017,100.008
787,199.384,15.8413,-10.389,29.734,-176.21,2.488,0.266,-10.400,30.000,-0.0786,-0.1041,0.020,0.000,0.200,0.023,100.105
788,199.584,26.2234,-10.513,29.732,-176.43,2.478,0.268,-10.500,30.000,-0.0822,-0.0740,0.023,0.000,0.200,0.010,50.106
789,199.885,31.1997,-10.637,29.731,-176.65,2.462,0.272,-10.600,30.000,-0.1076,-0.0791,0.022,0.000,0.200,0.008,100.229
790,200.135,16.8761,-10.760,29.730,-176.88,2.450,0.273,-10.800,30.000,-0.0736,-0.0093,0.028,0.000,0.200,0.004,100.168
791,200.435,16.4714,-10.883,29.730,-177.12,2.440,0.271,-10.900,30.000,-0.0973,0.0050,0.029,0.000,0.200,-0.006,100.024
792,200.685,29.9921,-11.005,29.730,-177.35,2.442,0.271,-11.000,30.000,-0.1365,0.0302,0.032,0.000,0.200,-0.006,100.117
793,200.935,17.7222,-11.128,29.730,-177.57,2.449,0.271,-11.100,30.000,-0.0708,-0.2518,0.007,0.000,0.200,0.001,50.192
794,201.184,25.0091,-11.251,29.732,-177.81,2.439,0.273,-11.300,30.000,-0.1118,-0.0606,0.023,0.000,0.200,-0.012,100.046
795,201.435,23.1843,-11.372,29.733,-178.06,2.413,0.268,-11.400,30.000,-0.1028,0.0259,0.031,0.000,0.200,-0.010,50.329
796,201.635,23.9820,-11.493,29.735,-178.28,2.408,0.265,-11.500,30.000,-0.1056,-0.1170,0.018,0.000,0.200,-0.000,50.236
797,201.935,18.4222,-11.614,29.739,-178.52,2.402,0.262,-11.600,30.000,-0.1318,-0.0379,0.025,0.000,0.200,0.010,100.057
798,202.185,17.8345,-11.734,29.743,-178.79,2.386,0.259,-11.700,30.000,-0.1428,0.1205,0.039,0.000,0.200,0.017,100.079
799,202.485,21.7249,-11.853,29.749,-179.10,2.376,0.255,-11.900,30.000,-0.1181,0.3371,0.059,0.000,0.200,0.019,100.064
800,202.735,24.4524,-11.972,29.756,-179.44,2.396,0.245,-12.000,30.000,-0.1339,0.0193,0.031,0.000,0.201,0.025,100.158
801,203.035,19.7751,-12.093,29.764,-179.78,2.433,0.236,-12.100,30.000,-0.2000,0.1911,0.046,0.000,0.201,0.019,100.086
802,203.284,16.4322,-12.215,29.773,179.89,2.448,0.228,-12.200,30.000,-0.1680,0.0010,0.029,0.000,0.201,0.018,100.145
803,203.585,23.0101,-12.338,29.784,179.52,2.459,0.220,-12.300,30.000,-0.1925,0.0460,0.033,0.000,0.201,0.019,99.979
804,203.784,15.6121,-12.460,29.796,179.10,2.452,0.207,-12.500,30.000,-0.2258,0.1264,0.041,0.000,0.202,0.022,50.118
805,204.085,30.3846,-12.582,29.811,178.64,2.444,0.190,-12.600,30.000,-0.2556,0.0269,0.032,0.000,0.202,0.019,100.018
806,204.285,19.7804,-12.704,29.828,178.13,2.441,0.172,-12.700,30.000,-0.2753,0.1044,0.039,0.000,0.202,0.003,50.171
807,204.585,23.0666,-12.825,29.847,177.58,2.438,0.155,-12.800,30.000,-0.3384,0.1637,0.044,0.000,0.201,0.008,100.125
808,204.835,22.2393,-12.947,29.869,176.99,2.435,0.139,-12.900,30.000,-0.3637,-0.1546,0.016,0.000,0.201,0.001,100.115
809,205.135,21.4408,-13.067,29.893,176.33,2.429,0.111,-13.100,30.000,-0.3971,-0.1611,0.015,0.000,0.201,-0.001,99.990
810,205.384,19.1172,-13.187,29.921,175.61,2.395,0.080,-13.200,30.000,-0.4084,-0.2607,0.006,0.000,0.201,-0.006,100.176
811,205.635,24.3428,-13.303,29.952,174.82,2.347,0.048,-13.300,30.000,-0.3991,-0.1282,0.018,0.000,0.200,0.001,50.206
812,205.885,17.1494,-13.417,29.986,173.96,2.296,0.022,-13.400,30.000,-0.3404,0.1546,0.043,0.000,0.200,-0.005,100.477
813,206.135,17.2073,-13.527,30.023,173.06,2.270,0.036,-13.500,30.000,-0.2395,-0.0486,0.025,0.000,0.200,0.001,50.159
814,206.335,20.9750,-13.637,30.062,172.12,2.290,0.072,-13.600,30.000,-0.1419,0.1305,0.041,0.000,0.200,0.005,49.965
815,206.636,17.6067,-13.747,30.102,171.21,2.322,0.112,-13.700,30.000,0.0333,-0.1593,0.015,0.000,0.199,-0.023,99.909
816,206.835,20.7253,-13.859,30.140,170.44,2.359,0.146,-13.900,30.000,0.1239,-0.1009,0.020,0.000,0.198,-0.061,50.051
817,207.085,15.3917,-13.973,30.175,169.88,2.385,0.177,-14.000,30.000,0.1034,-0.0302,0.026,0.000,0.196,-0.074,50.194
818,207.284,15.4127,-14.089,30.206,169.54,2.406,0.206,-14.100,30.000,0.1465,-0.0097,0.028,0.000,0.195,-0.059,50.010
819,207.534,15.3784,-14.207,30.231,169.41,2.420,0.231,-14.200,30.000,0.1434,-0.1229,0.018,0.000,0.194,-0.027,50.496
820,207.735,16.1704,-14.326,30.253,169.45,2.432,0.254,-14.300,30.000,0.1326,-0.0457,0.025,0.000,0.194,-0.010,50.249
821,208.035,16.3372,-14.446,30.270,169.60,2.425,0.274,-14.400,30.000,0.1403,-0.1240,0.018,0.000,0.194,-0.002,99.885
822,208.235,17.0868,-14.566,30.286,169.82,2.418,0.288,-14.600,30.000,0.1694,-0.1097,0.019,0.000,0.195,0.003,50.152
823,208.485,15.0957,-14.685,30.299,170.07,2.408,0.300,-14.700,30.000,0.1654,0.0036,0.029,0.000,0.196,-0.009,50.265
824,208.685,16.4242,-14.805,30.311,170.39,2.401,0.311,-14.800,30.000,0.1614,-0.0366,0.025,0.000,0.196,-0.013,50.187
825,208.935,18.7926,-14.924,30.320,170.77,2.390,0.321,-14.900,30.000,0.1413,-0.0943,0.020,0.000,0.196,-0.012,50.080
826,209.134,18.0301,-15.044,30.328,171.20,2.390,0.331,-15.000,30.000,0.1691,-0.0535,0.024,0.000,0.196,-0.006,50.042
827,209.385,17.6072,-15.163,30.335,171.61,2.375,0.336,-15.157,29.999,0.1726,-0.0604,0.023,0.000,0.197,-0.000,50.025
828,209.585,16.5525,-15.282,30.341,172.00,2.364,0.346,-15.314,29.997,0.1781,-0.2372,0.007,0.000,0.197,-0.012,50.001
829,209.835,14.1141,-15.401,30.345,172.42,2.355,0.359,-15.314,29.997,0.1763,0.0857,0.035,0.000,0.196,-0.020,50.121
830,210.084,20.4621,-15.519,30.347,172.88,2.338,0.358,-15.471,29.993,0.1696,-0.0606,0.023,0.000,0.196,-0.026,100.123
831,210.335,29.4489,-15.636,30.349,173.36,2.337,0.362,-15.628,29.987,0.1759,-0.2076,0.009,0.000,0.196,-0.024,50.341
832,210.585,15.0387,-15.753,30.350,173.81,2.323,0.372,-15.785,29.979,0.1992,-0.1567,0.014,0.000,0.197,-0.028,99.971
833,210.885,17.2075,-15.869,30.349,174.24,2.292,0.380,-15.785,29.979,0.1897,-0.0469,0.023,0.000,0.197,-0.031,100.118
834,211.085,17.3216,-15.984,30.348,174.70,2.277,0.380,-15.942,29.970,0.1638,-0.0521,0.023,0.000,0.196,-0.027,50.028
835,211.384,22.8281,-16.099,30.345,175.20,2.268,0.385,-16.099,29.960,0.1613,-0.1542,0.014,0.000,0.196,-0.003,100.041
836,211.635,22.3269,-16.213,30.342,175.67,2.262,0.397,-16.255,29.947,0.1653,-0.2763,0.003,0.000,0.197,-0.004,100.256
837,211.935,18.5490,-16.326,30.339,176.06,2.230,0.398,-16.255,29.947,0.1593,0.1851,0.043,0.000,0.197,-0.005,99.992
838,212.185,17.7852,-16.437,30.335,176.44,2.202,0.402,-16.412,29.933,0.1675,-0.0522,0.022,0.000,0.197,0.012,100.144
839,212.434,29.8847,-16.548,30.331,176.83,2.216,0.413,-16.568,29.918,0.1526,-0.0633,0.021,0.000,0.197,0.029,50.256
840,212.685,15.7658,-16.660,30.326,177.23,2.221,0.418,-16.568,29.918,0.1751,-0.0128,0.026,0.000,0.197,0.047,100.111
841,212.985,22.0103,-16.771,30.320,177.64,2.218,0.422,-16.724,29.901,0.1731,0.0792,0.034,0.000,0.197,0.031,100.189
842,213.235,24.1008,-16.882,30.313,178.03,2.218,0.432,-16.880,29.882,0.1508,-0.0178,0.025,0.000,0.197,0.007,99.933
843,213.535,18.4085,-16.993,30.305,178.44,2.227,0.438,-16.880,29.882,0.1686,-0.1633,0.012,0.000,0.197,-0.012,100.169
844,213.785,21.9965,-17.105,30.297,178.85,2.220,0.442,-17.036,29.861,0.1737,0.0442,0.031,0.000,0.197,-0.024,100.088
845,214.084,17.0918,-17.215,30.289,179.24,2.202,0.450,-17.191,29.839,0.1595,-0.0543,0.022,0.000,0.198,-0.040,100.284
846,214.334,23.5122,-17.325,30.278,179.64,2.206,0.459,-17.191,29.839,0.1668,-0.1065,0.017,0.000,0.197,-0.017,100.163
847,214.585,23.3581,-17.436,30.268,-179.94,2.199,0.461,-17.347,29.815,0.1500,0.1425,0.039,0.000,0.198,-0.001,50.190
848,214.835,16.6993,-17.545,30.256,-179.54,2.192,0.468,-17.502,29.790,0.1637,0.0762,0.034,0.000,0.198,0.012,100.246
849,215.135,17.4113,-17.655,30.245,-179.16,2.199,0.480,-17.502,29.790,0.1555,0.0455,0.031,0.000,0.198,0.018,99.944
850,215.385,17.1437,-17.766,30.232,-178.79,2.220,0.482,-17.656,29.763,0.1848,-0.0866,0.019,0.000,0.198,0.032,100.110
851,215.684,15.7115,-17.877,30.219,-178.40,2.230,0.489,-17.811,29.734,0.1767,-0.0871,0.019,0.000,0.198,0.025,100.105
852,215.934,17.2207,-17.988,30.204,-177.99,2.223,0.501,-17.965,29.704,0.1523,0.0031,0.027,0.000,0.197,0.007,100.168
853,216.185,19.1189,-18.097,30.188,-177.56,2.210,0.502,-17.965,29.704,0.1769,-0.0380,0.023,0.000,0.197,-0.015,50.212
854,216.435,17.0391,-18.207,30.173,-177.16,2.205,0.508,-18.119,29.672,0.1705,0.0367,0.030,0.000,0.197,-0.033,99.986
855,216.734,18.2190,-18.317,30.156,-176.78,2.197,0.519,-18.272,29.639,0.1904,-0.0263,0.024,0.000,0.197,-0.042,99.970
856,216.985,26.6621,-18.426,30.138,-176.39,2.212,0.523,-18.272,29.639,0.1832,-0.1191,0.016,0.000,0.197,-0.026,99.920
857,217.235,25.1407,-18.535,30.119,-175.95,2.210,0.527,-18.425,29.604,0.1580,-0.0795,0.019,0.000,0.197,-0.004,50.125
858,217.485,28.1417,-18.644,30.099,-175.48,2.191,0.536,-18.578,29.567,0.1720,-0.0242,0.024,0.000,0.197,0.014,99.907
859,217.785,25.7703,-18.752,30.079,-175.06,2.166,0.541,-18.578,29.567,0.1743,-0.0651,0.021,0.000,0.197,0.027,100.197
860,217.985,29.1502,-18.859,30.058,-174.68,2.166,0.545,-18.730,29.529,0.1507,0.0440,0.030,0.000,0.197,0.024,50.006
861,218.285,16.8217,-18.966,30.037,-174.28,2.175,0.554,-18.882,29.489,0.1860,0.0647,0.032,0.000,0.197,0.017,99.999
862,218.485,20.1507,-19.073,30.015,-173.88,2.187,0.560,-18.882,29.489,0.1602,0.1735,0.042,0.000,0.197,0.009,50.303
863,218.785,19.8924,-19.180,29.993,-173.49,2.195,0.565,-19.034,29.447,0.1641,-0.0095,0.026,0.000,0.197,-0.015,100.204
864,219.035,18.4649,-19.289,29.969,-173.12,2.207,0.574,-19.185,29.404,0.1675,-0.0650,0.021,0.000,0.197,-0.028,99.970
865,219.335,24.9042,-19.397,29.945,-172.73,2.210,0.581,-19.185,29.404,0.1909,0.0104,0.028,0.000,0.198,-0.036,100.109
866,219.585,28.0748,-19.505,29.920,-172.32,2.210,0.585,-19.335,29.360,0.1763,-0.0680,0.021,0.000,0.198,-0.009,99.993
867,219.885,23.3080,-19.613,29.894,-171.89,2.207,0.594,-19.486,29.314,0.1915,-0.0010,0.026,0.000,0.198,0.009,100.103
868,220.135,22.3130,-19.720,29.866,-171.46,2.195,0.600,-19.486,29.314,0.1743,0.2242,0.046,0.000,0.197,0.026,100.311
869,220.435,19.4360,-19.827,29.837,-171.01,2.198,0.603,-19.635,29.266,0.1696,-0.0601,0.021,0.000,0.197,0.030,100.035
870,220.685,24.6057,-19.934,29.808,-170.58,2.224,0.610,-19.784,29.217,0.1929,-0.0303,0.024,0.000,0.197,0.027,100.074
871,220.984,35.4101,-20.042,29.778,-170.15,2.228,0.618,-19.784,29.217,0.2162,0.0338,0.030,0.000,0.198,0.015,100.048
872,221.235,19.8741,-20.150,29.747,-169.73,2.231,0.620,-19.933,29.166,0.1884,-0.1670,0.012,0.000,0.197,0.000,100.138
873,221.534,36.2486,-20.256,29.714,-169.27,2.231,0.626,-20.081,29.113,0.1816,-0.0484,0.022,0.000,0.197,-0.022,100.001
874,221.785,21.1709,-20.363,29.681,-168.79,2.202,0.634,-20.081,29.113,0.1766,0.0021,0.027,0.000,0.197,-0.024,100.311
875,222.034,18.6455,-20.468,29.647,-168.34,2.192,0.635,-20.229,29.059,0.1865,0.1640,0.041,0.000,0.197,-0.027,50.346
876,222.285,28.4108,-20.573,29.613,-167.92,2.199,0.641,-20.376,29.004,0.1851,-0.1429,0.014,0.000,0.197,-0.030,100.112
877,222.584,19.4258,-20.678,29.578,-167.49,2.216,0.649,-20.376,29.004,0.1739,0.1131,0.037,0.000,0.197,-0.004,100.039
878,222.835,22.3192,-20.783,29.541,-167.03,2.213,0.650,-20.522,28.947,0.1670,-0.0258,0.024,0.000,0.197,0.014,99.930
879,223.085,18.1998,-20.888,29.505,-166.58,2.214,0.655,-20.668,28.888,0.1600,-0.0156,0.025,0.000,0.197,0.026,50.463
880,223.335,19.1964,-20.993,29.468,-166.16,2.208,0.665,-20.813,28.828,0.2243,-0.1773,0.011,0.000,0.198,0.023,100.282
881,223.635,17.0551,-21.098,29.430,-165.78,2.202,0.667,-20.813,28.828,0.1651,0.0823,0.034,0.000,0.198,0.005,99.912
882,223.885,22.5856,-21.202,29.392,-165.38,2.193,0.672,-20.957,28.766,0.1937,-0.0388,0.023,0.000,0.197,0.004,99.923
883,224.135,18.3276,-21.305,29.353,-164.96,2.201,0.681,-21.101,28.703,0.1825,-0.1466,0.013,0.000,0.197,-0.009,50.214
884,224.385,31.8841,-21.407,29.314,-164.54,2.193,0.683,-21.101,28.703,0.2021,-0.0084,0.025,0.000,0.197,-0.018,99.938
885,224.635,14.7438,-21.509,29.273,-164.11,2.167,0.687,-21.244,28.639,0.1978,0.2256,0.046,0.000,0.197,-0.016,50.027
886,224.885,20.2292,-21.610,29.231,-163.67,2.173,0.695,-21.387,28.572,0.1890,0.0090,0.027,0.000,0.196,-0.025,99.869
887,225.185,15.5054,-21.712,29.187,-163.19,2.200,0.695,-21.387,28.572,0.1906,-0.0918,0.018,0.000,0.197,0.006,100.305
888,225.385,21.5078,-21.813,29.143,-162.70,2.213,0.699,-21.528,28.505,0.1717,-0.0515,0.022,0.000,0.197,0.011,50.197
889,225.635,16.7060,-21.914,29.097,-162.24,2.198,0.706,-21.670,28.436,0.1723,0.0212,0.028,0.000,0.197,0.019,49.839
890,225.835,15.4421,-22.015,29.052,-161.81,2.180,0.707,-21.670,28.436,0.1806,0.0695,0.033,0.000,0.197,0.020,50.153
891,226.134,16.7573,-22.115,29.007,-161.40,2.186,0.711,-21.810,28.365,0.1645,-0.0627,0.021,0.000,0.197,0.004,100.093
892,226.385,16.3152,-22.215,28.961,-160.99,2.198,0.719,-21.949,28.293,0.2008,0.0236,0.028,0.000,0.197,-0.001,99.965
893,226.635,16.0076,-22.315,28.914,-160.56,2.201,0.720,-21.949,28.293,0.2076,-0.0704,0.020,0.000,0.197,-0.007,49.863
894,226.885,17.7988,-22.415,28.866,-160.15,2.193,0.724,-22.088,28.220,0.1901,-0.1868,0.010,0.000,0.197,-0.007,99.443
895,227.185,16.9193,-22.513,28.817,-159.71,2.177,0.731,-22.226,28.145,0.2016,0.0108,0.027,0.000,0.197,-0.013,100.158
896,227.384,16.4680,-22.611,28.768,-159.26,2.152,0.732,-22.226,28.145,0.1954,0.0817,0.033,0.000,0.196,-0.010,50.140
897,227.635,18.9723,-22.707,28.717,-158.78,2.162,0.734,-22.364,28.068,0.1840,-0.1380,0.014,0.000,0.196,-0.013,50.206
898,227.835,18.0283,-22.803,28.666,-158.30,2.172,0.740,-22.500,27.990,0.1651,0.1536,0.040,0.000,0.196,0.001,50.584
899,228.085,16.6323,-22.898,28.614,-157.84,2.162,0.740,-22.500,27.990,0.1871,0.1519,0.040,0.000,0.197,0.014,50.269
900,228.285,20.1226,-22.994,28.562,-157.43,2.170,0.743,-22.636,27.911,0.1858,0.1033,0.036,0.000,0.197,0.011,50.533
901,228.535,16.0249,-23.091,28.509,-157.04,2.193,0.751,-22.770,27.830,0.1930,0.0087,0.027,0.000,0.197,0.009,50.106
902,228.735,21.0817,-23.188,28.455,-156.62,2.216,0.751,-22.770,27.830,0.1924,-0.0156,0.025,0.000,0.197,0.005,50.302
903,229.035,15.3482,-23.284,28.399,-156.15,2.219,0.753,-22.904,27.748,0.2080,-0.1134,0.016,0.000,0.197,0.004,100.226
904,229.285,17.5366,-23.380,28.342,-155.66,2.210,0.759,-23.037,27.665,0.1599,0.0261,0.029,0.000,0.197,-0.001,100.235
905,229.535,15.8109,-23.475,28.284,-155.18,2.197,0.758,-23.037,27.665,0.1983,-0.0695,0.020,0.000,0.197,-0.001,50.026
906,229.785,17.0724,-23.569,28.226,-154.72,2.194,0.760,-23.170,27.580,0.1899,0.0464,0.030,0.000,0.197,-0.011,99.993
907,230.035,15.4629,-23.662,28.168,-154.27,2.192,0.765,-23.301,27.494,0.1845,0.0138,0.028,0.000,0.197,-0.022,50.176
908,230.285,15.9923,-23.755,28.109,-153.82,2.200,0.764,-23.301,27.494,0.1745,-0.1692,0.011,0.000,0.197,-0.016,100.089
909,230.535,15.5694,-23.848,28.049,-153.36,2.196,0.766,-23.431,27.406,0.1894,0.1868,0.043,0.000,0.197,-0.009,50.128
910,230.735,17.0352,-23.940,27.989,-152.92,2.174,0.772,-23.561,27.317,0.1879,-0.1534,0.013,0.000,0.197,0.005,49.932
911,230.985,16.4149,-24.032,27.928,-152.50,2.178,0.772,-23.561,27.317,0.1999,0.0841,0.034,0.000,0.197,0.009,50.039
912,231.185,16.4654,-24.123,27.867,-152.06,2.182,0.773,-23.689,27.227,0.1972,-0.1745,0.011,0.000,0.197,0.018,50.083
913,231.435,15.8572,-24.213,27.804,-151.59,2.184,0.777,-23.817,27.135,0.1953,-0.1452,0.013,0.000,0.196,0.011,50.098
914,231.685,19.5074,-24.302,27.740,-151.11,2.160,0.776,-23.817,27.135,0.1738,0.0274,0.028,0.000,0.196,0.012,100.346
915,231.935,15.5361,-24.390,27.677,-150.63,2.144,0.776,-23.943,27.042,0.1872,-0.0030,0.026,0.000,0.196,0.002,50.340
916,232.135,21.2670,-24.477,27.614,-150.20,2.143,0.781,-24.069,26.948,0.1970,-0.0436,0.022,0.000,0.196,-0.009,49.946
917,232.385,17.2378,-24.564,27.550,-149.78,2.146,0.779,-24.069,26.948,0.1914,0.1138,0.036,0.000,0.197,-0.027,50.046
918,232.585,18.0643,-24.650,27.485,-149.35,2.146,0.780,-24.194,26.852,0.2038,0.0095,0.027,0.000,0.197,-0.024,50.178
919,232.835,15.8358,-24.736,27.419,-148.88,2.154,0.784,-24.194,26.852,0.1969,0.0240,0.028,0.000,0.197,-0.003,50.183
920,233.035,18.1388,-24.822,27.352,-148.41,2.161,0.781,-24.317,26.755,0.1867,0.2120,0.045,0.000,0.197,0.016,50.106
921,233.335,16.5442,-24.907,27.284,-147.92,2.173,0.782,-24.440,26.657,0.2131,0.1065,0.036,0.000,0.197,0.036,100.113
922,233.585,18.5557,-24.992,27.215,-147.46,2.191,0.785,-24.440,26.657,0.1981,-0.1700,0.011,0.000,0.197,0.026,100.160
923,233.835,27.6641,-25.078,27.144,-147.00,2.206,0.782,-24.561,26.558,0.1892,0.0394,0.030,0.000,0.197,0.017,50.237
924,234.085,27.9129,-25.162,27.073,-146.52,2.193,0.781,-24.682,26.457,0.1939,0.1420,0.039,0.000,0.197,-0.007,100.071
925,234.335,26.6932,-25.247,27.002,-146.04,2.197,0.785,-24.682,26.457,0.1807,-0.0135,0.025,0.000,0.197,-0.018,50.054
926,234.585,19.5441,-25.330,26.930,-145.58,2.211,0.781,-24.801,26.355,0.1594,-0.0558,0.022,0.000,0.197,-0.022,100.129
927,234.885,19.0892,-25.414,26.857,-145.12,2.211,0.781,-24.920,26.252,0.2127,-0.0611,0.021,0.000,0.197,-0.033,100.054
928,235.135,19.8779,-25.498,26.784,-144.71,2.200,0.786,-24.920,26.252,0.1835,-0.0473,0.022,0.000,0.198,-0.020,100.114
929,235.384,27.0282,-25.581,26.711,-144.32,2.184,0.784,-25.037,26.147,0.1871,0.0723,0.033,0.000,0.198,-0.011,50.095
930,235.635,14.2994,-25.662,26.637,-143.90,2.186,0.784,-25.153,26.041,0.2003,0.2276,0.047,0.000,0.197,0.011,100.111
931,235.935,23.6874,-25.744,26.563,-143.43,2.201,0.788,-25.153,26.041,0.2033,-0.0236,0.025,0.000,0.197,0.034,100.055
932,236.185,22.2703,-25.825,26.486,-142.95,2.219,0.784,-25.268,25.935,0.1832,-0.1243,0.016,0.000,0.196,0.029,100.108
933,236.485,22.8821,-25.905,26.408,-142.45,2.224,0.782,-25.382,25.826,0.1778,0.2254,0.046,0.000,0.196,0.015,100.029
934,236.735,25.7637,-25.985,26.330,-141.97,2.222,0.784,-25.495,25.717,0.1885,0.0837,0.034,0.000,0.197,0.011,100.073
935,237.035,23.8094,-26.065,26.251,-141.53,2.240,0.781,-25.495,25.717,0.1902,0.0719,0.033,0.000,0.197,-0.002,100.165
936,237.285,24.6493,-26.145,26.171,-141.09,2.261,0.780,-25.607,25.607,0.1792,0.0085,0.028,0.000,0.197,-0.017,100.195
937,237.585,19.1303,-26.224,26.090,-140.63,2.269,0.782,-25.717,25.495,0.1756,0.0466,0.031,0.000,0.197,-0.027,100.273
938,237.835,16.0408,-26.304,26.008,-140.15,2.266,0.779,-25.717,25.495,0.2048,0.0040,0.027,0.000,0.198,-0.039,100.188
939,238.085,20.1929,-26.383,25.926,-139.71,2.270,0.778,-25.826,25.382,0.1849,0.1682,0.042,0.000,0.198,-0.045,50.406
940,238.285,24.0040,-26.461,25.842,-139.27,2.276,0.779,-25.935,25.268,0.2063,-0.1107,0.017,0.000,0.198,-0.021,50.328
941,238.535,22.4943,-26.539,25.758,-138.81,2.294,0.778,-25.935,25.268,0.1961,0.0485,0.031,0.000,0.198,-0.000,50.013
942,238.785,22.8806,-26.617,25.672,-138.31,2.291,0.775,-26.041,25.153,0.2161,0.1334,0.039,0.000,0.197,0.010,99.981
943,239.085,25.7229,-26.693,25.586,-137.80,2.286,0.774,-26.147,25.037,0.2094,-0.1094,0.018,0.000,0.197,0.023,100.548
944,239.284,25.1210,-26.768,25.498,-137.29,2.290,0.773,-26.147,25.037,0.1968,-0.1177,0.017,0.000,0.197,0.029,50.393
945,239.584,24.3186,-26.842,25.409,-136.76,2.282,0.767,-26.252,24.920,0.2027,-0.1586,0.013,0.000,0.197,0.033,100.122
946,239.835,21.6245,-26.915,25.320,-136.24,2.266,0.764,-26.355,24.801,0.2074,-0.1251,0.016,0.000,0.197,0.043,100.206
947,240.135,16.4067,-26.987,25.232,-135.74,2.247,0.764,-26.457,24.682,0.1769,-0.0702,0.020,0.000,0.197,0.039,99.831
948,240.385,18.1816,-27.057,25.144,-135.23,2.236,0.757,-26.457,24.682,0.1758,-0.0517,0.022,0.000,0.196,0.030,99.968
949,240.685,18.6984,-27.126,25.056,-134.75,2.222,0.754,-26.558,24.561,0.1907,0.0766,0.033,0.000,0.196,0.017,99.921
950,240.885,17.3370,-27.196,24.969,-134.31,2.214,0.755,-26.657,24.440,0.1773,-0.1073,0.017,0.000,0.196,-0.015,50.216
951,241.135,16.9672,-27.264,24.881,-133.89,2.217,0.750,-26.657,24.440,0.1771,0.0900,0.034,0.000,0.196,-0.043,50.272
952,241.385,20.0861,-27.332,24.793,-133.45,2.217,0.747,-26.755,24.317,0.1876,0.2612,0.050,0.000,0.197,-0.030,100.039
953,241.685,34.8896,-27.400,24.704,-133.01,2.235,0.748,-26.852,24.194,0.1697,0.0935,0.035,0.000,0.197,-0.020,100.087
954,241.935,42.0743,-27.467,24.613,-132.56,2.260,0.744,-26.852,24.194,0.1910,0.1777,0.043,0.000,0.197,-0.004,100.051
955,242.235,22.4663,-27.534,24.521,-132.12,2.276,0.741,-26.948,24.069,0.1925,0.0668,0.033,0.000,0.198,0.010,99.937
956,242.484,21.5743,-27.602,24.428,-131.68,2.294,0.740,-27.042,23.943,0.1695,-0.0391,0.024,0.000,0.198,0.006,99.764
957,242.785,28.4311,-27.669,24.333,-131.21,2.308,0.738,-27.042,23.943,0.1604,0.1698,0.042,0.000,0.198,0.021,100.319
958,242.985,30.3313,-27.735,24.237,-130.74,2.313,0.733,-27.135,23.817,0.1844,-0.0730,0.021,0.000,0.198,0.040,49.803
959,243.285,25.1729,-27.802,24.142,-130.31,2.318,0.732,-27.227,23.689,0.2124,-0.0501,0.023,0.000,0.198,0.037,100.164
960,243.535,28.4701,-27.868,24.046,-129.90,2.316,0.733,-27.227,23.689,0.1748,0.0854,0.035,0.000,0.198,0.032,100.081
961,243.835,22.7264,-27.932,23.949,-129.46,2.313,0.727,-27.317,23.561,0.1745,-0.1048,0.018,0.000,0.197,0.029,100.073
962,244.085,20.7881,-27.996,23.851,-128.99,2.317,0.724,-27.406,23.431,0.2009,0.1977,0.045,0.000,0.197,0.012,100.066
963,244.385,29.3394,-28.059,23.753,-128.54,2.316,0.724,-27.494,23.301,0.1928,0.0850,0.035,0.000,0.197,-0.002,99.987
964,244.635,23.2575,-28.121,23.654,-128.09,2.340,0.720,-27.494,23.301,0.1945,-0.0282,0.025,0.000,0.197,-0.014,100.289
965,244.935,34.1171,-28.183,23.554,-127.60,2.353,0.715,-27.580,23.170,0.1460,-0.1555,0.014,0.000,0.197,-0.009,100.486
966,245.135,17.9224,-28.243,23.452,-127.09,2.353,0.711,-27.665,23.037,0.2001,-0.0625,0.022,0.000,0.197,-0.013,49.942
967,245.385,31.7639,-28.303,23.351,-126.60,2.323,0.711,-27.665,23.037,0.1984,-0.0669,0.021,0.000,0.197,-0.013,50.242
968,245.635,27.6783,-28.361,23.251,-126.16,2.304,0.704,-27.748,22.904,0.1630,-0.0328,0.024,0.000,0.197,-0.029,100.966
969,245.936,19.0284,-28.418,23.150,-125.72,2.297,0.700,-27.830,22.770,0.1740,-0.0732,0.021,0.000,0.197,-0.035,100.392
970,246.185,21.6069,-28.475,23.050,-125.26,2.295,0.700,-27.911,22.636,0.1921,-0.2961,0.001,0.000,0.197,-0.025,100.109
971,246.485,41.1576,-28.532,22.949,-124.81,2.280,0.695,-27.911,22.636,0.1686,0.0784,0.034,0.000,0.197,-0.039,100.149
972,246.735,24.4612,-28.585,22.849,-124.37,2.247,0.690,-27.990,22.500,0.1581,0.0805,0.034,0.000,0.197,-0.018,100.089
973,247.035,22.0204,-28.639,22.750,-123.93,2.250,0.689,-28.068,22.364,0.1647,-0.1169,0.017,0.000,0.197,0.001,100.565
974,247.286,18.7752,-28.692,22.650,-123.51,2.258,0.687,-28.068,22.364,0.1300,-0.2142,0.008,0.000,0.197,0.015,100.210
975,247.585,29.0291,-28.745,22.550,-123.12,2.238,0.682,-28.145,22.226,0.1729,0.0042,0.027,0.000,0.197,0.009,99.868
976,247.785,27.8514,-28.797,22.451,-122.75,2.210,0.682,-28.220,22.088,0.1393,-0.0482,0.022,0.000,0.197,0.011,50.196
977,248.085,36.3248,-28.848,22.352,-122.39,2.210,0.682,-28.220,22.088,0.2104,0.2090,0.045,0.000,0.197,0.011,99.915
978,248.285,21.1947,-28.899,22.254,-122.05,2.217,0.678,-28.293,21.949,0.2011,-0.2005,0.009,0.000,0.197,0.003,50.020
979,248.535,23.3344,-28.949,22.154,-121.70,2.231,0.678,-28.365,21.810,0.2041,0.1559,0.040,0.000,0.197,0.004,50.071
980,248.785,30.2511,-28.998,22.053,-121.31,2.222,0.678,-28.365,21.810,0.1968,0.0367,0.030,0.000,0.197,-0.006,100.262
981,249.085,25.0675,-29.045,21.952,-120.87,2.226,0.672,-28.436,21.670,0.1504,0.0372,0.030,0.000,0.197,-0.008,100.091
982,249.285,17.5482,-29.092,21.849,-120.39,2.245,0.669,-28.505,21.528,0.1557,0.1234,0.038,0.000,0.197,-0.005,49.920
983,249.585,26.4019,-29.138,21.746,-119.92,2.253,0.669,-28.505,21.528,0.1493,0.1051,0.036,0.000,0.197,-0.002,100.643
984,249.785,17.7633,-29.184,21.642,-119.52,2.268,0.663,-28.572,21.387,0.1580,-0.0349,0.024,0.000,0.198,-0.005,50.621
985,250.086,27.9398,-29.230,21.538,-119.16,2.277,0.661,-28.639,21.244,0.1967,0.0579,0.032,0.000,0.198,0.002,100.817
986,250.335,25.0746,-29.276,21.433,-118.79,2.277,0.662,-28.703,21.101,0.1742,0.1914,0.044,0.000,0.198,-0.009,100.613
987,250.635,22.7978,-29.321,21.328,-118.37,2.284,0.658,-28.703,21.101,0.1567,-0.0144,0.026,0.000,0.198,-0.005,100.249
988,250.885,19.0346,-29.365,21.221,-117.92,2.311,0.654,-28.766,20.957,0.1535,-0.0512,0.023,0.000,0.198,0.004,100.095
989,251.185,18.2722,-29.409,21.113,-117.49,2.309,0.654,-28.828,20.813,0.1625,-0.0547,0.022,0.000,0.198,0.010,100.138
990,251.435,17.6131,-29.452,21.006,-117.10,2.296,0.653,-28.828,20.813,0.1620,-0.0365,0.024,0.000,0.198,0.008,100.510
991,251.735,20.2457,-29.494,20.899,-116.72,2.288,0.648,-28.888,20.668,0.2044,-0.2062,0.009,0.000,0.198,0.013,99.914
992,251.985,22.3526,-29.535,20.791,-116.32,2.275,0.647,-28.947,20.522,0.1874,-0.0767,0.020,0.000,0.197,0.017,100.040
993,252.285,31.8067,-29.574,20.685,-115.89,2.255,0.648,-28.947,20.522,0.1685,-0.1442,0.014,0.000,0.197,0.010,100.132
994,252.535,29.3906,-29.612,20.578,-115.43,2.241,0.641,-29.004,20.376,0.1626,0.1673,0.041,0.000,0.196,0.009,100.453
995,252.786,16.0731,-29.649,20.472,-114.98,2.233,0.638,-29.059,20.229,0.1608,-0.0120,0.026,0.000,0.196,0.002,50.077
996,253.035,15.6154,-29.685,20.366,-114.57,2.247,0.639,-29.113,20.081,0.1516,-0.0260,0.025,0.000,0.196,-0.005,100.173
997,253.335,17.9398,-29.722,20.259,-114.18,2.249,0.634,-29.113,20.081,0.1766,-0.1869,0.010,0.000,0.197,-0.013,99.978
998,253.586,21.6130,-29.758,20.152,-113.79,2.235,0.631,-29.166,19.933,0.1912,0.0945,0.035,0.000,0.197,-0.018,100.178
999,253.886,18.2595,-29.792,20.046,-113.41,2.222,0.632,-29.217,19.784,0.1526,-0.1457,0.014,0.000,0.197,-0.022,99.693
1000,254.135,20.5056,-29.826,19.939,-113.00,2.220,0.629,-29.217,19.784,0.1593,-0.0512,0.022,0.000,0.197,-0.017,100.053
1001,254.435,24.6099,-29.859,19.833,-112.60,2.209,0.625,-29.266,19.635,0.1634,0.0984,0.035,0.000,0.197,-0.009,99.682
1002,254.635,19.4371,-29.891,19.727,-112.22,2.194,0.626,-29.314,19.486,0.1785,0.0555,0.031,0.000,0.197,0.005,49.551
1003,254.935,27.0569,-29.923,19.621,-111.85,2.213,0.624,-29.314,19.486,0.1746,0.1929,0.044,0.000,0.197,0.020,99.779
1004,255.135,16.5271,-29.953,19.513,-111.44,2.233,0.619,-29.360,19.335,0.1674,-0.0160,0.025,0.000,0.197,0.031,50.071
1005,255.435,18.7029,-29.983,19.404,-111.00,2.253,0.619,-29.404,19.185,0.1671,0.0100,0.028,0.000,0.197,0.031,100.083
1006,255.685,25.0908,-30.012,19.295,-110.56,2.261,0.617,-29.404,19.185,0.1598,0.1463,0.040,0.000,0.197,0.012,99.707
1007,255.985,31.5514,-30.040,19.185,-110.14,2.263,0.612,-29.447,19.034,0.1729,-0.1618,0.013,0.000,0.197,-0.008,99.931
1008,256.235,25.3909,-30.068,19.075,-109.73,2.268,0.610,-29.489,18.882,0.1591,0.2260,0.047,0.000,0.198,-0.013,100.055
1009,256.535,22.0653,-30.095,18.964,-109.32,2.262,0.612,-29.489,18.882,0.1599,-0.0530,0.022,0.000,0.198,-0.024,99.922
1010,256.785,25.9205,-30.122,18.853,-108.91,2.276,0.606,-29.529,18.730,0.1818,0.0677,0.033,0.000,0.198,-0.021,100.074
1011,257.085,17.4357,-30.149,18.742,-108.51,2.282,0.604,-29.567,18.578,0.1554,0.0945,0.036,0.000,0.198,-0.015,100.772
1012,257.335,25.9708,-30.173,18.630,-108.10,2.290,0.605,-29.604,18.425,0.1286,0.1428,0.040,0.000,0.198,-0.025,100.227
1013,257.635,17.8538,-30.198,18.517,-107.69,2.302,0.602,-29.604,18.425,0.1629,0.0030,0.028,0.000,0.198,-0.009,100.174
1014,257.885,19.8507,-30.223,18.404,-107.31,2.311,0.599,-29.639,18.272,0.1826,-0.0375,0.024,0.000,0.198,-0.006,99.882
1015,258.186,18.3047,-30.248,18.290,-106.98,2.309,0.601,-29.672,18.119,0.1706,0.0282,0.030,0.000,0.199,0.012,99.981
1016,258.385,31.5750,-30.271,18.176,-106.61,2.310,0.602,-29.672,18.119,0.1863,-0.0838,0.020,0.000,0.198,0.020,49.695
1017,258.635,14.8764,-30.293,18.062,-106.19,2.315,0.597,-29.704,17.965,0.1823,0.1476,0.040,0.000,0.197,0.026,50.329
1018,258.885,14.9660,-30.314,17.948,-105.73,2.315,0.595,-29.734,17.811,0.1595,-0.1758,0.012,0.000,0.197,0.045,99.972
1019,259.136,16.1282,-30.332,17.832,-105.25,2.327,0.596,-29.763,17.656,0.1531,-0.0450,0.023,0.000,0.196,0.034,50.158
1020,259.385,21.7249,-30.351,17.717,-104.81,2.310,0.591,-29.763,17.656,0.1470,0.0683,0.033,0.000,0.197,0.028,100.292
1021,259.685,38.3773,-30.369,17.603,-104.41,2.296,0.588,-29.790,17.502,0.1545,-0.1306,0.016,0.000,0.197,0.019,100.262
1022,259.936,23.8574,-30.387,17.489,-104.04,2.300,0.589,-29.815,17.347,0.1762,-0.0715,0.021,0.000,0.197,0.005,100.210
1023,260.185,21.0895,-30.404,17.376,-103.67,2.289,0.590,-29.815,17.347,0.1509,-0.0094,0.026,0.000,0.197,-0.007,50.529
1024,260.435,29.9558,-30.420,17.262,-103.26,2.283,0.585,-29.839,17.191,0.1896,0.0710,0.033,0.000,0.197,-0.019,99.986
1025,260.736,23.4038,-30.436,17.149,-102.85,2.284,0.586,-29.861,17.036,0.1766,-0.0589,0.022,0.000,0.197,-0.030,99.974
1026,260.985,19.3384,-30.450,17.035,-102.46,2.284,0.589,-29.861,17.036,0.1642,-0.0802,0.020,0.000,0.197,-0.048,100.165
1027,261.285,16.3903,-30.463,16.921,-102.05,2.274,0.583,-29.882,16.880,0.1449,-0.0089,0.026,0.000,0.197,-0.052,100.794
1028,261.485,19.7983,-30.475,16.807,-101.61,2.262,0.580,-29.901,16.724,0.1671,-0.0040,0.027,0.000,0.197,-0.026,49.966
1029,261.786,22.5598,-30.487,16.694,-101.21,2.265,0.583,-29.918,16.568,0.1803,0.1198,0.038,0.000,0.198,-0.003,100.398
1030,261.985,16.7511,-30.499,16.581,-100.85,2.269,0.581,-29.918,16.568,0.1488,-0.2181,0.008,0.000,0.198,0.016,49.886
1031,262.235,17.0852,-30.509,16.467,-100.45,2.282,0.578,-29.933,16.412,0.1519,0.0556,0.032,0.000,0.198,0.034,50.118
1032,262.436,15.3429,-30.519,16.354,-100.04,2.259,0.580,-29.947,16.255,0.1729,-0.1265,0.016,0.000,0.198,0.037,50.135
1033,262.735,19.6429,-30.528,16.241,-99.65,2.249,0.580,-29.947,16.255,0.1915,-0.1151,0.017,0.000,0.198,0.033,100.348
1034,262.985,16.7793,-30.535,16.128,-99.28,2.240,0.576,-29.960,16.099,0.1890,0.0267,0.029,0.000,0.197,0.018,100.303
1035,263.286,16.3668,-30.542,16.016,-98.87,2.230,0.576,-29.970,15.942,0.1507,-0.0471,0.022,0.000,0.197,0.005,99.799
1036,263.486,17.6434,-30.547,15.904,-98.42,2.237,0.578,-29.970,15.942,0.1680,0.1469,0.040,0.000,0.196,0.010,50.112
1037,263.786,16.0466,-30.552,15.792,-97.97,2.240,0.572,-29.979,15.785,0.1607,0.0485,0.031,0.000,0.197,-0.009,100.414
1038,263.985,25.4489,-30.556,15.680,-97.57,2.247,0.571,-29.987,15.628,0.1415,-0.0171,0.025,0.000,0.197,-0.027,50.123
1039,264.235,16.5296,-30.559,15.566,-97.18,2.253,0.574,-29.993,15.471,0.1542,0.0394,0.030,0.000,0.197,-0.033,50.199
1040,264.435,21.5575,-30.563,15.453,-96.81,2.253,0.571,-29.993,15.471,0.1571,0.1527,0.040,0.000,0.198,-0.029,50.115
1041,264.735,17.2891,-30.566,15.340,-96.45,2.267,0.570,-29.997,15.314,0.1444,0.2132,0.046,0.000,0.198,-0.013,99.941
1042,264.936,15.6834,-30.568,15.226,-96.07,2.291,0.573,-29.999,15.157,0.1621,0.0069,0.028,0.000,0.198,0.014,50.116
1043,265.185,18.1378,-30.570,15.110,-95.68,2.310,0.572,-29.999,15.157,0.1703,0.2357,0.048,0.000,0.198,0.025,50.218
1044,265.386,18.7443,-30.570,14.994,-95.29,2.316,0.570,-30.000,15.000,0.1752,-0.1586,0.014,0.000,0.198,0.029,50.139
1045,265.685,17.1430,-30.570,14.877,-94.89,2.330,0.571,-29.999,14.843,0.1725,0.0315,0.030,0.000,0.198,0.028,100.411
1046,265.936,17.7751,-30.567,14.759,-94.46,2.323,0.574,-29.999,14.843,0.1569,-0.0037,0.027,0.000,0.198,0.024,100.073
1047,266.186,17.2575,-30.564,14.642,-94.00,2.327,0.569,-29.997,14.686,0.1722,0.0196,0.029,0.000,0.198,0.037,50.328
1048,266.386,15.5266,-30.560,14.525,-93.57,2.331,0.567,-29.993,14.529,0.1710,-0.1160,0.017,0.000,0.198,0.036,50.110
1049,266.636,16.9904,-30.555,14.408,-93.16,2.335,0.570,-29.987,14.372,0.1819,-0.2490,0.005,0.000,0.197,0.029,49.847
1050,266.835,16.6570,-30.549,14.292,-92.73,2.319,0.568,-29.987,14.372,0.1784,0.1341,0.039,0.000,0.197,0.004,50.119
1051,267.085,17.0575,-30.542,14.177,-92.28,2.287,0.564,-29.979,14.215,0.1426,-0.0630,0.022,0.000,0.197,-0.003,50.097
1052,267.336,17.3051,-30.534,14.062,-91.82,2.293,0.564,-29.970,14.058,0.1886,-0.0409,0.023,0.000,0.196,-0.017,99.991
1053,267.586,17.4327,-30.526,13.947,-91.40,2.287,0.567,-29.970,14.058,0.1825,-0.0837,0.020,0.000,0.197,-0.028,50.161
1054,267.785,20.4463,-30.518,13.833,-91.01,2.278,0.562,-29.960,13.901,0.1711,-0.0627,0.021,0.000,0.197,-0.041,50.212
1055,268.035,15.8023,-30.507,13.719,-90.60,2.270,0.561,-29.947,13.745,0.1369,-0.0585,0.022,0.000,0.197,-0.033,50.271
1056,268.235,17.3997,-30.497,13.606,-90.14,2.265,0.563,-29.933,13.588,0.1499,-0.1254,0.016,0.000,0.197,-0.016,50.006
1057,268.486,16.0712,-30.486,13.493,-89.72,2.251,0.561,-29.933,13.588,0.1454,0.1592,0.041,0.000,0.198,-0.014,50.345
1058,268.685,18.4549,-30.475,13.381,-89.36,2.236,0.559,-29.918,13.432,0.1762,0.0786,0.034,0.000,0.198,0.001,49.886
1059,268.935,17.2375,-30.463,13.269,-89.02,2.252,0.563,-29.901,13.276,0.1679,0.0912,0.035,0.000,0.198,0.005,50.255
1060,269.186,17.1541,-30.451,13.156,-88.65,2.275,0.563,-29.901,13.276,0.1676,0.0477,0.031,0.000,0.198,0.020,100.060
1061,269.435,15.7099,-30.437,13.042,-88.24,2.289,0.560,-29.882,13.120,0.1349,0.0368,0.030,0.000,0.198,0.027,49.949
1062,269.636,16.5230,-30.421,12.928,-87.80,2.304,0.561,-29.861,12.964,0.1616,0.1771,0.043,0.000,0.197,0.036,50.087
1063,269.886,16.5360,-30.406,12.813,-87.40,2.309,0.565,-29.861,12.964,0.1843,-0.0659,0.022,0.000,0.198,0.031,50.143
1064,270.086,17.4861,-30.390,12.698,-87.03,2.316,0.562,-29.839,12.809,0.1332,0.2241,0.047,0.000,0.198,0.012,50.081
1065,270.336,18.5286,-30.372,12.583,-86.65,2.322,0.561,-29.815,12.653,0.1711,0.1176,0.038,0.000,0.198,-0.003,49.995
1066,270.535,16.3686,-30.355,12.467,-86.25,2.346,0.566,-29.790,12.498,0.1568,-0.0466,0.024,0.000,0.198,-0.008,49.813
1067,270.835,16.3942,-30.336,12.350,-85.86,2.365,0.566,-29.790,12.498,0.1719,-0.0347,0.025,0.000,0.198,-0.019,100.128
1068,271.036,19.0233,-30.316,12.234,-85.46,2.360,0.564,-29.763,12.344,0.1633,0.0080,0.028,0.000,0.198,-0.024,50.345
1069,271.286,16.6687,-30.295,12.118,-85.04,2.358,0.565,-29.734,12.189,0.1784,0.0142,0.029,0.000,0.198,-0.034,50.097
1070,271.486,16.3022,-30.273,12.002,-84.60,2.354,0.570,-29.704,12.035,0.1716,0.0425,0.031,0.000,0.197,-0.034,50.646
1071,271.785,23.8154,-30.249,11.886,-84.16,2.355,0.565,-29.704,12.035,0.1824,-0.0426,0.024,0.000,0.197,-0.036,100.104
1072,271.985,16.4458,-30.225,11.770,-83.72,2.352,0.564,-29.672,11.881,0.1700,-0.0959,0.019,0.000,0.197,-0.032,50.168
1073,272.235,15.5679,-30.199,11.654,-83.26,2.348,0.565,-29.639,11.728,0.1692,-0.1490,0.014,0.000,0.197,-0.031,50.302
1074,272.485,16.6160,-30.173,11.539,-82.80,2.332,0.566,-29.639,11.728,0.1777,-0.1449,0.014,0.000,0.197,-0.025,99.938
1075,272.735,17.1789,-30.146,11.425,-82.36,2.313,0.562,-29.604,11.575,0.1843,0.1818,0.043,0.000,0.197,-0.021,50.184
1076,272.935,17.1338,-30.118,11.313,-81.92,2.304,0.562,-29.567,11.422,0.1387,-0.1485,0.014,0.000,0.197,-0.017,50.055
1077,273.186,16.1835,-30.089,11.201,-81.46,2.321,0.564,-29.529,11.270,0.1575,-0.0438,0.023,0.000,0.197,0.005,50.260
1078,273.385,16.8523,-30.060,11.088,-81.01,2.301,0.561,-29.529,11.270,0.1675,-0.2043,0.009,0.000,0.197,0.018,50.182
1079,273.635,15.6310,-30.031,10.977,-80.61,2.276,0.560,-29.489,11.118,0.1783,-0.0381,0.024,0.000,0.197,0.002,50.036
1080,273.835,17.9393,-30.001,10.867,-80.22,2.254,0.562,-29.447,10.966,0.1785,0.0272,0.029,0.000,0.197,0.000,49.820
1081,274.086,15.6802,-29.969,10.758,-79.80,2.253,0.562,-29.447,10.966,0.1768,-0.0537,0.022,0.000,0.196,0.001,50.290
1082,274.285,18.7737,-29.937,10.649,-79.35,2.260,0.558,-29.404,10.815,0.1771,0.0000,0.027,0.000,0.196,0.016,50.143
1083,274.585,18.2817,-29.904,10.540,-78.90,2.259,0.558,-29.360,10.665,0.1506,0.1020,0.036,0.000,0.196,0.020,99.892
1084,274.835,23.4715,-29.870,10.432,-78.47,2.258,0.561,-29.360,10.665,0.1563,-0.1016,0.018,0.000,0.196,0.032,100.148
1085,275.136,15.8831,-29.837,10.324,-78.06,2.263,0.557,-29.314,10.514,0.1770,0.1035,0.036,0.000,0.197,0.029,99.973
1086,275.385,20.1371,-29.802,10.215,-77.67,2.258,0.557,-29.266,10.365,0.1460,-0.0867,0.019,0.000,0.197,0.008,99.892
1087,275.635,16.5314,-29.767,10.107,-77.27,2.266,0.561,-29.217,10.216,0.1670,0.1560,0.041,0.000,0.197,-0.002,50.329
1088,275.835,16.9014,-29.731,9.999,-76.87,2.269,0.558,-29.217,10.216,0.1731,0.1091,0.037,0.000,0.198,-0.013,50.196
1089,276.085,17.9293,-29.695,9.891,-76.49,2.282,0.558,-29.166,10.067,0.1982,0.1033,0.036,0.000,0.198,-0.021,50.889
1090,276.286,16.0119,-29.657,9.783,-76.09,2.293,0.560,-29.113,9.919,0.1468,-0.0323,0.024,0.000,0.197,-0.017,50.205
1091,276.535,16.5804,-29.617,9.674,-75.66,2.303,0.560,-29.113,9.919,0.1575,-0.0769,0.020,0.000,0.197,-0.009,49.937
1092,276.786,16.4668,-29.577,9.565,-75.21,2.302,0.558,-29.059,9.771,0.1873,0.0578,0.032,0.000,0.197,-0.006,100.089
1093,277.085,15.5930,-29.537,9.457,-74.81,2.295,0.559,-29.004,9.624,0.1856,0.0767,0.034,0.000,0.198,-0.012,100.094
1094,277.286,15.4923,-29.496,9.349,-74.42,2.309,0.563,-29.004,9.624,0.1506,-0.2192,0.008,0.000,0.197,-0.018,50.157
1095,277.585,26.3388,-29.453,9.242,-73.98,2.310,0.558,-28.947,9.478,0.1750,0.0551,0.032,0.000,0.197,0.003,100.046
1096,277.785,18.3536,-29.409,9.135,-73.54,2.279,0.557,-28.888,9.332,0.1865,-0.1786,0.011,0.000,0.197,0.012,49.955
1097,278.086,21.2389,-29.366,9.029,-73.12,2.265,0.561,-28.828,9.187,0.1900,-0.0731,0.020,0.000,0.197,0.014,100.032
1098,278.335,16.6422,-29.321,8.924,-72.71,2.254,0.559,-28.828,9.187,0.1490,-0.0283,0.024,0.000,0.197,0.028,100.146
1099,278.585,28.7305,-29.275,8.820,-72.25,2.251,0.555,-28.766,9.043,0.1649,0.0476,0.031,0.000,0.196,0.030,50.179
1100,278.835,16.2323,-29.229,8.717,-71.79,2.252,0.557,-28.703,8.899,0.1605,0.0198,0.029,0.000,0.196,0.024,100.080
1101,279.086,21.7211,-29.183,8.614,-71.38,2.257,0.558,-28.703,8.899,0.1705,-0.0149,0.026,0.000,0.197,0.015,50.211
1102,279.335,25.0545,-29.136,8.511,-70.99,2.257,0.555,-28.639,8.756,0.1789,-0.0333,0.024,0.000,0.197,0.005,100.273
1103,279.636,16.0279,-29.089,8.408,-70.59,2.253,0.556,-28.572,8.613,0.1541,-0.0002,0.027,0.000,0.197,-0.014,100.219
1104,279.836,19.3932,-29.040,8.306,-70.15,2.251,0.559,-28.572,8.613,0.1748,0.0798,0.034,0.000,0.197,-0.017,50.140
1105,280.135,23.8213,-28.991,8.204,-69.73,2.255,0.555,-28.505,8.472,0.1294,0.2242,0.047,0.000,0.197,-0.025,99.882
1106,280.386,23.7305,-28.941,8.102,-69.32,2.267,0.554,-28.436,8.330,0.1287,0.2269,0.047,0.000,0.197,-0.020,99.764
1107,280.635,15.7364,-28.890,7.999,-68.94,2.292,0.559,-28.365,8.190,0.1594,-0.1482,0.014,0.000,0.198,-0.010,50.193
1108,280.835,17.9349,-28.840,7.895,-68.60,2.308,0.559,-28.365,8.190,0.1374,0.0783,0.034,0.000,0.199,-0.008,50.078
1109,281.135,22.2302,-28.788,7.791,-68.27,2.303,0.559,-28.293,8.051,0.1634,0.1168,0.038,0.000,0.199,0.000,99.987
1110,281.385,25.1462,-28.736,7.687,-67.92,2.309,0.563,-28.220,7.912,0.1536,0.0195,0.029,0.000,0.199,0.019,100.210
1111,281.685,31.6737,-28.683,7.583,-67.55,2.327,0.568,-28.220,7.912,0.1608,-0.0991,0.019,0.000,0.198,0.023,99.928
1112,281.935,21.3712,-28.628,7.480,-67.15,2.331,0.566,-28.145,7.774,0.1767,-0.1411,0.015,0.000,0.198,0.032,100.069
1113,282.235,32.9014,-28.572,7.377,-66.74,2.318,0.567,-28.068,7.636,0.2031,0.2223,0.047,0.000,0.197,0.017,99.849
1114,282.485,32.4245,-28.516,7.276,-66.31,2.308,0.571,-27.990,7.500,0.1801,-0.0547,0.023,0.000,0.197,0.014,99.954
1115,282.735,27.6455,-28.457,7.176,-65.86,2.322,0.569,-27.990,7.500,0.1675,-0.0339,0.024,0.000,0.197,0.014,49.710
1116,282.985,29.8825,-28.398,7.075,-65.39,2.328,0.566,-27.911,7.364,0.1861,-0.1058,0.018,0.000,0.197,0.022,100.015
1117,283.285,24.1970,-28.338,6.975,-64.94,2.317,0.568,-27.830,7.230,0.1679,-0.0806,0.020,0.000,0.197,0.012,100.104
1118,283.485,17.2119,-28.278,6.875,-64.50,2.302,0.571,-27.830,7.230,0.2007,-0.2550,0.005,0.000,0.197,0.001,49.706
1119,283.785,25.5917,-28.217,6.777,-64.07,2.289,0.567,-27.748,7.096,0.1626,-0.2018,0.009,0.000,0.197,-0.024,99.948
1120,283.986,17.5604,-28.157,6.681,-63.62,2.254,0.566,-27.665,6.963,0.1632,0.0206,0.028,0.000,0.196,-0.046,49.966
1121,284.286,20.3451,-28.096,6.586,-63.19,2.221,0.571,-27.580,6.830,0.1554,0.0592,0.032,0.000,0.197,-0.047,100.118
1122,284.535,30.9412,-28.036,6.492,-62.79,2.217,0.568,-27.580,6.830,0.1594,0.2947,0.053,0.000,0.197,-0.038,100.125
1123,284.785,17.1270,-27.976,6.398,-62.41,2.243,0.568,-27.494,6.699,0.1614,-0.0525,0.022,0.000,0.197,-0.011,50.288
1124,284.985,22.2128,-27.914,6.303,-62.03,2.270,0.573,-27.406,6.569,0.1590,0.2043,0.045,0.000,0.197,0.014,50.172
1125,285.285,27.2717,-27.850,6.208,-61.62,2.280,0.572,-27.406,6.569,0.1548,-0.1477,0.014,0.000,0.198,0.019,100.232
1126,285.535,29.8593,-27.786,6.113,-61.21,2.290,0.571,-27.317,6.439,0.1624,-0.0525,0.022,0.000,0.198,0.027,100.040
1127,285.836,27.4077,-27.721,6.018,-60.82,2.270,0.574,-27.227,6.311,0.1907,0.2026,0.045,0.000,0.198,0.028,99.945
1128,286.086,29.5679,-27.656,5.924,-60.43,2.272,0.577,-27.227,6.311,0.1572,-0.0038,0.027,0.000,0.198,0.034,100.262
1129,286.335,25.4855,-27.589,5.831,-60.01,2.298,0.574,-27.135,6.183,0.1950,-0.0030,0.027,0.000,0.197,0.039,49.827
1130,286.586,20.5855,-27.521,5.737,-59.58,2.310,0.576,-27.042,6.057,0.1729,-0.0856,0.020,0.000,0.197,0.024,100.193
1131,286.885,16.5891,-27.453,5.644,-59.15,2.305,0.581,-26.948,5.931,0.1643,0.2643,0.051,0.000,0.197,0.012,100.225
1132,287.085,19.0963,-27.383,5.552,-58.72,2.304,0.577,-26.948,5.931,0.1866,-0.0031,0.027,0.000,0.197,-0.015,50.071
1133,287.386,31.2212,-27.313,5.460,-58.29,2.325,0.577,-26.852,5.806,0.1558,0.0089,0.028,0.000,0.197,-0.030,100.537
1134,287.635,19.7200,-27.241,5.367,-57.86,2.329,0.579,-26.755,5.683,0.1802,0.0379,0.031,0.000,0.197,-0.031,99.998
1135,287.936,21.0068,-27.169,5.275,-57.43,2.327,0.581,-26.755,5.683,0.1661,-0.1078,0.018,0.000,0.198,-0.033,100.061
1136,288.185,14.4863,-27.097,5.183,-57.02,2.326,0.579,-26.657,5.560,0.1611,0.0428,0.031,0.000,0.198,-0.034,99.504
1137,288.435,17.3093,-27.023,5.092,-56.59,2.322,0.581,-26.558,5.439,0.1720,-0.1303,0.016,0.000,0.198,-0.034,49.917
1138,288.685,16.7949,-26.950,5.002,-56.17,2.320,0.586,-26.457,5.318,0.1864,-0.0695,0.021,0.000,0.198,-0.039,100.125
1139,288.985,17.5272,-26.875,4.913,-55.75,2.304,0.583,-26.457,5.318,0.1570,-0.1956,0.010,0.000,0.198,-0.035,99.994
1140,289.185,18.6144,-26.800,4.825,-55.30,2.283,0.581,-26.355,5.199,0.1767,0.1375,0.039,0.000,0.197,-0.027,50.152
1141,289.485,16.8855,-26.726,4.738,-54.86,2.267,0.585,-26.252,5.080,0.2038,0.1106,0.037,0.000,0.197,0.002,100.294
1142,289.735,35.7771,-26.651,4.652,-54.45,2.283,0.586,-26.252,5.080,0.1759,0.0517,0.032,0.000,0.197,0.022,100.130
1143,290.035,18.1135,-26.574,4.566,-54.02,2.304,0.583,-26.147,4.963,0.1648,-0.0778,0.020,0.000,0.197,0.045,100.192
1144,290.285,24.4786,-26.496,4.480,-53.56,2.314,0.584,-26.041,4.847,0.1642,-0.1543,0.014,0.000,0.197,0.054,100.182
1145,290.535,24.2167,-26.418,4.394,-53.11,2.298,0.589,-26.041,4.847,0.1458,0.0493,0.031,0.000,0.197,0.039,49.822
1146,290.786,26.2795,-26.339,4.310,-52.69,2.278,0.585,-25.935,4.732,0.1841,-0.0357,0.024,0.000,0.197,0.028,100.194
1147,291.085,17.6991,-26.262,4.226,-52.32,2.277,0.586,-25.826,4.618,0.1369,0.0227,0.029,0.000,0.198,0.009,100.127
1148,291.285,28.6634,-26.184,4.142,-51.94,2.284,0.591,-25.717,4.505,0.1717,0.1891,0.044,0.000,0.198,0.005,50.233
1149,291.585,31.6612,-26.105,4.059,-51.57,2.295,0.591,-25.717,4.505,0.1867,-0.1079,0.018,0.000,0.198,-0.001,100.087
1150,291.785,22.3893,-26.026,3.975,-51.20,2.309,0.592,-25.607,4.393,0.1836,-0.0745,0.021,0.000,0.198,-0.020,49.825
1151,292.085,20.6303,-25.945,3.892,-50.82,2.300,0.596,-25.495,4.283,0.1667,0.0271,0.030,0.000,0.197,-0.036,100.217
1152,292.335,28.0510,-25.863,3.811,-50.40,2.285,0.598,-25.495,4.283,0.1866,-0.0488,0.023,0.000,0.197,-0.034,99.893
1153,292.636,16.7240,-25.781,3.731,-49.96,2.284,0.596,-25.382,4.174,0.1950,0.0108,0.028,0.000,0.197,-0.040,99.957
1154,292.885,34.3059,-25.698,3.651,-49.53,2.285,0.597,-25.268,4.065,0.1689,-0.1070,0.018,0.000,0.197,-0.036,99.978
1155,293.185,23.4600,-25.614,3.573,-49.07,2.279,0.601,-25.153,3.959,0.1728,-0.1788,0.011,0.000,0.197,-0.011,100.302
1156,293.386,16.3210,-25.530,3.495,-48.61,2.267,0.598,-25.153,3.959,0.2031,0.0556,0.032,0.000,0.197,0.013,50.096
1157,293.635,31.3095,-25.447,3.419,-48.17,2.250,0.597,-25.037,3.853,0.1573,0.1144,0.037,0.000,0.197,0.008,49.937
1158,293.885,18.4675,-25.362,3.343,-47.74,2.249,0.600,-24.920,3.748,0.1926,0.0717,0.033,0.000,0.197,0.021,99.909
1159,294.185,28.3064,-25.278,3.268,-47.32,2.262,0.599,-24.920,3.748,0.1997,-0.0335,0.024,0.000,0.197,0.022,100.018
1160,294.435,24.1029,-25.192,3.192,-46.90,2.274,0.598,-24.801,3.645,0.1934,-0.1685,0.012,0.000,0.197,0.019,100.083
1161,294.735,27.7342,-25.105,3.118,-46.45,2.273,0.600,-24.682,3.543,0.1785,0.1637,0.041,0.000,0.197,0.018,100.008
1162,294.985,26.5863,-25.017,3.045,-45.97,2.265,0.600,-24.682,3.543,0.1766,-0.2328,0.006,0.000,0.197,0.021,100.356
1163,295.285,17.8762,-24.929,2.973,-45.50,2.269,0.597,-24.561,3.442,0.1529,0.0617,0.032,0.000,0.197,0.010,100.487
1164,295.486,27.9299,-24.841,2.901,-45.05,2.245,0.597,-24.440,3.343,0.1961,-0.1350,0.015,0.000,0.197,0.003,50.212
1165,295.785,35.4015,-24.754,2.830,-44.65,2.237,0.602,-24.440,3.343,0.1837,-0.0288,0.024,0.000,0.197,-0.012,99.932
1166,296.036,24.7061,-24.667,2.759,-44.27,2.226,0.598,-24.317,3.245,0.1777,-0.0239,0.024,0.000,0.197,-0.033,100.122
1167,296.336,23.6433,-24.579,2.690,-43.85,2.221,0.598,-24.194,3.148,0.1813,-0.0401,0.023,0.000,0.197,-0.023,99.948
1168,296.585,24.4638,-24.490,2.622,-43.40,2.224,0.602,-24.069,3.052,0.1200,-0.1149,0.016,0.000,0.197,-0.011,99.918
1169,296.885,30.5954,-24.401,2.555,-42.94,2.217,0.598,-24.069,3.052,0.1813,-0.0400,0.023,0.000,0.197,0.003,99.977
1170,297.135,32.6444,-24.313,2.488,-42.54,2.191,0.597,-23.943,2.958,0.1822,-0.0776,0.019,0.000,0.197,0.004,100.256
1171,297.436,25.4407,-24.225,2.422,-42.17,2.181,0.602,-23.817,2.865,0.1761,0.2512,0.048,0.000,0.197,0.001,100.088
1172,297.686,27.8996,-24.136,2.358,-41.78,2.189,0.599,-23.817,2.865,0.1715,0.1092,0.036,0.000,0.197,0.000,99.877
1173,297.985,26.2977,-24.046,2.293,-41.35,2.220,0.598,-23.689,2.773,0.1747,0.1867,0.043,0.000,0.197,0.014,99.693
1174,298.186,29.4466,-23.955,2.229,-40.91,2.245,0.601,-23.561,2.683,0.1664,-0.0817,0.020,0.000,0.197,0.018,50.147
1175,298.485,23.1299,-23.862,2.164,-40.49,2.257,0.600,-23.561,2.683,0.1500,-0.0872,0.019,0.000,0.197,0.018,99.810
1176,298.685,25.7774,-23.768,2.100,-40.07,2.252,0.598,-23.431,2.594,0.1297,0.0546,0.032,0.000,0.198,0.001,50.254
1177,298.986,36.4584,-23.675,2.036,-39.67,2.237,0.601,-23.301,2.506,0.1780,0.0854,0.034,0.000,0.198,-0.004,100.361
1178,299.185,25.4132,-23.583,1.972,-39.32,2.242,0.604,-23.301,2.506,0.1936,0.0624,0.032,0.000,0.199,-0.010,49.700
1179,299.485,21.3121,-23.490,1.908,-39.00,2.263,0.604,-23.170,2.420,0.1662,0.0200,0.029,0.000,0.199,-0.016,99.842
1180,299.685,16.4966,-23.395,1.846,-38.64,2.272,0.606,-23.037,2.335,0.1690,0.1086,0.037,0.000,0.198,-0.009,49.571
1181,299.935,20.2211,-23.300,1.784,-38.23,2.274,0.611,-23.037,2.335,0.1715,-0.3260,0.000,0.002,0.197,-0.011,50.047
1182,300.185,22.2860,-23.203,1.722,-37.80,2.266,0.608,-22.904,2.252,0.1480,0.0849,0.034,0.000,0.197,-0.014,100.077
1183,300.485,25.0850,-23.107,1.663,-37.37,2.242,0.608,-22.770,2.170,0.1878,0.1125,0.037,0.000,0.197,0.003,100.156
1184,300.735,21.8198,-23.011,1.604,-36.97,2.245,0.613,-22.636,2.089,0.1828,0.0480,0.031,0.000,0.197,0.012,100.100
1185,301.035,34.8263,-22.914,1.545,-36.60,2.265,0.611,-22.636,2.089,0.1777,-0.0411,0.023,0.000,0.197,0.012,99.991
1186,301.285,36.4349,-22.816,1.487,-36.20,2.274,0.611,-22.500,2.010,0.1532,-0.1380,0.015,0.000,0.197,0.024,99.974
1187,301.535,30.7919,-22.717,1.430,-35.75,2.266,0.614,-22.364,1.932,0.1492,0.0556,0.032,0.000,0.197,0.025,50.039
1188,301.735,22.4221,-22.619,1.373,-35.31,2.251,0.614,-22.364,1.932,0.2005,0.0573,0.032,0.000,0.197,0.012,49.843
1189,301.985,21.6736,-22.521,1.317,-34.93,2.250,0.614,-22.226,1.855,0.1816,0.0470,0.031,0.000,0.197,-0.003,50.364
1190,302.235,39.4979,-22.422,1.261,-34.56,2.269,0.617,-22.088,1.780,0.1788,0.0859,0.035,0.000,0.197,-0.017,100.416
1191,302.535,21.1884,-22.321,1.207,-34.14,2.280,0.619,-22.088,1.780,0.1602,0.0439,0.031,0.000,0.197,-0.020,100.097
1192,302.785,20.8963,-22.220,1.153,-33.68,2.293,0.616,-21.949,1.707,0.1772,-0.3405,0.000,0.003,0.197,-0.010,100.203
1193,303.085,19.4227,-22.118,1.100,-33.23,2.274,0.618,-21.810,1.635,0.1736,0.1952,0.044,0.000,0.197,-0.020,100.353
1194,303.336,16.8766,-22.017,1.048,-32.83,2.243,0.623,-21.810,1.635,0.1904,-0.0590,0.022,0.000,0.197,-0.026,99.883
1195,303.635,21.5840,-21.916,0.997,-32.43,2.255,0.619,-21.670,1.564,0.1618,0.0686,0.033,0.000,0.197,-0.026,100.526
1196,303.885,15.4740,-21.814,0.947,-31.98,2.265,0.618,-21.528,1.495,0.1685,-0.1018,0.018,0.000,0.197,-0.006,100.183
1197,304.136,17.1804,-21.712,0.897,-31.53,2.264,0.622,-21.387,1.428,0.1792,0.0651,0.033,0.000,0.197,0.009,50.159
1198,304.385,31.5890,-21.609,0.848,-31.11,2.247,0.621,-21.387,1.428,0.1749,-0.0806,0.020,0.000,0.197,0.023,100.364
1199,304.685,23.8497,-21.506,0.801,-30.70,2.255,0.619,-21.244,1.361,0.1776,0.2013,0.045,0.000,0.197,0.035,100.096
1200,304.885,34.0888,-21.403,0.754,-30.26,2.258,0.621,-21.101,1.297,0.1960,0.0440,0.031,0.000,0.197,0.036,50.065
1201,305.135,21.9376,-21.298,0.707,-29.81,2.279,0.622,-21.101,1.297,0.1993,-0.0254,0.025,0.000,0.197,0.026,50.222
1202,305.385,23.2696,-21.193,0.662,-29.34,2.296,0.618,-20.957,1.234,0.1932,0.0156,0.028,0.000,0.197,0.003,99.976
1203,305.635,24.6325,-21.086,0.618,-28.85,2.293,0.618,-20.813,1.172,0.1738,0.1014,0.036,0.000,0.196,0.002,50.153
1204,305.885,23.4482,-20.979,0.575,-28.35,2.295,0.620,-20.813,1.172,0.1780,0.0392,0.031,0.000,0.197,-0.001,100.232
1205,306.186,15.1395,-20.872,0.532,-27.88,2.301,0.615,-20.668,1.112,0.1845,0.2264,0.047,0.000,0.197,-0.005,100.212
1206,306.435,25.9455,-20.765,0.489,-27.45,2.307,0.614,-20.522,1.053,0.1722,-0.1747,0.012,0.000,0.197,-0.022,99.847
1207,306.736,18.0995,-20.656,0.447,-27.00,2.329,0.616,-20.376,0.996,0.1871,0.0928,0.036,0.000,0.197,-0.027,100.411
1208,306.985,19.7039,-20.546,0.406,-26.53,2.324,0.615,-20.376,0.996,0.2010,0.0484,0.032,0.000,0.197,-0.047,100.277
1209,307.285,26.6718,-20.437,0.366,-26.07,2.330,0.611,-20.229,0.941,0.1854,0.0219,0.029,0.000,0.197,-0.052,100.120
1210,307.535,19.2304,-20.326,0.327,-25.60,2.328,0.611,-20.081,0.887,0.1728,-0.0136,0.026,0.000,0.197,-0.037,100.327
1211,307.836,22.0540,-20.215,0.289,-25.10,2.330,0.613,-20.081,0.887,0.2055,-0.0651,0.022,0.000,0.197,-0.022,100.112
1212,308.085,19.3973,-20.104,0.251,-24.63,2.329,0.608,-19.933,0.834,0.1828,-0.1343,0.016,0.000,0.198,-0.008,99.832
1213,308.335,29.2671,-19.993,0.215,-24.18,2.314,0.606,-19.784,0.783,0.1747,0.0050,0.028,0.000,0.197,-0.003,50.386
1214,308.535,21.9095,-19.882,0.179,-23.72,2.306,0.607,-19.635,0.734,0.1581,-0.0340,0.024,0.000,0.197,0.006,49.833
1215,308.835,14.6034,-19.772,0.145,-23.25,2.301,0.605,-19.635,0.734,0.1838,-0.0533,0.023,0.000,0.197,0.020,100.054
1216,309.085,22.8710,-19.661,0.110,-22.83,2.290,0.602,-19.486,0.686,0.1965,-0.0910,0.019,0.000,0.198,0.030,100.305
1217,309.336,27.1428,-19.551,0.077,-22.43,2.275,0.603,-19.335,0.640,0.1752,0.1363,0.039,0.000,0.197,0.031,50.045
1218,309.585,18.1779,-19.441,0.045,-22.00,2.281,0.605,-19.335,0.640,0.1879,-0.1758,0.012,0.000,0.197,0.046,100.132
1219,309.885,17.9192,-19.330,0.013,-21.54,2.292,0.600,-19.185,0.596,0.1663,-0.1868,0.010,0.000,0.196,0.045,99.765
1220,310.135,18.5799,-19.219,-0.016,-21.07,2.275,0.599,-19.034,0.553,0.1525,0.0238,0.029,0.000,0.196,0.032,99.962
1221,310.386,23.5354,-19.110,-0.045,-20.63,2.257,0.601,-18.882,0.511,0.1799,0.0574,0.032,0.000,0.196,0.012,50.290
1222,310.635,17.7354,-19.001,-0.074,-20.23,2.250,0.597,-18.882,0.511,0.1562,-0.1505,0.014,0.000,0.197,-0.011,100.471
1223,310.935,30.4599,-18.892,-0.103,-19.86,2.252,0.596,-18.730,0.471,0.1564,-0.1248,0.016,0.000,0.197,-0.028,100.249
1224,311.186,27.2391,-18.782,-0.130,-19.47,2.233,0.599,-18.578,0.433,0.1509,-0.1208,0.016,0.000,0.197,-0.037,100.128
1225,311.435,20.8818,-18.674,-0.157,-19.07,2.213,0.598,-18.578,0.433,0.1701,0.0755,0.033,0.000,0.197,-0.033,49.723
1226,311.635,20.9652,-18.567,-0.184,-18.69,2.202,0.597,-18.425,0.396,0.1720,0.0211,0.028,0.000,0.198,-0.015,49.800
1227,311.935,21.7587,-18.459,-0.209,-18.33,2.207,0.600,-18.272,0.361,0.1829,0.3654,0.059,0.000,0.197,-0.015,100.155
1228,312.186,19.0948,-18.350,-0.232,-17.93,2.225,0.599,-18.272,0.361,0.1766,0.0412,0.031,0.000,0.197,0.011,100.153
1229,312.485,26.1384,-18.240,-0.256,-17.50,2.254,0.596,-18.119,0.328,0.1561,0.1566,0.041,0.000,0.197,0.026,99.971
1230,312.736,14.4863,-18.128,-0.278,-17.04,2.285,0.596,-17.965,0.296,0.1697,-0.0513,0.023,0.000,0.197,0.048,100.947
1231,313.036,18.2274,-18.015,-0.300,-16.61,2.298,0.598,-17.965,0.296,0.1557,-0.1151,0.017,0.000,0.198,0.043,99.859
1232,313.286,24.4457,-17.902,-0.322,-16.20,2.292,0.594,-17.811,0.266,0.1880,0.1220,0.038,0.000,0.198,0.026,100.499
1233,313.586,35.2811,-17.789,-0.342,-15.81,2.280,0.594,-17.656,0.237,0.1713,-0.0283,0.025,0.000,0.198,-0.002,100.020
1234,313.836,20.3685,-17.676,-0.362,-15.40,2.288,0.598,-17.502,0.210,0.1460,-0.0938,0.019,0.000,0.198,-0.025,99.855
1235,314.136,17.6717,-17.563,-0.381,-14.97,2.285,0.594,-17.502,0.210,0.1485,-0.1165,0.017,0.000,0.198,-0.022,99.482
1236,314.386,32.1993,-17.450,-0.400,-14.56,2.268,0.593,-17.347,0.185,0.1497,0.1042,0.036,0.000,0.198,-0.027,100.555
1237,314.686,15.1661,-17.338,-0.418,-14.18,2.256,0.597,-17.191,0.161,0.1699,0.1082,0.037,0.000,0.198,-0.029,100.099
1238,314.935,24.2101,-17.226,-0.435,-13.82,2.270,0.597,-17.191,0.161,0.1818,0.1725,0.042,0.000,0.198,-0.028,99.589
1239,315.185,17.2322,-17.113,-0.452,-13.45,2.295,0.595,-17.036,0.139,0.1779,-0.1102,0.018,0.000,0.198,-0.024,50.370
1240,315.435,23.7281,-16.998,-0.467,-13.02,2.309,0.597,-16.880,0.118,0.1862,0.0409,0.031,0.000,0.198,-0.022,100.242
1241,315.736,26.7004,-16.883,-0.481,-12.57,2.304,0.599,-16.880,0.118,0.1859,-0.0231,0.025,0.000,0.198,-0.009,99.951
1242,315.985,22.3644,-16.768,-0.493,-12.10,2.299,0.594,-16.724,0.099,0.1914,-0.0249,0.025,0.000,0.197,0.008,100.056
1243,316.235,35.2437,-16.652,-0.504,-11.62,2.300,0.592,-16.568,0.082,0.1841,-0.0920,0.019,0.000,0.197,0.040,50.142
1244,316.485,20.5436,-16.537,-0.514,-11.13,2.296,0.594,-16.412,0.067,0.1789,0.0898,0.035,0.000,0.197,0.045,99.858
1245,316.785,25.1310,-16.422,-0.523,-10.65,2.288,0.589,-16.412,0.067,0.1382,-0.0116,0.026,0.000,0.197,0.035,100.074
1246,317.035,19.0175,-16.307,-0.531,-10.19,2.298,0.586,-16.255,0.053,0.1803,0.0883,0.035,0.000,0.197,0.038,99.835
1247,317.286,15.5788,-16.192,-0.540,-9.78,2.299,0.588,-16.099,0.040,0.1854,0.2093,0.046,0.000,0.198,0.018,50.195
1248,317.485,27.2942,-16.076,-0.548,-9.39,2.314,0.589,-16.099,0.040,0.1579,0.0968,0.036,0.000,0.198,0.005,50.413
1249,317.785,22.5955,-15.960,-0.555,-8.96,2.345,0.585,-15.942,0.030,0.1596,0.0560,0.033,0.000,0.197,0.004,100.252
1250,318.035,15.5113,-15.842,-0.562,-8.52,2.363,0.585,-15.785,0.021,0.1615,0.1555,0.042,0.000,0.197,0.013,100.186
1251,318.286,27.5836,-15.723,-0.568,-8.09,2.377,0.589,-15.628,0.013,0.1725,-0.0513,0.023,0.000,0.198,-0.010,50.077
1252,318.486,29.0811,-15.604,-0.573,-7.68,2.383,0.586,-15.628,0.013,0.1360,0.1531,0.041,0.000,0.198,-0.026,49.941
1253,318.785,16.7949,-15.485,-0.576,-7.25,2.387,0.584,-15.471,0.007,0.1606,-0.0301,0.025,0.000,0.198,-0.031,100.317
1254,319.036,37.5619,-15.365,-0.580,-6.83,2.394,0.585,-15.314,0.003,0.1557,0.1187,0.039,0.000,0.198,-0.033,100.073
1255,319.335,21.1162,-15.244,-0.583,-6.43,2.394,0.590,-15.157,0.001,0.1827,-0.0746,0.022,0.000,0.198,-0.045,100.562
1256,319.585,24.4711,-15.124,-0.584,-6.03,2.405,0.586,-15.157,0.001,0.1649,0.0276,0.031,0.000,0.198,-0.034,100.049
1257,319.886,41.6118,-15.003,-0.585,-5.61,2.401,0.585,-15.000,0.000,0.1692,-0.0746,0.021,0.000,0.198,-0.031,100.417
1258,320.086,30.3374,-14.883,-0.585,-5.16,2.401,0.585,-14.900,0.000,0.1342,0.2772,0.053,0.000,0.197,-0.020,49.838
1259,320.335,35.3361,-14.762,-0.583,-4.71,2.408,0.584,-14.800,0.000,0.1230,0.1498,0.042,0.000,0.197,-0.021,50.320
1260,320.585,20.8340,-14.641,-0.581,-4.28,2.438,0.583,-14.600,0.000,0.1087,0.1590,0.043,0.000,0.198,-0.017,99.946
1261,320.886,15.2337,-14.519,-0.580,-3.92,2.459,0.581,-14.500,0.000,0.1526,-0.0478,0.025,0.000,0.198,-0.014,100.039
1262,321.085,14.3925,-14.395,-0.580,-3.61,2.464,0.580,-14.400,0.000,0.1436,0.0652,0.034,0.000,0.199,-0.026,50.069
1263,321.335,22.4571,-14.272,-0.579,-3.31,2.453,0.579,-14.300,0.000,0.1596,-0.0500,0.024,0.000,0.199,-0.034,50.404
1264,321.586,36.4394,-14.148,-0.576,-2.97,2.455,0.578,-14.100,0.000,0.1202,0.1483,0.042,0.000,0.198,-0.033,100.129
1265,321.836,19.5661,-14.025,-0.572,-2.58,2.463,0.573,-14.000,0.000,0.1494,-0.0014,0.029,0.000,0.198,-0.020,50.311
1266,322.035,20.2865,-13.900,-0.568,-2.21,2.476,0.568,-13.900,0.000,0.1471,-0.0481,0.025,0.000,0.198,-0.015,50.217
1267,322.286,26.0062,-13.776,-0.562,-1.86,2.478,0.563,-13.800,0.000,0.1308,0.0131,0.030,0.000,0.198,-0.017,50.255
1268,322.535,20.9841,-13.652,-0.556,-1.50,2.473,0.558,-13.700,0.000,0.1446,0.0096,0.030,0.000,0.198,-0.008,99.740
1269,322.836,26.7226,-13.528,-0.548,-1.13,2.478,0.549,-13.500,0.000,0.0924,-0.1599,0.015,0.000,0.198,-0.010,99.764
1270,323.085,18.0975,-13.404,-0.540,-0.74,2.479,0.540,-13.400,0.000,0.1227,0.0318,0.031,0.000,0.198,-0.009,99.428
1271,323.385,21.9127,-13.281,-0.532,-0.39,2.462,0.532,-13.300,0.000,0.1031,0.1183,0.039,0.000,0.198,-0.008,100.081
1272,323.635,31.4321,-13.158,-0.524,-0.07,2.466,0.525,-13.200,0.000,0.0968,0.0439,0.033,0.000,0.198,-0.015,100.108
1273,323.936,22.6068,-13.034,-0.515,0.23,2.481,0.516,-13.000,0.000,0.0957,0.0950,0.037,0.000,0.198,-0.011,100.014
1274,324.186,16.0293,-12.911,-0.507,0.51,2.487,0.507,-12.900,0.000,0.0790,-0.1578,0.015,0.000,0.198,-0.014,99.602
1275,324.486,41.5122,-12.786,-0.499,0.78,2.488,0.499,-12.800,0.000,0.1160,-0.1612,0.015,0.000,0.198,-0.015,100.052
1276,324.735,21.5427,-12.663,-0.490,1.02,2.459,0.492,-12.700,0.000,0.0649,0.3363,0.058,0.000,0.199,-0.021,100.618
1277,325.036,18.6340,-12.540,-0.481,1.26,2.447,0.483,-12.500,0.000,0.0619,0.0845,0.037,0.000,0.199,-0.014,100.269
1278,325.286,19.8326,-12.417,-0.473,1.47,2.476,0.473,-12.400,0.000,0.0773,0.1992,0.047,0.000,0.199,-0.009,100.191
1279,325.536,18.7200,-12.292,-0.465,1.65,2.499,0.465,-12.300,0.000,0.0858,0.1454,0.042,0.000,0.199,-0.009,50.740
1280,325.786,19.9840,-12.167,-0.456,1.83,2.523,0.457,-12.200,0.000,0.0597,-0.0929,0.021,0.000,0.199,-0.007,99.863
1281,326.035,20.5839,-12.040,-0.446,2.04,2.537,0.447,-12.000,0.000,0.0598,-0.2020,0.012,0.000,0.199,0.010,49.672
1282,326.285,29.0911,-11.913,-0.436,2.25,2.520,0.436,-11.900,0.000,0.0675,-0.0254,0.027,0.000,0.200,0.012,100.128
1283,326.585,22.6114,-11.788,-0.426,2.42,2.494,0.426,-11.800,0.000,0.0599,0.1409,0.042,0.000,0.200,0.006,100.520
1284,326.836,14.3543,-11.664,-0.415,2.58,2.494,0.417,-11.700,0.000,0.0279,0.1211,0.040,0.000,0.199,0.011,100.216
1285,327.135,19.1942,-11.539,-0.405,2.75,2.518,0.407,-11.500,0.000,0.0435,-0.1545,0.016,0.000,0.199,0.019,100.753
1286,327.385,21.5395,-11.413,-0.395,2.90,2.530,0.395,-11.400,0.000,0.0537,-0.0856,0.022,0.000,0.200,0.015,99.933
1287,327.686,17.2336,-11.287,-0.385,3.01,2.511,0.385,-11.300,0.000,0.0687,0.0728,0.036,0.000,0.200,0.002,100.393
1288,327.935,15.7751,-11.162,-0.374,3.13,2.501,0.376,-11.200,0.000,0.0426,-0.1345,0.017,0.000,0.199,-0.005,100.122
1289,328.235,29.0236,-11.038,-0.363,3.28,2.510,0.365,-11.000,0.000,0.0334,-0.0888,0.021,0.000,0.199,0.001,100.252
1290,328.486,30.1451,-10.913,-0.352,3.44,2.497,0.352,-10.900,0.000,0.0365,-0.0376,0.026,0.000,0.199,0.004,100.113
1291,328.785,34.4348,-10.789,-0.341,3.56,2.479,0.341,-10.800,0.000,-0.0003,0.0994,0.038,0.000,0.199,0.001,100.211
1292,329.036,24.6807,-10.666,-0.331,3.64,2.478,0.332,-10.700,0.000,0.0191,0.0954,0.038,0.000,0.199,0.003,100.208
1293,329.335,18.1603,-10.542,-0.321,3.70,2.492,0.324,-10.500,0.000,0.0113,0.0257,0.031,0.000,0.199,0.008,99.923
1294,329.586,17.9041,-10.418,-0.311,3.75,2.505,0.312,-10.400,0.000,0.0225,-0.1493,0.016,0.000,0.200,0.008,100.168
1295,329.885,18.0671,-10.293,-0.302,3.79,2.501,0.302,-10.300,0.000,0.0110,0.0725,0.035,0.000,0.200,0.005,99.741
1296,330.136,20.2061,-10.169,-0.292,3.84,2.489,0.294,-10.200,0.000,0.0225,0.0905,0.037,0.000,0.200,0.001,100.086
1297,330.435,22.5090,-10.046,-0.283,3.89,2.496,0.286,-10.000,0.000,-0.0039,-0.0099,0.028,0.000,0.200,-0.000,99.939
1298,330.685,15.9165,-9.921,-0.273,3.93,2.508,0.274,-9.900,0.000,0.0016,0.0326,0.032,0.000,0.200,0.003,100.127
1299,330.985,23.2882,-9.796,-0.264,3.96,2.504,0.264,-9.800,0.000,-0.0019,-0.0268,0.027,0.000,0.200,0.007,100.026
1300,331.236,31.9418,-9.671,-0.255,3.96,2.503,0.256,-9.700,0.000,0.0140,-0.0575,0.024,0.000,0.200,0.010,100.268
1301,331.535,14.7134,-9.547,-0.246,3.96,2.499,0.250,-9.500,0.000,0.0012,-0.1117,0.019,0.000,0.200,0.004,100.015
1302,331.735,27.5295,-9.422,-0.237,3.97,2.492,0.238,-9.400,0.000,0.0114,0.0112,0.030,0.000,0.200,0.006,50.202
1303,332.035,24.4666,-9.299,-0.227,4.00,2.479,0.227,-9.300,0.000,-0.0376,-0.1506,0.016,0.000,0.200,0.007,100.209
1304,332.285,20.9582,-9.175,-0.218,4.02,2.472,0.220,-9.200,0.000,-0.0034,0.0723,0.035,0.000,0.200,0.017,100.053
1305,332.585,19.0595,-9.052,-0.210,4.02,2.455,0.215,-9.100,0.000,0.0069,0.0301,0.032,0.000,0.200,0.012,100.341
1306,332.785,18.3446,-8.929,-0.202,3.98,2.460,0.204,-8.900,0.000,0.0304,0.1155,0.039,0.000,0.200,0.018,49.713
1307,333.085,24.7161,-8.806,-0.193,3.98,2.473,0.193,-8.800,0.000,0.0122,0.0023,0.029,0.000,0.199,0.012,100.094
1308,333.286,18.0267,-8.682,-0.183,4.01,2.489,0.184,-8.700,0.000,-0.0204,0.0093,0.030,0.000,0.199,0.017,50.404
1309,333.535,28.9162,-8.557,-0.173,4.07,2.494,0.179,-8.600,0.000,-0.0142,0.0883,0.037,0.000,0.200,0.022,50.131
1310,333.785,24.9305,-8.432,-0.165,4.08,2.490,0.168,-8.400,0.000,0.0027,0.0876,0.037,0.000,0.200,0.018,100.029
1311,334.086,21.1996,-8.308,-0.156,4.04,2.493,0.157,-8.300,0.000,-0.0036,-0.0871,0.022,0.000,0.200,0.011,100.100
1312,334.335,33.8242,-8.183,-0.148,4.00,2.508,0.149,-8.200,0.000,-0.0054,-0.0485,0.025,0.000,0.200,0.010,100.084
1313,334.635,19.1605,-8.057,-0.139,4.01,2.500,0.145,-8.100,0.000,-0.0435,0.0743,0.036,0.000,0.200,0.006,100.050
1314,334.885,24.3160,-7.933,-0.131,4.01,2.493,0.135,-7.900,0.000,-0.0175,0.0620,0.035,0.000,0.200,0.008,100.109
1315,335.186,25.1705,-7.808,-0.123,3.99,2.499,0.123,-7.800,0.000,-0.0327,-0.2189,0.010,0.000,0.200,0.005,99.946
1316,335.385,19.4985,-7.682,-0.115,3.93,2.500,0.117,-7.700,0.000,-0.0418,-0.1067,0.020,0.000,0.200,0.006,49.907
1317,335.686,26.7527,-7.558,-0.109,3.87,2.471,0.116,-7.600,0.000,-0.0059,0.0453,0.033,0.000,0.200,0.002,100.214
1318,335.935,35.5859,-7.435,-0.103,3.78,2.457,0.108,-7.400,0.000,-0.0644,0.1227,0.040,0.000,0.200,-0.013,100.308
1319,336.235,22.0872,-7.312,-0.096,3.71,2.472,0.097,-7.300,0.000,-0.0398,0.0370,0.032,0.000,0.200,-0.009,100.591
1320,336.486,35.0626,-7.187,-0.090,3.65,2.491,0.091,-7.200,0.000,-0.0415,-0.0652,0.023,0.000,0.200,0.000,99.866
1321,336.736,29.3309,-7.063,-0.085,3.57,2.487,0.093,-7.100,0.000,-0.0134,0.0154,0.031,0.000,0.200,0.001,49.838
1322,336.935,17.0815,-6.938,-0.080,3.45,2.480,0.088,-6.900,0.000,0.0119,0.0323,0.032,0.000,0.200,-0.012,50.358
1323,337.236,33.2624,-6.814,-0.074,3.35,2.488,0.075,-6.800,0.000,-0.0385,-0.0168,0.028,0.000,0.200,-0.023,99.875
1324,337.435,20.0564,-6.690,-0.067,3.32,2.500,0.068,-6.700,0.000,0.0120,-0.0696,0.023,0.000,0.200,-0.003,50.305
1325,337.685,21.8156,-6.565,-0.061,3.32,2.498,0.070,-6.600,0.000,-0.0380,-0.1277,0.018,0.000,0.200,-0.005,49.804
1326,337.935,17.4581,-6.440,-0.054,3.30,2.479,0.067,-6.400,0.000,-0.0083,0.0078,0.030,0.000,0.200,-0.009,100.452
1327,338.235,17.6399,-6.317,-0.048,3.26,2.466,0.050,-6.300,0.000,-0.0403,-0.1019,0.020,0.000,0.200,0.002,100.022
1328,338.485,16.1568,-6.193,-0.041,3.21,2.464,0.042,-6.200,0.000,-0.0307,-0.0210,0.027,0.000,0.200,0.001,100.218
1329,338.736,25.9934,-6.070,-0.036,3.17,2.455,0.046,-6.100,0.000,-0.0094,-0.0154,0.027,0.000,0.200,0.014,50.180
1330,338.985,19.1215,-5.948,-0.031,3.11,2.451,0.057,-5.900,0.000,-0.0232,-0.0058,0.028,0.000,0.200,0.006,99.718
1331,339.285,18.9139,-5.825,-0.025,3.05,2.453,0.036,-5.800,0.000,-0.0332,0.0013,0.029,0.000,0.200,0.002,100.005
1332,339.536,21.1757,-5.703,-0.020,3.00,2.455,0.020,-5.700,0.000,-0.0331,0.0760,0.036,0.000,0.200,0.016,100.785
1333,339.835,26.1333,-5.580,-0.015,2.95,2.458,0.025,-5.600,0.000,-0.0403,0.1288,0.040,0.000,0.200,0.018,100.840
1334,340.085,17.3584,-5.457,-0.011,2.86,2.466,0.044,-5.500,0.000,-0.0160,0.0688,0.035,0.000,0.200,0.021,100.274
1335,340.335,25.7731,-5.333,-0.007,2.75,2.482,0.034,-5.300,0.000,-0.0298,0.0605,0.034,0.000,0.201,0.021,50.385
1336,340.585,19.0796,-5.209,-0.003,2.66,2.501,0.010,-5.200,0.000,-0.0108,0.1435,0.042,0.000,0.200,0.020,99.873
1337,340.886,26.2678,-5.084,0.001,2.60,2.513,0.016,-5.100,0.000,-0.0462,-0.1909,0.012,0.000,0.200,0.018,100.171
