step,t,solve_ms,mx,my,myaw_deg,v,min_dist,ref_x,ref_y,steer_rad,accel_cmd,throttle,brake,z,vz,step_ms
0,0.334,283.8736,-0.003,-0.001,0.02,0.000,0.003,0.000,0.000,-0.0061,0.3440,0.031,0.000,0.198,0.000,0.000
1,0.586,4.3443,-0.004,-0.001,0.03,0.000,0.004,0.000,0.000,-0.0054,0.6999,0.063,0.000,0.198,-0.001,100.049
2,0.784,2.8513,-0.007,-0.001,0.03,0.000,0.007,0.000,0.000,0.0054,0.9678,0.087,0.000,0.199,0.009,50.140
3,1.085,3.2686,-0.008,-0.001,0.02,0.000,0.008,0.000,0.000,0.0018,1.2134,0.110,0.000,0.200,0.026,100.100
4,1.286,2.1875,-0.001,-0.001,0.02,0.209,0.001,0.000,0.000,0.0020,1.4265,0.131,0.000,0.201,0.040,50.347
5,1.584,6.1841,0.013,-0.001,0.02,0.347,0.013,0.000,0.000,0.0047,1.6094,0.149,0.000,0.203,0.060,100.075
6,1.786,2.3455,0.034,-0.001,0.03,0.500,0.034,0.000,0.000,0.0085,1.7040,0.159,0.000,0.207,0.068,50.573
7,2.086,2.4853,0.063,-0.000,0.03,0.662,0.037,0.100,0.000,-0.0081,1.8096,0.171,0.000,0.208,0.010,100.138
8,2.286,3.1129,0.100,-0.000,0.03,0.822,0.000,0.100,0.000,-0.0168,1.8672,0.178,0.000,0.209,0.024,49.508
9,2.536,6.4878,0.145,-0.000,0.03,0.967,0.045,0.100,0.000,-0.0168,1.8246,0.176,0.000,0.210,0.019,50.349
10,2.735,2.2639,0.197,-0.000,0.03,1.117,0.003,0.200,0.000,-0.0214,1.8138,0.178,0.000,0.211,0.001,49.824
11,2.985,3.1168,0.257,-0.001,0.01,1.274,0.043,0.300,0.000,-0.0131,1.7860,0.178,0.000,0.211,-0.018,49.963
12,3.236,2.0574,0.324,-0.002,-0.03,1.409,0.024,0.300,0.000,-0.0219,1.7017,0.172,0.000,0.211,-0.017,100.328
13,3.486,2.4429,0.398,-0.002,-0.06,1.553,0.003,0.400,0.000,-0.0248,1.6541,0.170,0.000,0.210,-0.014,50.167
14,3.685,3.2394,0.479,-0.003,-0.08,1.683,0.021,0.500,0.000,-0.0176,1.5752,0.165,0.000,0.210,-0.030,49.890
15,3.934,2.8625,0.567,-0.004,-0.12,1.811,0.033,0.600,0.000,-0.0298,1.4628,0.157,0.000,0.209,0.009,50.102
16,4.135,2.2658,0.661,-0.006,-0.17,1.948,0.039,0.700,0.000,-0.0306,1.3433,0.149,0.000,0.208,-0.003,50.256
17,4.386,3.1519,0.761,-0.007,-0.22,2.075,0.039,0.800,0.000,-0.0211,1.1906,0.137,0.000,0.208,-0.016,50.186
18,4.584,3.8205,0.868,-0.010,-0.28,2.183,0.034,0.900,0.000,-0.0183,1.0297,0.124,0.000,0.208,-0.027,50.101
19,4.835,2.6162,0.980,-0.012,-0.35,2.297,0.024,1.000,0.000,-0.0062,0.9265,0.116,0.000,0.207,-0.031,49.991
20,5.034,2.9331,1.097,-0.014,-0.41,2.403,0.014,1.100,0.000,0.0018,0.8101,0.107,0.000,0.206,-0.017,50.101
21,5.284,2.5235,1.220,-0.015,-0.44,2.506,0.025,1.200,0.000,0.0203,0.6634,0.095,0.000,0.206,-0.017,50.086
22,5.486,2.5704,1.348,-0.016,-0.45,2.601,0.051,1.300,0.000,0.0240,0.5665,0.087,0.000,0.205,-0.022,50.309
23,5.785,2.2826,1.480,-0.017,-0.43,2.691,0.026,1.500,0.000,0.0341,0.4560,0.078,0.000,0.204,-0.037,100.292
24,5.984,2.2948,1.616,-0.016,-0.38,2.767,0.023,1.600,0.000,0.0341,0.3489,0.069,0.000,0.203,-0.049,50.523
25,6.234,2.8727,1.756,-0.015,-0.30,2.824,0.046,1.800,0.000,0.0392,0.2270,0.059,0.000,0.203,-0.051,50.354
26,6.435,2.2713,1.899,-0.012,-0.19,2.868,0.012,1.900,0.000,0.0229,0.1584,0.053,0.000,0.202,-0.035,50.240
27,6.686,2.6061,2.043,-0.009,-0.07,2.907,0.044,2.000,0.000,0.0216,0.0322,0.042,0.000,0.201,-0.009,50.330
28,6.936,4.1669,2.189,-0.007,0.04,2.920,0.013,2.200,0.000,0.0111,-0.0293,0.036,0.000,0.201,0.004,100.147
29,7.185,7.1549,2.335,-0.005,0.11,2.919,0.035,2.300,0.000,0.0197,-0.1335,0.027,0.000,0.201,0.012,50.208
30,7.384,6.0216,2.481,-0.002,0.16,2.922,0.019,2.500,0.000,0.0201,-0.2056,0.021,0.000,0.200,0.004,50.276
31,7.634,4.4993,2.627,-0.000,0.20,2.913,0.027,2.600,0.000,0.0238,-0.2626,0.015,0.000,0.200,-0.020,50.661
32,7.834,6.6232,2.772,0.002,0.27,2.899,0.028,2.800,0.000,0.0127,-0.2745,0.014,0.000,0.199,-0.033,50.273
33,8.085,3.1302,2.917,0.005,0.35,2.876,0.017,2.900,0.000,-0.0052,-0.3444,0.007,0.000,0.198,-0.026,50.131
34,8.285,8.9857,3.060,0.007,0.41,2.846,0.041,3.100,0.000,-0.0050,-0.3818,0.004,0.000,0.198,-0.003,50.209
35,8.534,9.1844,3.201,0.009,0.43,2.804,0.009,3.200,0.000,-0.0037,-0.3791,0.003,0.000,0.198,0.004,50.331
36,8.736,9.0321,3.340,0.010,0.41,2.757,0.041,3.300,0.000,0.0047,-0.3465,0.006,0.000,0.198,0.011,50.099
37,8.985,9.0727,3.476,0.011,0.38,2.713,0.026,3.500,0.000,0.0024,-0.3482,0.005,0.000,0.198,0.027,49.972
38,9.185,9.2582,3.612,0.012,0.38,2.679,0.017,3.600,0.000,-0.0056,-0.2868,0.010,0.000,0.198,0.033,50.099
39,9.485,9.5021,3.745,0.013,0.40,2.643,0.047,3.700,0.000,-0.0099,-0.3007,0.009,0.000,0.198,0.032,100.000
40,9.685,10.3637,3.877,0.014,0.40,2.608,0.027,3.900,0.000,-0.0090,-0.2611,0.012,0.000,0.198,0.026,50.321
41,9.936,9.0034,4.007,0.014,0.38,2.577,0.016,4.000,0.000,-0.0122,-0.1657,0.020,0.000,0.198,0.016,50.280
42,10.134,9.5952,4.135,0.015,0.34,2.555,0.038,4.100,0.000,-0.0119,-0.1339,0.022,0.000,0.198,0.011,50.151
43,10.385,10.4699,4.263,0.015,0.31,2.543,0.040,4.300,0.000,-0.0171,-0.1647,0.020,0.000,0.199,0.009,50.165
44,10.586,10.5535,4.390,0.015,0.28,2.534,0.018,4.400,0.000,-0.0211,-0.1756,0.018,0.000,0.199,0.008,49.868
45,10.835,9.9208,4.517,0.014,0.24,2.518,0.022,4.500,0.000,-0.0257,-0.1278,0.022,0.000,0.199,0.007,50.039
46,11.035,9.3639,4.642,0.014,0.19,2.500,0.044,4.600,0.000,-0.0142,-0.0876,0.026,0.000,0.200,0.007,50.016
47,11.285,9.6198,4.767,0.012,0.12,2.491,0.035,4.800,0.000,-0.0100,-0.0329,0.031,0.000,0.200,0.005,50.361
48,11.485,9.4079,4.892,0.011,0.06,2.492,0.014,4.900,0.000,-0.0091,-0.0302,0.031,0.000,0.200,0.006,50.273
49,11.736,9.1336,5.017,0.011,0.03,2.499,0.020,5.000,0.000,-0.0134,-0.0551,0.029,0.000,0.200,0.012,50.139
50,11.985,12.5623,5.142,0.010,0.00,2.503,0.043,5.100,0.000,-0.0339,-0.0815,0.026,0.000,0.200,0.020,100.254
51,12.286,11.3301,5.268,0.009,-0.02,2.498,0.034,5.300,0.000,-0.0537,-0.1977,0.016,0.000,0.200,0.025,100.191
52,12.486,11.2192,5.393,0.008,-0.08,2.484,0.011,5.400,0.000,-0.0991,-0.2647,0.010,0.000,0.200,0.027,50.132
53,12.784,11.9036,5.516,0.005,-0.16,2.456,0.017,5.500,0.000,-0.1268,-0.3389,0.003,0.000,0.201,0.026,100.084
54,13.034,11.6642,5.639,0.002,-0.27,2.418,0.039,5.600,0.000,-0.1391,-0.3333,0.003,0.000,0.201,0.023,99.854
55,13.334,10.9762,5.759,-0.003,-0.42,2.375,0.041,5.800,0.000,-0.1757,-0.2850,0.007,0.000,0.201,0.029,100.147
56,13.586,11.4901,5.876,-0.009,-0.62,2.326,0.025,5.900,0.000,-0.1909,-0.3270,0.002,0.000,0.200,0.024,100.200
57,13.885,11.4023,5.992,-0.017,-0.85,2.276,0.019,6.000,0.000,-0.2136,-0.3050,0.004,0.000,0.200,0.016,99.942
58,14.136,11.9733,6.105,-0.027,-1.14,2.238,0.027,6.100,0.000,-0.2127,-0.2784,0.006,0.000,0.200,0.007,100.126
59,14.384,11.6222,6.215,-0.038,-1.46,2.192,0.041,6.200,0.000,-0.2162,-0.1797,0.014,0.000,0.199,0.001,49.784
60,14.584,10.7260,6.323,-0.051,-1.83,2.154,0.056,6.300,0.000,-0.2077,-0.1338,0.018,0.000,0.199,0.003,50.253
61,14.884,13.7066,6.430,-0.066,-2.23,2.116,0.072,6.400,0.000,-0.1952,-0.0863,0.022,0.000,0.199,-0.003,100.541
62,15.135,12.4386,6.535,-0.082,-2.67,2.106,0.089,6.500,0.000,-0.1706,-0.0037,0.030,0.000,0.199,0.016,100.351
63,15.436,10.1796,6.639,-0.100,-3.14,2.097,0.107,6.600,0.000,-0.1578,0.0609,0.035,0.000,0.199,-0.011,100.548
64,15.636,11.9251,6.743,-0.117,-3.60,2.116,0.125,6.700,0.000,-0.1331,0.1693,0.045,0.000,0.199,-0.012,50.134
65,15.886,11.3991,6.849,-0.135,-4.02,2.140,0.144,6.800,0.000,-0.1246,0.1678,0.045,0.000,0.199,-0.027,49.663
66,16.085,11.6819,6.956,-0.153,-4.37,2.180,0.159,7.000,0.000,-0.0945,0.2376,0.051,0.000,0.200,-0.003,49.857
67,16.384,9.3982,7.065,-0.170,-4.68,2.217,0.173,7.100,0.000,-0.0671,0.2314,0.051,0.000,0.200,0.013,99.980
68,16.635,9.4640,7.176,-0.186,-4.97,2.254,0.188,7.200,0.000,-0.0357,0.2195,0.050,0.000,0.200,0.019,100.656
69,16.884,12.9992,7.290,-0.202,-5.20,2.306,0.202,7.300,0.000,-0.0165,0.2186,0.051,0.000,0.200,0.018,50.036
70,17.135,11.4259,7.405,-0.217,-5.37,2.355,0.217,7.400,0.000,0.0041,0.2262,0.052,0.000,0.200,0.019,100.136
71,17.436,9.7472,7.523,-0.230,-5.47,2.402,0.232,7.500,0.000,0.0234,0.1897,0.049,0.000,0.200,0.012,100.165
72,17.634,10.6448,7.643,-0.243,-5.52,2.440,0.247,7.600,0.000,0.0407,0.1284,0.043,0.000,0.200,-0.005,49.641
73,17.884,11.6922,7.766,-0.254,-5.50,2.472,0.256,7.800,0.000,0.0514,0.0987,0.041,0.000,0.200,-0.013,50.513
74,18.134,12.1944,7.889,-0.264,-5.44,2.499,0.264,7.900,0.000,0.0611,0.1106,0.042,0.000,0.200,-0.016,99.971
75,18.385,11.8707,8.014,-0.273,-5.34,2.520,0.273,8.000,0.000,0.0827,0.0718,0.039,0.000,0.200,-0.025,50.366
76,18.584,12.9606,8.141,-0.281,-5.22,2.539,0.284,8.100,0.000,0.0881,0.0448,0.036,0.000,0.200,-0.033,50.324
77,18.836,11.6010,8.268,-0.288,-5.07,2.558,0.290,8.300,0.000,0.1076,0.0142,0.034,0.000,0.200,-0.037,50.348
78,19.084,9.6610,8.396,-0.294,-4.88,2.573,0.294,8.400,0.000,0.1165,-0.0220,0.031,0.000,0.199,-0.039,99.967
79,19.385,10.7402,8.524,-0.298,-4.65,2.583,0.299,8.500,0.000,0.1328,-0.0665,0.027,0.000,0.199,-0.036,100.322
80,19.585,11.1257,8.653,-0.301,-4.39,2.587,0.305,8.700,0.000,0.1363,-0.0775,0.026,0.000,0.198,-0.031,50.306
81,19.884,11.8613,8.782,-0.303,-4.10,2.584,0.303,8.800,0.000,0.1471,-0.1005,0.023,0.000,0.198,-0.028,100.328
82,20.134,11.4012,8.911,-0.303,-3.78,2.577,0.303,8.900,0.000,0.1300,-0.0775,0.025,0.000,0.197,-0.023,100.226
83,20.385,10.8912,9.039,-0.301,-3.43,2.569,0.304,9.000,0.000,0.1283,-0.1225,0.021,0.000,0.197,-0.016,49.820
84,20.635,12.2021,9.167,-0.298,-3.06,2.560,0.300,9.200,0.000,0.1293,-0.1134,0.022,0.000,0.197,-0.001,99.872
85,20.885,12.1994,9.295,-0.295,-2.69,2.545,0.295,9.300,0.000,0.1282,-0.1635,0.017,0.000,0.197,0.010,50.207
86,21.136,11.5400,9.422,-0.291,-2.33,2.528,0.291,9.400,0.000,0.1184,-0.1339,0.020,0.000,0.197,0.016,99.937
87,21.436,10.9043,9.548,-0.286,-1.98,2.506,0.289,9.500,0.000,0.0858,-0.1304,0.020,0.000,0.197,0.021,100.032
88,21.635,10.0267,9.673,-0.280,-1.64,2.491,0.282,9.700,0.000,0.0533,-0.0978,0.023,0.000,0.197,0.027,49.545
89,21.884,10.6292,9.797,-0.276,-1.34,2.479,0.276,9.800,0.000,0.0383,-0.0708,0.025,0.000,0.198,0.031,50.130
90,22.085,9.7812,9.921,-0.273,-1.11,2.465,0.274,9.900,0.000,0.0225,-0.0791,0.024,0.000,0.198,0.027,50.504
91,22.385,10.0791,10.044,-0.271,-0.96,2.451,0.274,10.000,0.000,0.0177,-0.0873,0.023,0.000,0.199,0.028,100.425
92,22.634,12.1441,10.166,-0.270,-0.86,2.432,0.273,10.200,0.000,0.0166,-0.1274,0.020,0.000,0.199,0.026,100.227
93,22.934,11.9239,10.288,-0.271,-0.81,2.422,0.271,10.300,0.000,0.0333,-0.1352,0.019,0.000,0.199,0.017,100.055
94,23.184,9.9219,10.409,-0.271,-0.76,2.416,0.271,10.400,0.000,0.0473,-0.1631,0.016,0.000,0.199,0.003,100.005
95,23.486,9.9925,10.529,-0.271,-0.71,2.404,0.272,10.500,0.000,0.0490,-0.2313,0.010,0.000,0.199,-0.005,100.306
96,23.684,10.9312,10.649,-0.270,-0.62,2.386,0.274,10.600,0.000,0.0668,-0.2642,0.007,0.000,0.198,-0.011,50.624
97,23.985,11.5294,10.767,-0.268,-0.51,2.360,0.270,10.800,0.000,0.1084,-0.2723,0.006,0.000,0.198,-0.026,100.122
98,24.186,11.4078,10.884,-0.265,-0.37,2.326,0.266,10.900,0.000,0.1405,-0.3229,0.001,0.000,0.198,-0.032,50.131
99,24.435,11.7376,10.999,-0.261,-0.21,2.293,0.261,11.000,0.000,0.1931,-0.3399,0.000,0.001,0.198,-0.036,49.672
100,24.635,10.0233,11.113,-0.256,-0.02,2.244,0.256,11.100,0.000,0.2183,-0.3270,0.000,0.000,0.197,-0.030,49.961
101,24.884,11.7749,11.224,-0.249,0.21,2.199,0.250,11.200,0.000,0.2487,-0.2854,0.003,0.000,0.197,-0.009,50.556
102,25.135,12.3564,11.333,-0.240,0.49,2.165,0.243,11.300,0.000,0.2694,-0.2291,0.007,0.000,0.196,-0.008,99.875
103,25.434,11.8690,11.441,-0.230,0.82,2.135,0.234,11.400,0.000,0.2912,-0.1797,0.012,0.000,0.196,0.003,100.526
104,25.684,9.9964,11.546,-0.218,1.20,2.107,0.223,11.500,0.000,0.2907,-0.1163,0.017,0.000,0.195,0.003,100.023
105,25.934,10.3677,11.651,-0.204,1.62,2.087,0.210,11.700,0.000,0.2961,-0.0285,0.025,0.000,0.195,-0.001,50.276
106,26.136,12.1999,11.754,-0.188,2.09,2.059,0.193,11.800,0.000,0.2959,0.0622,0.033,0.000,0.195,-0.001,50.545
107,26.385,10.0687,11.857,-0.170,2.60,2.071,0.175,11.900,0.000,0.2923,0.1073,0.037,0.000,0.195,-0.013,49.554
108,26.635,11.8114,11.960,-0.149,3.15,2.086,0.155,12.000,0.000,0.2842,0.1763,0.043,0.000,0.195,-0.001,100.132
109,26.884,10.5536,12.063,-0.127,3.75,2.111,0.132,12.100,0.000,0.2821,0.1777,0.043,0.000,0.195,0.011,50.815
110,27.134,12.2660,12.167,-0.102,4.38,2.127,0.107,12.200,0.000,0.2878,0.1992,0.045,0.000,0.195,0.002,99.948
111,27.385,10.2164,12.273,-0.075,5.05,2.157,0.080,12.300,0.000,0.3082,0.1790,0.044,0.000,0.196,0.007,50.173
112,27.586,13.8596,12.379,-0.046,5.75,2.188,0.051,12.400,0.000,0.3296,0.1753,0.044,0.000,0.196,0.016,50.023
113,27.885,9.7378,12.486,-0.015,6.47,2.209,0.020,12.500,0.000,0.3682,0.1659,0.043,0.000,0.196,0.024,99.652
114,28.085,9.9584,12.594,0.019,7.24,2.222,0.020,12.600,0.000,0.3869,0.2208,0.048,0.000,0.196,0.025,50.151
115,28.386,10.0986,12.703,0.056,8.05,2.251,0.056,12.700,0.000,0.4295,0.2012,0.047,0.000,0.196,0.015,99.970
116,28.635,9.9126,12.812,0.096,8.90,2.286,0.097,12.800,0.000,0.4665,0.2231,0.049,0.000,0.196,0.020,99.564
117,28.884,11.4434,12.921,0.139,9.81,2.314,0.141,12.900,0.000,0.5046,0.1659,0.044,0.000,0.195,0.012,50.000
118,29.085,9.8196,13.030,0.186,10.79,2.327,0.189,13.000,0.000,0.5340,0.0100,0.031,0.000,0.195,0.020,50.334
119,29.385,11.0098,13.140,0.237,11.86,2.333,0.241,13.100,0.000,0.5340,-0.0442,0.026,0.000,0.195,0.026,100.111
120,29.585,9.9121,13.247,0.293,12.99,2.339,0.297,13.200,0.000,0.5340,-0.0757,0.023,0.000,0.195,0.030,50.813
121,29.884,11.2155,13.353,0.352,14.20,2.341,0.355,13.400,0.000,0.5340,-0.1673,0.015,0.000,0.195,0.021,100.046
122,30.134,9.9582,13.456,0.415,15.46,2.323,0.417,13.500,0.000,0.5340,-0.2470,0.007,0.000,0.195,0.013,100.055
123,30.385,9.6571,13.556,0.481,16.78,2.274,0.483,13.600,0.000,0.5340,-0.2160,0.010,0.000,0.195,0.000,50.151
124,30.584,9.4800,13.653,0.550,18.14,2.224,0.552,13.700,0.000,0.5340,-0.1986,0.011,0.000,0.195,-0.002,50.115
125,30.885,10.1254,13.745,0.622,19.53,2.186,0.624,13.700,0.000,0.5078,-0.3190,0.000,0.000,0.195,-0.005,100.396
126,31.135,10.2594,13.834,0.696,20.94,2.163,0.697,13.800,0.000,0.4163,-0.2902,0.002,0.000,0.195,0.004,99.883
127,31.386,10.9528,13.920,0.772,22.33,2.157,0.772,13.900,0.000,0.3092,-0.2329,0.007,0.000,0.196,0.010,50.073
128,31.585,12.1228,14.006,0.847,23.64,2.163,0.847,14.000,0.000,0.1854,-0.2624,0.004,0.000,0.197,0.032,49.602
129,31.885,8.7183,14.092,0.920,24.77,2.164,0.920,14.100,0.000,0.0744,-0.2299,0.007,0.000,0.198,0.035,100.321
130,32.085,7.7241,14.178,0.990,25.72,2.160,0.990,14.200,0.000,-0.0502,-0.3105,0.000,0.001,0.199,0.019,50.273
131,32.385,7.8829,14.266,1.056,26.49,2.150,1.056,14.300,0.000,-0.1797,-0.3124,0.000,0.001,0.199,0.018,100.207
132,32.635,7.5333,14.354,1.116,27.03,2.113,1.117,14.400,0.000,-0.3086,-0.3388,0.000,0.004,0.200,-0.026,100.028
133,32.884,8.1137,14.443,1.171,27.33,2.071,1.172,14.400,0.000,-0.3931,-0.3011,0.000,0.001,0.200,-0.046,50.167
134,33.135,9.6391,14.533,1.219,27.38,2.020,1.219,14.500,0.000,-0.4758,-0.3363,0.000,0.005,0.200,-0.021,100.022
135,33.435,7.5385,14.624,1.262,27.26,1.981,1.262,14.600,0.000,-0.5131,-0.3166,0.000,0.003,0.200,-0.007,100.155
136,33.634,8.0597,14.714,1.302,27.03,1.966,1.302,14.700,0.000,-0.5340,-0.1631,0.010,0.000,0.200,0.006,50.015
137,33.885,2.7386,14.805,1.338,26.71,1.937,1.338,14.800,0.000,-0.5340,-0.1702,0.009,0.000,0.200,-0.014,50.187
138,34.085,6.6785,14.896,1.369,26.28,1.900,1.369,14.900,0.000,-0.5340,-0.2047,0.006,0.000,0.200,-0.007,50.221
139,34.384,3.4863,14.988,1.397,25.72,1.870,1.397,15.000,0.000,-0.5340,-0.1329,0.012,0.000,0.201,0.012,100.011
140,34.585,2.4655,15.079,1.421,25.05,1.855,1.423,15.157,0.001,-0.5317,-0.1329,0.012,0.000,0.201,0.034,50.152
141,34.884,2.8162,15.170,1.441,24.30,1.814,1.440,15.157,0.001,-0.5340,-0.0514,0.019,0.000,0.201,-0.028,100.277
142,35.085,2.9742,15.262,1.456,23.46,1.777,1.454,15.314,0.003,-0.5340,0.0452,0.027,0.000,0.202,0.007,50.161
143,35.385,5.8407,15.353,1.468,22.53,1.756,1.465,15.314,0.003,-0.5340,0.1280,0.035,0.000,0.202,0.014,100.133
144,35.584,3.1472,15.445,1.475,21.52,1.740,1.468,15.471,0.007,-0.5190,0.1984,0.041,0.000,0.203,-0.015,49.728
145,35.885,6.1441,15.536,1.478,20.43,1.728,1.468,15.628,0.013,-0.5088,0.2968,0.050,0.000,0.204,0.028,100.097
146,36.084,5.6433,15.628,1.477,19.25,1.724,1.464,15.628,0.013,-0.5202,0.3592,0.056,0.000,0.205,0.038,50.156
147,36.385,6.0897,15.720,1.473,18.01,1.731,1.453,15.785,0.021,-0.5019,0.3941,0.060,0.000,0.206,0.007,100.328
148,36.584,2.4868,15.814,1.465,16.72,1.769,1.441,15.942,0.030,-0.4955,0.4651,0.066,0.000,0.207,0.030,50.024
149,36.884,7.3108,15.909,1.456,15.44,1.829,1.427,15.942,0.030,-0.4825,0.6039,0.079,0.000,0.208,-0.017,100.060
150,37.134,6.8204,16.008,1.446,14.18,1.879,1.409,16.099,0.040,-0.4774,0.6389,0.083,0.000,0.208,0.002,99.881
151,37.435,6.5472,16.109,1.435,12.93,1.952,1.390,16.255,0.053,-0.4740,0.7039,0.090,0.000,0.208,0.032,100.207
152,37.684,7.4143,16.213,1.423,11.66,2.019,1.370,16.412,0.067,-0.4592,0.7521,0.095,0.000,0.209,0.011,100.057
153,37.984,8.7789,16.320,1.408,10.35,2.077,1.344,16.412,0.067,-0.4410,0.7203,0.093,0.000,0.209,-0.004,100.028
154,38.235,8.0162,16.430,1.391,9.04,2.153,1.316,16.568,0.082,-0.4317,0.7762,0.099,0.000,0.210,-0.005,100.116
155,38.534,12.0708,16.544,1.372,7.76,2.243,1.286,16.724,0.099,-0.4266,0.7422,0.097,0.000,0.210,-0.005,100.497
156,38.785,8.6017,16.661,1.352,6.48,2.315,1.253,16.880,0.118,-0.4006,0.7142,0.095,0.000,0.210,0.000,100.295
157,39.084,8.6763,16.782,1.330,5.19,2.385,1.215,16.880,0.118,-0.3830,0.7010,0.095,0.000,0.210,-0.007,100.161
158,39.335,12.1323,16.905,1.305,3.90,2.470,1.174,17.036,0.139,-0.3462,0.6427,0.091,0.000,0.209,-0.013,100.120
159,39.635,11.4616,17.033,1.279,2.64,2.567,1.130,17.191,0.161,-0.2947,0.6356,0.091,0.000,0.209,-0.041,100.262
160,39.885,13.1096,17.164,1.253,1.46,2.667,1.084,17.347,0.185,-0.2646,0.5287,0.082,0.000,0.208,-0.064,100.160
161,40.185,10.5621,17.300,1.227,0.40,2.758,1.037,17.502,0.210,-0.2296,0.3733,0.069,0.000,0.206,-0.070,99.867
162,40.434,10.1657,17.440,1.202,-0.53,2.828,0.989,17.656,0.237,-0.1653,0.3185,0.065,0.000,0.205,-0.047,100.339
163,40.735,10.3482,17.583,1.178,-1.35,2.890,0.940,17.811,0.266,-0.1202,0.1901,0.054,0.000,0.203,-0.036,100.250
164,40.935,10.2796,17.728,1.156,-2.05,2.942,0.892,17.965,0.296,-0.0711,0.0910,0.045,0.000,0.202,-0.036,50.158
165,41.235,11.7097,17.877,1.136,-2.60,3.005,0.843,18.119,0.328,-0.0274,-0.0333,0.034,0.000,0.201,-0.022,100.054
166,41.435,9.7522,18.027,1.118,-3.00,3.031,0.795,18.119,0.328,0.0332,-0.0948,0.029,0.000,0.200,0.007,50.003
167,41.735,11.0217,18.178,1.104,-3.24,3.056,0.748,18.272,0.361,0.0794,-0.2524,0.015,0.000,0.199,-0.006,100.284
168,41.985,11.6514,18.330,1.093,-3.34,3.048,0.703,18.425,0.396,0.1375,-0.3141,0.009,0.000,0.198,-0.038,100.155
169,42.284,11.3749,18.482,1.087,-3.28,3.033,0.661,18.578,0.433,0.1790,-0.4356,0.000,0.002,0.196,-0.053,100.244
170,42.535,11.2717,18.633,1.083,-3.10,2.991,0.620,18.730,0.471,0.2121,-0.4906,0.000,0.008,0.195,-0.014,100.120
171,42.784,10.2773,18.782,1.082,-2.83,2.957,0.580,18.882,0.511,0.2479,-0.5061,0.000,0.010,0.195,0.008,49.921
172,42.984,10.0183,18.929,1.085,-2.50,2.909,0.542,19.034,0.553,0.2804,-0.5006,0.000,0.010,0.194,-0.009,50.171
173,43.285,11.5568,19.073,1.090,-2.10,2.856,0.507,19.185,0.596,0.2971,-0.5177,0.000,0.012,0.194,-0.015,100.215
174,43.535,10.1834,19.215,1.098,-1.63,2.814,0.474,19.335,0.640,0.3121,-0.5413,0.000,0.015,0.193,-0.022,99.565
175,43.835,10.0449,19.354,1.110,-1.08,2.753,0.443,19.486,0.686,0.3417,-0.5157,0.000,0.013,0.193,-0.012,100.542
176,44.035,12.0028,19.490,1.124,-0.46,2.696,0.416,19.635,0.734,0.3457,-0.4837,0.000,0.011,0.193,0.002,50.228
177,44.335,12.3063,19.623,1.142,0.23,2.659,0.393,19.784,0.783,0.3669,-0.4936,0.000,0.013,0.192,-0.008,100.505
178,44.586,9.8648,19.754,1.163,0.98,2.594,0.374,19.933,0.834,0.3857,-0.4639,0.000,0.010,0.192,-0.009,100.204
179,44.885,13.4396,19.881,1.187,1.77,2.523,0.357,19.933,0.834,0.3897,-0.4197,0.000,0.007,0.192,-0.011,99.527
180,45.135,12.4632,20.005,1.215,2.60,2.457,0.337,20.081,0.887,0.3882,-0.3620,0.000,0.003,0.192,-0.009,100.352
181,45.435,11.5783,20.126,1.245,3.47,2.406,0.321,20.229,0.941,0.3853,-0.3442,0.000,0.001,0.192,-0.021,100.234
182,45.634,10.0183,20.244,1.278,4.39,2.371,0.311,20.376,0.996,0.3690,-0.3157,0.001,0.000,0.192,-0.021,50.324
183,45.885,13.2125,20.358,1.314,5.35,2.330,0.308,20.522,1.053,0.3757,-0.2631,0.005,0.000,0.192,-0.019,50.145
184,46.136,13.1079,20.470,1.352,6.32,2.286,0.303,20.522,1.053,0.3704,-0.2389,0.007,0.000,0.192,-0.007,99.964
185,46.435,12.2855,20.579,1.391,7.29,2.242,0.293,20.668,1.112,0.3540,-0.0902,0.020,0.000,0.192,-0.000,100.282
186,46.685,11.7676,20.685,1.431,8.23,2.202,0.289,20.813,1.172,0.3412,-0.0576,0.022,0.000,0.192,-0.006,100.125
187,46.985,11.1319,20.789,1.472,9.12,2.188,0.291,20.957,1.234,0.3338,0.0061,0.028,0.000,0.193,-0.021,100.020
188,47.185,11.2156,20.893,1.513,9.98,2.187,0.286,20.957,1.234,0.3239,0.0310,0.030,0.000,0.194,-0.011,49.940
189,47.485,12.3761,20.997,1.555,10.79,2.192,0.278,21.101,1.297,0.3259,0.0170,0.029,0.000,0.195,-0.023,100.326
190,47.685,12.8213,21.100,1.597,11.58,2.191,0.276,21.244,1.361,0.3213,0.0573,0.033,0.000,0.195,-0.010,50.189
191,47.985,11.6586,21.202,1.641,12.37,2.197,0.282,21.387,1.428,0.3088,0.1217,0.038,0.000,0.196,-0.025,100.241
192,48.185,9.4007,21.305,1.686,13.16,2.206,0.271,21.387,1.428,0.3149,0.1265,0.039,0.000,0.196,-0.024,50.563
193,48.435,11.6983,21.407,1.732,13.94,2.218,0.266,21.528,1.495,0.3022,0.1814,0.044,0.000,0.196,-0.025,50.362
194,48.634,12.4296,21.510,1.780,14.71,2.241,0.268,21.670,1.564,0.2951,0.1888,0.045,0.000,0.197,-0.019,49.697
195,48.885,10.6513,21.614,1.830,15.48,2.267,0.271,21.670,1.564,0.2882,0.1991,0.046,0.000,0.197,-0.009,50.106
196,49.136,13.3591,21.718,1.880,16.24,2.297,0.262,21.810,1.635,0.2974,0.1764,0.044,0.000,0.197,0.002,100.524
197,49.384,11.3890,21.823,1.933,16.97,2.319,0.259,21.949,1.707,0.2956,0.1511,0.042,0.000,0.197,-0.012,49.797
198,49.635,12.0467,21.928,1.987,17.72,2.337,0.262,22.088,1.780,0.3095,0.1138,0.039,0.000,0.197,-0.028,100.564
199,49.934,11.5262,22.033,2.044,18.49,2.363,0.269,22.088,1.780,0.3017,0.1383,0.041,0.000,0.197,-0.027,100.122
200,50.184,11.4684,22.138,2.103,19.30,2.380,0.263,22.226,1.855,0.2889,0.1077,0.039,0.000,0.197,-0.012,100.167
201,50.485,11.0970,22.244,2.164,20.13,2.399,0.261,22.364,1.932,0.2896,0.0621,0.035,0.000,0.196,0.008,100.276
202,50.686,13.0796,22.349,2.226,20.93,2.416,0.264,22.500,2.010,0.2831,0.1008,0.039,0.000,0.196,0.006,50.176
203,50.985,11.4168,22.454,2.290,21.70,2.420,0.271,22.636,2.089,0.2630,0.0867,0.037,0.000,0.196,-0.014,100.196
204,51.185,10.9882,22.558,2.355,22.46,2.434,0.277,22.636,2.089,0.2575,0.0566,0.035,0.000,0.196,-0.024,50.214
205,51.486,9.4769,22.663,2.421,23.19,2.448,0.273,22.770,2.170,0.2549,0.0706,0.036,0.000,0.196,-0.040,100.331
206,51.735,12.1709,22.768,2.487,23.89,2.453,0.272,22.904,2.252,0.2524,0.1004,0.039,0.000,0.196,-0.041,100.067
207,51.985,9.5315,22.873,2.555,24.57,2.465,0.274,23.037,2.335,0.2493,0.1116,0.040,0.000,0.196,-0.039,50.021
208,52.236,12.9109,22.977,2.624,25.27,2.485,0.280,23.170,2.420,0.2525,0.1006,0.039,0.000,0.196,-0.020,100.174
209,52.485,10.9723,23.081,2.694,25.97,2.506,0.288,23.170,2.420,0.2511,0.0941,0.039,0.000,0.196,-0.016,50.203
210,52.685,11.9351,23.185,2.767,26.66,2.518,0.285,23.301,2.506,0.2437,0.0624,0.036,0.000,0.196,-0.004,50.376
211,52.935,11.8883,23.289,2.840,27.36,2.532,0.285,23.431,2.594,0.2522,0.0462,0.035,0.000,0.196,0.013,49.880
212,53.185,10.1985,23.392,2.915,28.04,2.536,0.287,23.561,2.683,0.2428,0.0510,0.035,0.000,0.196,0.020,100.171
213,53.435,10.7090,23.495,2.992,28.72,2.537,0.293,23.689,2.773,0.2359,0.0414,0.034,0.000,0.196,0.028,50.317
214,53.635,11.1289,23.597,3.070,29.42,2.539,0.301,23.817,2.865,0.2372,0.0482,0.035,0.000,0.196,0.038,50.057
215,53.885,11.7159,23.698,3.149,30.10,2.540,0.308,23.817,2.865,0.2362,0.0227,0.033,0.000,0.196,0.039,50.109
216,54.136,10.0466,23.799,3.229,30.76,2.550,0.307,23.943,2.958,0.2405,-0.0137,0.030,0.000,0.196,0.041,100.193
217,54.436,8.8406,23.899,3.310,31.43,2.558,0.309,24.069,3.052,0.2339,-0.0378,0.027,0.000,0.196,0.029,99.928
218,54.686,8.7757,23.999,3.393,32.10,2.562,0.314,24.194,3.148,0.2095,-0.0823,0.023,0.000,0.196,0.010,99.823
219,54.985,7.7103,24.097,3.477,32.78,2.558,0.320,24.317,3.245,0.2027,-0.0467,0.027,0.000,0.196,-0.008,100.750
220,55.185,9.7483,24.194,3.560,33.41,2.545,0.328,24.440,3.343,0.1968,-0.0606,0.025,0.000,0.197,-0.016,50.956
221,55.435,10.8314,24.291,3.644,33.99,2.533,0.336,24.440,3.343,0.2032,-0.0647,0.025,0.000,0.197,-0.038,50.341
222,55.685,8.4732,24.387,3.728,34.53,2.525,0.334,24.561,3.442,0.2016,-0.0201,0.029,0.000,0.197,-0.048,100.166
223,55.935,7.0100,24.482,3.812,35.08,2.516,0.335,24.682,3.543,0.1946,-0.0355,0.027,0.000,0.197,-0.043,49.961
224,56.135,9.1392,24.576,3.897,35.65,2.514,0.338,24.801,3.645,0.1832,-0.0349,0.027,0.000,0.196,-0.043,50.188
225,56.436,10.8751,24.670,3.983,36.20,2.513,0.343,24.920,3.748,0.1845,-0.0053,0.030,0.000,0.196,-0.030,100.542
226,56.685,9.1432,24.763,4.069,36.73,2.512,0.349,25.037,3.853,0.1700,-0.0110,0.029,0.000,0.197,-0.020,100.216
227,56.985,10.9339,24.855,4.156,37.23,2.518,0.354,25.037,3.853,0.1698,0.0191,0.032,0.000,0.197,-0.014,99.673
228,57.235,11.1796,24.946,4.243,37.72,2.523,0.351,25.153,3.959,0.1692,0.0017,0.030,0.000,0.197,-0.011,100.071
229,57.535,6.1593,25.038,4.330,38.20,2.528,0.351,25.268,4.065,0.1771,-0.0109,0.029,0.000,0.197,-0.008,99.816
230,57.735,8.1637,25.129,4.419,38.67,2.531,0.353,25.382,4.174,0.1801,0.0037,0.031,0.000,0.197,-0.009,49.860
231,57.985,8.5555,25.218,4.508,39.15,2.530,0.357,25.495,4.283,0.1898,0.0122,0.031,0.000,0.196,-0.012,49.920
232,58.235,8.8191,25.307,4.598,39.65,2.530,0.363,25.607,4.393,0.1748,-0.0157,0.029,0.000,0.196,-0.010,100.211
233,58.485,8.2619,25.395,4.690,40.17,2.531,0.364,25.607,4.393,0.1725,-0.0473,0.026,0.000,0.196,-0.009,50.250
234,58.685,8.4419,25.483,4.782,40.68,2.523,0.363,25.717,4.505,0.1693,-0.0513,0.026,0.000,0.196,-0.002,50.194
235,58.985,9.2176,25.569,4.875,41.16,2.509,0.364,25.826,4.618,0.1651,-0.0174,0.029,0.000,0.197,0.000,100.099
236,59.185,8.3410,25.655,4.968,41.63,2.501,0.366,25.935,4.732,0.1599,0.0050,0.031,0.000,0.197,0.005,50.007
237,59.485,7.8358,25.740,5.061,42.09,2.501,0.370,26.041,4.847,0.1617,-0.0048,0.030,0.000,0.197,0.016,100.096
238,59.685,8.2082,25.825,5.155,42.54,2.504,0.375,26.147,4.963,0.1668,0.0025,0.030,0.000,0.197,0.032,49.925
239,59.985,7.8527,25.909,5.249,42.99,2.508,0.372,26.147,4.963,0.1605,0.0033,0.030,0.000,0.197,0.037,100.014
240,60.185,8.2417,25.992,5.344,43.45,2.516,0.370,26.252,5.080,0.1585,-0.0127,0.029,0.000,0.197,0.045,50.149
241,60.485,8.2806,26.075,5.440,43.91,2.518,0.369,26.355,5.199,0.1726,-0.0358,0.027,0.000,0.197,0.054,100.077
242,60.685,8.1715,26.157,5.536,44.35,2.516,0.371,26.457,5.318,0.1663,-0.0021,0.030,0.000,0.197,0.049,50.175
243,60.935,8.4273,26.238,5.633,44.80,2.519,0.374,26.558,5.439,0.1792,0.0150,0.031,0.000,0.197,0.035,50.192
244,61.135,11.6544,26.318,5.731,45.27,2.524,0.378,26.558,5.439,0.1859,0.0045,0.031,0.000,0.197,0.028,50.316
245,61.435,8.3750,26.397,5.830,45.74,2.527,0.375,26.657,5.560,0.1934,0.0277,0.033,0.000,0.197,0.009,100.067
246,61.686,8.6190,26.474,5.930,46.24,2.521,0.374,26.755,5.683,0.2014,0.0098,0.031,0.000,0.196,-0.004,100.093
247,61.985,10.7644,26.551,6.031,46.77,2.518,0.376,26.852,5.806,0.2038,-0.0134,0.029,0.000,0.196,-0.010,99.886
248,62.235,11.7242,26.626,6.134,47.32,2.518,0.381,26.948,5.931,0.1921,-0.0012,0.030,0.000,0.196,-0.020,99.874
249,62.485,10.4353,26.700,6.238,47.89,2.515,0.388,27.042,6.057,0.2048,-0.0440,0.026,0.000,0.196,-0.014,49.705
250,62.736,12.1067,26.773,6.342,48.45,2.514,0.392,27.042,6.057,0.2093,-0.0600,0.025,0.000,0.196,-0.016,100.187
251,62.986,12.7576,26.845,6.446,49.00,2.515,0.392,27.135,6.183,0.2106,-0.0648,0.024,0.000,0.196,-0.016,50.319
252,63.235,12.2571,26.915,6.552,49.56,2.508,0.394,27.227,6.311,0.1919,-0.0421,0.026,0.000,0.196,-0.010,100.025
253,63.486,10.1569,26.984,6.658,50.15,2.504,0.399,27.317,6.439,0.1812,-0.0543,0.025,0.000,0.196,-0.003,50.142
254,63.735,12.1712,27.052,6.764,50.72,2.503,0.404,27.406,6.569,0.1758,-0.0678,0.024,0.000,0.196,0.005,100.201
255,64.035,11.4070,27.120,6.869,51.23,2.497,0.411,27.494,6.699,0.1734,-0.0225,0.028,0.000,0.196,0.010,99.760
256,64.236,9.0385,27.186,6.975,51.71,2.491,0.413,27.494,6.699,0.1623,0.0257,0.032,0.000,0.196,0.005,49.974
257,64.485,11.9864,27.253,7.080,52.18,2.490,0.412,27.580,6.830,0.1610,-0.0008,0.030,0.000,0.196,0.008,50.337
258,64.735,9.9325,27.319,7.186,52.64,2.490,0.412,27.665,6.963,0.1443,0.0088,0.031,0.000,0.196,0.005,100.020
259,64.985,11.3824,27.384,7.292,53.08,2.488,0.414,27.748,7.096,0.1441,-0.0183,0.028,0.000,0.196,0.003,50.284
260,65.185,10.1772,27.449,7.398,53.49,2.485,0.416,27.830,7.230,0.1501,0.0175,0.031,0.000,0.197,-0.003,49.927
261,65.485,12.8456,27.514,7.504,53.88,2.482,0.419,27.830,7.230,0.1405,0.0661,0.036,0.000,0.197,-0.007,100.066
262,65.685,9.6503,27.578,7.611,54.28,2.489,0.414,27.911,7.364,0.1338,0.0562,0.035,0.000,0.197,-0.004,50.046
263,65.985,9.5561,27.642,7.719,54.68,2.498,0.411,27.990,7.500,0.1402,0.0554,0.035,0.000,0.197,0.005,99.980
264,66.236,9.8131,27.706,7.827,55.06,2.508,0.410,28.068,7.636,0.1465,0.1019,0.039,0.000,0.198,-0.000,99.942
265,66.485,11.0627,27.768,7.936,55.43,2.520,0.410,28.145,7.774,0.1515,0.0649,0.036,0.000,0.198,0.006,49.742
266,66.736,11.7842,27.830,8.046,55.82,2.535,0.412,28.220,7.912,0.1566,0.0430,0.034,0.000,0.197,0.010,100.135
267,67.036,9.3682,27.892,8.157,56.24,2.544,0.410,28.220,7.912,0.1550,0.0394,0.034,0.000,0.197,0.015,100.031
268,67.286,10.9500,27.952,8.269,56.67,2.551,0.405,28.293,8.051,0.1615,0.0364,0.034,0.000,0.197,0.017,100.154
269,67.586,7.3833,28.012,8.382,57.11,2.553,0.402,28.365,8.190,0.1632,0.0178,0.032,0.000,0.197,0.018,100.175
270,67.835,8.8981,28.070,8.496,57.56,2.553,0.401,28.436,8.330,0.1709,0.0090,0.031,0.000,0.197,0.015,100.029
271,68.135,10.3585,28.128,8.610,58.01,2.553,0.402,28.505,8.472,0.1735,0.0176,0.032,0.000,0.197,0.012,100.174
272,68.386,9.1697,28.184,8.726,58.49,2.557,0.404,28.572,8.613,0.1765,0.0027,0.031,0.000,0.197,0.009,100.140
273,68.685,9.4896,28.239,8.842,58.98,2.557,0.404,28.572,8.613,0.1840,0.0092,0.031,0.000,0.197,0.006,100.117
274,68.935,10.1286,28.293,8.959,59.48,2.557,0.401,28.639,8.756,0.1983,0.0507,0.035,0.000,0.197,-0.010,99.523
275,69.185,10.6370,28.346,9.077,59.98,2.559,0.399,28.703,8.899,0.1866,-0.0110,0.030,0.000,0.197,-0.020,50.299
276,69.435,8.8194,28.397,9.195,60.51,2.558,0.400,28.766,9.043,0.1856,-0.0295,0.028,0.000,0.196,-0.029,99.828
277,69.735,11.3384,28.447,9.314,61.05,2.557,0.402,28.828,9.187,0.1821,-0.0496,0.026,0.000,0.196,-0.025,100.657
278,69.985,15.3145,28.496,9.433,61.58,2.557,0.405,28.888,9.332,0.1796,-0.0802,0.023,0.000,0.197,-0.029,100.577
279,70.285,12.9582,28.544,9.553,62.09,2.550,0.409,28.888,9.332,0.1787,-0.0805,0.023,0.000,0.197,-0.029,100.004
280,70.535,11.6414,28.591,9.672,62.60,2.539,0.405,28.947,9.478,0.1823,-0.0317,0.027,0.000,0.197,-0.023,100.044
281,70.836,10.2349,28.637,9.791,63.10,2.534,0.403,29.004,9.624,0.1752,-0.0770,0.023,0.000,0.196,-0.026,100.715
282,71.085,10.2826,28.682,9.910,63.61,2.534,0.402,29.059,9.771,0.1691,-0.0697,0.024,0.000,0.196,-0.022,100.011
283,71.385,10.9728,28.725,10.030,64.12,2.530,0.404,29.113,9.919,0.1868,-0.0457,0.026,0.000,0.196,-0.015,100.141
284,71.636,9.9967,28.768,10.149,64.60,2.525,0.406,29.166,10.067,0.1734,-0.0288,0.027,0.000,0.196,-0.014,99.995
285,71.886,13.1424,28.809,10.268,65.08,2.518,0.409,29.166,10.067,0.1832,-0.0200,0.028,0.000,0.196,-0.012,49.690
286,72.135,13.2380,28.850,10.387,65.56,2.513,0.405,29.217,10.216,0.1726,-0.0430,0.026,0.000,0.196,-0.001,100.029
287,72.435,10.1009,28.889,10.507,66.05,2.510,0.403,29.266,10.365,0.1565,-0.0126,0.029,0.000,0.196,0.009,100.083
288,72.685,12.0425,28.927,10.626,66.54,2.501,0.402,29.314,10.514,0.1553,-0.0283,0.027,0.000,0.196,0.015,99.979
289,72.985,11.8060,28.966,10.746,66.99,2.495,0.402,29.360,10.665,0.1608,0.0055,0.030,0.000,0.197,0.014,100.150
290,73.186,13.4409,29.003,10.865,67.41,2.490,0.404,29.404,10.815,0.1603,-0.0290,0.027,0.000,0.197,0.014,50.833
291,73.485,12.1114,29.040,10.985,67.84,2.490,0.402,29.404,10.815,0.1551,-0.0261,0.027,0.000,0.197,0.018,100.186
292,73.735,8.3566,29.075,11.105,68.28,2.493,0.397,29.447,10.966,0.1759,-0.0528,0.025,0.000,0.197,0.022,100.099
293,73.985,9.0983,29.110,11.225,68.72,2.489,0.394,29.489,11.118,0.1833,0.0318,0.032,0.000,0.197,0.023,50.424
294,74.185,7.5141,29.144,11.346,69.17,2.483,0.393,29.529,11.270,0.1563,0.0236,0.032,0.000,0.197,0.023,49.839
295,74.485,7.8039,29.175,11.466,69.63,2.491,0.394,29.567,11.422,0.1576,0.0185,0.031,0.000,0.197,0.032,99.750
296,74.735,8.9885,29.207,11.588,70.10,2.499,0.396,29.567,11.422,0.1538,0.0561,0.035,0.000,0.197,0.032,100.068
297,75.035,8.3989,29.238,11.709,70.54,2.502,0.390,29.604,11.575,0.1668,0.0939,0.038,0.000,0.197,0.034,99.997
298,75.235,10.7712,29.268,11.831,70.96,2.503,0.385,29.639,11.728,0.1804,0.0614,0.035,0.000,0.197,0.034,49.586
299,75.535,11.6432,29.297,11.954,71.39,2.515,0.382,29.672,11.881,0.1835,0.0955,0.038,0.000,0.198,0.037,100.169
300,75.785,11.2014,29.325,12.078,71.85,2.527,0.382,29.704,12.035,0.1941,0.0641,0.036,0.000,0.197,0.040,100.079
301,76.035,12.9547,29.351,12.203,72.36,2.542,0.383,29.734,12.189,0.2033,0.0559,0.035,0.000,0.197,0.038,50.637
302,76.285,10.8199,29.376,12.329,72.90,2.551,0.385,29.734,12.189,0.2113,0.0111,0.031,0.000,0.197,0.031,100.213
303,76.586,10.8278,29.398,12.456,73.46,2.563,0.381,29.763,12.344,0.2095,0.0346,0.033,0.000,0.197,0.027,100.163
304,76.785,10.0563,29.419,12.583,74.04,2.566,0.380,29.790,12.498,0.2166,-0.0374,0.027,0.000,0.197,0.019,49.979
305,77.086,12.1752,29.438,12.711,74.64,2.564,0.382,29.815,12.653,0.2205,0.0141,0.031,0.000,0.197,0.009,100.783
306,77.335,12.1527,29.456,12.839,75.25,2.561,0.385,29.839,12.809,0.2164,-0.0288,0.028,0.000,0.196,-0.003,99.909
307,77.635,11.8530,29.471,12.967,75.87,2.562,0.390,29.861,12.964,0.2145,-0.0537,0.025,0.000,0.196,-0.012,100.272
308,77.835,12.3556,29.486,13.096,76.50,2.564,0.397,29.882,13.120,0.2109,-0.0572,0.025,0.000,0.196,-0.028,50.014
309,78.135,9.7938,29.499,13.224,77.11,2.562,0.397,29.882,13.120,0.1985,-0.0635,0.024,0.000,0.196,-0.039,100.236
310,78.385,9.8090,29.511,13.352,77.72,2.553,0.397,29.901,13.276,0.2094,-0.0441,0.026,0.000,0.196,-0.042,100.206
311,78.685,11.6806,29.522,13.479,78.29,2.547,0.399,29.918,13.432,0.1981,-0.0484,0.026,0.000,0.196,-0.050,100.060
312,78.935,11.2931,29.532,13.607,78.86,2.534,0.402,29.933,13.588,0.1854,-0.0815,0.023,0.000,0.196,-0.029,100.084
313,79.235,12.3826,29.541,13.734,79.42,2.525,0.407,29.947,13.745,0.1750,-0.0765,0.023,0.000,0.196,-0.018,99.975
314,79.435,12.0259,29.549,13.860,79.96,2.511,0.413,29.960,13.901,0.1683,-0.0451,0.026,0.000,0.196,-0.004,50.079
315,79.685,12.5190,29.557,13.986,80.46,2.498,0.411,29.960,13.901,0.1733,0.0251,0.032,0.000,0.196,0.012,50.424
316,79.935,13.0800,29.565,14.111,80.93,2.493,0.409,29.970,14.058,0.1750,0.0309,0.032,0.000,0.196,0.022,100.024
317,80.185,11.4103,29.571,14.237,81.39,2.499,0.409,29.979,14.215,0.1739,-0.0283,0.027,0.000,0.196,0.029,50.244
318,80.435,11.1336,29.577,14.362,81.88,2.505,0.410,29.987,14.372,0.1627,-0.0597,0.024,0.000,0.196,0.037,99.967
319,80.685,7.9940,29.581,14.488,82.37,2.505,0.414,29.993,14.529,0.1767,-0.0381,0.026,0.000,0.196,0.042,50.161
320,80.935,13.3771,29.585,14.614,82.85,2.494,0.417,29.993,14.529,0.1845,-0.0964,0.021,0.000,0.197,0.035,100.149
321,81.185,9.2480,29.587,14.739,83.30,2.482,0.413,29.997,14.686,0.1791,-0.0868,0.022,0.000,0.197,0.024,49.894
322,81.435,12.8000,29.588,14.864,83.78,2.473,0.412,29.999,14.843,0.1792,-0.0484,0.025,0.000,0.196,0.004,100.271
323,81.685,7.8269,29.587,14.988,84.27,2.458,0.413,30.000,15.000,0.1816,0.0088,0.030,0.000,0.196,-0.001,50.057
324,81.935,9.5274,29.586,15.111,84.77,2.452,0.416,29.999,15.157,0.1731,0.0322,0.032,0.000,0.196,-0.001,100.172
325,82.236,8.5006,29.583,15.235,85.25,2.454,0.421,29.997,15.314,0.1754,-0.0252,0.027,0.000,0.196,-0.000,100.149
326,82.436,8.4554,29.580,15.359,85.72,2.459,0.419,29.997,15.314,0.1789,0.0161,0.031,0.000,0.197,0.012,50.179
327,82.736,9.6552,29.576,15.483,86.20,2.464,0.417,29.993,15.471,0.1823,0.0579,0.034,0.000,0.197,0.019,100.418
328,82.935,7.7749,29.570,15.607,86.68,2.471,0.417,29.987,15.628,0.1776,0.0759,0.036,0.000,0.197,0.021,49.776
329,83.185,8.7206,29.563,15.731,87.18,2.482,0.419,29.979,15.785,0.1710,0.0825,0.037,0.000,0.197,0.029,50.280
330,83.385,7.5649,29.556,15.855,87.69,2.495,0.423,29.970,15.942,0.1726,0.0700,0.036,0.000,0.197,0.028,50.281
331,83.685,8.1337,29.547,15.980,88.17,2.505,0.425,29.970,15.942,0.1714,0.0817,0.037,0.000,0.197,0.011,100.115
332,83.885,7.6671,29.538,16.106,88.63,2.509,0.422,29.960,16.099,0.1733,0.0952,0.038,0.000,0.197,-0.003,50.237
333,84.185,7.6337,29.527,16.232,89.10,2.517,0.421,29.947,16.255,0.1732,0.0719,0.036,0.000,0.197,-0.016,100.064
334,84.385,8.2052,29.516,16.358,89.57,2.523,0.421,29.933,16.412,0.1776,0.0409,0.034,0.000,0.197,-0.032,50.143
335,84.635,9.0322,29.503,16.485,90.05,2.525,0.423,29.918,16.568,0.1718,0.0337,0.033,0.000,0.197,-0.038,50.370
336,84.835,7.7940,29.489,16.612,90.54,2.531,0.427,29.901,16.724,0.1789,0.0201,0.032,0.000,0.197,-0.039,50.088
337,85.086,7.7639,29.474,16.739,91.03,2.535,0.427,29.901,16.724,0.1764,-0.0054,0.030,0.000,0.197,-0.035,49.979
338,85.335,9.5432,29.458,16.866,91.53,2.540,0.424,29.882,16.880,0.1882,0.0338,0.033,0.000,0.197,-0.017,99.973
339,85.585,8.4488,29.440,16.993,92.03,2.545,0.423,29.861,17.036,0.1923,0.0034,0.030,0.000,0.197,-0.007,50.320
340,85.785,7.8180,29.421,17.120,92.54,2.552,0.424,29.839,17.191,0.1909,0.0247,0.032,0.000,0.197,-0.004,50.207
341,86.085,8.0180,29.401,17.247,93.08,2.560,0.426,29.815,17.347,0.1872,-0.0085,0.029,0.000,0.196,0.002,100.217
342,86.285,8.6846,29.379,17.374,93.62,2.566,0.431,29.790,17.502,0.1801,-0.0307,0.027,0.000,0.196,0.014,50.342
343,86.586,8.2678,29.356,17.501,94.16,2.568,0.434,29.790,17.502,0.2014,-0.0020,0.030,0.000,0.196,0.025,99.831
344,86.835,8.0556,29.332,17.627,94.67,2.563,0.432,29.763,17.656,0.2062,-0.0037,0.030,0.000,0.196,0.021,99.856
345,87.085,8.4007,29.307,17.752,95.18,2.563,0.432,29.734,17.811,0.1949,-0.0473,0.026,0.000,0.196,0.014,50.525
346,87.335,11.4324,29.280,17.878,95.72,2.561,0.433,29.704,17.965,0.1933,-0.0481,0.026,0.000,0.196,0.021,99.710
347,87.635,9.5523,29.252,18.003,96.29,2.551,0.436,29.672,18.119,0.1938,-0.0169,0.028,0.000,0.196,0.022,100.368
348,87.885,10.8851,29.222,18.128,96.85,2.535,0.441,29.639,18.272,0.1775,-0.0240,0.028,0.000,0.196,0.016,100.809
349,88.185,9.9888,29.192,18.252,97.39,2.530,0.447,29.604,18.425,0.1735,-0.0488,0.026,0.000,0.196,0.018,100.331
350,88.385,11.4177,29.162,18.375,97.90,2.524,0.445,29.604,18.425,0.1697,-0.0392,0.026,0.000,0.197,0.012,50.150
351,88.685,9.9027,29.131,18.499,98.39,2.516,0.444,29.567,18.578,0.1793,-0.0174,0.028,0.000,0.197,0.008,100.153
352,88.935,11.8775,29.099,18.621,98.86,2.512,0.443,29.529,18.730,0.1887,-0.0378,0.026,0.000,0.197,0.005,100.403
353,89.185,11.4013,29.066,18.744,99.33,2.513,0.445,29.489,18.882,0.1837,-0.0195,0.028,0.000,0.197,-0.003,50.516
354,89.435,9.7784,29.032,18.865,99.83,2.514,0.449,29.447,19.034,0.1778,0.0154,0.031,0.000,0.197,0.005,100.168
355,89.735,10.5456,28.996,18.987,100.36,2.515,0.454,29.447,19.034,0.1798,-0.0110,0.029,0.000,0.197,0.008,100.020
356,89.986,11.2884,28.960,19.108,100.86,2.517,0.451,29.404,19.185,0.1838,0.0324,0.033,0.000,0.197,0.006,100.198
357,90.235,10.6487,28.923,19.228,101.36,2.517,0.450,29.360,19.335,0.1795,0.0374,0.033,0.000,0.197,-0.010,49.897
358,90.435,10.7579,28.884,19.349,101.86,2.522,0.451,29.314,19.486,0.1717,0.0276,0.032,0.000,0.197,-0.017,50.085
359,90.735,10.7859,28.844,19.469,102.37,2.526,0.453,29.266,19.635,0.2011,0.0339,0.033,0.000,0.197,-0.016,100.438
360,90.985,11.9579,28.804,19.589,102.87,2.522,0.457,29.217,19.784,0.2082,0.0447,0.034,0.000,0.197,-0.022,100.369
361,91.285,11.9100,28.762,19.709,103.36,2.522,0.461,29.217,19.784,0.1903,0.0263,0.032,0.000,0.197,-0.039,99.931
362,91.535,10.7552,28.718,19.829,103.87,2.530,0.460,29.166,19.933,0.1908,0.0447,0.034,0.000,0.197,-0.041,100.001
363,91.835,11.0544,28.673,19.949,104.42,2.537,0.460,29.113,20.081,0.1934,0.0463,0.034,0.000,0.196,-0.047,100.152
364,92.035,10.3635,28.627,20.068,104.95,2.544,0.461,29.059,20.229,0.1948,0.0896,0.038,0.000,0.197,-0.039,50.299
365,92.335,12.1076,28.580,20.188,105.48,2.557,0.464,29.004,20.376,0.1770,0.0502,0.035,0.000,0.196,-0.035,100.037
366,92.585,12.5434,28.531,20.307,106.03,2.576,0.468,28.947,20.522,0.1627,0.0329,0.033,0.000,0.197,-0.021,100.069
367,92.885,13.0629,28.481,20.427,106.57,2.584,0.473,28.888,20.668,0.1538,0.0269,0.033,0.000,0.197,-0.001,100.529
368,93.135,11.1198,28.432,20.546,107.06,2.584,0.472,28.888,20.668,0.1456,-0.0230,0.028,0.000,0.197,0.013,100.645
369,93.435,11.7575,28.382,20.666,107.51,2.580,0.470,28.828,20.813,0.1482,-0.0608,0.025,0.000,0.197,0.023,99.986
370,93.635,10.2596,28.331,20.785,107.93,2.575,0.468,28.766,20.957,0.1342,-0.1094,0.021,0.000,0.198,0.025,50.171
371,93.935,11.5089,28.281,20.903,108.34,2.566,0.466,28.703,21.101,0.1382,-0.0837,0.023,0.000,0.197,0.031,100.170
372,94.135,9.2295,28.230,21.021,108.74,2.549,0.465,28.639,21.244,0.1403,-0.0817,0.023,0.000,0.197,0.034,50.092
373,94.436,11.5817,28.179,21.138,109.13,2.536,0.465,28.572,21.387,0.1363,-0.0457,0.026,0.000,0.197,0.039,100.235
374,94.685,12.0817,28.127,21.254,109.51,2.529,0.465,28.572,21.387,0.1392,-0.0827,0.022,0.000,0.197,0.038,100.173
375,94.985,11.5324,28.075,21.369,109.89,2.524,0.458,28.505,21.528,0.1475,-0.0757,0.023,0.000,0.197,0.036,99.906
376,95.235,9.7411,28.022,21.484,110.28,2.514,0.453,28.436,21.670,0.1550,-0.0877,0.022,0.000,0.197,0.031,100.074
377,95.536,12.6842,27.968,21.598,110.68,2.506,0.450,28.365,21.810,0.1667,-0.0679,0.023,0.000,0.197,0.024,100.194
378,95.735,10.8151,27.913,21.710,111.09,2.495,0.449,28.293,21.949,0.1584,-0.0666,0.024,0.000,0.197,0.019,49.983
379,95.986,12.0846,27.856,21.822,111.54,2.485,0.450,28.220,22.088,0.1553,-0.0214,0.027,0.000,0.197,0.020,50.026
380,96.185,10.2638,27.799,21.933,111.99,2.476,0.448,28.220,22.088,0.1538,0.0392,0.033,0.000,0.197,0.026,49.793
381,96.435,12.4863,27.742,22.043,112.42,2.475,0.442,28.145,22.226,0.1574,0.0438,0.033,0.000,0.197,0.030,49.997
382,96.686,9.8303,27.684,22.154,112.84,2.484,0.438,28.068,22.364,0.1543,0.0281,0.032,0.000,0.197,0.023,100.283
383,96.985,10.0643,27.624,22.263,113.26,2.493,0.436,27.990,22.500,0.1522,0.0319,0.032,0.000,0.197,0.018,100.735
384,97.235,11.6359,27.564,22.373,113.69,2.501,0.435,27.911,22.636,0.1593,-0.0210,0.028,0.000,0.197,0.014,100.017
385,97.535,11.7801,27.503,22.483,114.12,2.507,0.436,27.830,22.770,0.1679,-0.0776,0.023,0.000,0.198,0.001,100.162
386,97.785,10.2519,27.440,22.592,114.54,2.506,0.429,27.830,22.770,0.1779,-0.0716,0.023,0.000,0.198,-0.009,100.164
387,98.085,12.2157,27.377,22.700,114.99,2.491,0.424,27.748,22.904,0.1865,-0.0017,0.029,0.000,0.197,-0.008,99.671
388,98.336,9.4767,27.312,22.806,115.47,2.475,0.422,27.665,23.037,0.1866,0.0117,0.030,0.000,0.197,-0.014,100.016
389,98.585,9.7890,27.246,22.912,115.98,2.474,0.421,27.580,23.170,0.1929,0.0476,0.034,0.000,0.197,-0.005,50.167
390,98.836,9.9603,27.179,23.017,116.50,2.474,0.424,27.494,23.301,0.1924,0.0220,0.031,0.000,0.196,0.001,100.177
391,99.135,12.9042,27.110,23.122,117.02,2.481,0.423,27.494,23.301,0.1950,0.0850,0.037,0.000,0.196,0.003,100.055
392,99.386,10.9648,27.041,23.226,117.54,2.489,0.419,27.406,23.431,0.1834,0.0902,0.038,0.000,0.196,-0.004,99.982
393,99.685,10.4580,26.969,23.330,118.08,2.504,0.417,27.317,23.561,0.1910,0.0768,0.036,0.000,0.197,-0.004,99.845
394,99.886,9.2596,26.897,23.434,118.60,2.519,0.417,27.227,23.689,0.1985,0.0318,0.033,0.000,0.197,-0.012,50.696
395,100.185,13.5181,26.824,23.538,119.12,2.532,0.418,27.135,23.817,0.2188,0.0127,0.031,0.000,0.197,-0.019,100.633
396,100.435,10.4892,26.749,23.641,119.66,2.541,0.422,27.042,23.943,0.2242,0.1009,0.039,0.000,0.197,-0.030,99.974
397,100.736,11.5637,26.672,23.743,120.24,2.550,0.421,27.042,23.943,0.2055,0.0272,0.032,0.000,0.196,-0.039,100.370
398,100.936,10.2468,26.593,23.844,120.85,2.559,0.420,26.948,24.069,0.2056,0.0836,0.037,0.000,0.196,-0.026,50.047
399,101.185,9.7067,26.514,23.945,121.46,2.567,0.420,26.852,24.194,0.1949,0.1494,0.043,0.000,0.196,-0.025,50.006
400,101.436,9.7542,26.433,24.045,122.04,2.568,0.422,26.755,24.317,0.1959,0.0746,0.037,0.000,0.197,-0.012,100.196
401,101.736,10.5990,26.351,24.146,122.59,2.576,0.424,26.657,24.440,0.1894,0.0552,0.035,0.000,0.197,-0.002,99.865
402,101.985,11.8744,26.269,24.246,123.14,2.583,0.428,26.558,24.561,0.1769,0.0525,0.035,0.000,0.197,0.004,100.129
403,102.285,12.7819,26.185,24.346,123.70,2.588,0.431,26.558,24.561,0.1691,0.0454,0.034,0.000,0.197,0.015,100.246
404,102.535,11.8909,26.100,24.446,124.23,2.593,0.427,26.457,24.682,0.1675,0.0164,0.032,0.000,0.197,0.014,99.671
405,102.836,11.6837,26.016,24.546,124.73,2.601,0.425,26.355,24.801,0.1782,-0.0127,0.029,0.000,0.198,0.016,100.466
406,103.035,11.0625,25.930,24.645,125.21,2.605,0.423,26.252,24.920,0.1797,-0.0004,0.030,0.000,0.197,0.014,49.497
407,103.336,13.5406,25.843,24.744,125.70,2.604,0.422,26.147,25.037,0.1684,-0.0582,0.025,0.000,0.197,0.013,99.926
408,103.585,11.6488,25.756,24.841,126.22,2.604,0.423,26.041,25.153,0.1906,-0.0729,0.024,0.000,0.197,0.019,99.735
409,103.835,10.9318,25.668,24.938,126.74,2.593,0.425,25.935,25.268,0.1883,-0.0868,0.023,0.000,0.197,0.016,50.207
410,104.035,10.7947,25.579,25.033,127.23,2.584,0.426,25.935,25.268,0.1983,-0.1076,0.021,0.000,0.197,0.004,49.598
411,104.335,11.6771,25.489,25.127,127.75,2.579,0.423,25.826,25.382,0.2044,-0.0724,0.024,0.000,0.196,-0.004,100.098
412,104.586,10.0371,25.398,25.219,128.29,2.571,0.422,25.717,25.495,0.2034,-0.0727,0.024,0.000,0.196,-0.007,100.661
413,104.885,11.4483,25.307,25.309,128.86,2.562,0.423,25.607,25.607,0.2056,-0.0893,0.022,0.000,0.195,-0.003,100.135
414,105.135,10.1922,25.214,25.398,129.44,2.552,0.425,25.495,25.717,0.2118,-0.0625,0.024,0.000,0.195,0.003,99.973
415,105.435,12.3370,25.121,25.485,130.02,2.538,0.430,25.382,25.826,0.1996,-0.0463,0.026,0.000,0.195,-0.005,100.185
416,105.685,11.4432,25.027,25.571,130.60,2.524,0.436,25.268,25.935,0.1876,-0.0085,0.029,0.000,0.196,0.000,100.049
417,105.935,9.8954,24.933,25.657,131.18,2.515,0.435,25.268,25.935,0.1989,-0.0374,0.026,0.000,0.196,0.011,50.428
418,106.185,11.7296,24.839,25.741,131.72,2.506,0.435,25.153,26.041,0.1945,-0.0410,0.026,0.000,0.197,0.011,100.284
419,106.485,8.9198,24.744,25.825,132.24,2.501,0.435,25.037,26.147,0.1850,-0.0666,0.024,0.000,0.197,0.027,100.050
420,106.735,8.9484,24.649,25.907,132.77,2.497,0.438,24.920,26.252,0.1969,-0.0522,0.025,0.000,0.197,0.045,100.052
421,107.035,11.5344,24.553,25.989,133.29,2.488,0.442,24.801,26.355,0.1794,-0.0471,0.025,0.000,0.197,0.044,100.640
422,107.235,10.1205,24.457,26.070,133.82,2.489,0.447,24.801,26.355,0.1768,-0.0656,0.024,0.000,0.197,0.039,49.974
423,107.535,11.1052,24.361,26.149,134.33,2.481,0.444,24.682,26.457,0.1740,-0.0929,0.021,0.000,0.197,0.043,99.873
424,107.736,8.3935,24.265,26.228,134.82,2.474,0.443,24.561,26.558,0.1576,-0.0740,0.023,0.000,0.197,0.027,50.238
425,107.985,8.3484,24.169,26.306,135.30,2.463,0.444,24.440,26.657,0.1621,-0.0742,0.022,0.000,0.197,0.024,50.490
426,108.185,8.6913,24.073,26.384,135.75,2.446,0.445,24.317,26.755,0.1603,-0.1092,0.019,0.000,0.197,0.015,49.977
427,108.435,8.0753,23.977,26.460,136.18,2.431,0.448,24.194,26.852,0.1624,-0.0926,0.021,0.000,0.197,0.002,50.265
428,108.686,10.8334,23.881,26.535,136.60,2.417,0.446,24.194,26.852,0.1548,-0.0595,0.023,0.000,0.197,-0.003,100.491
429,108.985,9.6913,23.785,26.609,137.03,2.404,0.442,24.069,26.948,0.1577,-0.0429,0.025,0.000,0.197,0.005,99.946
430,109.236,10.2747,23.689,26.683,137.45,2.398,0.440,23.943,27.042,0.1539,0.0285,0.031,0.000,0.197,0.016,99.962
431,109.535,8.7629,23.593,26.756,137.86,2.399,0.441,23.817,27.135,0.1463,0.0249,0.031,0.000,0.197,0.025,100.187
432,109.786,8.1816,23.496,26.828,138.27,2.404,0.444,23.689,27.227,0.1614,0.0511,0.033,0.000,0.197,0.041,100.031
433,110.085,10.6758,23.399,26.899,138.66,2.411,0.438,23.689,27.227,0.1600,0.0553,0.034,0.000,0.198,0.045,99.899
434,110.336,9.3669,23.300,26.971,139.06,2.419,0.433,23.561,27.317,0.1792,0.0246,0.031,0.000,0.198,0.045,100.556
435,110.635,9.4389,23.201,27.041,139.48,2.425,0.432,23.431,27.406,0.1770,0.0388,0.032,0.000,0.198,0.048,100.264
436,110.885,8.4287,23.101,27.110,139.92,2.424,0.433,23.301,27.494,0.1813,0.0697,0.035,0.000,0.197,0.046,100.239
437,111.185,9.3571,22.999,27.179,140.39,2.428,0.436,23.170,27.580,0.1751,0.0660,0.035,0.000,0.197,0.043,99.840
438,111.436,11.1428,22.896,27.246,140.88,2.441,0.431,23.170,27.580,0.1723,0.0777,0.036,0.000,0.197,0.038,100.056
439,111.686,10.5202,22.793,27.313,141.36,2.454,0.428,23.037,27.665,0.1679,0.0890,0.037,0.000,0.197,0.040,50.057
440,111.936,11.7027,22.688,27.380,141.84,2.467,0.427,22.904,27.748,0.1805,0.1036,0.038,0.000,0.198,0.043,100.082
441,112.235,10.5942,22.583,27.446,142.29,2.482,0.428,22.770,27.830,0.1922,0.0791,0.036,0.000,0.198,0.046,100.241
442,112.436,11.6172,22.476,27.512,142.76,2.499,0.430,22.636,27.911,0.1905,0.1111,0.039,0.000,0.198,0.038,50.228
443,112.735,9.9550,22.368,27.576,143.26,2.516,0.429,22.636,27.911,0.1992,0.0931,0.038,0.000,0.197,0.032,98.632
444,112.936,11.1248,22.258,27.639,143.79,2.533,0.426,22.500,27.990,0.1895,0.0872,0.037,0.000,0.197,0.030,50.469
445,113.236,11.4022,22.147,27.702,144.34,2.546,0.426,22.364,28.068,0.1895,0.1036,0.039,0.000,0.197,0.026,100.185
446,113.435,11.4433,22.035,27.763,144.89,2.552,0.426,22.226,28.145,0.1822,0.0889,0.038,0.000,0.197,0.014,49.771
447,113.736,11.2238,21.922,27.825,145.43,2.554,0.429,22.088,28.220,0.1889,0.0364,0.033,0.000,0.197,-0.002,100.476
448,113.985,11.9665,21.808,27.885,145.95,2.560,0.432,21.949,28.293,0.1739,0.0068,0.031,0.000,0.197,-0.015,99.891
449,114.285,9.7752,21.694,27.945,146.47,2.566,0.432,21.949,28.293,0.1730,-0.0155,0.029,0.000,0.197,-0.031,99.998
450,114.535,12.8767,21.578,28.004,146.99,2.569,0.429,21.810,28.365,0.1867,-0.0413,0.026,0.000,0.197,-0.037,100.076
451,114.835,10.4531,21.463,28.063,147.48,2.562,0.426,21.670,28.436,0.1746,-0.0617,0.025,0.000,0.197,-0.041,100.509
452,115.085,10.7789,21.347,28.119,147.97,2.561,0.426,21.528,28.505,0.1715,-0.0653,0.024,0.000,0.197,-0.043,100.081
453,115.385,10.6266,21.231,28.175,148.47,2.558,0.426,21.387,28.572,0.1654,-0.0707,0.024,0.000,0.197,-0.029,100.026
454,115.635,8.7573,21.116,28.231,148.97,2.550,0.428,21.244,28.639,0.1680,-0.1278,0.018,0.000,0.197,-0.023,99.949
455,115.936,11.9559,21.000,28.285,149.45,2.542,0.430,21.244,28.639,0.1753,-0.1112,0.020,0.000,0.196,-0.026,100.338
456,116.185,11.4999,20.885,28.337,149.91,2.527,0.425,21.101,28.703,0.1778,-0.1634,0.015,0.000,0.196,-0.025,100.130
457,116.485,11.9596,20.769,28.389,150.39,2.508,0.422,20.957,28.766,0.1766,-0.1170,0.019,0.000,0.196,-0.021,100.152
458,116.735,13.1862,20.655,28.438,150.88,2.484,0.421,20.813,28.828,0.1663,-0.1326,0.017,0.000,0.195,-0.010,100.834
459,116.985,10.2529,20.540,28.486,151.37,2.465,0.421,20.668,28.888,0.1777,-0.1152,0.019,0.000,0.195,0.001,50.175
460,117.235,11.8546,20.427,28.534,151.84,2.442,0.424,20.522,28.947,0.1774,-0.0648,0.023,0.000,0.195,0.009,100.098
461,117.536,11.0897,20.313,28.579,152.29,2.425,0.422,20.522,28.947,0.1799,-0.0074,0.028,0.000,0.195,0.010,100.691
462,117.735,11.7196,20.200,28.624,152.76,2.418,0.419,20.376,29.004,0.1691,0.0022,0.029,0.000,0.196,0.010,49.987
463,118.035,11.2183,20.086,28.668,153.23,2.419,0.417,20.229,29.059,0.1632,0.0645,0.034,0.000,0.196,0.021,100.354
464,118.286,10.0044,19.972,28.711,153.71,2.428,0.417,20.081,29.113,0.1729,0.1387,0.041,0.000,0.196,0.021,100.243
465,118.536,10.7714,19.857,28.753,154.15,2.435,0.419,19.933,29.166,0.1790,0.1484,0.042,0.000,0.197,0.021,50.611
466,118.735,11.4624,19.741,28.795,154.60,2.455,0.417,19.933,29.166,0.1815,0.1138,0.039,0.000,0.197,0.012,50.225
467,119.035,11.0671,19.624,28.836,155.07,2.481,0.413,19.784,29.217,0.1770,0.1371,0.042,0.000,0.197,0.006,100.208
468,119.235,11.8971,19.506,28.875,155.57,2.495,0.411,19.635,29.266,0.1685,0.1036,0.039,0.000,0.197,0.011,50.202
469,119.485,12.1983,19.386,28.915,156.08,2.509,0.411,19.486,29.314,0.1785,0.1066,0.039,0.000,0.197,0.013,50.159
470,119.736,11.4728,19.266,28.953,156.55,2.514,0.412,19.335,29.360,0.1886,0.1368,0.042,0.000,0.197,0.014,99.860
471,119.985,11.0011,19.145,28.991,157.03,2.525,0.416,19.335,29.360,0.1888,0.0747,0.037,0.000,0.197,0.010,50.072
472,120.186,10.8398,19.022,29.027,157.53,2.543,0.411,19.185,29.404,0.1827,0.0676,0.036,0.000,0.197,0.012,50.055
473,120.486,9.7967,18.898,29.062,158.07,2.559,0.409,19.034,29.447,0.1977,0.0773,0.037,0.000,0.197,0.013,99.941
474,120.735,11.7925,18.773,29.096,158.62,2.570,0.408,18.882,29.489,0.1920,0.0165,0.032,0.000,0.197,0.008,99.761
475,120.986,11.7409,18.648,29.129,159.15,2.580,0.408,18.730,29.529,0.1830,-0.0216,0.028,0.000,0.197,0.005,50.245
476,121.185,9.1546,18.522,29.161,159.70,2.580,0.410,18.578,29.567,0.1926,-0.0706,0.024,0.000,0.197,0.003,50.048
477,121.485,11.1773,18.395,29.191,160.23,2.572,0.413,18.425,29.604,0.2109,-0.0756,0.023,0.000,0.197,0.001,100.284
478,121.736,12.3088,18.270,29.221,160.77,2.557,0.413,18.425,29.604,0.1970,-0.1072,0.021,0.000,0.197,-0.003,100.049
479,121.985,11.3583,18.144,29.248,161.32,2.550,0.411,18.272,29.639,0.2112,-0.1204,0.019,0.000,0.196,-0.006,50.056
480,122.236,9.8275,18.018,29.274,161.89,2.539,0.411,18.119,29.672,0.1921,-0.1227,0.019,0.000,0.196,-0.012,100.656
481,122.486,13.1360,17.893,29.298,162.47,2.528,0.413,17.965,29.704,0.1925,-0.1178,0.019,0.000,0.196,-0.021,50.001
482,122.735,11.5889,17.768,29.320,163.03,2.515,0.416,17.811,29.734,0.1920,-0.0998,0.021,0.000,0.196,-0.017,100.082
483,123.036,13.1118,17.644,29.342,163.57,2.498,0.421,17.656,29.763,0.1952,-0.0719,0.023,0.000,0.196,-0.016,100.507
484,123.236,11.9510,17.521,29.363,164.09,2.482,0.422,17.656,29.763,0.1917,-0.1156,0.019,0.000,0.196,-0.008,49.920
485,123.486,11.8014,17.398,29.383,164.61,2.470,0.420,17.502,29.790,0.1972,-0.0726,0.023,0.000,0.196,-0.002,50.175
486,123.686,9.5322,17.276,29.401,165.13,2.456,0.420,17.347,29.815,0.1941,-0.0178,0.027,0.000,0.196,0.006,50.603
487,123.985,8.9138,17.154,29.418,165.66,2.447,0.422,17.191,29.839,0.1822,0.0069,0.030,0.000,0.196,0.015,99.844
488,124.235,10.2060,17.032,29.434,166.18,2.448,0.427,17.036,29.861,0.1824,0.0047,0.029,0.000,0.196,0.023,100.149
489,124.536,10.4866,16.910,29.450,166.69,2.452,0.430,17.036,29.861,0.1779,0.0581,0.034,0.000,0.196,0.024,100.655
490,124.785,11.0960,16.788,29.464,167.18,2.456,0.427,16.880,29.882,0.1835,0.0539,0.034,0.000,0.196,0.015,100.046
491,125.085,10.8724,16.666,29.478,167.66,2.465,0.427,16.724,29.901,0.1793,0.0552,0.034,0.000,0.196,0.006,99.637
492,125.336,11.7103,16.543,29.491,168.15,2.471,0.428,16.568,29.918,0.1673,0.0374,0.033,0.000,0.197,0.005,100.387
493,125.636,10.9626,16.419,29.502,168.65,2.474,0.431,16.412,29.933,0.1652,0.0195,0.031,0.000,0.197,0.010,100.199
494,125.885,10.5625,16.295,29.514,169.12,2.476,0.435,16.412,29.933,0.1539,0.0275,0.032,0.000,0.197,0.012,99.795
495,126.136,11.9029,16.171,29.525,169.57,2.478,0.431,16.255,29.947,0.1571,0.0550,0.034,0.000,0.198,0.018,50.487
496,126.386,9.5030,16.047,29.535,170.00,2.481,0.428,16.099,29.960,0.1639,0.0155,0.031,0.000,0.198,0.021,100.483
497,126.686,12.8529,15.923,29.545,170.42,2.492,0.426,15.942,29.970,0.1649,0.0200,0.031,0.000,0.198,0.024,100.353
498,126.936,11.4410,15.798,29.553,170.86,2.496,0.426,15.785,29.979,0.1661,0.0480,0.034,0.000,0.197,0.029,100.318
499,127.186,12.8177,15.673,29.561,171.31,2.501,0.429,15.628,29.987,0.1590,0.0477,0.034,0.000,0.197,0.033,50.417
500,127.436,11.9021,15.548,29.567,171.77,2.511,0.428,15.628,29.987,0.1460,0.0280,0.032,0.000,0.197,0.044,99.970
501,127.686,13.2134,15.422,29.572,172.23,2.518,0.423,15.471,29.993,0.1330,0.0234,0.032,0.000,0.197,0.047,50.237
502,127.936,11.7909,15.296,29.578,172.65,2.523,0.419,15.314,29.997,0.1183,0.0486,0.034,0.000,0.198,0.048,100.022
503,128.235,11.1575,15.170,29.583,173.03,2.525,0.416,15.157,29.999,0.1086,0.1171,0.040,0.000,0.198,0.042,100.166
504,128.485,10.2332,15.043,29.589,173.38,2.526,0.414,15.000,30.000,0.1047,0.0849,0.037,0.000,0.198,0.038,100.048
505,128.735,12.0570,14.917,29.594,173.69,2.536,0.406,14.900,30.000,0.1032,0.0250,0.032,0.000,0.199,0.030,50.116
506,128.935,9.9930,14.789,29.600,173.99,2.544,0.400,14.800,30.000,0.0849,0.0415,0.034,0.000,0.199,0.024,50.510
507,129.235,11.4178,14.662,29.605,174.28,2.548,0.397,14.700,30.000,0.0835,0.0632,0.036,0.000,0.199,0.022,100.346
508,129.485,9.2041,14.534,29.611,174.55,2.549,0.391,14.500,30.000,0.0792,0.0215,0.032,0.000,0.199,0.022,100.236
509,129.786,14.2985,14.406,29.616,174.79,2.553,0.384,14.400,30.000,0.0647,0.0205,0.032,0.000,0.200,0.024,100.362
510,130.035,12.9153,14.277,29.621,175.01,2.558,0.379,14.300,30.000,0.0388,0.0111,0.031,0.000,0.200,0.026,100.147
511,130.285,10.6740,14.149,29.627,175.22,2.557,0.376,14.100,30.000,0.0422,0.0170,0.032,0.000,0.200,0.032,50.096
512,130.485,11.7591,14.021,29.633,175.38,2.553,0.367,14.000,30.000,0.0478,0.0319,0.033,0.000,0.200,0.030,50.251
513,130.786,12.1724,13.893,29.640,175.49,2.558,0.360,13.900,30.000,0.0607,0.0486,0.035,0.000,0.200,0.022,100.139
514,130.985,10.7588,13.764,29.646,175.61,2.571,0.356,13.800,30.000,0.0394,0.0063,0.031,0.000,0.200,0.017,50.000
515,131.285,12.8012,13.635,29.652,175.75,2.578,0.350,13.600,30.000,0.0374,0.0346,0.033,0.000,0.200,0.017,100.259
516,131.535,9.1701,13.506,29.658,175.90,2.578,0.343,13.500,30.000,0.0478,0.0351,0.033,0.000,0.200,0.018,100.019
517,131.786,8.8060,13.377,29.663,176.01,2.580,0.337,13.400,30.000,0.0372,-0.0336,0.027,0.000,0.200,0.008,50.064
518,132.036,9.7172,13.248,29.669,176.12,2.586,0.335,13.200,30.000,0.0407,-0.0821,0.023,0.000,0.200,0.001,99.914
519,132.336,5.0373,13.118,29.674,176.24,2.579,0.327,13.100,30.000,0.0416,-0.0938,0.022,0.000,0.200,-0.004,100.326
520,132.585,12.3223,12.989,29.679,176.35,2.567,0.321,13.000,30.000,0.0314,-0.0567,0.025,0.000,0.200,-0.014,100.139
521,132.885,9.3298,12.861,29.684,176.47,2.553,0.319,12.900,30.000,0.0252,-0.0762,0.023,0.000,0.200,-0.016,100.111
522,133.085,8.4330,12.733,29.689,176.57,2.542,0.313,12.700,30.000,0.0141,-0.0904,0.022,0.000,0.200,-0.015,50.313
523,133.335,8.0992,12.606,29.694,176.65,2.530,0.306,12.600,30.000,-0.0035,-0.0803,0.023,0.000,0.200,-0.014,50.362
524,133.586,8.4623,12.479,29.700,176.71,2.515,0.301,12.500,30.000,0.0074,-0.0509,0.025,0.000,0.200,-0.012,100.163
525,133.885,7.8945,12.354,29.706,176.73,2.505,0.297,12.400,30.000,0.0287,-0.0705,0.023,0.000,0.200,-0.013,99.848
526,134.085,10.6827,12.228,29.713,176.72,2.503,0.288,12.200,30.000,0.0393,-0.0969,0.021,0.000,0.200,-0.019,50.413
527,134.386,11.2325,12.103,29.719,176.75,2.500,0.281,12.100,30.000,0.0450,-0.1042,0.020,0.000,0.200,-0.019,100.212
528,134.585,7.7165,11.979,29.724,176.82,2.492,0.277,12.000,30.000,0.0449,-0.0686,0.023,0.000,0.199,-0.017,50.110
529,134.835,9.9650,11.854,29.728,176.91,2.481,0.275,11.900,30.000,0.0400,-0.0260,0.027,0.000,0.199,-0.011,50.169
530,135.036,8.3812,11.730,29.732,177.03,2.477,0.270,11.700,30.000,0.0361,0.0045,0.030,0.000,0.199,0.002,50.158
531,135.286,9.9887,11.607,29.735,177.14,2.476,0.265,11.600,30.000,0.0502,-0.0009,0.029,0.000,0.199,0.012,50.155
532,135.486,7.7423,11.483,29.738,177.25,2.478,0.262,11.500,30.000,0.0310,0.0026,0.029,0.000,0.199,0.014,50.004
533,135.735,11.8529,11.359,29.741,177.35,2.481,0.262,11.400,30.000,0.0480,0.0102,0.030,0.000,0.200,0.013,50.247
534,135.935,11.1750,11.235,29.744,177.46,2.480,0.259,11.200,30.000,0.0515,-0.0106,0.028,0.000,0.200,0.010,50.133
535,136.185,6.8675,11.111,29.746,177.56,2.485,0.254,11.100,30.000,0.0425,0.0154,0.031,0.000,0.200,0.001,50.114
536,136.385,9.9678,10.987,29.748,177.68,2.489,0.253,11.000,30.000,0.0381,-0.0164,0.028,0.000,0.200,0.005,50.288
537,136.685,11.7258,10.863,29.749,177.81,2.489,0.253,10.900,30.000,0.0229,-0.0361,0.026,0.000,0.200,0.010,100.093
538,136.935,6.0597,10.738,29.751,177.94,2.485,0.252,10.700,30.000,0.0135,-0.0446,0.025,0.000,0.200,0.015,100.018
539,137.236,5.6211,10.615,29.753,178.02,2.475,0.247,10.600,30.000,0.0107,-0.0466,0.025,0.000,0.200,0.015,100.203
540,137.486,5.9879,10.491,29.756,178.07,2.467,0.244,10.500,30.000,0.0026,-0.0155,0.028,0.000,0.200,0.009,100.218
541,137.786,5.7611,10.368,29.759,178.10,2.463,0.243,10.400,30.000,0.0073,-0.0393,0.026,0.000,0.200,0.009,100.372
542,138.035,3.9651,10.246,29.763,178.12,2.458,0.242,10.200,30.000,0.0177,-0.0456,0.025,0.000,0.200,0.015,100.414
543,138.335,5.9385,10.123,29.766,178.13,2.449,0.235,10.100,30.000,0.0173,-0.0691,0.023,0.000,0.200,0.013,100.435
544,138.585,3.1765,10.001,29.769,178.16,2.446,0.231,10.000,30.000,0.0067,-0.0891,0.021,0.000,0.200,0.017,100.040
545,138.836,5.6145,9.878,29.772,178.21,2.439,0.229,9.900,30.000,0.0148,-0.0482,0.024,0.000,0.200,0.024,50.082
546,139.036,2.6581,9.757,29.775,178.25,2.427,0.229,9.800,30.000,0.0190,-0.0103,0.028,0.000,0.200,0.023,50.028
547,139.285,2.5742,9.636,29.778,178.27,2.422,0.225,9.600,30.000,0.0285,0.0099,0.030,0.000,0.199,0.016,50.198
548,139.485,2.8072,9.515,29.780,178.31,2.428,0.221,9.500,30.000,0.0423,-0.0345,0.026,0.000,0.199,0.009,50.278
549,139.735,6.7348,9.393,29.781,178.37,2.429,0.219,9.400,30.000,0.0502,-0.0307,0.026,0.000,0.199,0.006,50.089
550,139.936,3.8917,9.272,29.782,178.46,2.425,0.220,9.300,30.000,0.0445,-0.0054,0.028,0.000,0.199,-0.003,49.855
551,140.186,4.6690,9.150,29.782,178.58,2.426,0.223,9.200,30.000,0.0362,0.0016,0.029,0.000,0.199,-0.005,50.385
552,140.386,7.8699,9.029,29.782,178.70,2.428,0.220,9.000,30.000,0.0299,-0.0082,0.028,0.000,0.199,0.001,49.881
553,140.686,8.5806,8.907,29.782,178.81,2.428,0.218,8.900,30.000,0.0357,0.0190,0.030,0.000,0.199,-0.002,100.150
554,140.935,6.0217,8.786,29.782,178.90,2.427,0.219,8.800,30.000,0.0355,-0.0055,0.028,0.000,0.200,-0.012,99.996
555,141.185,6.9362,8.664,29.781,178.98,2.431,0.221,8.700,30.000,0.0384,0.0007,0.029,0.000,0.200,-0.022,50.101
556,141.386,8.8828,8.543,29.781,179.08,2.435,0.223,8.500,30.000,0.0446,-0.0345,0.026,0.000,0.200,-0.029,50.188
557,141.686,7.4232,8.421,29.780,179.18,2.435,0.221,8.400,30.000,0.0447,-0.1156,0.018,0.000,0.200,-0.034,99.992
558,141.936,9.1080,8.299,29.778,179.29,2.433,0.222,8.300,30.000,0.0506,-0.2046,0.010,0.000,0.200,-0.035,99.822
559,142.236,9.5449,8.178,29.776,179.41,2.417,0.225,8.200,30.000,0.0541,-0.1852,0.012,0.000,0.199,-0.034,100.090
560,142.435,7.7836,8.058,29.774,179.53,2.387,0.230,8.100,30.000,0.0682,-0.1437,0.015,0.000,0.199,-0.035,50.256
561,142.735,10.6968,7.940,29.771,179.67,2.360,0.233,7.900,30.000,0.0690,-0.1604,0.013,0.000,0.199,-0.027,100.175
562,142.985,10.9481,7.823,29.767,179.82,2.342,0.234,7.800,30.000,0.0725,-0.1735,0.012,0.000,0.199,-0.015,100.144
563,143.236,11.1385,7.706,29.763,179.99,2.317,0.237,7.700,30.000,0.0908,-0.1773,0.012,0.000,0.198,0.001,49.708
564,143.485,11.0278,7.591,29.758,-179.83,2.286,0.243,7.600,30.000,0.0880,-0.1294,0.016,0.000,0.198,0.023,100.196
565,143.786,11.2328,7.476,29.752,-179.64,2.265,0.250,7.500,30.000,0.1001,-0.0828,0.020,0.000,0.198,0.033,100.548
566,144.036,11.7584,7.363,29.745,-179.43,2.258,0.258,7.400,30.000,0.1014,-0.0537,0.022,0.000,0.198,0.035,100.090
567,144.286,11.5259,7.251,29.737,-179.19,2.254,0.268,7.300,30.000,0.1107,-0.0562,0.022,0.000,0.197,0.025,49.813
568,144.485,11.1529,7.139,29.728,-178.95,2.250,0.274,7.100,30.000,0.1078,-0.0178,0.025,0.000,0.197,0.008,50.252
569,144.785,11.3663,7.027,29.719,-178.68,2.243,0.282,7.000,30.000,0.1064,0.0773,0.034,0.000,0.197,-0.013,100.032
570,145.035,14.7843,6.915,29.709,-178.42,2.240,0.292,6.900,30.000,0.0945,0.1233,0.038,0.000,0.198,-0.020,100.258
571,145.335,13.4530,6.803,29.698,-178.15,2.252,0.302,6.800,30.000,0.0862,0.1812,0.043,0.000,0.198,-0.025,100.477
572,145.585,10.2778,6.690,29.688,-177.90,2.273,0.312,6.700,30.000,0.0599,0.1615,0.041,0.000,0.199,-0.008,100.143
573,145.885,11.9350,6.576,29.677,-177.68,2.300,0.324,6.600,30.000,0.0576,0.1421,0.040,0.000,0.200,0.013,99.984
574,146.086,9.6732,6.460,29.667,-177.48,2.321,0.335,6.500,30.000,0.0327,0.0928,0.036,0.000,0.200,0.021,49.959
575,146.386,10.0438,6.344,29.658,-177.33,2.340,0.345,6.300,30.000,0.0256,0.0784,0.035,0.000,0.201,0.017,100.075
576,146.635,11.7207,6.227,29.649,-177.20,2.350,0.352,6.200,30.000,0.0048,0.1436,0.040,0.000,0.201,0.030,100.208
577,146.885,12.1029,6.110,29.641,-177.12,2.360,0.359,6.100,30.000,-0.0034,0.1338,0.040,0.000,0.201,0.023,50.467
578,147.135,10.0366,5.992,29.634,-177.08,2.365,0.366,6.000,30.000,-0.0191,0.1017,0.037,0.000,0.201,0.025,100.816
579,147.436,10.0125,5.873,29.628,-177.08,2.381,0.373,5.900,30.000,-0.0308,0.1127,0.038,0.000,0.201,0.012,99.833
580,147.636,9.9332,5.754,29.622,-177.10,2.395,0.380,5.800,30.000,-0.0495,0.1167,0.039,0.000,0.201,0.015,50.196
581,147.885,9.7123,5.634,29.618,-177.15,2.406,0.384,5.600,30.000,-0.0507,0.0865,0.036,0.000,0.201,0.007,50.089
582,148.135,11.2597,5.513,29.614,-177.22,2.416,0.386,5.500,30.000,-0.0693,0.0411,0.032,0.000,0.201,0.004,100.031
583,148.435,11.1017,5.392,29.611,-177.33,2.423,0.389,5.400,30.000,-0.0718,0.0562,0.034,0.000,0.201,0.000,100.168
584,148.686,11.2273,5.270,29.609,-177.46,2.426,0.392,5.300,30.000,-0.0809,0.0724,0.035,0.000,0.201,-0.004,100.140
585,148.985,13.3881,5.149,29.609,-177.63,2.430,0.394,5.100,30.000,-0.1026,0.0551,0.034,0.000,0.201,-0.014,100.551
586,149.236,12.2695,5.027,29.609,-177.82,2.435,0.392,5.000,30.000,-0.0960,0.0857,0.037,0.000,0.201,-0.013,100.088
587,149.536,11.3864,4.905,29.610,-178.03,2.439,0.390,4.900,30.000,-0.1126,0.0814,0.036,0.000,0.201,-0.012,100.410
588,149.786,10.3258,4.782,29.613,-178.28,2.445,0.387,4.800,30.000,-0.1073,0.1119,0.039,0.000,0.201,-0.002,100.104
589,150.035,12.3419,4.659,29.617,-178.56,2.453,0.385,4.700,30.000,-0.1224,0.0636,0.035,0.000,0.201,0.001,49.833
590,150.286,10.5436,4.536,29.622,-178.86,2.462,0.379,4.500,30.000,-0.1265,0.0806,0.036,0.000,0.201,0.003,100.363
591,150.536,11.3765,4.413,29.628,-179.17,2.467,0.372,4.400,30.000,-0.1028,0.0759,0.036,0.000,0.201,0.010,50.400
592,150.785,12.2364,4.289,29.636,-179.51,2.474,0.364,4.300,30.000,-0.1137,0.0778,0.036,0.000,0.201,0.011,100.291
593,151.085,11.8501,4.165,29.644,-179.84,2.491,0.358,4.200,30.000,-0.1194,0.0764,0.036,0.000,0.201,0.008,100.023
594,151.336,9.8962,4.040,29.652,179.84,2.499,0.350,4.000,30.000,-0.1209,0.0428,0.034,0.000,0.201,0.015,100.143
595,151.586,12.1869,3.914,29.661,179.52,2.503,0.339,3.900,30.000,-0.1144,0.0095,0.031,0.000,0.201,0.017,50.168
596,151.835,10.1169,3.789,29.672,179.18,2.504,0.328,3.800,30.000,-0.1163,-0.0044,0.029,0.000,0.201,0.018,99.698
597,152.085,12.6910,3.663,29.683,178.83,2.509,0.319,3.700,30.000,-0.1208,-0.0560,0.025,0.000,0.201,0.022,50.199
598,152.336,11.5460,3.538,29.694,178.50,2.507,0.308,3.500,30.000,-0.1115,-0.0952,0.021,0.000,0.201,0.025,99.783
599,152.636,11.4111,3.413,29.707,178.17,2.497,0.293,3.400,30.000,-0.1092,-0.1354,0.018,0.000,0.201,0.021,100.331
600,152.835,11.5948,3.289,29.720,177.85,2.487,0.280,3.300,30.000,-0.1017,-0.1504,0.016,0.000,0.200,0.018,49.665
601,153.135,12.0337,3.165,29.733,177.53,2.473,0.269,3.200,30.000,-0.0896,-0.1890,0.012,0.000,0.200,0.012,100.172
602,153.386,12.6926,3.042,29.746,177.24,2.455,0.257,3.000,30.000,-0.0730,-0.1148,0.019,0.000,0.199,0.005,100.573
603,153.635,10.3164,2.921,29.759,176.98,2.434,0.242,2.900,30.000,-0.0464,-0.0760,0.022,0.000,0.199,-0.005,50.028
604,153.835,11.3143,2.800,29.772,176.76,2.424,0.228,2.800,30.000,0.0560,-0.1092,0.019,0.000,0.199,-0.009,50.031
605,154.086,9.8945,2.679,29.783,176.58,2.418,0.218,2.700,30.000,0.0208,-0.0645,0.023,0.000,0.198,-0.024,50.176
606,154.286,9.9442,2.558,29.792,176.49,2.414,0.212,2.600,30.000,-0.0104,-0.1353,0.017,0.000,0.198,-0.035,50.304
607,154.585,8.9053,2.437,29.799,176.51,2.415,0.204,2.400,30.000,-0.0265,-0.0778,0.021,0.000,0.198,-0.021,100.177
608,154.835,9.8991,2.316,29.806,176.54,2.395,0.194,2.300,30.000,-0.0574,-0.0812,0.021,0.000,0.198,-0.007,100.339
609,155.085,8.1983,2.197,29.815,176.50,2.373,0.185,2.200,30.000,-0.0932,-0.0436,0.024,0.000,0.199,-0.014,50.254
610,155.335,11.9159,2.079,29.824,176.41,2.359,0.178,2.100,30.000,-0.1617,0.0488,0.032,0.000,0.200,-0.009,100.105
611,155.635,11.4200,1.961,29.834,176.29,2.358,0.170,2.000,30.000,-0.1878,0.0850,0.036,0.000,0.201,0.006,100.207
612,155.885,11.1018,1.843,29.846,176.14,2.358,0.160,1.800,30.000,-0.2138,0.0929,0.037,0.000,0.201,0.021,100.484
613,156.186,9.9024,1.726,29.860,175.93,2.359,0.142,1.700,30.000,-0.2419,0.1208,0.039,0.000,0.201,0.028,99.864
614,156.435,11.8036,1.608,29.877,175.65,2.364,0.124,1.600,30.000,-0.2593,0.1073,0.038,0.000,0.202,0.027,99.981
615,156.685,11.5085,1.490,29.895,175.31,2.379,0.105,1.500,30.000,-0.2856,0.0880,0.036,0.000,0.202,0.025,49.635
616,156.935,12.9010,1.373,29.916,174.91,2.380,0.088,1.400,30.000,-0.3092,0.0173,0.030,0.000,0.202,0.029,101.013
617,157.235,11.7503,1.256,29.939,174.45,2.369,0.075,1.300,30.000,-0.3511,0.0265,0.031,0.000,0.202,0.031,100.150
618,157.435,9.8009,1.140,29.965,173.91,2.361,0.053,1.100,30.000,-0.3724,-0.0214,0.027,0.000,0.202,0.032,50.599
619,157.685,10.8547,1.025,29.994,173.31,2.342,0.026,1.000,30.000,-0.3810,-0.0259,0.027,0.000,0.202,0.031,50.638
620,157.936,12.7270,0.912,30.026,172.63,2.317,0.028,0.900,30.000,-0.3911,-0.0521,0.024,0.000,0.201,0.014,100.131
621,158.236,10.3865,0.800,30.061,171.89,2.294,0.061,0.800,30.000,-0.4072,-0.1000,0.020,0.000,0.201,-0.005,100.153
622,158.485,10.0141,0.690,30.099,171.10,2.270,0.100,0.700,30.000,-0.3890,-0.1077,0.019,0.000,0.201,-0.011,100.249
623,158.735,11.6986,0.582,30.140,170.25,2.243,0.141,0.600,30.000,-0.3579,-0.0807,0.021,0.000,0.201,-0.000,50.180
624,158.985,11.1797,0.477,30.184,169.35,2.220,0.185,0.500,30.000,-0.3240,-0.0182,0.027,0.000,0.200,0.010,100.071
625,159.285,11.5606,0.374,30.230,168.39,2.195,0.231,0.400,30.000,-0.2554,-0.0305,0.026,0.000,0.200,0.005,100.410
626,159.535,11.6111,0.272,30.277,167.45,2.203,0.278,0.300,30.000,-0.2012,0.0568,0.033,0.000,0.200,-0.030,100.317
627,159.836,12.6919,0.169,30.323,166.59,2.231,0.325,0.200,30.000,-0.1069,0.0587,0.034,0.000,0.199,-0.017,101.000
628,160.085,9.8627,0.064,30.369,165.88,2.272,0.371,0.100,30.000,0.0092,0.0854,0.036,0.000,0.198,-0.003,100.541
629,160.386,5.8605,-0.043,30.413,165.30,2.299,0.415,0.000,30.000,0.0988,0.0674,0.035,0.000,0.197,0.009,100.174
630,160.635,12.6215,-0.152,30.454,164.87,2.336,0.456,-0.200,30.000,0.1786,0.0577,0.034,0.000,0.196,0.014,99.821
631,160.935,10.0544,-0.264,30.491,164.59,2.373,0.492,-0.300,30.000,0.2411,0.0174,0.030,0.000,0.195,0.015,99.892
632,161.136,10.0456,-0.378,30.524,164.50,2.403,0.525,-0.400,30.000,0.2919,0.0173,0.030,0.000,0.195,0.016,50.861
633,161.436,15.4366,-0.495,30.553,164.60,2.420,0.553,-0.500,30.000,0.3222,0.0041,0.029,0.000,0.195,0.022,100.185
634,161.635,11.5615,-0.614,30.579,164.84,2.430,0.579,-0.600,30.000,0.3513,0.0243,0.031,0.000,0.195,0.032,49.857
635,161.886,9.4310,-0.733,30.602,165.17,2.430,0.603,-0.700,30.000,0.3695,-0.0500,0.024,0.000,0.195,0.038,49.566
636,162.086,12.1283,-0.854,30.622,165.57,2.432,0.623,-0.900,30.000,0.3788,-0.0612,0.023,0.000,0.195,0.030,50.597
637,162.384,11.7727,-0.975,30.638,166.06,2.441,0.639,-1.000,30.000,0.4052,-0.0810,0.021,0.000,0.195,0.016,100.410
638,162.636,11.4183,-1.096,30.651,166.64,2.431,0.651,-1.100,30.000,0.4102,-0.0896,0.021,0.000,0.195,0.009,100.005
639,162.936,11.7131,-1.218,30.661,167.30,2.409,0.661,-1.200,30.000,0.4172,-0.0803,0.021,0.000,0.194,0.004,99.797
640,163.185,9.4974,-1.339,30.667,168.04,2.390,0.668,-1.300,30.000,0.4146,-0.0530,0.024,0.000,0.194,-0.005,100.150
641,163.485,12.4296,-1.460,30.670,168.83,2.381,0.671,-1.500,30.000,0.4136,-0.0519,0.024,0.000,0.194,-0.009,99.987
642,163.685,10.3378,-1.581,30.669,169.68,2.366,0.670,-1.600,30.000,0.4007,-0.0794,0.021,0.000,0.193,-0.013,50.275
643,163.985,11.2894,-1.701,30.665,170.59,2.354,0.665,-1.700,30.000,0.3932,-0.0373,0.025,0.000,0.193,-0.010,100.079
644,164.185,10.9378,-1.820,30.657,171.56,2.341,0.657,-1.800,30.000,0.3957,-0.0145,0.027,0.000,0.193,-0.014,50.209
645,164.485,12.0318,-1.940,30.645,172.59,2.319,0.647,-1.900,30.000,0.3865,0.0238,0.030,0.000,0.193,-0.001,100.192
646,164.736,11.8372,-2.058,30.631,173.65,2.321,0.632,-2.100,30.000,0.3757,0.1006,0.037,0.000,0.193,-0.009,100.131
647,164.985,9.5169,-2.177,30.615,174.69,2.330,0.615,-2.200,30.000,0.3591,0.1898,0.045,0.000,0.194,-0.002,50.389
648,165.186,9.8769,-2.295,30.597,175.70,2.345,0.597,-2.300,30.000,0.3456,0.1890,0.045,0.000,0.195,-0.016,50.573
649,165.485,8.6253,-2.415,30.579,176.66,2.371,0.579,-2.400,30.000,0.3283,0.2197,0.048,0.000,0.196,-0.023,100.297
650,165.685,9.8083,-2.536,30.559,177.59,2.402,0.560,-2.500,30.000,0.3164,0.1770,0.045,0.000,0.197,-0.030,50.234
651,165.986,8.8122,-2.657,30.539,178.49,2.430,0.541,-2.700,30.000,0.3031,0.1628,0.044,0.000,0.197,-0.029,100.050
652,166.235,9.5529,-2.780,30.518,179.37,2.456,0.518,-2.800,30.000,0.2919,0.1988,0.047,0.000,0.198,-0.012,100.074
653,166.485,7.8339,-2.903,30.495,-179.79,2.485,0.495,-2.900,30.000,0.2694,0.1918,0.047,0.000,0.198,-0.013,50.407
654,166.685,8.3066,-3.027,30.472,-178.97,2.511,0.473,-3.000,30.000,0.2428,0.1915,0.047,0.000,0.197,-0.001,50.259
655,166.985,7.9434,-3.153,30.449,-178.20,2.530,0.451,-3.200,30.000,0.2183,0.1633,0.045,0.000,0.197,0.013,100.071
656,167.185,8.5082,-3.279,30.425,-177.49,2.552,0.425,-3.300,30.000,0.1879,0.1164,0.041,0.000,0.198,0.020,49.728
657,167.485,9.8608,-3.406,30.401,-176.85,2.572,0.402,-3.400,30.000,0.1581,0.0853,0.038,0.000,0.198,0.026,100.200
658,167.685,8.8767,-3.534,30.379,-176.28,2.579,0.380,-3.500,30.000,0.1386,0.0250,0.033,0.000,0.198,0.031,50.271
659,167.985,10.6618,-3.662,30.357,-175.78,2.580,0.359,-3.700,30.000,0.1123,-0.0629,0.025,0.000,0.199,0.045,99.952
660,168.186,8.6052,-3.790,30.335,-175.36,2.575,0.336,-3.800,30.000,0.0890,-0.1058,0.021,0.000,0.199,0.044,50.483
661,168.485,10.1541,-3.918,30.315,-175.00,2.562,0.316,-3.900,30.000,0.0903,-0.1041,0.021,0.000,0.199,0.035,100.216
662,168.735,10.0980,-4.044,30.297,-174.72,2.548,0.300,-4.000,30.000,0.0623,-0.1595,0.016,0.000,0.199,0.029,99.986
663,169.035,9.4512,-4.170,30.278,-174.48,2.534,0.279,-4.200,30.000,0.0653,-0.1742,0.015,0.000,0.199,0.020,100.181
664,169.285,8.5529,-4.296,30.260,-174.27,2.518,0.260,-4.300,30.000,0.0409,-0.1423,0.017,0.000,0.198,0.021,100.122
665,169.536,10.4777,-4.419,30.242,-174.08,2.496,0.243,-4.400,30.000,0.0482,-0.0885,0.022,0.000,0.198,0.017,50.144
666,169.785,9.7617,-4.542,30.226,-173.94,2.474,0.229,-4.500,30.000,0.0619,-0.0477,0.025,0.000,0.198,0.012,100.040
667,170.086,11.4112,-4.664,30.209,-173.83,2.466,0.212,-4.700,30.000,0.0648,-0.0179,0.028,0.000,0.198,0.002,100.211
668,170.336,9.1765,-4.786,30.191,-173.70,2.468,0.192,-4.800,30.000,0.0669,-0.0320,0.027,0.000,0.198,0.000,100.311
669,170.636,10.3418,-4.907,30.173,-173.53,2.467,0.173,-4.900,30.000,0.0925,-0.0351,0.026,0.000,0.198,0.005,100.503
670,170.885,11.3102,-5.029,30.154,-173.35,2.462,0.157,-5.000,30.000,0.1053,-0.0312,0.027,0.000,0.198,0.009,100.167
671,171.186,9.9592,-5.150,30.134,-173.16,2.454,0.143,-5.200,30.000,0.1038,-0.0415,0.026,0.000,0.198,0.007,99.776
672,171.435,11.4114,-5.271,30.113,-172.95,2.449,0.117,-5.300,30.000,0.1277,-0.0731,0.023,0.000,0.198,0.003,100.240
673,171.736,8.7501,-5.392,30.091,-172.70,2.444,0.091,-5.400,30.000,0.1689,-0.0662,0.023,0.000,0.198,0.006,100.176
674,171.985,12.1322,-5.512,30.067,-172.42,2.439,0.068,-5.500,30.000,0.1967,-0.0514,0.025,0.000,0.198,0.005,100.038
675,172.285,12.5516,-5.632,30.042,-172.10,2.431,0.053,-5.600,30.000,0.2363,-0.1084,0.019,0.000,0.197,0.011,100.273
676,172.536,10.5413,-5.751,30.015,-171.74,2.430,0.051,-5.800,30.000,0.2616,-0.1348,0.017,0.000,0.197,0.012,100.013
677,172.835,13.2982,-5.869,29.987,-171.33,2.416,0.033,-5.900,30.000,0.2862,-0.1794,0.013,0.000,0.197,0.021,100.461
678,173.086,10.6343,-5.986,29.956,-170.87,2.395,0.046,-6.000,30.000,0.3005,-0.2347,0.008,0.000,0.196,0.020,100.504
679,173.386,9.1631,-6.102,29.923,-170.37,2.370,0.077,-6.100,30.000,0.3079,-0.1755,0.013,0.000,0.195,0.014,99.917
680,173.585,12.4580,-6.215,29.888,-169.81,2.340,0.113,-6.200,30.000,0.3157,-0.1670,0.013,0.000,0.195,0.009,50.117
681,173.885,9.2174,-6.326,29.850,-169.22,2.304,0.152,-6.300,30.000,0.3187,-0.1494,0.015,0.000,0.194,0.015,100.221
682,174.085,12.5671,-6.435,29.811,-168.59,2.277,0.192,-6.400,30.000,0.3050,-0.1286,0.016,0.000,0.194,0.016,50.212
683,174.384,13.5697,-6.543,29.770,-167.91,2.254,0.234,-6.500,30.000,0.2678,-0.0999,0.019,0.000,0.194,0.028,100.196
684,174.635,10.1362,-6.649,29.727,-167.20,2.249,0.277,-6.600,30.000,0.1949,-0.1186,0.017,0.000,0.193,0.046,100.292
685,174.936,11.4983,-6.753,29.683,-166.49,2.239,0.320,-6.800,30.000,0.1232,-0.1489,0.014,0.000,0.194,0.051,100.326
686,175.136,9.3062,-6.858,29.641,-165.87,2.208,0.362,-6.900,30.000,0.0486,-0.1094,0.017,0.000,0.195,0.049,50.287
687,175.436,5.1685,-6.961,29.600,-165.36,2.190,0.402,-7.000,30.000,-0.0652,-0.0682,0.021,0.000,0.196,0.045,100.205
688,175.635,9.7652,-7.063,29.562,-164.97,2.174,0.440,-7.100,30.000,-0.1612,0.0031,0.027,0.000,0.197,0.039,49.851
689,175.886,10.3243,-7.166,29.526,-164.69,2.164,0.475,-7.200,30.000,-0.2324,0.0316,0.030,0.000,0.198,0.032,49.796
690,176.135,10.6008,-7.268,29.495,-164.57,2.154,0.506,-7.300,30.000,-0.2869,0.0900,0.035,0.000,0.199,0.018,100.358
691,176.435,14.1595,-7.371,29.469,-164.65,2.121,0.532,-7.400,30.000,-0.3253,0.1220,0.038,0.000,0.200,0.003,100.843
692,176.685,12.4526,-7.475,29.446,-164.86,2.110,0.555,-7.500,30.000,-0.3433,0.1089,0.037,0.000,0.201,-0.014,100.591
693,176.985,12.7674,-7.580,29.425,-165.13,2.139,0.575,-7.600,30.000,-0.3602,0.0899,0.035,0.000,0.202,0.021,100.162
694,177.235,12.1105,-7.686,29.408,-165.47,2.133,0.593,-7.700,30.000,-0.3618,0.1314,0.039,0.000,0.202,0.034,99.677
695,177.535,13.0418,-7.792,29.392,-165.89,2.132,0.608,-7.800,30.000,-0.3522,0.0948,0.036,0.000,0.202,0.022,100.195
696,177.785,11.5828,-7.899,29.380,-166.41,2.132,0.620,-7.900,30.000,-0.3659,0.0986,0.036,0.000,0.202,-0.022,100.151
697,178.085,12.1115,-8.006,29.371,-167.00,2.125,0.629,-8.000,30.000,-0.3731,0.1145,0.038,0.000,0.202,-0.058,100.005
698,178.285,9.8202,-8.113,29.365,-167.66,2.126,0.635,-8.100,30.000,-0.3726,0.1407,0.040,0.000,0.202,-0.036,50.690
699,178.585,13.7140,-8.221,29.362,-168.38,2.133,0.638,-8.200,30.000,-0.3724,0.1551,0.042,0.000,0.202,-0.003,100.494
700,178.836,10.5619,-8.330,29.362,-169.16,2.131,0.639,-8.300,30.000,-0.3797,0.2323,0.049,0.000,0.202,0.001,99.972
701,179.135,12.9829,-8.439,29.365,-170.00,2.141,0.636,-8.400,30.000,-0.3861,0.2671,0.052,0.000,0.202,-0.005,100.203
702,179.386,9.5981,-8.548,29.371,-170.91,2.144,0.631,-8.500,30.000,-0.3665,0.2897,0.055,0.000,0.202,-0.033,99.914
703,179.685,13.0979,-8.659,29.381,-171.88,2.155,0.620,-8.700,30.000,-0.3545,0.2592,0.052,0.000,0.203,-0.016,100.041
704,179.936,10.4196,-8.770,29.394,-172.90,2.193,0.607,-8.800,30.000,-0.3460,0.2650,0.053,0.000,0.203,-0.001,99.826
705,180.235,11.7004,-8.883,29.407,-173.91,2.236,0.593,-8.900,30.000,-0.3381,0.3160,0.058,0.000,0.203,0.004,100.256
706,180.435,7.3419,-8.998,29.422,-174.88,2.280,0.578,-9.000,30.000,-0.3257,0.3272,0.059,0.000,0.203,0.013,50.134
707,180.736,9.7111,-9.115,29.439,-175.83,2.323,0.561,-9.100,30.000,-0.3122,0.2845,0.056,0.000,0.202,0.014,100.116
708,180.985,7.7904,-9.234,29.456,-176.78,2.364,0.545,-9.200,30.000,-0.3068,0.2372,0.052,0.000,0.202,0.016,100.168
709,181.285,12.4811,-9.354,29.475,-177.70,2.411,0.527,-9.400,30.000,-0.3006,0.2557,0.054,0.000,0.202,0.018,99.911
710,181.535,11.7638,-9.476,29.496,-178.61,2.443,0.505,-9.500,30.000,-0.2849,0.2441,0.053,0.000,0.202,0.018,100.700
711,181.836,12.3842,-9.599,29.517,-179.50,2.478,0.483,-9.600,30.000,-0.2620,0.1862,0.048,0.000,0.203,0.001,100.154
712,182.085,11.5684,-9.724,29.540,179.62,2.516,0.461,-9.700,30.000,-0.2473,0.1488,0.045,0.000,0.202,-0.020,100.647
713,182.386,11.8294,-9.850,29.563,178.81,2.548,0.440,-9.900,30.000,-0.2229,0.0576,0.037,0.000,0.201,-0.016,100.319
714,182.635,11.2685,-9.978,29.587,178.06,2.577,0.414,-10.000,30.000,-0.2114,0.0470,0.037,0.000,0.201,0.005,99.747
715,182.885,9.7482,-10.106,29.611,177.36,2.595,0.389,-10.100,30.000,-0.1836,0.0224,0.034,0.000,0.200,0.027,50.157
716,183.135,12.7560,-10.235,29.635,176.71,2.612,0.367,-10.200,30.000,-0.1562,-0.0188,0.031,0.000,0.200,0.044,99.932
717,183.435,11.9399,-10.365,29.658,176.11,2.625,0.344,-10.400,30.000,-0.1100,-0.0597,0.027,0.000,0.200,0.038,100.358
718,183.635,8.8298,-10.495,29.681,175.59,2.643,0.319,-10.500,30.000,-0.0526,-0.1266,0.021,0.000,0.199,0.018,50.212
719,183.885,10.3054,-10.625,29.702,175.16,2.647,0.299,-10.600,30.000,0.0170,-0.1620,0.018,0.000,0.199,0.016,50.235
720,184.135,11.9963,-10.756,29.722,174.83,2.641,0.281,-10.800,30.000,0.1136,-0.2190,0.013,0.000,0.198,-0.001,99.893
721,184.436,11.8569,-10.887,29.739,174.62,2.629,0.261,-10.900,30.000,0.2475,-0.2208,0.012,0.000,0.197,-0.011,100.024
722,184.635,9.7603,-11.018,29.753,174.53,2.615,0.248,-11.000,30.000,0.2464,-0.1713,0.016,0.000,0.196,-0.021,49.911
723,184.935,12.1505,-11.149,29.762,174.63,2.609,0.243,-11.100,30.000,0.2028,-0.2061,0.013,0.000,0.195,0.000,100.128
724,185.186,13.2460,-11.279,29.767,174.88,2.596,0.234,-11.300,30.000,0.1633,-0.2239,0.011,0.000,0.195,0.011,100.247
725,185.435,7.1677,-11.409,29.769,175.21,2.573,0.231,-11.400,30.000,0.1221,-0.1714,0.016,0.000,0.195,0.015,50.186
726,185.685,13.1016,-11.537,29.769,175.58,2.550,0.234,-11.500,30.000,0.0440,-0.2019,0.013,0.000,0.195,0.031,100.099
727,185.986,11.8156,-11.665,29.769,175.96,2.525,0.234,-11.700,30.000,-0.0211,-0.1510,0.017,0.000,0.196,0.044,100.097
728,186.185,10.8685,-11.790,29.770,176.26,2.501,0.230,-11.800,30.000,-0.0844,-0.1572,0.016,0.000,0.197,0.043,49.935
729,186.485,12.3626,-11.914,29.774,176.42,2.464,0.227,-11.900,30.000,-0.1329,-0.1236,0.019,0.000,0.199,0.032,100.302
730,186.736,11.1589,-12.036,29.780,176.43,2.426,0.222,-12.000,30.000,-0.1675,-0.0531,0.025,0.000,0.199,0.027,100.502
731,187.035,12.2178,-12.156,29.790,176.34,2.404,0.215,-12.200,30.000,-0.1755,-0.0461,0.026,0.000,0.200,0.004,100.100
732,187.286,11.9687,-12.275,29.802,176.19,2.394,0.200,-12.300,30.000,-0.2038,0.0122,0.031,0.000,0.200,0.007,100.220
733,187.586,11.5977,-12.393,29.816,175.99,2.386,0.185,-12.400,30.000,-0.2274,0.0173,0.031,0.000,0.200,0.017,100.706
734,187.836,12.5182,-12.511,29.832,175.73,2.379,0.169,-12.500,30.000,-0.2228,0.0519,0.034,0.000,0.200,0.021,100.087
735,188.135,12.9858,-12.628,29.850,175.38,2.371,0.153,-12.600,30.000,-0.2465,0.0850,0.037,0.000,0.201,0.027,100.195
736,188.336,12.9027,-12.744,29.870,174.98,2.369,0.137,-12.700,30.000,-0.2555,0.0950,0.038,0.000,0.201,0.015,50.092
737,188.586,12.5908,-12.861,29.893,174.51,2.370,0.114,-12.900,30.000,-0.2723,0.0727,0.036,0.000,0.201,-0.010,50.933
738,188.835,9.9438,-12.977,29.919,174.00,2.363,0.085,-13.000,30.000,-0.2655,0.0647,0.036,0.000,0.201,-0.028,99.904
739,189.135,9.8742,-13.092,29.947,173.42,2.356,0.054,-13.100,30.000,-0.2634,0.0401,0.034,0.000,0.202,-0.046,100.533
740,189.386,10.3789,-13.207,29.978,172.78,2.354,0.023,-13.200,30.000,-0.2340,0.0084,0.031,0.000,0.202,-0.055,100.601
741,189.636,9.9117,-13.321,30.012,172.09,2.340,0.024,-13.300,30.000,-0.2247,0.0240,0.032,0.000,0.202,-0.041,50.109
742,189.835,8.4340,-13.434,30.047,171.39,2.357,0.058,-13.400,30.000,-0.1821,0.0902,0.038,0.000,0.202,-0.021,50.173
743,190.085,4.6180,-13.549,30.082,170.75,2.380,0.095,-13.500,30.000,-0.1312,0.0630,0.036,0.000,0.201,-0.001,50.261
744,190.335,9.6478,-13.664,30.116,170.18,2.408,0.122,-13.700,30.000,-0.0654,0.0337,0.033,0.000,0.200,0.001,99.941
745,190.635,7.1835,-13.781,30.150,169.71,2.430,0.151,-13.800,30.000,-0.0132,0.0200,0.032,0.000,0.199,0.011,100.571
746,190.836,6.2144,-13.900,30.182,169.33,2.453,0.182,-13.900,30.000,0.0750,0.0252,0.033,0.000,0.198,0.012,50.458
747,191.135,7.5420,-14.020,30.212,169.06,2.476,0.212,-14.000,30.000,0.1363,-0.0368,0.027,0.000,0.198,0.007,100.114
748,191.336,2.9694,-14.141,30.239,168.91,2.494,0.242,-14.100,30.000,0.1926,0.0084,0.031,0.000,0.197,-0.006,50.159
749,191.586,7.5514,-14.264,30.262,168.90,2.505,0.265,-14.300,30.000,0.2115,-0.0504,0.026,0.000,0.197,-0.012,50.044
750,191.785,9.7852,-14.388,30.284,169.00,2.513,0.284,-14.400,30.000,0.2397,-0.0675,0.024,0.000,0.197,-0.005,50.166
751,192.085,9.3983,-14.512,30.303,169.18,2.511,0.303,-14.500,30.000,0.2501,-0.0949,0.022,0.000,0.197,-0.003,100.077
752,192.336,7.8898,-14.637,30.319,169.42,2.508,0.321,-14.600,30.000,0.2767,-0.0956,0.022,0.000,0.197,-0.008,100.333
753,192.635,9.2659,-14.762,30.333,169.72,2.502,0.335,-14.800,30.000,0.2839,-0.1259,0.019,0.000,0.196,-0.017,100.049
754,192.885,8.2075,-14.887,30.345,170.11,2.495,0.345,-14.900,30.000,0.2877,-0.1312,0.018,0.000,0.196,-0.034,100.165
755,193.185,6.9170,-15.011,30.354,170.56,2.483,0.354,-15.000,30.000,0.3069,-0.1741,0.014,0.000,0.196,-0.043,100.144
756,193.436,8.2286,-15.135,30.360,171.07,2.460,0.361,-15.157,29.999,0.3158,-0.1705,0.014,0.000,0.195,-0.049,100.024
757,193.686,7.7275,-15.259,30.363,171.62,2.437,0.370,-15.314,29.997,0.3141,-0.2038,0.011,0.000,0.195,-0.056,49.687
758,193.885,9.2657,-15.381,30.363,172.24,2.410,0.372,-15.314,29.997,0.3344,-0.1545,0.015,0.000,0.194,-0.056,49.984
759,194.186,7.8933,-15.502,30.360,172.91,2.387,0.369,-15.471,29.993,0.3210,-0.1887,0.012,0.000,0.194,-0.044,100.177
760,194.435,8.9107,-15.623,30.355,173.63,2.370,0.369,-15.628,29.987,0.3200,-0.1425,0.016,0.000,0.194,-0.035,100.185
761,194.685,10.7502,-15.741,30.348,174.38,2.345,0.371,-15.785,29.979,0.3291,-0.0944,0.020,0.000,0.193,-0.021,50.166
762,194.936,10.9958,-15.859,30.337,175.16,2.323,0.365,-15.785,29.979,0.3407,-0.0497,0.024,0.000,0.193,-0.030,99.956
763,195.235,9.0793,-15.976,30.324,175.97,2.303,0.355,-15.942,29.970,0.3403,-0.0425,0.025,0.000,0.193,-0.034,100.081
764,195.486,12.8686,-16.092,30.308,176.81,2.290,0.349,-16.099,29.960,0.3326,-0.0542,0.023,0.000,0.193,-0.032,100.110
765,195.784,9.8869,-16.207,30.290,177.69,2.289,0.346,-16.255,29.947,0.3300,-0.0350,0.025,0.000,0.193,-0.022,99.972
766,196.035,9.9145,-16.322,30.270,178.56,2.288,0.330,-16.255,29.947,0.3173,0.0509,0.033,0.000,0.193,-0.002,100.020
767,196.336,7.2596,-16.436,30.249,179.42,2.289,0.317,-16.412,29.933,0.3308,0.0364,0.031,0.000,0.194,0.015,100.173
768,196.535,10.4910,-16.550,30.227,-179.77,2.287,0.310,-16.568,29.918,0.3310,0.0653,0.034,0.000,0.194,0.004,50.070
769,196.785,9.7888,-16.664,30.203,-178.96,2.290,0.301,-16.568,29.918,0.3114,0.0934,0.037,0.000,0.195,-0.014,50.046
770,197.035,8.6175,-16.778,30.177,-178.10,2.305,0.282,-16.724,29.901,0.3118,0.1782,0.044,0.000,0.195,-0.019,100.052
771,197.335,10.7995,-16.893,30.150,-177.26,2.327,0.269,-16.880,29.882,0.3074,0.1303,0.040,0.000,0.195,-0.004,100.180
772,197.585,9.4979,-17.008,30.122,-176.46,2.346,0.262,-17.036,29.861,0.3100,0.0839,0.036,0.000,0.196,-0.005,100.086
773,197.886,12.2653,-17.123,30.092,-175.68,2.360,0.247,-17.036,29.861,0.3049,0.0762,0.036,0.000,0.196,0.011,100.112
774,198.135,11.3615,-17.239,30.061,-174.87,2.367,0.227,-17.191,29.839,0.3014,0.0766,0.036,0.000,0.196,0.010,100.004
775,198.386,7.3116,-17.355,30.028,-174.05,2.379,0.212,-17.347,29.815,0.2838,0.1057,0.039,0.000,0.196,0.003,50.102
776,198.635,10.4427,-17.471,29.993,-173.23,2.395,0.205,-17.502,29.790,0.2869,0.1150,0.039,0.000,0.196,0.008,100.106
777,198.885,10.1585,-17.588,29.957,-172.46,2.413,0.188,-17.502,29.790,0.2743,0.0453,0.033,0.000,0.196,-0.006,49.810
778,199.135,11.8076,-17.704,29.919,-171.70,2.425,0.164,-17.656,29.763,0.2513,0.0767,0.036,0.000,0.197,0.000,100.089
779,199.435,10.1497,-17.821,29.881,-170.96,2.429,0.147,-17.811,29.734,0.2324,0.0416,0.033,0.000,0.197,0.013,100.079
780,199.636,11.8246,-17.938,29.843,-170.25,2.437,0.141,-17.965,29.704,0.2312,0.0354,0.033,0.000,0.197,0.026,50.262
781,199.936,13.6669,-18.055,29.804,-169.60,2.441,0.135,-17.965,29.704,0.2376,0.0381,0.033,0.000,0.197,0.040,100.088
782,200.186,8.7315,-18.172,29.765,-168.99,2.448,0.107,-18.119,29.672,0.2264,0.0272,0.032,0.000,0.197,0.039,100.649
783,200.435,12.3748,-18.289,29.724,-168.37,2.459,0.087,-18.272,29.639,0.2251,0.0540,0.035,0.000,0.196,0.036,50.178
784,200.686,11.8970,-18.405,29.682,-167.73,2.465,0.081,-18.425,29.604,0.2091,0.0659,0.036,0.000,0.196,0.034,100.008
785,200.936,11.4997,-18.522,29.639,-167.10,2.467,0.091,-18.578,29.567,0.2059,0.0725,0.036,0.000,0.196,0.033,50.260
786,201.185,11.7660,-18.639,29.595,-166.52,2.471,0.067,-18.578,29.567,0.1949,0.0833,0.037,0.000,0.197,0.027,100.175
787,201.485,11.3305,-18.756,29.551,-165.96,2.477,0.034,-18.730,29.529,0.1729,0.0955,0.039,0.000,0.197,0.035,99.931
788,201.735,9.9084,-18.873,29.506,-165.42,2.491,0.020,-18.882,29.489,0.1698,0.0825,0.038,0.000,0.197,0.041,99.962
789,202.035,10.1239,-18.990,29.461,-164.91,2.502,0.045,-19.034,29.447,0.1533,0.0577,0.035,0.000,0.198,0.040,100.186
790,202.235,11.6911,-19.109,29.415,-164.44,2.515,0.077,-19.185,29.404,0.1345,0.0388,0.034,0.000,0.198,0.039,50.250
791,202.535,10.1366,-19.227,29.370,-164.00,2.527,0.054,-19.185,29.404,0.1292,-0.0080,0.030,0.000,0.198,0.043,99.764
792,202.785,11.6209,-19.345,29.324,-163.60,2.530,0.037,-19.335,29.360,0.1291,0.0017,0.031,0.000,0.198,0.030,100.221
793,203.085,11.4464,-19.464,29.279,-163.24,2.532,0.041,-19.486,29.314,0.1271,-0.0145,0.029,0.000,0.199,0.016,100.228
794,203.335,10.4233,-19.582,29.233,-162.89,2.537,0.063,-19.635,29.266,0.1190,-0.0531,0.026,0.000,0.198,0.009,100.057
795,203.635,9.9468,-19.700,29.186,-162.53,2.536,0.090,-19.784,29.217,0.1153,-0.0619,0.025,0.000,0.198,0.006,100.168
796,203.835,10.9476,-19.818,29.139,-162.18,2.529,0.084,-19.784,29.217,0.1214,-0.0436,0.026,0.000,0.198,0.003,50.341
797,204.136,7.8717,-19.935,29.092,-161.85,2.519,0.074,-19.933,29.166,0.1243,-0.0916,0.022,0.000,0.198,-0.009,100.439
798,204.335,9.6768,-20.051,29.044,-161.53,2.513,0.076,-20.081,29.113,0.1213,-0.0789,0.023,0.000,0.198,-0.021,50.533
799,204.585,9.8437,-20.167,28.995,-161.19,2.502,0.089,-20.229,29.059,0.1059,-0.0640,0.024,0.000,0.198,-0.023,50.175
800,204.785,11.8550,-20.282,28.945,-160.85,2.487,0.110,-20.376,29.004,0.1258,-0.0842,0.022,0.000,0.198,-0.024,49.951
801,205.085,9.9242,-20.397,28.896,-160.53,2.476,0.109,-20.376,29.004,0.1417,-0.0573,0.025,0.000,0.198,-0.024,100.014
802,205.335,9.7860,-20.511,28.847,-160.23,2.465,0.100,-20.522,28.947,0.1421,-0.0493,0.025,0.000,0.198,-0.027,100.116
803,205.635,12.6645,-20.624,28.796,-159.92,2.463,0.102,-20.668,28.888,0.1380,0.0025,0.030,0.000,0.198,-0.024,100.465
804,205.836,11.0571,-20.736,28.744,-159.56,2.463,0.113,-20.813,28.828,0.1457,0.0171,0.031,0.000,0.197,-0.014,51.038
805,206.135,7.5039,-20.848,28.691,-159.18,2.473,0.132,-20.957,28.766,0.1490,-0.0279,0.027,0.000,0.197,-0.009,100.140
806,206.384,11.6860,-20.960,28.637,-158.79,2.477,0.129,-20.957,28.766,0.1577,-0.0148,0.028,0.000,0.197,-0.002,100.470
807,206.686,10.4448,-21.071,28.582,-158.39,2.477,0.125,-21.101,28.703,0.1753,0.0036,0.030,0.000,0.197,-0.001,100.148
808,206.936,9.5311,-21.181,28.525,-157.97,2.476,0.129,-21.244,28.639,0.1612,0.0461,0.034,0.000,0.197,-0.012,100.067
809,207.235,11.3145,-21.291,28.467,-157.52,2.483,0.142,-21.387,28.572,0.1706,-0.0093,0.029,0.000,0.197,-0.015,100.198
810,207.485,9.8461,-21.401,28.408,-157.06,2.484,0.160,-21.528,28.505,0.1767,-0.0522,0.025,0.000,0.197,-0.015,100.318
811,207.785,12.8825,-21.510,28.348,-156.60,2.479,0.158,-21.528,28.505,0.1748,-0.0538,0.025,0.000,0.197,-0.023,99.963
812,208.035,11.1003,-21.619,28.286,-156.13,2.470,0.158,-21.670,28.436,0.1739,-0.0321,0.027,0.000,0.197,-0.024,100.202
813,208.335,13.0728,-21.726,28.224,-155.65,2.461,0.164,-21.810,28.365,0.1728,-0.0385,0.026,0.000,0.197,-0.028,100.438
814,208.585,11.4158,-21.833,28.161,-155.17,2.457,0.176,-21.949,28.293,0.1817,-0.0246,0.027,0.000,0.197,-0.034,100.094
815,208.886,11.3929,-21.939,28.097,-154.71,2.453,0.193,-22.088,28.220,0.1731,-0.0451,0.025,0.000,0.197,-0.034,100.276
816,209.085,11.3270,-22.045,28.033,-154.23,2.455,0.192,-22.088,28.220,0.1727,-0.0395,0.026,0.000,0.197,-0.032,49.896
817,209.386,10.8112,-22.149,27.967,-153.75,2.454,0.193,-22.226,28.145,0.1644,-0.0078,0.029,0.000,0.197,-0.029,99.909
818,209.635,12.7350,-22.254,27.901,-153.27,2.454,0.200,-22.364,28.068,0.1625,-0.0155,0.028,0.000,0.197,-0.029,99.793
819,209.935,10.7895,-22.357,27.835,-152.81,2.455,0.211,-22.500,27.990,0.1671,0.0174,0.031,0.000,0.197,-0.024,100.166
820,210.135,12.6759,-22.460,27.768,-152.37,2.453,0.226,-22.500,27.990,0.1713,0.0326,0.032,0.000,0.197,-0.028,49.849
821,210.385,10.9437,-22.563,27.700,-151.93,2.455,0.224,-22.636,27.911,0.1575,0.0065,0.030,0.000,0.197,-0.028,50.145
822,210.635,12.0434,-22.665,27.631,-151.47,2.462,0.226,-22.770,27.830,0.1535,0.0302,0.032,0.000,0.197,-0.025,99.866
823,210.885,11.0009,-22.768,27.561,-151.02,2.464,0.232,-22.904,27.748,0.1660,0.0493,0.034,0.000,0.197,-0.024,50.182
824,211.135,12.1752,-22.870,27.491,-150.59,2.461,0.242,-23.037,27.665,0.1570,0.0129,0.031,0.000,0.197,-0.029,100.219
825,211.436,10.7167,-22.971,27.420,-150.18,2.467,0.254,-23.037,27.665,0.1378,-0.0210,0.028,0.000,0.197,-0.027,100.201
826,211.636,12.1814,-23.072,27.348,-149.74,2.479,0.252,-23.170,27.580,0.1396,-0.0259,0.027,0.000,0.197,-0.022,50.286
827,211.885,12.5674,-23.174,27.276,-149.33,2.478,0.253,-23.301,27.494,0.1413,-0.0242,0.027,0.000,0.198,-0.023,50.017
828,212.086,8.8840,-23.274,27.203,-148.95,2.472,0.257,-23.431,27.406,0.1545,-0.0280,0.027,0.000,0.198,-0.030,50.583
829,212.335,12.0701,-23.374,27.130,-148.58,2.474,0.264,-23.561,27.317,0.1406,-0.0285,0.027,0.000,0.198,-0.040,50.230
830,212.585,12.5724,-23.473,27.056,-148.18,2.471,0.275,-23.689,27.227,0.1465,-0.0249,0.027,0.000,0.197,-0.033,100.621
831,212.836,11.1239,-23.572,26.982,-147.77,2.468,0.271,-23.689,27.227,0.1482,-0.0047,0.029,0.000,0.197,-0.027,50.188
832,213.035,11.9147,-23.670,26.907,-147.37,2.464,0.271,-23.817,27.135,0.1562,0.0110,0.030,0.000,0.197,-0.031,50.116
833,213.335,8.0296,-23.768,26.831,-146.98,2.462,0.275,-23.943,27.042,0.1575,-0.0087,0.029,0.000,0.197,-0.030,100.234
834,213.535,7.7898,-23.864,26.755,-146.57,2.464,0.282,-24.069,26.948,0.1577,-0.0379,0.026,0.000,0.197,-0.027,49.855
835,213.835,9.7216,-23.961,26.677,-146.14,2.463,0.292,-24.194,26.852,0.1659,0.0167,0.031,0.000,0.197,-0.021,100.116
836,214.086,10.0538,-24.056,26.598,-145.71,2.458,0.289,-24.194,26.852,0.1702,0.0280,0.032,0.000,0.197,-0.021,100.451
837,214.335,13.1431,-24.150,26.519,-145.28,2.460,0.289,-24.317,26.755,0.1704,0.0417,0.033,0.000,0.197,-0.024,50.153
838,214.535,11.0860,-24.244,26.438,-144.83,2.471,0.294,-24.440,26.657,0.1746,0.0405,0.033,0.000,0.197,-0.020,50.154
839,214.835,10.2188,-24.338,26.356,-144.36,2.483,0.301,-24.561,26.558,0.1709,0.0916,0.038,0.000,0.197,-0.022,100.211
840,215.085,3.8284,-24.431,26.273,-143.88,2.495,0.312,-24.682,26.457,0.1593,0.0899,0.038,0.000,0.197,-0.022,100.369
841,215.385,9.3264,-24.523,26.189,-143.40,2.507,0.312,-24.682,26.457,0.1581,0.0875,0.037,0.000,0.197,-0.015,99.948
842,215.636,9.3645,-24.616,26.104,-142.94,2.521,0.312,-24.801,26.355,0.1592,0.0867,0.037,0.000,0.197,-0.014,100.141
843,215.885,13.2421,-24.709,26.018,-142.50,2.529,0.315,-24.920,26.252,0.1527,0.0967,0.038,0.000,0.198,-0.013,49.961
844,216.086,9.1881,-24.801,25.931,-142.06,2.538,0.320,-25.037,26.147,0.1526,0.1008,0.039,0.000,0.198,-0.018,50.067
845,216.335,6.6999,-24.894,25.844,-141.63,2.550,0.326,-25.153,26.041,0.1341,0.0602,0.035,0.000,0.198,-0.016,50.413
846,216.535,8.5694,-24.986,25.755,-141.20,2.561,0.331,-25.153,26.041,0.1257,0.0417,0.034,0.000,0.198,-0.011,50.109
847,216.785,8.5179,-25.079,25.666,-140.79,2.563,0.328,-25.268,25.935,0.1245,0.0092,0.031,0.000,0.198,-0.001,50.046
848,216.985,8.4454,-25.172,25.577,-140.43,2.563,0.326,-25.382,25.826,0.1185,0.0374,0.034,0.000,0.198,0.010,50.191
849,217.235,7.9623,-25.264,25.488,-140.08,2.564,0.325,-25.495,25.717,0.1259,0.0355,0.033,0.000,0.198,0.016,50.288
850,217.436,8.4834,-25.356,25.398,-139.74,2.566,0.326,-25.607,25.607,0.1322,-0.0347,0.027,0.000,0.198,0.020,50.053
851,217.685,4.3137,-25.448,25.307,-139.39,2.566,0.328,-25.717,25.495,0.1404,-0.0710,0.024,0.000,0.198,0.029,50.071
852,217.936,8.9436,-25.539,25.215,-139.02,2.563,0.332,-25.717,25.495,0.1533,-0.0679,0.024,0.000,0.198,0.035,100.033
853,218.185,7.8727,-25.629,25.123,-138.63,2.557,0.326,-25.826,25.382,0.1575,-0.0889,0.022,0.000,0.197,0.029,50.275
854,218.385,6.6719,-25.717,25.030,-138.21,2.551,0.323,-25.935,25.268,0.1431,-0.0746,0.023,0.000,0.197,0.020,50.078
855,218.635,9.1217,-25.804,24.936,-137.77,2.547,0.322,-26.041,25.153,0.1570,-0.0829,0.023,0.000,0.197,0.014,50.155
856,218.835,8.4100,-25.890,24.842,-137.34,2.540,0.323,-26.147,25.037,0.1653,-0.0780,0.023,0.000,0.197,0.005,50.122
857,219.085,10.5816,-25.975,24.747,-136.92,2.530,0.326,-26.252,24.920,0.1699,-0.1198,0.019,0.000,0.197,-0.006,50.078
858,219.285,9.5116,-26.058,24.652,-136.49,2.516,0.330,-26.252,24.920,0.1750,-0.1269,0.018,0.000,0.196,-0.023,50.226
859,219.535,9.0698,-26.139,24.557,-136.03,2.500,0.326,-26.355,24.801,0.1881,-0.1185,0.019,0.000,0.196,-0.035,50.186
860,219.786,9.6857,-26.219,24.461,-135.55,2.481,0.325,-26.457,24.682,0.1749,-0.0862,0.022,0.000,0.196,-0.039,100.053
861,220.035,10.9602,-26.298,24.364,-135.06,2.454,0.326,-26.558,24.561,0.1736,-0.0885,0.021,0.000,0.196,-0.027,50.167
862,220.285,8.8330,-26.375,24.268,-134.56,2.442,0.331,-26.657,24.440,0.1772,-0.0543,0.024,0.000,0.196,-0.029,100.028
863,220.586,9.5534,-26.451,24.171,-134.09,2.433,0.338,-26.755,24.317,0.1813,-0.0579,0.024,0.000,0.196,-0.022,100.178
864,220.835,10.6607,-26.526,24.074,-133.62,2.428,0.334,-26.755,24.317,0.1839,-0.0339,0.026,0.000,0.196,-0.022,100.184
865,221.135,10.8827,-26.600,23.977,-133.14,2.425,0.332,-26.852,24.194,0.1894,-0.0177,0.027,0.000,0.196,-0.024,100.584
866,221.386,12.0262,-26.673,23.879,-132.65,2.421,0.334,-26.948,24.069,0.1850,0.0177,0.030,0.000,0.196,-0.023,100.186
867,221.635,11.1348,-26.745,23.781,-132.14,2.424,0.339,-27.042,23.943,0.1806,0.0855,0.036,0.000,0.196,-0.028,50.245
868,221.835,10.7363,-26.816,23.681,-131.64,2.432,0.346,-27.042,23.943,0.1911,0.0935,0.037,0.000,0.197,-0.036,50.074
869,222.136,10.8196,-26.886,23.581,-131.16,2.438,0.343,-27.135,23.817,0.1847,0.0669,0.035,0.000,0.197,-0.043,100.375
870,222.386,8.6593,-26.956,23.480,-130.67,2.448,0.343,-27.227,23.689,0.1815,0.0360,0.032,0.000,0.197,-0.043,100.531
871,222.685,11.6873,-27.025,23.377,-130.16,2.455,0.345,-27.317,23.561,0.1606,0.0999,0.038,0.000,0.197,-0.037,100.083
872,222.935,10.9146,-27.094,23.274,-129.65,2.465,0.350,-27.406,23.431,0.1578,0.1119,0.039,0.000,0.197,-0.028,99.995
873,223.185,10.8705,-27.163,23.170,-129.18,2.479,0.356,-27.494,23.301,0.1741,0.0591,0.035,0.000,0.198,-0.021,50.074
874,223.435,9.7223,-27.232,23.066,-128.75,2.493,0.352,-27.494,23.301,0.1886,0.0599,0.035,0.000,0.198,-0.022,100.088
875,223.736,10.4497,-27.300,22.960,-128.32,2.501,0.349,-27.580,23.170,0.1768,0.0412,0.033,0.000,0.198,-0.029,100.002
876,223.985,11.8636,-27.367,22.854,-127.84,2.517,0.350,-27.665,23.037,0.1764,0.0573,0.035,0.000,0.198,-0.023,100.206
877,224.285,9.7818,-27.434,22.746,-127.33,2.525,0.352,-27.748,22.904,0.1751,0.0212,0.032,0.000,0.197,-0.017,100.112
878,224.485,12.5604,-27.499,22.637,-126.83,2.533,0.357,-27.830,22.770,0.1739,0.0164,0.031,0.000,0.197,-0.021,50.303
879,224.785,7.3993,-27.564,22.528,-126.34,2.537,0.361,-27.830,22.770,0.1678,-0.0051,0.029,0.000,0.197,-0.027,100.039
880,224.985,13.0369,-27.628,22.418,-125.86,2.540,0.358,-27.911,22.636,0.1699,-0.0190,0.028,0.000,0.197,-0.028,50.238
881,225.285,12.7391,-27.691,22.307,-125.39,2.538,0.356,-27.990,22.500,0.1667,-0.0003,0.030,0.000,0.197,-0.033,99.922
882,225.536,10.7080,-27.753,22.196,-124.92,2.534,0.357,-28.068,22.364,0.1749,0.0039,0.030,0.000,0.197,-0.033,99.735
883,225.835,10.9397,-27.815,22.085,-124.46,2.532,0.359,-28.145,22.226,0.1602,-0.0179,0.028,0.000,0.197,-0.029,100.106
884,226.085,10.5444,-27.875,21.973,-123.98,2.530,0.363,-28.220,22.088,0.1685,-0.0254,0.027,0.000,0.197,-0.013,100.050
885,226.385,9.5197,-27.935,21.861,-123.51,2.528,0.364,-28.220,22.088,0.1551,-0.0172,0.028,0.000,0.197,-0.003,99.786
886,226.585,9.8431,-27.994,21.748,-123.05,2.524,0.360,-28.293,21.949,0.1504,-0.0268,0.027,0.000,0.197,0.017,50.658
887,226.885,10.6930,-28.053,21.636,-122.60,2.521,0.358,-28.365,21.810,0.1521,-0.0232,0.028,0.000,0.197,0.034,100.116
888,227.085,10.6720,-28.110,21.523,-122.17,2.518,0.357,-28.436,21.670,0.1730,-0.0114,0.029,0.000,0.197,0.042,49.946
889,227.385,10.7875,-28.167,21.410,-121.75,2.513,0.358,-28.505,21.528,0.1742,-0.0402,0.026,0.000,0.197,0.047,100.057
890,227.635,10.8999,-28.223,21.297,-121.32,2.512,0.361,-28.572,21.387,0.1822,-0.0676,0.024,0.000,0.197,0.045,99.916
891,227.935,13.0220,-28.277,21.183,-120.86,2.511,0.359,-28.572,21.387,0.1787,-0.0302,0.027,0.000,0.197,0.044,100.287
892,228.186,12.6986,-28.330,21.068,-120.36,2.508,0.356,-28.639,21.244,0.1776,-0.0229,0.027,0.000,0.196,0.050,100.167
893,228.435,10.4711,-28.381,20.953,-119.86,2.503,0.355,-28.703,21.101,0.1605,-0.0079,0.029,0.000,0.196,0.051,50.289
894,228.635,11.5277,-28.431,20.838,-119.36,2.499,0.356,-28.766,20.957,0.1766,-0.0181,0.028,0.000,0.197,0.042,50.184
895,228.935,10.0661,-28.481,20.723,-118.90,2.492,0.359,-28.828,20.813,0.1744,-0.0220,0.027,0.000,0.197,0.034,99.967
896,229.185,10.5897,-28.530,20.607,-118.45,2.489,0.362,-28.828,20.813,0.1853,-0.0386,0.026,0.000,0.197,0.020,100.208
897,229.485,10.2354,-28.577,20.491,-117.98,2.485,0.358,-28.888,20.668,0.1741,0.0110,0.030,0.000,0.197,0.009,100.076
898,229.736,11.1035,-28.623,20.375,-117.48,2.483,0.355,-28.947,20.522,0.1773,0.0174,0.031,0.000,0.197,0.010,99.976
899,229.985,10.6122,-28.669,20.258,-116.98,2.489,0.355,-29.004,20.376,0.1875,0.0082,0.030,0.000,0.197,0.016,49.707
900,230.235,11.8772,-28.713,20.141,-116.50,2.497,0.357,-29.059,20.229,0.1874,0.0126,0.030,0.000,0.197,0.021,100.085
901,230.535,12.8982,-28.756,20.023,-116.01,2.498,0.362,-29.113,20.081,0.1748,0.0202,0.031,0.000,0.197,0.018,100.122
902,230.785,13.2436,-28.798,19.905,-115.50,2.501,0.361,-29.113,20.081,0.1753,0.0117,0.030,0.000,0.197,0.021,100.743
903,231.035,12.6599,-28.839,19.786,-114.98,2.506,0.358,-29.166,19.933,0.1899,0.0032,0.030,0.000,0.197,0.021,49.418
904,231.235,9.6864,-28.879,19.667,-114.50,2.505,0.357,-29.217,19.784,0.1932,-0.0453,0.025,0.000,0.197,0.004,50.231
905,231.535,9.5756,-28.918,19.547,-114.01,2.500,0.359,-29.266,19.635,0.2072,-0.0000,0.029,0.000,0.197,-0.008,100.142
906,231.786,10.9700,-28.955,19.427,-113.49,2.488,0.363,-29.314,19.486,0.2133,0.0320,0.032,0.000,0.196,-0.014,100.070
907,232.085,13.7787,-28.991,19.307,-112.94,2.483,0.369,-29.314,19.486,0.1986,0.0354,0.033,0.000,0.196,-0.025,99.931
908,232.335,10.0109,-29.025,19.186,-112.36,2.494,0.367,-29.360,19.335,0.2015,0.0216,0.031,0.000,0.196,-0.029,100.207
909,232.585,10.5404,-29.058,19.064,-111.79,2.499,0.367,-29.404,19.185,0.1876,0.0121,0.031,0.000,0.196,-0.030,50.285
910,232.836,11.1810,-29.090,18.942,-111.24,2.503,0.369,-29.447,19.034,0.2013,-0.0116,0.028,0.000,0.196,-0.029,100.181
911,233.136,12.9241,-29.121,18.820,-110.70,2.508,0.373,-29.489,18.882,0.2018,0.0485,0.034,0.000,0.197,-0.030,100.007
912,233.335,9.9069,-29.151,18.697,-110.18,2.515,0.379,-29.529,18.730,0.2089,0.0626,0.035,0.000,0.197,-0.031,50.312
913,233.585,10.5847,-29.180,18.574,-109.63,2.526,0.382,-29.529,18.730,0.1899,0.0363,0.033,0.000,0.196,-0.027,49.827
914,233.786,12.3212,-29.207,18.450,-109.05,2.535,0.382,-29.567,18.578,0.1818,0.0069,0.030,0.000,0.196,-0.019,50.188
915,234.035,9.4687,-29.234,18.326,-108.48,2.537,0.383,-29.604,18.425,0.1779,-0.0278,0.027,0.000,0.196,-0.005,49.980
916,234.235,11.0224,-29.260,18.202,-107.96,2.535,0.385,-29.639,18.272,0.1786,-0.0181,0.028,0.000,0.196,-0.004,50.027
917,234.535,12.4629,-29.286,18.078,-107.47,2.524,0.389,-29.672,18.119,0.1764,-0.0133,0.028,0.000,0.196,-0.008,100.015
918,234.785,12.9813,-29.310,17.954,-106.99,2.517,0.394,-29.704,17.965,0.1657,-0.0486,0.025,0.000,0.196,0.000,100.687
919,235.085,13.4415,-29.334,17.830,-106.49,2.511,0.394,-29.704,17.965,0.1759,-0.0243,0.027,0.000,0.196,0.003,100.129
920,235.335,10.3112,-29.356,17.706,-106.01,2.497,0.392,-29.734,17.811,0.1709,-0.0034,0.029,0.000,0.197,0.000,100.124
921,235.636,9.7896,-29.378,17.582,-105.55,2.491,0.392,-29.763,17.656,0.1637,-0.0045,0.029,0.000,0.196,0.008,100.009
922,235.885,10.0193,-29.399,17.458,-105.08,2.494,0.394,-29.790,17.502,0.1513,-0.0382,0.026,0.000,0.196,0.015,100.087
923,236.186,13.2091,-29.419,17.334,-104.61,2.498,0.397,-29.815,17.347,0.1432,-0.0551,0.025,0.000,0.197,0.027,100.271
924,236.435,10.1100,-29.439,17.210,-104.17,2.488,0.401,-29.815,17.347,0.1489,-0.0365,0.026,0.000,0.197,0.034,99.993
925,236.735,10.2449,-29.458,17.087,-103.76,2.476,0.395,-29.839,17.191,0.1558,-0.0397,0.026,0.000,0.197,0.027,100.251
926,236.985,10.2977,-29.476,16.964,-103.37,2.476,0.391,-29.861,17.036,0.1724,-0.0553,0.024,0.000,0.197,0.022,100.160
927,237.286,11.1900,-29.494,16.840,-102.96,2.472,0.390,-29.882,16.880,0.1699,0.0156,0.031,0.000,0.197,0.018,100.013
928,237.535,12.7597,-29.509,16.717,-102.52,2.469,0.391,-29.901,16.724,0.1695,0.0371,0.033,0.000,0.196,0.010,100.115
929,237.836,11.5300,-29.523,16.594,-102.06,2.472,0.395,-29.918,16.568,0.1661,0.0745,0.036,0.000,0.196,0.016,100.098
930,238.085,10.4878,-29.537,16.470,-101.59,2.475,0.394,-29.918,16.568,0.1586,0.1045,0.039,0.000,0.196,0.018,100.252
931,238.385,9.7614,-29.549,16.346,-101.13,2.484,0.390,-29.933,16.412,0.1582,0.1155,0.040,0.000,0.197,0.014,100.065
932,238.635,13.3226,-29.560,16.221,-100.68,2.497,0.389,-29.947,16.255,0.1664,0.1001,0.039,0.000,0.197,0.010,100.305
933,238.935,9.8952,-29.571,16.095,-100.25,2.516,0.388,-29.960,16.099,0.1737,0.1119,0.040,0.000,0.198,0.004,100.770
934,239.135,11.0371,-29.581,15.969,-99.80,2.535,0.390,-29.970,15.942,0.1990,0.0758,0.037,0.000,0.198,-0.002,50.255
935,239.435,10.0886,-29.590,15.841,-99.33,2.552,0.394,-29.979,15.785,0.1892,0.0176,0.032,0.000,0.197,-0.009,100.397
936,239.685,9.8775,-29.597,15.713,-98.82,2.558,0.390,-29.979,15.785,0.1959,0.0223,0.032,0.000,0.197,-0.012,100.059
937,239.985,14.0017,-29.602,15.584,-98.28,2.558,0.388,-29.987,15.628,0.1908,-0.0157,0.029,0.000,0.197,-0.012,99.968
938,240.235,10.7244,-29.605,15.456,-97.73,2.560,0.388,-29.993,15.471,0.2021,-0.0228,0.028,0.000,0.197,-0.021,100.079
939,240.485,13.4067,-29.607,15.327,-97.18,2.560,0.390,-29.997,15.314,0.1995,-0.0375,0.027,0.000,0.196,-0.020,49.934
940,240.685,10.2048,-29.607,15.198,-96.62,2.555,0.395,-29.999,15.157,0.1956,-0.0316,0.027,0.000,0.196,-0.013,50.073
941,240.985,9.9628,-29.605,15.070,-96.05,2.551,0.401,-30.000,15.000,0.2028,-0.0199,0.028,0.000,0.196,-0.014,100.118
942,241.185,12.9807,-29.603,14.942,-95.49,2.549,0.401,-30.000,15.000,0.1890,-0.0393,0.026,0.000,0.196,-0.010,50.152
943,241.485,9.5650,-29.600,14.814,-94.93,2.545,0.401,-29.999,14.843,0.1762,-0.0446,0.026,0.000,0.196,-0.007,100.193
944,241.685,8.1792,-29.596,14.686,-94.39,2.539,0.401,-29.997,14.686,0.1776,-0.0540,0.025,0.000,0.196,0.006,49.958
945,241.935,9.3742,-29.591,14.559,-93.88,2.528,0.402,-29.993,14.529,0.1865,0.0093,0.031,0.000,0.197,0.022,50.448
946,242.135,2.8223,-29.586,14.432,-93.40,2.522,0.405,-29.987,14.372,0.1845,0.0098,0.031,0.000,0.197,0.021,50.051
947,242.385,3.2716,-29.579,14.305,-92.90,2.525,0.410,-29.979,14.215,0.1905,0.0154,0.031,0.000,0.196,0.027,49.976
948,242.585,2.4313,-29.571,14.178,-92.38,2.529,0.410,-29.979,14.215,0.1865,0.0290,0.032,0.000,0.196,0.036,50.260
949,242.835,2.6341,-29.562,14.051,-91.85,2.528,0.409,-29.970,14.058,0.1731,-0.0360,0.027,0.000,0.196,0.041,50.206
950,243.035,2.1123,-29.551,13.925,-91.32,2.535,0.409,-29.960,13.901,0.1743,-0.0676,0.024,0.000,0.196,0.042,50.108
951,243.285,2.3343,-29.540,13.798,-90.81,2.529,0.411,-29.947,13.745,0.1703,-0.0758,0.023,0.000,0.197,0.038,50.239
952,243.486,2.2431,-29.528,13.672,-90.33,2.519,0.414,-29.933,13.588,0.1705,-0.0265,0.027,0.000,0.197,0.032,50.115
953,243.735,2.0851,-29.515,13.546,-89.86,2.507,0.419,-29.918,13.432,0.1812,-0.0491,0.025,0.000,0.197,0.024,50.247
954,243.986,7.1693,-29.501,13.421,-89.39,2.502,0.417,-29.918,13.432,0.1787,-0.0547,0.025,0.000,0.197,0.011,100.038
955,244.235,2.7164,-29.486,13.296,-88.91,2.496,0.415,-29.901,13.276,0.1642,-0.0602,0.024,0.000,0.197,0.009,50.155
956,244.435,2.5340,-29.470,13.172,-88.42,2.488,0.415,-29.882,13.120,0.1603,-0.0478,0.025,0.000,0.197,0.015,50.044
957,244.685,3.8180,-29.454,13.048,-87.94,2.477,0.416,-29.861,12.964,0.1654,-0.0187,0.028,0.000,0.197,0.016,50.047
958,244.885,2.4675,-29.437,12.924,-87.49,2.474,0.418,-29.839,12.809,0.1605,-0.0196,0.028,0.000,0.197,0.017,50.119
959,245.135,3.9564,-29.419,12.801,-87.06,2.476,0.420,-29.839,12.809,0.1691,0.0105,0.030,0.000,0.197,0.018,50.189
960,245.335,2.4456,-29.400,12.678,-86.62,2.478,0.416,-29.815,12.653,0.1660,0.0198,0.031,0.000,0.197,0.022,50.390
961,245.585,3.0504,-29.380,12.555,-86.16,2.484,0.414,-29.790,12.498,0.1773,0.0196,0.031,0.000,0.197,0.018,50.058
962,245.835,3.9823,-29.359,12.433,-85.70,2.492,0.414,-29.763,12.344,0.1763,0.0252,0.032,0.000,0.197,0.013,100.023
963,246.085,3.1367,-29.336,12.310,-85.23,2.492,0.416,-29.734,12.189,0.1720,0.0272,0.032,0.000,0.197,-0.002,50.196
964,246.285,4.4301,-29.312,12.187,-84.75,2.496,0.420,-29.704,12.035,0.1650,0.0361,0.033,0.000,0.197,-0.011,50.292
965,246.535,4.1517,-29.288,12.064,-84.26,2.497,0.418,-29.704,12.035,0.1777,0.0463,0.034,0.000,0.197,-0.019,50.260
966,246.735,4.1243,-29.262,11.941,-83.80,2.496,0.415,-29.672,11.881,0.1846,0.0326,0.032,0.000,0.198,-0.033,50.019
967,246.985,4.6009,-29.235,11.818,-83.34,2.503,0.414,-29.639,11.728,0.1798,-0.0102,0.029,0.000,0.198,-0.046,50.218
968,247.185,2.8162,-29.207,11.695,-82.85,2.505,0.415,-29.604,11.575,0.1828,-0.0062,0.029,0.000,0.197,-0.040,50.204
969,247.435,3.9686,-29.177,11.572,-82.34,2.502,0.418,-29.567,11.422,0.1948,-0.0189,0.028,0.000,0.197,-0.029,50.343
970,247.635,4.2042,-29.146,11.450,-81.83,2.499,0.422,-29.567,11.422,0.1835,-0.0524,0.025,0.000,0.197,-0.026,50.092
971,247.935,4.1398,-29.114,11.328,-81.31,2.502,0.419,-29.529,11.270,0.1700,-0.0681,0.023,0.000,0.197,-0.022,100.197
972,248.135,4.1170,-29.081,11.207,-80.79,2.500,0.418,-29.489,11.118,0.1628,-0.0638,0.024,0.000,0.197,-0.012,50.159
973,248.385,4.7446,-29.047,11.086,-80.29,2.494,0.418,-29.447,10.966,0.1595,-0.0469,0.025,0.000,0.197,-0.009,50.151
974,248.585,4.1668,-29.013,10.966,-79.83,2.490,0.419,-29.404,10.815,0.1589,-0.0684,0.023,0.000,0.197,-0.022,50.157
975,248.835,4.1691,-28.979,10.846,-79.39,2.481,0.422,-29.360,10.665,0.1626,-0.0513,0.025,0.000,0.197,-0.034,50.254
976,249.035,9.4859,-28.945,10.727,-78.96,2.470,0.420,-29.360,10.665,0.1668,-0.0319,0.026,0.000,0.197,-0.038,50.146
977,249.285,8.4533,-28.909,10.609,-78.53,2.463,0.416,-29.314,10.514,0.1729,-0.0139,0.028,0.000,0.197,-0.043,50.164
978,249.485,9.4126,-28.872,10.491,-78.08,2.457,0.413,-29.266,10.365,0.1736,-0.0036,0.029,0.000,0.196,-0.048,50.183
979,249.785,4.1726,-28.834,10.373,-77.62,2.457,0.414,-29.217,10.216,0.1577,-0.0284,0.026,0.000,0.196,-0.050,99.996
980,249.985,4.1275,-28.795,10.256,-77.15,2.455,0.416,-29.166,10.067,0.1630,-0.0050,0.028,0.000,0.197,-0.038,50.265
981,250.235,4.5285,-28.756,10.139,-76.70,2.456,0.416,-29.166,10.067,0.1491,-0.0254,0.027,0.000,0.197,-0.022,50.199
982,250.435,2.8258,-28.715,10.023,-76.27,2.455,0.411,-29.113,9.919,0.1590,0.0121,0.030,0.000,0.197,-0.018,50.165
983,250.685,3.9343,-28.675,9.907,-75.86,2.455,0.408,-29.059,9.771,0.1609,0.0206,0.031,0.000,0.197,-0.012,50.232
984,250.885,4.2334,-28.633,9.791,-75.44,2.459,0.406,-29.004,9.624,0.1640,0.0262,0.031,0.000,0.197,-0.020,50.163
985,251.135,8.9412,-28.591,9.676,-75.01,2.466,0.407,-28.947,9.478,0.1899,0.0221,0.031,0.000,0.197,-0.025,50.000
986,251.335,4.1029,-28.547,9.560,-74.56,2.470,0.408,-28.947,9.478,0.1876,0.0646,0.035,0.000,0.197,-0.028,49.926
987,251.585,8.1300,-28.502,9.445,-74.10,2.469,0.402,-28.888,9.332,0.1809,0.0706,0.035,0.000,0.196,-0.031,50.103
988,251.785,4.0284,-28.455,9.331,-73.62,2.478,0.400,-28.828,9.187,0.1814,0.0785,0.036,0.000,0.196,-0.028,50.322
989,252.085,6.1917,-28.406,9.216,-73.11,2.488,0.399,-28.766,9.043,0.1736,0.0736,0.036,0.000,0.196,-0.028,100.143
990,252.335,4.3220,-28.357,9.101,-72.61,2.497,0.401,-28.703,8.899,0.1813,0.1195,0.040,0.000,0.197,-0.026,100.090
991,252.585,4.2234,-28.306,8.986,-72.13,2.507,0.404,-28.639,8.756,0.1821,0.0561,0.034,0.000,0.197,-0.022,50.089
992,252.785,10.1250,-28.255,8.871,-71.65,2.522,0.401,-28.639,8.756,0.1903,0.0195,0.031,0.000,0.197,-0.017,50.220
993,253.035,8.1453,-28.201,8.756,-71.15,2.528,0.397,-28.572,8.613,0.1920,0.0086,0.030,0.000,0.197,-0.009,50.309
994,253.235,5.5768,-28.147,8.641,-70.63,2.529,0.396,-28.505,8.472,0.1861,-0.0016,0.029,0.000,0.197,-0.004,50.114
995,253.486,8.6331,-28.091,8.527,-70.09,2.531,0.397,-28.436,8.330,0.1882,-0.0042,0.029,0.000,0.196,0.010,49.683
996,253.735,4.1334,-28.034,8.413,-69.55,2.529,0.399,-28.365,8.190,0.1813,-0.0002,0.030,0.000,0.196,0.015,100.300
997,254.035,8.6344,-27.976,8.300,-69.02,2.527,0.404,-28.293,8.051,0.1872,-0.0440,0.026,0.000,0.196,0.021,100.215
998,254.285,4.2614,-27.917,8.188,-68.51,2.521,0.400,-28.293,8.051,0.1796,-0.0758,0.023,0.000,0.196,0.023,100.387
999,254.585,4.5298,-27.858,8.076,-68.00,2.510,0.397,-28.220,7.912,0.1782,-0.0840,0.022,0.000,0.196,0.020,100.112
1000,254.835,10.7957,-27.798,7.965,-67.49,2.493,0.396,-28.145,7.774,0.1837,-0.0362,0.026,0.000,0.196,0.009,99.675
1001,255.085,11.2109,-27.737,7.855,-66.99,2.478,0.397,-28.068,7.636,0.1895,-0.0772,0.022,0.000,0.196,-0.002,50.164
1002,255.335,13.8707,-27.675,7.746,-66.51,2.474,0.400,-27.990,7.500,0.1891,-0.0315,0.026,0.000,0.196,-0.015,99.889
1003,255.635,13.3872,-27.613,7.639,-66.01,2.468,0.402,-27.990,7.500,0.1855,-0.0639,0.023,0.000,0.196,-0.014,100.320
1004,255.885,9.7928,-27.550,7.532,-65.49,2.465,0.398,-27.911,7.364,0.1753,-0.0212,0.027,0.000,0.196,-0.005,100.454
1005,256.185,10.5422,-27.486,7.425,-64.97,2.458,0.397,-27.830,7.230,0.1916,-0.0203,0.027,0.000,0.196,0.003,99.901
1006,256.435,10.4289,-27.421,7.320,-64.48,2.461,0.397,-27.748,7.096,0.1890,-0.0208,0.027,0.000,0.196,0.007,100.205
1007,256.735,10.7775,-27.356,7.215,-64.00,2.461,0.399,-27.665,6.963,0.1908,0.0070,0.030,0.000,0.196,-0.002,100.206
1008,256.985,9.9475,-27.289,7.112,-63.49,2.462,0.404,-27.665,6.963,0.1994,0.0672,0.035,0.000,0.196,-0.005,100.235
1009,257.285,10.3557,-27.222,7.008,-62.97,2.461,0.400,-27.580,6.830,0.2030,0.0720,0.035,0.000,0.196,-0.006,99.936
1010,257.535,10.3070,-27.152,6.906,-62.44,2.463,0.399,-27.494,6.699,0.2033,0.0880,0.037,0.000,0.196,-0.012,99.860
1011,257.785,10.4712,-27.082,6.803,-61.89,2.466,0.401,-27.406,6.569,0.2083,0.0770,0.036,0.000,0.196,-0.021,49.987
1012,258.035,10.3311,-27.010,6.701,-61.34,2.476,0.404,-27.317,6.439,0.2023,0.1054,0.039,0.000,0.196,-0.028,99.979
1013,258.284,8.7165,-26.936,6.600,-60.78,2.490,0.410,-27.227,6.311,0.2089,0.1000,0.038,0.000,0.196,-0.031,50.098
1014,258.535,8.1278,-26.861,6.498,-60.22,2.504,0.411,-27.227,6.311,0.2098,0.0827,0.037,0.000,0.197,-0.031,96.896
1015,258.835,6.8591,-26.785,6.397,-59.65,2.519,0.410,-27.135,6.183,0.2100,0.0940,0.038,0.000,0.197,-0.030,100.098
1016,259.085,11.7344,-26.707,6.296,-59.07,2.535,0.412,-27.042,6.057,0.2028,0.0603,0.035,0.000,0.197,-0.022,100.393
1017,259.385,10.8873,-26.628,6.196,-58.47,2.549,0.416,-26.948,5.931,0.2035,-0.0002,0.030,0.000,0.197,-0.013,100.139
1018,259.635,15.9205,-26.547,6.096,-57.88,2.557,0.421,-26.852,5.806,0.1867,-0.0298,0.027,0.000,0.197,-0.013,99.979
1019,259.935,11.7689,-26.466,5.997,-57.31,2.555,0.427,-26.755,5.683,0.1741,-0.0128,0.029,0.000,0.197,-0.010,100.112
1020,260.185,8.4138,-26.384,5.898,-56.76,2.549,0.429,-26.755,5.683,0.1791,0.0124,0.031,0.000,0.197,0.003,100.219
1021,260.485,10.2974,-26.303,5.800,-56.26,2.544,0.428,-26.657,5.560,0.1748,0.0104,0.031,0.000,0.197,0.009,100.292
1022,260.735,10.9219,-26.220,5.702,-55.78,2.545,0.428,-26.558,5.439,0.1571,0.0082,0.031,0.000,0.197,0.009,99.832
1023,261.035,12.0777,-26.138,5.604,-55.29,2.547,0.429,-26.457,5.318,0.1594,-0.0469,0.026,0.000,0.197,0.022,100.227
1024,261.236,10.4262,-26.055,5.507,-54.82,2.543,0.430,-26.355,5.199,0.1583,-0.0438,0.026,0.000,0.197,0.029,50.330
1025,261.535,10.4902,-25.972,5.410,-54.38,2.535,0.433,-26.252,5.080,0.1722,-0.0414,0.026,0.000,0.197,0.031,99.563
1026,261.785,10.5419,-25.888,5.314,-53.94,2.525,0.433,-26.252,5.080,0.1673,-0.0286,0.027,0.000,0.197,0.037,100.396
1027,262.085,9.0693,-25.803,5.220,-53.49,2.520,0.430,-26.147,4.963,0.1603,-0.0004,0.030,0.000,0.197,0.041,100.252
1028,262.285,9.8807,-25.717,5.126,-53.02,2.521,0.428,-26.041,4.847,0.1725,0.0466,0.034,0.000,0.197,0.048,50.333
1029,262.535,10.5039,-25.631,5.033,-52.55,2.524,0.428,-25.935,4.732,0.1710,0.0465,0.034,0.000,0.197,0.051,50.194
1030,262.735,9.8711,-25.544,4.941,-52.10,2.534,0.429,-25.826,4.618,0.1869,0.0518,0.034,0.000,0.197,0.041,49.915
1031,262.985,12.0109,-25.455,4.849,-51.63,2.545,0.432,-25.717,4.505,0.1899,0.0210,0.032,0.000,0.197,0.027,50.069
1032,263.235,8.4095,-25.365,4.758,-51.13,2.557,0.433,-25.717,4.505,0.1910,-0.0492,0.026,0.000,0.197,0.008,99.973
1033,263.535,14.7797,-25.274,4.668,-50.61,2.562,0.431,-25.607,4.393,0.2022,-0.0745,0.023,0.000,0.197,0.000,100.329
1034,263.785,15.5450,-25.181,4.579,-50.07,2.554,0.431,-25.495,4.283,0.2001,-0.0713,0.023,0.000,0.197,-0.008,100.100
1035,264.085,13.4546,-25.088,4.491,-49.51,2.532,0.433,-25.382,4.174,0.1985,-0.0664,0.024,0.000,0.197,-0.021,100.100
1036,264.286,10.1658,-24.994,4.406,-48.95,2.517,0.437,-25.268,4.065,0.2039,-0.0571,0.025,0.000,0.197,-0.025,50.134
1037,264.585,13.3586,-24.899,4.321,-48.38,2.506,0.443,-25.153,3.959,0.1959,0.0114,0.031,0.000,0.197,-0.019,100.205
1038,264.835,13.4164,-24.804,4.238,-47.83,2.502,0.447,-25.153,3.959,0.1844,0.0494,0.034,0.000,0.196,-0.012,100.069
1039,265.085,11.3084,-24.708,4.155,-47.27,2.509,0.446,-25.037,3.853,0.1670,0.0403,0.033,0.000,0.196,-0.007,50.176
1040,265.335,9.7089,-24.612,4.073,-46.74,2.524,0.447,-24.920,3.748,0.1669,0.0266,0.032,0.000,0.197,-0.011,99.998
1041,265.585,11.1526,-24.516,3.990,-46.25,2.531,0.448,-24.801,3.645,0.1550,0.0408,0.033,0.000,0.197,-0.016,50.071
1042,265.835,9.5981,-24.419,3.908,-45.79,2.535,0.450,-24.682,3.543,0.1435,0.0086,0.030,0.000,0.197,-0.025,100.184
1043,266.135,10.4792,-24.322,3.826,-45.34,2.543,0.452,-24.561,3.442,0.1360,0.0024,0.030,0.000,0.197,-0.033,100.001
1044,266.335,9.9907,-24.224,3.744,-44.91,2.546,0.452,-24.561,3.442,0.1417,-0.0182,0.028,0.000,0.198,-0.037,50.097
1045,266.585,8.8663,-24.127,3.663,-44.52,2.544,0.447,-24.440,3.343,0.1235,-0.0282,0.027,0.000,0.198,-0.043,50.123
1046,266.785,9.9982,-24.029,3.582,-44.14,2.541,0.443,-24.317,3.245,0.1327,-0.0149,0.028,0.000,0.198,-0.043,50.455
1047,267.085,10.6095,-23.931,3.501,-43.77,2.533,0.440,-24.194,3.148,0.1396,-0.0264,0.027,0.000,0.198,-0.039,100.201
1048,267.335,2.7639,-23.833,3.421,-43.42,2.527,0.438,-24.069,3.052,0.1512,-0.0449,0.026,0.000,0.198,-0.040,100.062
1049,267.585,2.3145,-23.734,3.342,-43.05,2.526,0.438,-23.943,2.958,0.1481,-0.0386,0.026,0.000,0.197,-0.037,50.099
1050,267.785,8.0894,-23.634,3.265,-42.65,2.516,0.436,-23.943,2.958,0.1633,-0.0436,0.026,0.000,0.197,-0.024,50.123
1051,268.035,2.3779,-23.533,3.188,-42.24,2.508,0.430,-23.817,2.865,0.1676,-0.0325,0.027,0.000,0.197,-0.013,50.093
1052,268.235,2.7252,-23.432,3.112,-41.81,2.504,0.426,-23.689,2.773,0.1668,-0.0765,0.023,0.000,0.197,-0.004,50.044
1053,268.485,2.5315,-23.331,3.038,-41.37,2.501,0.424,-23.561,2.683,0.1719,-0.0823,0.022,0.000,0.196,0.019,50.076
1054,268.685,2.5547,-23.228,2.966,-40.90,2.489,0.424,-23.431,2.594,0.1758,-0.0640,0.024,0.000,0.196,0.029,50.232
1055,268.985,2.4969,-23.126,2.894,-40.42,2.480,0.426,-23.301,2.506,0.1829,0.0026,0.029,0.000,0.196,0.035,100.313
1056,269.185,4.6998,-23.022,2.824,-39.94,2.476,0.423,-23.301,2.506,0.1958,0.0505,0.034,0.000,0.196,0.043,50.235
1057,269.435,2.7240,-22.918,2.755,-39.44,2.478,0.419,-23.170,2.420,0.1890,0.0334,0.032,0.000,0.196,0.040,50.109
1058,269.635,3.7867,-22.813,2.687,-38.93,2.488,0.418,-23.037,2.335,0.1908,0.0506,0.034,0.000,0.196,0.030,50.204
1059,269.935,3.9095,-22.707,2.621,-38.40,2.494,0.418,-22.904,2.252,0.1879,0.0108,0.030,0.000,0.196,0.019,99.995
1060,270.135,6.3727,-22.600,2.555,-37.88,2.495,0.421,-22.770,2.170,0.1899,0.0359,0.033,0.000,0.196,0.006,50.279
1061,270.385,2.5361,-22.492,2.490,-37.36,2.493,0.424,-22.770,2.170,0.2087,0.0817,0.037,0.000,0.197,-0.003,50.135
1062,270.634,3.7991,-22.384,2.426,-36.85,2.505,0.421,-22.636,2.089,0.2213,0.0762,0.036,0.000,0.197,-0.006,100.048
1063,270.884,7.4373,-22.274,2.363,-36.31,2.518,0.419,-22.500,2.010,0.2124,0.0995,0.038,0.000,0.197,-0.001,50.085
1064,271.135,8.7349,-22.163,2.301,-35.74,2.528,0.420,-22.364,1.932,0.2080,0.0556,0.035,0.000,0.196,0.000,100.100
1065,271.435,11.0692,-22.051,2.241,-35.13,2.541,0.423,-22.226,1.855,0.2023,0.0745,0.036,0.000,0.196,0.015,100.582
1066,271.635,2.6147,-21.937,2.181,-34.52,2.549,0.428,-22.088,1.780,0.1869,0.0544,0.035,0.000,0.196,0.023,49.979
1067,271.885,6.4723,-21.823,2.122,-33.93,2.558,0.433,-22.088,1.780,0.1890,0.0449,0.034,0.000,0.197,0.028,50.198
1068,272.135,5.8861,-21.708,2.063,-33.39,2.563,0.431,-21.949,1.707,0.1881,0.0059,0.031,0.000,0.197,0.026,99.649
1069,272.435,6.4329,-21.593,2.006,-32.87,2.571,0.430,-21.810,1.635,0.1829,-0.0164,0.029,0.000,0.197,0.012,100.380
1070,272.684,6.0739,-21.477,1.949,-32.34,2.574,0.430,-21.670,1.564,0.1826,-0.0276,0.028,0.000,0.197,0.006,100.168
1071,272.985,4.4643,-21.361,1.893,-31.82,2.572,0.431,-21.528,1.495,0.1914,-0.0373,0.027,0.000,0.197,-0.006,100.501
1072,273.236,6.1847,-21.245,1.838,-31.30,2.565,0.434,-21.387,1.428,0.1876,-0.0416,0.026,0.000,0.196,-0.016,100.568
1073,273.536,2.5584,-21.128,1.784,-30.78,2.556,0.438,-21.244,1.361,0.1833,-0.1046,0.021,0.000,0.196,-0.017,100.269
1074,273.785,5.6254,-21.011,1.731,-30.24,2.550,0.438,-21.244,1.361,0.1824,-0.0720,0.023,0.000,0.196,-0.020,100.719
1075,274.085,2.7914,-20.894,1.680,-29.72,2.533,0.436,-21.101,1.297,0.1846,-0.0828,0.022,0.000,0.196,-0.022,99.950
1076,274.285,2.2459,-20.777,1.630,-29.21,2.514,0.435,-20.957,1.234,0.1937,-0.0656,0.024,0.000,0.196,-0.012,50.825
1077,274.586,5.4375,-20.661,1.581,-28.71,2.498,0.437,-20.813,1.172,0.1963,-0.0177,0.028,0.000,0.196,-0.002,99.866
1078,274.785,3.2801,-20.544,1.534,-28.19,2.493,0.440,-20.668,1.112,0.1944,-0.0104,0.028,0.000,0.196,0.014,49.964
1079,275.085,6.1768,-20.427,1.489,-27.66,2.491,0.446,-20.522,1.053,0.1916,-0.0294,0.027,0.000,0.196,0.028,100.093
1080,275.335,8.4853,-20.309,1.444,-27.12,2.492,0.445,-20.522,1.053,0.1865,-0.0584,0.024,0.000,0.196,0.039,99.965
1081,275.635,9.1775,-20.192,1.401,-26.58,2.490,0.444,-20.376,0.996,0.1883,0.0008,0.029,0.000,0.196,0.046,100.268
1082,275.835,8.8638,-20.074,1.358,-26.07,2.483,0.445,-20.229,0.941,0.1932,0.0259,0.032,0.000,0.196,0.044,50.896
1083,276.135,11.1917,-19.956,1.317,-25.55,2.482,0.448,-20.081,0.887,0.1795,0.0631,0.035,0.000,0.196,0.036,100.177
1084,276.335,9.3287,-19.838,1.276,-25.03,2.488,0.452,-19.933,0.834,0.1885,0.0439,0.033,0.000,0.196,0.026,50.210
1085,276.636,8.9351,-19.719,1.237,-24.51,2.491,0.456,-19.933,0.834,0.1907,0.0453,0.033,0.000,0.197,0.014,99.923
1086,276.885,11.0231,-19.600,1.198,-24.01,2.495,0.454,-19.784,0.783,0.1847,0.0481,0.034,0.000,0.197,-0.002,100.148
1087,277.185,9.1096,-19.479,1.160,-23.50,2.501,0.454,-19.635,0.734,0.1824,0.0481,0.034,0.000,0.197,-0.013,100.014
1088,277.385,6.0044,-19.358,1.124,-22.98,2.510,0.455,-19.486,0.686,0.1879,0.0187,0.031,0.000,0.197,-0.014,50.031
1089,277.635,4.0287,-19.237,1.087,-22.47,2.516,0.458,-19.335,0.640,0.1755,-0.0139,0.028,0.000,0.197,-0.012,50.220
1090,277.835,4.8434,-19.115,1.053,-21.97,2.515,0.462,-19.185,0.596,0.1739,0.0519,0.034,0.000,0.197,-0.017,50.216
1091,278.085,9.2639,-18.993,1.019,-21.46,2.520,0.464,-19.185,0.596,0.1741,0.0809,0.037,0.000,0.197,-0.017,50.311
1092,278.335,4.1641,-18.871,0.985,-20.97,2.528,0.462,-19.034,0.553,0.1798,0.0506,0.034,0.000,0.197,-0.021,100.121
1093,278.585,4.0780,-18.748,0.953,-20.49,2.539,0.461,-18.882,0.511,0.1879,0.0263,0.032,0.000,0.197,-0.027,49.952
1094,278.785,3.2939,-18.624,0.921,-19.99,2.547,0.462,-18.730,0.471,0.1815,0.0257,0.032,0.000,0.197,-0.030,50.230
1095,279.035,6.0580,-18.500,0.892,-19.47,2.552,0.465,-18.578,0.433,0.1878,0.0339,0.033,0.000,0.197,-0.027,50.284
1096,279.235,4.8109,-18.375,0.863,-18.94,2.554,0.469,-18.425,0.396,0.1841,0.0042,0.030,0.000,0.197,-0.023,50.099
1097,279.485,4.1802,-18.249,0.835,-18.42,2.557,0.473,-18.425,0.396,0.1902,0.0144,0.031,0.000,0.197,-0.026,50.231
1098,279.685,8.3454,-18.123,0.809,-17.91,2.557,0.472,-18.272,0.361,0.1812,0.0103,0.031,0.000,0.196,-0.023,50.189
1099,279.935,11.4221,-17.997,0.784,-17.39,2.558,0.472,-18.119,0.328,0.1671,-0.0373,0.027,0.000,0.196,-0.017,50.337
1100,280.135,9.6505,-17.871,0.759,-16.87,2.557,0.473,-17.965,0.296,0.1584,-0.0111,0.029,0.000,0.197,-0.001,50.078
1101,280.385,9.1901,-17.745,0.735,-16.37,2.550,0.474,-17.811,0.266,0.1623,-0.0132,0.029,0.000,0.197,0.014,50.051
1102,280.585,7.4964,-17.619,0.711,-15.91,2.545,0.476,-17.656,0.237,0.1550,-0.0170,0.028,0.000,0.197,0.020,50.107
1103,280.835,5.8464,-17.493,0.689,-15.47,2.544,0.479,-17.502,0.210,0.1612,0.0226,0.032,0.000,0.197,0.029,50.115
1104,281.035,3.9766,-17.367,0.667,-15.02,2.542,0.476,-17.502,0.210,0.1549,0.0317,0.033,0.000,0.197,0.033,50.124
1105,281.284,7.4392,-17.240,0.646,-14.57,2.549,0.473,-17.347,0.185,0.1463,-0.0021,0.030,0.000,0.197,0.039,50.025
1106,281.485,7.5288,-17.113,0.625,-14.12,2.556,0.471,-17.191,0.161,0.1430,-0.0030,0.030,0.000,0.197,0.046,50.183
1107,281.785,1.9656,-16.987,0.606,-13.69,2.555,0.470,-17.036,0.139,0.1658,-0.0099,0.029,0.000,0.197,0.046,100.313
1108,281.985,1.9326,-16.860,0.587,-13.29,2.555,0.469,-16.880,0.118,0.1716,0.0169,0.031,0.000,0.198,0.036,50.084
1109,282.284,2.0406,-16.733,0.569,-12.88,2.563,0.470,-16.724,0.099,0.1639,0.0068,0.031,0.000,0.198,0.020,100.239
1110,282.485,2.5954,-16.606,0.553,-12.44,2.570,0.469,-16.724,0.099,0.1685,-0.0062,0.029,0.000,0.197,0.013,50.134
1111,282.735,3.1575,-16.478,0.538,-11.97,2.573,0.465,-16.568,0.082,0.1616,0.0132,0.031,0.000,0.197,0.002,50.590
1112,282.935,2.3931,-16.350,0.524,-11.49,2.566,0.462,-16.412,0.067,0.1544,0.0774,0.037,0.000,0.197,-0.009,50.222
1113,283.185,2.4271,-16.222,0.512,-11.02,2.562,0.460,-16.255,0.053,0.1558,0.0316,0.033,0.000,0.197,-0.013,50.104
1114,283.385,3.6429,-16.093,0.499,-10.57,2.567,0.459,-16.099,0.040,0.1462,0.0969,0.039,0.000,0.198,-0.017,50.190
1115,283.685,2.7964,-15.964,0.488,-10.13,2.576,0.459,-15.942,0.030,0.1528,0.0239,0.032,0.000,0.198,-0.021,100.095
1116,283.885,3.2937,-15.835,0.477,-9.70,2.584,0.459,-15.785,0.021,0.1591,0.0059,0.031,0.000,0.198,-0.022,50.230
1117,284.135,4.2205,-15.705,0.467,-9.27,2.586,0.454,-15.785,0.021,0.1519,-0.0237,0.028,0.000,0.198,-0.030,50.063
1118,284.385,2.9556,-15.575,0.459,-8.83,2.592,0.449,-15.628,0.013,0.1506,-0.0816,0.023,0.000,0.198,-0.027,100.237
1119,284.685,3.3111,-15.445,0.451,-8.38,2.590,0.445,-15.471,0.007,0.1385,-0.0929,0.022,0.000,0.197,-0.019,100.116
1120,284.885,6.6986,-15.316,0.444,-7.95,2.582,0.441,-15.314,0.003,0.1365,-0.0506,0.026,0.000,0.197,-0.014,50.271
1121,285.185,3.0200,-15.187,0.438,-7.53,2.574,0.438,-15.157,0.001,0.1298,-0.0111,0.029,0.000,0.197,-0.010,100.114
1122,285.385,8.3244,-15.058,0.432,-7.14,2.567,0.436,-15.000,0.000,0.1285,-0.0248,0.028,0.000,0.197,-0.001,50.173
1123,285.685,6.8007,-14.930,0.427,-6.76,2.564,0.428,-14.900,0.000,0.1230,-0.0523,0.025,0.000,0.197,0.011,100.218
1124,285.885,6.4571,-14.802,0.422,-6.39,2.559,0.422,-14.800,0.000,0.1155,-0.0435,0.026,0.000,0.197,0.022,50.454
1125,286.185,4.0735,-14.674,0.417,-6.03,2.552,0.418,-14.700,0.000,0.1248,-0.0771,0.023,0.000,0.197,0.027,99.915
1126,286.435,8.8179,-14.546,0.413,-5.69,2.541,0.416,-14.500,0.000,0.1137,-0.0424,0.026,0.000,0.197,0.025,99.936
1127,286.735,6.6557,-14.419,0.410,-5.36,2.537,0.411,-14.400,0.000,0.0827,-0.0156,0.028,0.000,0.197,0.027,100.044
1128,286.985,4.6558,-14.292,0.408,-5.02,2.537,0.408,-14.300,0.000,0.0714,-0.0178,0.028,0.000,0.198,0.031,100.260
1129,287.235,6.1560,-14.165,0.404,-4.73,2.532,0.406,-14.200,0.000,0.0683,0.0232,0.032,0.000,0.198,0.028,50.160
1130,287.434,6.1573,-14.039,0.400,-4.50,2.521,0.402,-14.000,0.000,0.0659,0.0046,0.030,0.000,0.199,0.026,50.064
1131,287.685,2.2022,-13.913,0.396,-4.32,2.520,0.397,-13.900,0.000,0.0646,0.0231,0.032,0.000,0.199,0.022,50.081
1132,287.885,1.9195,-13.787,0.392,-4.15,2.523,0.393,-13.800,0.000,0.0526,-0.0271,0.027,0.000,0.199,0.018,50.278
1133,288.135,2.2267,-13.660,0.388,-3.96,2.525,0.390,-13.700,0.000,0.0404,-0.0389,0.026,0.000,0.199,0.019,50.242
1134,288.335,2.4502,-13.534,0.384,-3.79,2.518,0.385,-13.500,0.000,0.0376,-0.0176,0.028,0.000,0.199,0.019,50.204
1135,288.635,2.0690,-13.408,0.379,-3.66,2.507,0.379,-13.400,0.000,0.0308,0.0115,0.031,0.000,0.199,0.022,100.122
1136,288.835,2.4027,-13.283,0.374,-3.57,2.505,0.375,-13.300,0.000,0.0365,0.0385,0.033,0.000,0.199,0.022,50.194
1137,289.084,2.9232,-13.157,0.369,-3.48,2.505,0.372,-13.200,0.000,0.0351,-0.0037,0.029,0.000,0.199,0.021,50.079
1138,289.286,2.0172,-13.031,0.364,-3.39,2.510,0.366,-13.000,0.000,0.0359,-0.0226,0.028,0.000,0.199,0.021,50.426
1139,289.535,5.9497,-12.905,0.359,-3.28,2.510,0.360,-12.900,0.000,0.0349,-0.0638,0.024,0.000,0.199,0.018,49.746
1140,289.785,2.3288,-12.779,0.355,-3.18,2.505,0.356,-12.800,0.000,0.0322,-0.0739,0.023,0.000,0.199,0.020,100.286
1141,290.035,2.8549,-12.654,0.351,-3.08,2.496,0.354,-12.700,0.000,0.0336,-0.1084,0.020,0.000,0.199,0.020,50.112
1142,290.285,7.3166,-12.529,0.347,-2.99,2.484,0.348,-12.500,0.000,0.0236,-0.0616,0.024,0.000,0.199,0.019,100.238
1143,290.585,1.9380,-12.404,0.343,-2.90,2.475,0.343,-12.400,0.000,0.0263,-0.0399,0.026,0.000,0.199,0.021,100.177
1144,290.785,4.4735,-12.280,0.338,-2.82,2.465,0.339,-12.300,0.000,0.0152,-0.0467,0.025,0.000,0.199,0.017,50.127
1145,291.085,3.8388,-12.157,0.334,-2.75,2.463,0.337,-12.200,0.000,0.0112,-0.0757,0.022,0.000,0.199,0.017,100.182
1146,291.285,4.8579,-12.034,0.330,-2.69,2.457,0.331,-12.000,0.000,0.0058,-0.0834,0.022,0.000,0.199,0.016,50.164
1147,291.585,3.3289,-11.911,0.325,-2.66,2.446,0.325,-11.900,0.000,-0.0188,-0.0675,0.023,0.000,0.199,0.013,100.993
1148,291.786,2.5199,-11.789,0.320,-2.63,2.436,0.320,-11.800,0.000,-0.0088,0.0012,0.029,0.000,0.199,0.010,50.431
1149,292.035,2.4218,-11.667,0.314,-2.64,2.428,0.315,-11.700,0.000,-0.0054,0.0236,0.031,0.000,0.199,-0.001,50.244
1150,292.235,2.3240,-11.546,0.307,-2.67,2.431,0.311,-11.500,0.000,0.0002,0.0591,0.034,0.000,0.199,-0.003,50.072
1151,292.485,5.0678,-11.425,0.301,-2.70,2.440,0.302,-11.400,0.000,0.0049,0.0693,0.035,0.000,0.199,-0.004,49.994
1152,292.685,2.2277,-11.303,0.295,-2.70,2.453,0.295,-11.300,0.000,0.0133,0.0572,0.034,0.000,0.199,-0.007,50.602
1153,292.935,2.6776,-11.180,0.290,-2.69,2.464,0.290,-11.200,0.000,0.0087,-0.0096,0.028,0.000,0.199,-0.009,50.160
1154,293.135,2.4319,-11.057,0.285,-2.66,2.471,0.288,-11.100,0.000,-0.0066,0.0443,0.033,0.000,0.199,-0.016,50.176
1155,293.385,2.3755,-10.934,0.280,-2.63,2.476,0.282,-10.900,0.000,0.0060,0.0387,0.033,0.000,0.199,-0.010,50.091
1156,293.585,2.4806,-10.810,0.274,-2.62,2.477,0.274,-10.800,0.000,-0.0029,0.0303,0.032,0.000,0.200,-0.015,50.386
1157,293.886,2.8949,-10.687,0.268,-2.62,2.482,0.269,-10.700,0.000,0.0026,0.0063,0.030,0.000,0.200,-0.022,100.136
1158,294.085,2.3983,-10.563,0.263,-2.62,2.487,0.266,-10.600,0.000,-0.0123,-0.0157,0.028,0.000,0.200,-0.020,49.374
1159,294.385,2.3162,-10.439,0.257,-2.61,2.487,0.260,-10.400,0.000,-0.0079,-0.0293,0.027,0.000,0.200,-0.022,99.905
1160,294.585,2.7945,-10.315,0.251,-2.62,2.483,0.252,-10.300,0.000,-0.0013,-0.0277,0.027,0.000,0.200,-0.017,50.118
1161,294.835,2.1792,-10.191,0.245,-2.64,2.480,0.245,-10.200,0.000,-0.0044,-0.0292,0.027,0.000,0.200,-0.023,50.175
1162,295.035,2.4313,-10.068,0.239,-2.66,2.478,0.241,-10.100,0.000,0.0043,-0.0127,0.028,0.000,0.200,-0.014,50.039
1163,295.285,2.3331,-9.945,0.233,-2.67,2.476,0.237,-9.900,0.000,0.0122,0.0294,0.032,0.000,0.200,-0.010,49.986
1164,295.486,2.7672,-9.821,0.227,-2.66,2.479,0.228,-9.800,0.000,0.0107,0.0075,0.030,0.000,0.199,-0.007,50.402
1165,295.735,2.3127,-9.698,0.222,-2.64,2.485,0.222,-9.700,0.000,0.0331,-0.0143,0.028,0.000,0.199,-0.002,50.169
1166,295.935,2.6261,-9.574,0.217,-2.61,2.486,0.219,-9.600,0.000,0.0069,-0.0720,0.023,0.000,0.199,0.005,49.979
1167,296.185,2.3109,-9.450,0.213,-2.56,2.481,0.219,-9.400,0.000,0.0007,-0.0256,0.027,0.000,0.199,0.010,50.244
1168,296.385,5.4456,-9.326,0.208,-2.52,2.468,0.210,-9.300,0.000,0.0029,-0.0049,0.029,0.000,0.199,0.015,50.240
1169,296.635,6.1033,-9.203,0.203,-2.50,2.459,0.203,-9.200,0.000,0.0026,0.0092,0.030,0.000,0.200,0.016,50.438
1170,296.835,4.6495,-9.080,0.198,-2.50,2.460,0.199,-9.100,0.000,0.0037,0.0190,0.031,0.000,0.200,0.014,49.899
1171,297.134,2.3939,-8.957,0.193,-2.50,2.463,0.198,-9.000,0.000,0.0072,-0.0258,0.027,0.000,0.199,0.015,100.081
1172,297.334,2.2545,-8.834,0.188,-2.48,2.463,0.191,-8.800,0.000,0.0245,0.0095,0.030,0.000,0.199,0.018,50.056
1173,297.585,2.2556,-8.710,0.183,-2.47,2.459,0.183,-8.700,0.000,0.0129,0.0257,0.031,0.000,0.199,0.019,50.288
1174,297.835,2.1146,-8.587,0.179,-2.43,2.462,0.179,-8.600,0.000,0.0064,0.0561,0.034,0.000,0.199,0.020,99.900
1175,298.085,2.2689,-8.463,0.174,-2.39,2.469,0.178,-8.500,0.000,0.0197,0.1056,0.038,0.000,0.199,0.021,50.182
1176,298.285,2.4099,-8.339,0.170,-2.36,2.474,0.174,-8.300,0.000,0.0028,0.0788,0.036,0.000,0.199,0.017,50.197
1177,298.585,2.2768,-8.214,0.166,-2.33,2.495,0.167,-8.200,0.000,0.0065,0.0607,0.035,0.000,0.199,0.019,99.859
1178,298.784,8.2878,-8.089,0.161,-2.30,2.503,0.162,-8.100,0.000,0.0240,0.0591,0.035,0.000,0.200,0.018,50.302
1179,299.035,2.3803,-7.963,0.157,-2.29,2.510,0.161,-8.000,0.000,0.0155,-0.0204,0.028,0.000,0.200,0.015,50.213
1180,299.235,2.5952,-7.837,0.153,-2.26,2.520,0.157,-7.800,0.000,0.0346,-0.0373,0.026,0.000,0.200,0.014,50.037
1181,299.486,2.8141,-7.711,0.149,-2.21,2.517,0.150,-7.700,0.000,0.0134,-0.0160,0.028,0.000,0.199,0.014,50.072
1182,299.685,2.4113,-7.585,0.146,-2.15,2.515,0.147,-7.600,0.000,0.0266,0.0091,0.030,0.000,0.199,0.019,50.235
1183,299.985,2.4005,-7.459,0.143,-2.09,2.512,0.149,-7.500,0.000,0.0424,0.0110,0.030,0.000,0.199,0.019,100.113
1184,300.185,2.3548,-7.333,0.140,-2.03,2.515,0.144,-7.300,0.000,0.0509,0.0437,0.033,0.000,0.199,0.021,50.171
1185,300.436,2.2146,-7.207,0.138,-1.96,2.523,0.138,-7.200,0.000,0.0428,0.0284,0.032,0.000,0.199,0.020,50.163
1186,300.635,2.1684,-7.080,0.137,-1.85,2.534,0.138,-7.100,0.000,0.0396,-0.0677,0.024,0.000,0.198,0.025,49.845
1187,300.885,2.9453,-6.953,0.136,-1.72,2.538,0.144,-7.000,0.000,0.0389,-0.0497,0.025,0.000,0.198,0.030,49.944
1188,301.135,2.4466,-6.826,0.135,-1.60,2.528,0.138,-6.800,0.000,0.0379,-0.0350,0.026,0.000,0.199,0.033,99.972
1189,301.385,3.1320,-6.700,0.135,-1.49,2.521,0.135,-6.700,0.000,0.0366,-0.0353,0.026,0.000,0.199,0.032,50.019
1190,301.585,3.5454,-6.573,0.135,-1.38,2.518,0.137,-6.600,0.000,0.0312,-0.0294,0.027,0.000,0.199,0.031,50.072
1191,301.836,2.1455,-6.448,0.135,-1.27,2.516,0.143,-6.400,0.000,0.0230,-0.0049,0.029,0.000,0.199,0.031,50.598
1192,302.036,6.6740,-6.322,0.135,-1.17,2.514,0.136,-6.300,0.000,0.0220,-0.0632,0.024,0.000,0.199,0.031,49.855
1193,302.284,6.7160,-6.196,0.134,-1.09,2.511,0.134,-6.200,0.000,0.0126,-0.0644,0.023,0.000,0.199,0.027,50.199
1194,302.535,2.3539,-6.071,0.134,-1.03,2.504,0.137,-6.100,0.000,0.0066,-0.0761,0.022,0.000,0.199,0.022,100.155
1195,302.785,2.9218,-5.946,0.133,-0.98,2.495,0.141,-5.900,0.000,0.0100,-0.0905,0.021,0.000,0.199,0.018,50.081
1196,302.985,2.4570,-5.822,0.131,-0.95,2.483,0.133,-5.800,0.000,0.0045,-0.0887,0.021,0.000,0.199,0.007,50.215
1197,303.235,2.6905,-5.699,0.130,-0.93,2.473,0.130,-5.700,0.000,-0.0174,-0.0594,0.023,0.000,0.199,-0.001,50.253
1198,303.435,2.3462,-5.576,0.129,-0.91,2.461,0.131,-5.600,0.000,-0.0040,-0.0629,0.023,0.000,0.199,-0.001,50.110
1199,303.685,2.7260,-5.453,0.126,-0.92,2.450,0.135,-5.500,0.000,0.0009,0.0009,0.029,0.000,0.199,-0.013,50.117
1200,303.885,2.3276,-5.331,0.124,-0.95,2.446,0.128,-5.300,0.000,-0.0079,-0.0057,0.028,0.000,0.199,-0.024,50.105
1201,304.135,2.3730,-5.210,0.122,-0.96,2.448,0.122,-5.200,0.000,0.0059,0.0180,0.030,0.000,0.199,-0.024,50.065
1202,304.385,2.5258,-5.087,0.120,-0.96,2.449,0.120,-5.100,0.000,0.0072,-0.0117,0.028,0.000,0.199,-0.026,99.955
