step,t,solve_ms,mx,my,myaw_deg,v,min_dist,ref_x,ref_y,steer_rad,accel_cmd,throttle,brake,z,vz,step_ms
0,0.135,51.0145,-0.002,0.000,0.00,0.000,0.002,0.000,0.000,-0.0074,-0.0197,0.000,0.000,0.198,0.000,0.000
1,0.386,62.8109,-0.002,0.000,0.00,0.000,0.002,0.000,0.000,0.0131,1.8481,0.164,0.000,0.198,0.001,50.907
2,0.636,51.8497,-0.003,-0.000,-0.00,0.000,0.003,0.000,0.000,-0.0019,2.5000,0.224,0.000,0.198,-0.004,50.325
3,0.886,47.6681,-0.006,0.000,0.00,0.000,0.006,0.000,0.000,0.1762,2.4899,0.226,0.000,0.198,0.011,50.237
4,1.086,47.9498,-0.007,0.000,-0.01,0.000,0.007,0.000,0.000,-0.0501,2.4792,0.229,0.000,0.199,0.020,50.487
5,1.386,49.3470,0.001,0.001,0.00,0.238,0.001,0.000,0.000,-0.2013,2.4962,0.233,0.000,0.200,0.046,50.063
6,1.636,48.6332,0.017,0.001,0.04,0.390,0.017,0.000,0.000,-0.1089,2.4722,0.234,0.000,0.203,0.063,50.153
7,1.885,46.2171,0.040,0.001,0.07,0.538,0.040,0.000,0.000,-0.2376,2.4665,0.237,0.000,0.206,0.054,50.411
8,2.086,47.7815,0.071,0.000,0.04,0.695,0.029,0.100,0.000,-0.1119,2.4214,0.236,0.000,0.208,0.019,50.912
9,2.436,59.4192,0.110,-0.001,-0.05,0.851,0.010,0.100,0.000,0.0678,2.4363,0.240,0.000,0.208,0.017,100.119
10,2.635,47.1447,0.156,-0.004,-0.18,0.989,0.044,0.200,0.000,-0.0520,2.3940,0.239,0.000,0.210,0.029,50.239
11,2.936,59.5747,0.209,-0.006,-0.28,1.156,0.011,0.200,0.000,0.0275,2.3375,0.237,0.000,0.210,-0.010,50.523
12,3.186,58.1646,0.271,-0.009,-0.34,1.316,0.030,0.300,0.000,0.0222,2.2608,0.234,0.000,0.210,-0.016,49.664
13,3.436,45.9591,0.340,-0.011,-0.37,1.452,0.041,0.300,0.000,0.0061,2.1359,0.225,0.000,0.209,-0.040,50.027
14,3.686,49.4144,0.417,-0.010,-0.35,1.594,0.020,0.400,0.000,0.0252,2.0650,0.222,0.000,0.208,-0.001,50.996
15,3.935,48.0940,0.500,-0.010,-0.32,1.743,0.010,0.500,0.000,0.0199,1.8827,0.208,0.000,0.208,-0.020,50.386
16,4.136,47.7846,0.590,-0.010,-0.29,1.869,0.014,0.600,0.000,0.0062,1.5682,0.183,0.000,0.208,-0.015,50.203
17,4.386,47.2014,0.687,-0.009,-0.25,1.985,0.016,0.700,0.000,0.0311,1.3750,0.167,0.000,0.207,0.019,50.320
18,4.636,48.7594,0.790,-0.008,-0.23,2.114,0.013,0.800,0.000,0.0125,1.0302,0.138,0.000,0.207,0.004,50.179
19,4.936,53.8243,0.898,-0.008,-0.20,2.237,0.008,0.900,0.000,0.0172,0.7516,0.115,0.000,0.207,-0.007,50.653
20,5.186,48.4890,1.013,-0.007,-0.16,2.353,0.015,1.000,0.000,-0.0083,0.3814,0.083,0.000,0.206,-0.015,50.363
21,5.486,64.5939,1.133,-0.006,-0.11,2.453,0.033,1.100,0.000,-0.0277,0.1503,0.063,0.000,0.206,-0.023,50.275
22,5.735,47.9909,1.257,-0.006,-0.09,2.526,0.043,1.300,0.000,-0.0078,-0.1778,0.034,0.000,0.205,-0.024,100.140
23,5.986,47.6633,1.384,-0.008,-0.13,2.567,0.017,1.400,0.000,0.0284,-0.1752,0.034,0.000,0.205,-0.039,50.416
24,6.186,43.6145,1.513,-0.008,-0.19,2.582,0.015,1.500,0.000,0.0160,-0.1665,0.035,0.000,0.204,-0.057,50.351
25,6.436,45.7310,1.642,-0.008,-0.19,2.597,0.043,1.600,0.000,0.0085,-0.2838,0.024,0.000,0.202,-0.062,50.058
26,6.636,46.2150,1.772,-0.007,-0.13,2.604,0.029,1.800,0.000,0.0054,-0.3824,0.015,0.000,0.201,-0.049,50.326
27,6.887,44.9642,1.902,-0.007,-0.07,2.592,0.007,1.900,0.000,0.0079,-0.2266,0.028,0.000,0.200,-0.038,50.315
28,7.086,45.9174,2.031,-0.006,-0.05,2.569,0.031,2.000,0.000,-0.0091,-0.1653,0.033,0.000,0.199,-0.034,50.095
29,7.386,50.3375,2.159,-0.006,-0.05,2.570,0.042,2.200,0.000,0.0117,-0.2130,0.029,0.000,0.199,-0.022,50.659
30,7.585,47.8898,2.287,-0.006,-0.05,2.576,0.014,2.300,0.000,0.0106,-0.2047,0.030,0.000,0.198,-0.017,50.352
31,7.836,45.5600,2.416,-0.005,-0.04,2.581,0.017,2.400,0.000,0.0412,-0.3355,0.018,0.000,0.198,-0.018,50.646
32,8.036,44.7444,2.544,-0.004,-0.02,2.577,0.045,2.500,0.000,0.0210,-0.2057,0.029,0.000,0.198,-0.011,50.681
33,8.286,46.6192,2.673,-0.003,0.03,2.566,0.027,2.700,0.000,-0.0023,-0.1250,0.036,0.000,0.198,-0.007,50.075
34,8.486,44.3226,2.801,-0.001,0.10,2.565,0.002,2.800,0.000,-0.0129,-0.2665,0.023,0.000,0.198,0.003,50.063
35,8.736,47.1261,2.929,-0.001,0.13,2.565,0.029,2.900,0.000,0.0131,-0.2777,0.022,0.000,0.199,0.012,50.266
36,8.936,43.1112,3.057,-0.001,0.12,2.554,0.043,3.100,0.000,-0.0140,-0.1104,0.036,0.000,0.199,0.001,50.882
37,9.235,50.5146,3.184,0.000,0.11,2.549,0.016,3.200,0.000,-0.0033,-0.1497,0.032,0.000,0.199,-0.002,50.034
38,9.436,47.8782,3.311,0.000,0.11,2.556,0.011,3.300,0.000,-0.0159,-0.2786,0.021,0.000,0.199,0.004,50.630
39,9.786,51.8848,3.439,0.000,0.10,2.558,0.039,3.400,0.000,0.0088,-0.1607,0.031,0.000,0.199,0.004,100.706
40,9.986,48.5695,3.566,-0.000,0.07,2.548,0.034,3.600,0.000,0.0064,-0.1818,0.029,0.000,0.199,-0.003,49.999
41,10.236,48.7597,3.694,0.000,0.06,2.551,0.007,3.700,0.000,0.0147,-0.1091,0.035,0.000,0.199,-0.004,50.142
42,10.486,49.7853,3.821,0.001,0.07,2.557,0.021,3.800,0.000,0.0002,-0.2010,0.027,0.000,0.199,-0.000,49.969
43,10.736,39.3889,3.949,0.002,0.11,2.565,0.049,3.900,0.000,0.0178,-0.1393,0.032,0.000,0.199,0.006,50.122
44,10.936,37.8770,4.077,0.003,0.13,2.560,0.023,4.100,0.000,-0.0108,-0.1986,0.027,0.000,0.199,0.006,50.184
45,11.186,35.5843,4.205,0.004,0.15,2.560,0.006,4.200,0.000,-0.0320,-0.1075,0.034,0.000,0.199,0.009,50.122
46,11.386,33.9640,4.332,0.004,0.14,2.556,0.033,4.300,0.000,-0.0002,-0.1676,0.029,0.000,0.200,0.013,50.347
47,11.636,33.1125,4.460,0.003,0.10,2.558,0.040,4.500,0.000,0.0109,-0.2122,0.025,0.000,0.200,0.007,50.158
48,11.835,35.0164,4.588,0.003,0.06,2.561,0.013,4.600,0.000,-0.0183,-0.3075,0.016,0.000,0.200,-0.004,50.105
49,12.086,35.7178,4.716,0.004,0.07,2.554,0.016,4.700,0.000,-0.0120,-0.1514,0.030,0.000,0.199,0.006,50.481
50,12.286,38.5831,4.843,0.003,0.08,2.534,0.043,4.800,0.000,-0.0127,-0.2137,0.024,0.000,0.199,0.011,50.172
51,12.535,36.0669,4.969,0.003,0.06,2.527,0.031,5.000,0.000,-0.0035,-0.0213,0.041,0.000,0.199,0.007,50.262
52,12.736,36.7158,5.095,0.002,0.01,2.530,0.005,5.100,0.000,-0.0048,-0.1084,0.033,0.000,0.199,0.004,50.275
53,12.986,38.1073,5.222,0.002,-0.02,2.548,0.022,5.200,0.000,-0.0124,-0.1918,0.025,0.000,0.199,0.007,50.150
54,13.186,37.1054,5.349,0.002,-0.03,2.554,0.049,5.300,0.000,-0.0411,-0.4463,0.003,0.000,0.199,0.011,49.769
55,13.485,39.2229,5.477,0.001,-0.04,2.535,0.023,5.500,0.000,-0.0591,-0.1708,0.026,0.000,0.200,0.010,100.203
56,13.685,38.7593,5.602,-0.001,-0.09,2.495,0.002,5.600,0.000,-0.0658,-0.1235,0.030,0.000,0.200,0.005,50.610
57,13.986,43.4325,5.726,-0.003,-0.18,2.483,0.026,5.700,0.000,-0.0006,-0.3143,0.013,0.000,0.200,0.006,100.175
58,14.236,35.7074,5.850,-0.007,-0.30,2.481,0.050,5.900,0.000,-0.0887,-0.0404,0.037,0.000,0.200,-0.003,99.956
59,14.486,39.4352,5.974,-0.010,-0.40,2.474,0.028,6.000,0.000,-0.0028,-0.0773,0.034,0.000,0.199,-0.011,50.371
60,14.686,38.1809,6.098,-0.013,-0.48,2.482,0.013,6.100,0.000,-0.1063,0.0061,0.041,0.000,0.199,-0.011,50.286
61,14.936,37.9098,6.222,-0.015,-0.53,2.500,0.027,6.200,0.000,-0.0277,-0.1385,0.028,0.000,0.199,-0.017,50.297
62,15.136,37.7136,6.347,-0.018,-0.59,2.513,0.051,6.300,0.000,-0.0891,-0.4000,0.005,0.000,0.200,-0.007,49.966
63,15.386,39.5983,6.473,-0.022,-0.66,2.501,0.035,6.500,0.000,-0.0466,-0.0072,0.039,0.000,0.200,-0.014,50.300
64,15.586,38.8541,6.597,-0.026,-0.76,2.469,0.026,6.600,0.000,0.0392,0.0118,0.041,0.000,0.200,-0.020,50.249
65,15.835,41.6395,6.720,-0.031,-0.89,2.476,0.037,6.700,0.000,-0.0187,0.0624,0.046,0.000,0.200,-0.040,50.343
66,16.035,38.0650,6.845,-0.035,-0.99,2.512,0.056,6.800,0.000,-0.0697,-0.1273,0.029,0.000,0.200,-0.037,50.219
67,16.285,39.0011,6.971,-0.038,-1.02,2.534,0.048,7.000,0.000,-0.1540,0.1585,0.054,0.000,0.200,-0.019,50.211
68,16.486,39.2693,7.097,-0.043,-1.07,2.537,0.043,7.100,0.000,-0.1243,-0.3422,0.010,0.000,0.200,-0.016,50.367
69,16.786,40.5307,7.224,-0.049,-1.19,2.542,0.055,7.200,0.000,-0.2251,0.1434,0.052,0.000,0.201,-0.022,100.055
70,16.986,40.2203,7.351,-0.057,-1.37,2.524,0.075,7.400,0.000,-0.1172,0.0101,0.041,0.000,0.201,-0.023,50.239
71,17.286,39.7400,7.477,-0.066,-1.61,2.534,0.070,7.500,0.000,-0.1081,-0.1139,0.030,0.000,0.201,-0.017,100.256
72,17.486,40.5526,7.603,-0.078,-1.90,2.543,0.078,7.600,0.000,-0.1606,-0.3797,0.006,0.000,0.201,-0.017,50.232
73,17.736,38.8231,7.730,-0.091,-2.22,2.532,0.096,7.700,0.000,-0.0202,-0.1379,0.027,0.000,0.201,-0.020,50.302
74,17.935,40.1966,7.855,-0.105,-2.55,2.494,0.114,7.900,0.000,0.0301,0.0446,0.043,0.000,0.201,-0.025,50.179
75,18.186,40.1732,7.979,-0.118,-2.86,2.509,0.120,8.000,0.000,-0.0777,-0.1836,0.023,0.000,0.200,-0.025,50.243
76,18.436,38.4618,8.105,-0.129,-3.05,2.544,0.129,8.100,0.000,-0.0446,-0.0801,0.032,0.000,0.199,-0.010,100.450
77,18.686,38.4133,8.231,-0.140,-3.18,2.537,0.144,8.200,0.000,-0.0587,-0.4045,0.003,0.000,0.199,0.011,50.417
78,18.886,40.4665,8.357,-0.151,-3.31,2.520,0.157,8.400,0.000,0.0185,-0.2499,0.016,0.000,0.199,0.020,50.342
79,19.136,39.3923,8.482,-0.162,-3.47,2.485,0.163,8.500,0.000,0.0898,-0.1058,0.029,0.000,0.199,0.019,50.325
80,19.335,42.4721,8.606,-0.172,-3.60,2.480,0.172,8.600,0.000,0.1442,-0.0903,0.030,0.000,0.199,0.000,50.077
81,19.586,40.2504,8.729,-0.179,-3.63,2.497,0.181,8.700,0.000,0.2260,0.1148,0.048,0.000,0.198,0.008,50.268
82,19.786,34.6799,8.854,-0.185,-3.54,2.514,0.190,8.900,0.000,0.1079,-0.0576,0.033,0.000,0.198,0.014,50.148
83,20.036,38.2688,8.980,-0.188,-3.38,2.541,0.189,9.000,0.000,0.1089,-0.2353,0.017,0.000,0.198,0.022,50.440
84,20.236,35.0373,9.107,-0.189,-3.18,2.549,0.190,9.100,0.000,0.0803,0.0703,0.044,0.000,0.198,0.022,50.287
85,20.486,35.6368,9.234,-0.189,-2.92,2.540,0.192,9.200,0.000,0.0599,-0.0803,0.031,0.000,0.198,0.027,50.178
86,20.686,37.4805,9.362,-0.189,-2.66,2.544,0.192,9.400,0.000,0.0459,-0.0884,0.030,0.000,0.199,0.039,50.157
87,20.935,34.9963,9.489,-0.189,-2.45,2.540,0.189,9.500,0.000,-0.0139,-0.2190,0.018,0.000,0.200,0.035,50.615
88,21.136,36.8757,9.616,-0.190,-2.31,2.526,0.191,9.600,0.000,-0.1017,-0.2680,0.013,0.000,0.200,0.029,50.190
89,21.386,38.3412,9.742,-0.193,-2.23,2.493,0.197,9.700,0.000,-0.1520,-0.3386,0.007,0.000,0.201,0.020,49.879
90,21.586,43.8510,9.866,-0.199,-2.25,2.453,0.202,9.900,0.000,-0.2097,0.0799,0.043,0.000,0.201,0.009,50.499
91,21.886,35.9566,9.987,-0.207,-2.37,2.419,0.207,10.000,0.000,-0.2351,0.2453,0.058,0.000,0.201,-0.002,100.276
92,22.086,33.8105,10.108,-0.217,-2.57,2.435,0.217,10.100,0.000,-0.1154,0.1394,0.049,0.000,0.201,-0.001,50.606
93,22.336,33.9686,10.231,-0.230,-2.82,2.470,0.232,10.200,0.000,0.1432,0.0594,0.042,0.000,0.201,0.004,50.372
94,22.537,37.1112,10.354,-0.244,-3.13,2.502,0.248,10.400,0.000,0.3477,0.1866,0.054,0.000,0.201,-0.002,49.852
95,22.786,37.1808,10.479,-0.257,-3.41,2.544,0.258,10.500,0.000,0.3722,-0.1298,0.026,0.000,0.201,-0.017,50.212
96,23.036,35.1739,10.607,-0.266,-3.51,2.584,0.266,10.600,0.000,0.4078,-0.2697,0.013,0.000,0.199,-0.013,99.770
97,23.286,39.2910,10.736,-0.272,-3.41,2.586,0.274,10.700,0.000,0.4050,-0.3061,0.010,0.000,0.197,-0.000,50.232
98,23.486,39.9893,10.865,-0.273,-3.15,2.562,0.275,10.900,0.000,0.4062,-0.1968,0.019,0.000,0.196,0.009,50.249
99,23.736,35.2942,10.992,-0.269,-2.80,2.538,0.270,11.000,0.000,0.4428,0.1429,0.049,0.000,0.195,0.014,50.263
100,23.936,35.2523,11.119,-0.262,-2.34,2.540,0.263,11.100,0.000,0.4062,-0.4499,0.000,0.004,0.195,0.017,50.255
101,24.186,36.8421,11.246,-0.251,-1.76,2.553,0.255,11.200,0.000,0.4241,0.0660,0.042,0.000,0.194,0.008,49.890
102,24.436,37.5217,11.372,-0.235,-1.05,2.527,0.237,11.400,0.000,0.3753,-0.1849,0.019,0.000,0.194,-0.001,99.838
103,24.686,35.7643,11.498,-0.215,-0.26,2.505,0.215,11.500,0.000,0.3297,-0.0696,0.029,0.000,0.193,-0.011,49.724
104,24.886,39.7143,11.623,-0.191,0.60,2.485,0.193,11.600,0.000,0.2900,-0.2849,0.010,0.000,0.193,-0.021,50.148
105,25.137,37.4872,11.747,-0.164,1.54,2.481,0.171,11.700,0.000,0.0490,-0.0149,0.034,0.000,0.193,-0.015,50.329
106,25.336,33.3905,11.871,-0.136,2.44,2.478,0.139,11.900,0.000,0.1088,-0.5859,0.000,0.017,0.194,0.006,50.101
107,25.586,36.6106,11.993,-0.112,3.16,2.452,0.112,12.000,0.000,-0.1076,-0.0872,0.027,0.000,0.196,0.008,50.081
108,25.786,35.2927,12.114,-0.090,3.68,2.415,0.091,12.100,0.000,-0.1459,0.3929,0.069,0.000,0.198,-0.001,50.226
109,26.086,38.4025,12.233,-0.072,4.02,2.409,0.079,12.200,0.000,-0.0642,-0.2102,0.016,0.000,0.199,0.000,100.105
110,26.285,37.4074,12.353,-0.060,4.18,2.426,0.076,12.400,0.000,0.2255,-0.5918,0.000,0.018,0.200,-0.013,50.196
111,26.536,36.5998,12.473,-0.051,4.17,2.382,0.058,12.500,0.000,-0.4079,2.0781,0.218,0.000,0.200,-0.030,50.206
112,26.735,36.9669,12.591,-0.042,4.15,2.373,0.043,12.600,0.000,0.0295,1.0929,0.133,0.000,0.199,-0.029,50.160
113,26.986,35.6622,12.711,-0.033,4.17,2.433,0.035,12.700,0.000,0.2672,-0.0042,0.037,0.000,0.199,-0.005,50.219
114,27.185,35.7884,12.834,-0.024,4.20,2.508,0.042,12.800,0.000,0.4547,1.8006,0.198,0.000,0.199,-0.012,50.109
115,27.485,38.9092,12.961,-0.012,4.29,2.557,0.041,13.000,0.000,0.5340,-0.1633,0.026,0.000,0.198,-0.014,100.138
116,27.686,43.3034,13.090,0.004,4.49,2.617,0.011,13.100,0.000,0.5105,-0.8470,0.000,0.035,0.198,-0.018,50.241
117,27.936,39.4528,13.220,0.024,4.85,2.603,0.032,13.200,0.000,0.5107,0.0434,0.043,0.000,0.197,-0.030,50.211
118,28.136,35.2609,13.348,0.050,5.36,2.569,0.069,13.300,0.000,0.5008,-0.4269,0.001,0.000,0.196,-0.042,50.194
119,28.385,39.3781,13.475,0.080,6.02,2.562,0.084,13.500,0.000,0.4792,0.4555,0.079,0.000,0.195,-0.050,50.160
120,28.585,35.9544,13.600,0.115,6.80,2.548,0.115,13.600,0.000,0.5340,0.7333,0.104,0.000,0.193,-0.043,50.793
121,28.886,37.1762,13.725,0.156,7.69,2.594,0.158,13.700,0.000,0.4917,-0.1446,0.027,0.000,0.192,-0.019,100.276
122,29.086,35.5515,13.851,0.201,8.71,2.646,0.207,13.900,0.000,0.0781,-0.5045,0.000,0.005,0.192,0.005,50.332
123,29.336,40.5410,13.977,0.253,9.86,2.662,0.254,14.000,0.000,-0.4572,-0.6235,0.000,0.016,0.192,0.023,50.164
124,29.535,39.9625,14.101,0.306,11.01,2.598,0.306,14.100,0.000,-0.5075,0.8198,0.111,0.000,0.194,0.040,50.118
125,29.786,35.1860,14.223,0.355,11.96,2.580,0.356,14.200,0.000,-0.5193,0.3060,0.066,0.000,0.196,0.056,50.119
126,30.036,34.0775,14.346,0.401,12.61,2.622,0.403,14.300,0.000,-0.5148,-0.0308,0.037,0.000,0.198,0.035,100.101
127,30.286,35.2717,14.472,0.441,12.99,2.658,0.442,14.500,0.000,-0.5260,-0.4613,0.000,0.001,0.200,0.050,50.115
128,30.485,41.2160,14.600,0.474,13.11,2.618,0.474,14.600,0.000,-0.5174,-0.1001,0.030,0.000,0.201,0.032,50.130
129,30.736,38.6794,14.726,0.500,13.01,2.547,0.500,14.700,0.000,-0.5284,-0.0763,0.032,0.000,0.202,0.018,50.215
130,30.937,34.5290,14.850,0.520,12.72,2.513,0.523,14.900,0.000,-0.5317,-0.0895,0.031,0.000,0.202,0.011,50.417
131,31.186,33.7012,14.975,0.535,12.29,2.494,0.536,15.000,0.000,-0.5200,0.6119,0.093,0.000,0.201,0.020,50.068
132,31.386,39.6776,15.099,0.545,11.70,2.477,0.547,15.157,0.001,-0.5152,0.5329,0.087,0.000,0.202,0.040,50.297
133,31.636,35.7529,15.224,0.550,10.94,2.497,0.553,15.157,0.001,-0.4985,-0.0131,0.039,0.000,0.202,0.042,50.363
134,31.836,34.6179,15.351,0.549,10.03,2.510,0.547,15.314,0.003,-0.5070,0.4424,0.079,0.000,0.203,0.028,50.230
135,32.135,35.3484,15.479,0.543,8.99,2.501,0.535,15.471,0.007,-0.4974,0.3292,0.070,0.000,0.203,0.020,100.347
136,32.336,34.6949,15.607,0.530,7.83,2.492,0.517,15.628,0.013,-0.4820,0.3077,0.068,0.000,0.204,0.021,50.375
137,32.586,36.6846,15.735,0.511,6.52,2.500,0.493,15.785,0.021,-0.4399,0.2379,0.063,0.000,0.205,0.012,50.450
138,32.786,37.7722,15.863,0.486,5.08,2.512,0.463,15.942,0.030,-0.3947,0.1302,0.053,0.000,0.206,0.011,50.238
139,33.036,37.2050,15.992,0.456,3.56,2.547,0.429,16.099,0.040,-0.3010,0.1271,0.053,0.000,0.207,-0.016,50.297
140,33.236,37.3526,16.122,0.425,2.13,2.623,0.386,16.099,0.040,-0.1752,-0.2009,0.024,0.000,0.206,-0.047,50.257
141,33.486,39.4086,16.256,0.396,0.89,2.674,0.344,16.255,0.053,-0.0061,-0.3038,0.015,0.000,0.203,-0.060,50.106
142,33.686,35.9149,16.392,0.370,-0.09,2.723,0.304,16.412,0.067,0.2354,-0.6497,0.000,0.016,0.201,-0.092,50.394
143,33.986,45.4396,16.528,0.350,-0.81,2.732,0.271,16.568,0.082,0.3015,-0.7588,0.000,0.027,0.198,-0.098,100.595
144,34.185,37.3729,16.664,0.336,-1.26,2.715,0.244,16.724,0.099,0.4582,-0.9852,0.000,0.048,0.195,-0.065,50.634
145,34.436,38.5125,16.798,0.330,-1.38,2.655,0.227,16.880,0.118,0.3806,-0.6331,0.000,0.018,0.193,-0.050,50.192
146,34.636,36.8282,16.930,0.330,-1.24,2.610,0.217,16.880,0.118,0.4712,-0.4664,0.000,0.004,0.191,-0.001,50.030
147,34.886,45.0202,17.060,0.335,-0.94,2.579,0.197,17.036,0.139,0.4691,-0.4583,0.000,0.004,0.191,0.014,50.273
148,35.086,37.1013,17.188,0.344,-0.55,2.536,0.183,17.191,0.161,0.4784,-1.3722,0.000,0.085,0.191,0.021,50.339
149,35.337,36.8372,17.312,0.358,-0.03,2.434,0.177,17.347,0.185,0.5096,-0.4068,0.000,0.001,0.191,0.022,50.207
150,35.536,35.3838,17.432,0.376,0.62,2.398,0.180,17.502,0.210,0.3771,-0.2721,0.010,0.000,0.191,0.015,50.100
151,35.787,38.6922,17.550,0.399,1.40,2.355,0.194,17.656,0.237,0.3938,0.2518,0.056,0.000,0.191,0.021,49.357
152,35.986,34.9939,17.665,0.425,2.25,2.319,0.189,17.656,0.237,0.2950,0.4060,0.070,0.000,0.191,0.016,49.708
153,36.236,37.4838,17.780,0.455,3.16,2.359,0.192,17.811,0.266,0.3704,0.4778,0.077,0.000,0.191,0.014,50.501
154,36.436,37.4131,17.898,0.485,4.01,2.413,0.201,17.965,0.296,0.3078,0.1157,0.046,0.000,0.193,0.020,50.850
155,36.687,40.5523,18.018,0.518,4.83,2.463,0.215,18.119,0.328,0.2433,0.3024,0.062,0.000,0.195,0.003,49.968
156,36.886,37.6929,18.139,0.553,5.70,2.512,0.226,18.119,0.328,0.2185,0.0053,0.036,0.000,0.196,-0.002,49.834
157,37.136,39.2219,18.263,0.586,6.49,2.554,0.225,18.272,0.361,0.2670,-0.1073,0.026,0.000,0.198,-0.008,50.001
158,37.336,37.5857,18.388,0.619,7.14,2.554,0.226,18.425,0.396,0.2397,-0.1931,0.019,0.000,0.199,-0.038,49.896
159,37.586,39.2098,18.511,0.653,7.75,2.534,0.230,18.578,0.433,0.2603,-0.1896,0.019,0.000,0.199,-0.041,50.093
160,37.786,35.6808,18.634,0.689,8.41,2.523,0.239,18.730,0.471,0.2300,-0.0339,0.032,0.000,0.198,-0.041,50.529
161,38.036,36.0706,18.755,0.727,9.14,2.512,0.250,18.882,0.511,0.1612,0.0193,0.037,0.000,0.197,-0.025,50.031
162,38.236,39.0746,18.876,0.765,9.85,2.513,0.254,18.882,0.511,0.1824,0.0954,0.044,0.000,0.196,0.016,50.034
163,38.486,34.5369,18.998,0.801,10.41,2.520,0.251,19.034,0.553,0.1687,0.0012,0.035,0.000,0.197,0.030,50.051
164,38.686,35.3251,19.119,0.838,10.88,2.543,0.251,19.185,0.596,0.1635,0.0028,0.036,0.000,0.197,0.027,50.518
165,38.986,36.3928,19.241,0.876,11.34,2.559,0.254,19.335,0.640,0.1824,-0.0973,0.027,0.000,0.197,0.028,100.388
166,39.186,36.4353,19.364,0.914,11.81,2.563,0.258,19.486,0.686,0.1642,-0.1993,0.018,0.000,0.197,0.031,50.272
167,39.486,36.2906,19.486,0.953,12.30,2.553,0.265,19.635,0.734,0.1840,-0.0216,0.033,0.000,0.197,0.027,100.056
168,39.686,36.1999,19.607,0.993,12.79,2.528,0.261,19.635,0.734,0.1596,-0.0768,0.028,0.000,0.197,0.023,50.368
169,39.936,41.7559,19.727,1.035,13.28,2.534,0.258,19.784,0.783,0.1545,0.0063,0.035,0.000,0.197,0.032,50.328
170,40.135,37.0687,19.847,1.076,13.76,2.532,0.257,19.933,0.834,0.1662,-0.0181,0.033,0.000,0.197,0.033,50.293
171,40.386,35.2418,19.968,1.119,14.20,2.533,0.258,20.081,0.887,0.2275,-0.1177,0.024,0.000,0.197,0.022,50.352
172,40.586,37.1275,20.088,1.162,14.63,2.535,0.263,20.229,0.941,0.1997,-0.0175,0.033,0.000,0.197,0.003,50.532
173,40.836,37.5326,20.207,1.208,15.12,2.542,0.268,20.229,0.941,0.1667,-0.0156,0.033,0.000,0.197,-0.004,50.254
174,41.035,36.5293,20.326,1.256,15.68,2.537,0.264,20.376,0.996,0.1623,0.0771,0.041,0.000,0.197,0.010,50.153
175,41.286,38.2982,20.445,1.304,16.22,2.552,0.262,20.522,1.053,0.1634,-0.1287,0.023,0.000,0.197,0.022,50.131
176,41.486,36.7216,20.564,1.352,16.69,2.559,0.262,20.668,1.112,0.1468,-0.1745,0.019,0.000,0.198,0.014,50.168
177,41.736,36.7091,20.683,1.402,17.12,2.549,0.264,20.813,1.172,0.1592,0.0081,0.035,0.000,0.198,0.010,49.960
178,41.936,36.5721,20.801,1.451,17.55,2.539,0.268,20.957,1.234,0.1695,-0.1828,0.018,0.000,0.198,-0.006,50.276
179,42.186,34.8391,20.918,1.501,17.98,2.542,0.270,20.957,1.234,0.1656,-0.0340,0.031,0.000,0.198,-0.016,50.277
180,42.386,36.8214,21.035,1.552,18.44,2.536,0.264,21.101,1.297,0.2080,-0.0045,0.034,0.000,0.197,-0.023,50.390
181,42.636,34.7368,21.150,1.605,18.92,2.532,0.261,21.244,1.361,0.1785,0.1168,0.044,0.000,0.196,-0.035,50.128
182,42.836,35.7387,21.266,1.659,19.42,2.549,0.261,21.387,1.428,0.1813,-0.1283,0.023,0.000,0.196,-0.039,50.192
183,43.086,35.4321,21.381,1.715,19.93,2.566,0.264,21.528,1.495,0.1790,-0.2020,0.016,0.000,0.196,-0.032,50.218
184,43.336,36.2489,21.497,1.772,20.45,2.555,0.270,21.670,1.564,0.1774,-0.0124,0.033,0.000,0.196,-0.038,99.968
185,43.586,39.7113,21.610,1.829,20.95,2.533,0.272,21.670,1.564,0.1592,-0.1170,0.023,0.000,0.196,-0.040,50.525
186,43.786,36.3044,21.723,1.888,21.44,2.532,0.267,21.810,1.635,0.1933,-0.0974,0.025,0.000,0.196,-0.033,50.157
187,44.036,37.5875,21.836,1.946,21.91,2.522,0.264,21.949,1.707,0.1818,-0.0662,0.028,0.000,0.197,-0.037,50.365
188,44.236,34.8064,21.948,2.005,22.37,2.510,0.265,22.088,1.780,0.2043,0.0892,0.041,0.000,0.197,-0.031,50.526
189,44.486,35.6432,22.059,2.066,22.85,2.508,0.269,22.226,1.855,0.1563,0.0812,0.041,0.000,0.196,-0.024,50.009
190,44.686,38.5322,22.169,2.129,23.39,2.528,0.276,22.364,1.932,0.1620,0.1278,0.045,0.000,0.196,0.015,50.566
191,44.936,41.5020,22.281,2.192,23.92,2.551,0.273,22.364,1.932,0.2067,-0.0430,0.030,0.000,0.196,0.029,50.595
192,45.136,34.5468,22.392,2.256,24.39,2.562,0.268,22.500,2.010,0.1796,-0.0874,0.026,0.000,0.197,0.045,50.403
193,45.386,34.3850,22.503,2.321,24.85,2.566,0.267,22.636,2.089,0.1615,-0.1793,0.018,0.000,0.197,0.053,50.164
194,45.587,35.4174,22.614,2.388,25.35,2.563,0.269,22.770,2.170,0.1830,-0.0984,0.025,0.000,0.197,0.050,50.353
195,45.836,33.8121,22.723,2.455,25.86,2.543,0.272,22.904,2.252,0.1857,-0.0753,0.027,0.000,0.197,0.044,50.359
196,46.036,33.9330,22.831,2.522,26.34,2.540,0.278,23.037,2.335,0.2034,-0.0127,0.032,0.000,0.197,0.024,50.528
197,46.286,35.6630,22.938,2.591,26.83,2.538,0.275,23.037,2.335,0.1622,-0.1507,0.020,0.000,0.196,0.010,50.480
198,46.486,34.3847,23.044,2.662,27.37,2.534,0.272,23.170,2.420,0.1920,0.0419,0.037,0.000,0.196,0.015,50.427
199,46.736,33.2616,23.150,2.732,27.91,2.522,0.272,23.301,2.506,0.1552,0.0521,0.038,0.000,0.196,0.010,50.258
200,46.936,38.1885,23.255,2.804,28.40,2.520,0.274,23.431,2.594,0.1572,-0.1614,0.019,0.000,0.196,0.009,50.691
201,47.186,44.6701,23.360,2.875,28.86,2.527,0.278,23.561,2.683,0.1753,-0.0075,0.032,0.000,0.197,-0.007,50.502
202,47.385,39.9020,23.465,2.947,29.29,2.512,0.281,23.561,2.683,0.1848,0.0495,0.037,0.000,0.197,-0.011,50.157
203,47.636,39.8492,23.568,3.020,29.74,2.513,0.275,23.689,2.773,0.1938,0.0180,0.035,0.000,0.197,-0.017,50.122
204,47.836,38.8269,23.671,3.095,30.23,2.528,0.272,23.817,2.865,0.1554,-0.0633,0.027,0.000,0.196,-0.014,50.210
205,48.086,36.8782,23.774,3.172,30.78,2.544,0.273,23.943,2.958,0.1859,-0.0960,0.024,0.000,0.196,-0.003,49.997
206,48.336,35.7958,23.876,3.249,31.30,2.543,0.276,24.069,3.052,0.1471,-0.0462,0.029,0.000,0.197,-0.009,100.134
207,48.586,36.4568,23.977,3.326,31.78,2.532,0.281,24.194,3.148,0.1592,0.0386,0.036,0.000,0.197,-0.006,50.204
208,48.786,36.4083,24.078,3.404,32.23,2.543,0.281,24.194,3.148,0.1785,0.0227,0.035,0.000,0.197,-0.002,50.410
209,49.036,36.2721,24.178,3.482,32.66,2.555,0.275,24.317,3.245,0.1848,-0.2410,0.011,0.000,0.197,-0.006,50.186
210,49.236,34.8133,24.278,3.562,33.12,2.553,0.272,24.440,3.343,0.1433,-0.0005,0.032,0.000,0.197,-0.022,50.536
211,49.486,39.4466,24.376,3.642,33.62,2.534,0.272,24.561,3.442,0.1918,0.0769,0.039,0.000,0.196,-0.015,50.107
212,49.686,38.5823,24.474,3.723,34.12,2.529,0.275,24.682,3.543,0.1654,0.1075,0.042,0.000,0.196,-0.012,50.347
213,49.936,41.3628,24.571,3.804,34.57,2.543,0.280,24.801,3.645,0.1939,0.0347,0.036,0.000,0.196,-0.007,50.391
214,50.136,36.2486,24.669,3.887,35.02,2.557,0.276,24.801,3.645,0.2030,0.0711,0.039,0.000,0.196,-0.004,50.287
215,50.386,34.2999,24.766,3.972,35.50,2.560,0.272,24.920,3.748,0.1858,-0.1348,0.021,0.000,0.197,0.005,50.414
216,50.636,38.8318,24.862,4.058,36.03,2.561,0.270,25.037,3.853,0.1949,-0.1444,0.020,0.000,0.196,0.009,100.135
217,50.936,39.1094,24.957,4.146,36.57,2.546,0.272,25.153,3.959,0.1821,-0.1311,0.021,0.000,0.196,0.019,100.312
218,51.136,36.0358,25.050,4.234,37.11,2.533,0.276,25.268,4.065,0.1879,-0.0458,0.028,0.000,0.196,0.015,50.164
219,51.386,34.9893,25.142,4.322,37.64,2.524,0.283,25.382,4.174,0.1855,0.0612,0.038,0.000,0.196,0.010,50.115
220,51.586,36.3888,25.233,4.411,38.15,2.528,0.280,25.382,4.174,0.1526,-0.0545,0.028,0.000,0.196,0.001,50.194
221,51.836,37.9402,25.324,4.500,38.67,2.537,0.277,25.495,4.283,0.2071,-0.0375,0.029,0.000,0.196,0.003,50.637
222,52.035,42.7149,25.414,4.590,39.16,2.542,0.275,25.607,4.393,0.1728,0.0479,0.037,0.000,0.197,-0.006,50.114
223,52.286,41.4406,25.504,4.680,39.63,2.540,0.276,25.717,4.505,0.1845,0.0482,0.037,0.000,0.197,-0.016,50.217
224,52.486,35.3404,25.593,4.772,40.11,2.553,0.280,25.826,4.618,0.1689,-0.1085,0.023,0.000,0.197,-0.026,50.408
225,52.736,41.3926,25.681,4.865,40.61,2.552,0.286,25.935,4.732,0.1838,-0.0022,0.032,0.000,0.197,-0.021,50.641
226,52.935,40.4931,25.769,4.958,41.12,2.542,0.281,25.935,4.732,0.1659,-0.0468,0.028,0.000,0.197,-0.023,49.937
227,53.186,38.8355,25.855,5.053,41.62,2.540,0.277,26.041,4.847,0.1818,-0.0662,0.026,0.000,0.197,-0.017,50.314
228,53.386,38.7555,25.941,5.147,42.09,2.536,0.276,26.147,4.963,0.1697,0.0534,0.037,0.000,0.197,-0.016,50.190
229,53.636,44.3809,26.027,5.242,42.57,2.535,0.277,26.252,5.080,0.1897,-0.0247,0.030,0.000,0.197,-0.009,50.100
230,53.836,39.4918,26.111,5.338,43.05,2.541,0.281,26.355,5.199,0.1939,-0.0754,0.025,0.000,0.197,-0.002,50.127
231,54.086,39.5140,26.195,5.435,43.54,2.545,0.286,26.355,5.199,0.1688,-0.2174,0.013,0.000,0.197,-0.005,50.020
232,54.336,41.1020,26.277,5.533,44.05,2.536,0.280,26.457,5.318,0.1721,0.1173,0.042,0.000,0.196,0.004,100.530
233,54.586,46.2684,26.358,5.631,44.56,2.523,0.277,26.558,5.439,0.1729,-0.0140,0.031,0.000,0.196,0.015,50.327
234,54.786,36.1157,26.439,5.729,45.04,2.532,0.276,26.657,5.560,0.1755,-0.0388,0.028,0.000,0.197,0.020,50.510
235,55.036,40.7106,26.518,5.828,45.51,2.542,0.278,26.755,5.683,0.1938,0.0114,0.033,0.000,0.197,0.017,50.435
236,55.236,39.3913,26.597,5.928,46.00,2.543,0.283,26.852,5.806,0.1573,-0.0435,0.028,0.000,0.197,0.017,50.378
237,55.486,45.5892,26.675,6.030,46.51,2.547,0.285,26.852,5.806,0.1755,-0.0010,0.032,0.000,0.197,0.026,50.324
238,55.736,40.7741,26.753,6.131,47.01,2.542,0.280,26.948,5.931,0.1690,-0.0792,0.025,0.000,0.197,0.018,100.475
239,55.987,36.0679,26.829,6.233,47.48,2.538,0.276,27.042,6.057,0.1830,-0.0446,0.028,0.000,0.197,0.020,50.174
240,56.186,37.2476,26.905,6.335,47.95,2.529,0.276,27.135,6.183,0.1575,-0.0797,0.025,0.000,0.197,0.021,50.128
241,56.436,45.8482,26.980,6.438,48.43,2.523,0.278,27.227,6.311,0.1743,0.0483,0.036,0.000,0.197,0.027,50.269
242,56.636,40.6022,27.054,6.541,48.91,2.517,0.283,27.317,6.439,0.1779,0.1315,0.043,0.000,0.198,0.026,50.072
243,56.886,42.8628,27.127,6.645,49.36,2.529,0.280,27.317,6.439,0.2116,0.0033,0.032,0.000,0.198,0.013,50.082
244,57.086,40.2413,27.199,6.750,49.82,2.554,0.275,27.406,6.569,0.1872,-0.2041,0.014,0.000,0.197,0.010,50.254
245,57.337,45.4475,27.271,6.857,50.34,2.556,0.274,27.494,6.699,0.2097,-0.1142,0.021,0.000,0.197,0.008,50.155
246,57.536,41.3529,27.340,6.965,50.88,2.535,0.275,27.580,6.830,0.1856,-0.0332,0.028,0.000,0.197,0.007,50.020
247,57.787,42.6198,27.408,7.072,51.43,2.518,0.279,27.665,6.963,0.1717,0.0415,0.035,0.000,0.197,-0.001,50.013
248,57.986,39.2459,27.475,7.180,51.97,2.519,0.286,27.748,7.096,0.1875,0.0076,0.032,0.000,0.197,-0.000,49.917
249,58.236,41.6161,27.541,7.288,52.47,2.528,0.282,27.748,7.096,0.1671,-0.0260,0.029,0.000,0.197,-0.006,50.161
250,58.486,52.0176,27.607,7.397,52.96,2.534,0.279,27.830,7.230,0.1720,-0.0708,0.025,0.000,0.197,-0.026,50.086
251,58.836,49.7822,27.673,7.506,53.45,2.534,0.277,27.911,7.364,0.2096,-0.0526,0.027,0.000,0.197,-0.033,100.023
252,59.036,34.4882,27.737,7.615,53.92,2.521,0.278,27.990,7.500,0.1760,-0.0817,0.024,0.000,0.197,-0.053,49.860
253,59.336,53.6805,27.800,7.725,54.42,2.516,0.283,28.068,7.636,0.1406,-0.0128,0.030,0.000,0.197,-0.060,50.049
254,59.537,33.9672,27.862,7.836,54.92,2.512,0.287,28.068,7.636,0.1465,0.2412,0.053,0.000,0.197,-0.048,50.204
255,59.836,40.6019,27.924,7.946,55.39,2.518,0.280,28.145,7.774,0.2069,0.0783,0.038,0.000,0.197,-0.047,100.029
256,60.036,35.1101,27.986,8.057,55.79,2.544,0.275,28.220,7.912,0.1698,0.0243,0.034,0.000,0.198,-0.045,50.168
257,60.286,36.0568,28.047,8.169,56.20,2.563,0.273,28.293,8.051,0.2133,0.0370,0.035,0.000,0.198,-0.042,50.140
258,60.537,38.2218,28.107,8.283,56.66,2.571,0.274,28.365,8.190,0.1911,-0.1133,0.022,0.000,0.197,-0.030,100.087
259,60.787,41.3169,28.166,8.398,57.17,2.574,0.278,28.436,8.330,0.2213,-0.0685,0.025,0.000,0.197,-0.013,49.869
260,60.986,41.3470,28.223,8.514,57.71,2.561,0.281,28.436,8.330,0.2104,-0.0149,0.030,0.000,0.196,0.001,50.227
261,61.236,42.1610,28.278,8.630,58.28,2.547,0.277,28.505,8.472,0.1841,0.0115,0.032,0.000,0.196,0.022,50.204
262,61.436,46.9649,28.332,8.747,58.87,2.556,0.276,28.572,8.613,0.1592,0.0355,0.035,0.000,0.196,0.050,50.207
263,61.686,43.9221,28.384,8.865,59.45,2.565,0.277,28.639,8.756,0.1583,-0.0375,0.028,0.000,0.196,0.067,50.062
264,61.937,61.8559,28.437,8.982,59.96,2.565,0.278,28.703,8.899,0.1653,-0.1418,0.019,0.000,0.197,0.056,50.308
265,62.236,37.9265,28.490,9.100,60.41,2.555,0.282,28.766,9.043,0.1819,-0.1708,0.016,0.000,0.197,0.037,100.072
266,62.436,38.4882,28.541,9.217,60.84,2.539,0.284,28.766,9.043,0.1785,0.0121,0.032,0.000,0.197,0.016,50.232
267,62.737,41.2529,28.591,9.334,61.32,2.525,0.278,28.828,9.187,0.1706,0.0757,0.038,0.000,0.197,-0.001,100.115
268,62.936,38.3364,28.640,9.451,61.82,2.529,0.275,28.888,9.332,0.1840,-0.0865,0.023,0.000,0.196,-0.002,50.265
269,63.186,39.5265,28.688,9.569,62.31,2.532,0.274,28.947,9.478,0.2273,0.0161,0.032,0.000,0.196,-0.002,50.019
270,63.436,52.3787,28.734,9.687,62.79,2.519,0.277,29.004,9.624,0.2130,0.0158,0.032,0.000,0.196,-0.014,50.484
271,63.686,44.4380,28.779,9.806,63.30,2.521,0.283,29.059,9.771,0.1924,-0.0157,0.030,0.000,0.196,-0.018,50.260
272,63.937,53.8868,28.822,9.927,63.87,2.527,0.284,29.059,9.771,0.1616,0.1733,0.046,0.000,0.196,-0.005,50.367
273,64.286,49.7442,28.864,10.048,64.45,2.537,0.281,29.113,9.919,0.1698,0.0347,0.034,0.000,0.196,0.005,100.009
274,64.486,46.0197,28.906,10.169,64.97,2.561,0.279,29.166,10.067,0.1540,-0.1599,0.017,0.000,0.197,0.004,50.132
275,64.736,42.0625,28.948,10.291,65.44,2.565,0.279,29.217,10.216,0.1646,-0.2023,0.013,0.000,0.198,-0.003,50.368
276,64.937,48.2299,28.989,10.412,65.88,2.545,0.281,29.266,10.365,0.1276,-0.0248,0.029,0.000,0.198,-0.009,50.419
277,65.186,46.0546,29.029,10.532,66.33,2.526,0.285,29.314,10.514,0.1727,0.0579,0.036,0.000,0.197,-0.017,50.224
278,65.387,44.3956,29.069,10.652,66.76,2.527,0.281,29.314,10.514,0.2009,0.0777,0.038,0.000,0.197,-0.016,50.592
279,65.687,40.2589,29.108,10.772,67.16,2.538,0.274,29.360,10.665,0.2215,-0.0842,0.023,0.000,0.197,-0.022,100.244
280,65.887,45.3464,29.145,10.894,67.59,2.547,0.271,29.404,10.815,0.2416,0.0326,0.034,0.000,0.196,-0.029,50.229
281,66.186,39.3641,29.181,11.016,68.07,2.542,0.271,29.447,10.966,0.2238,-0.1248,0.020,0.000,0.196,-0.025,100.112
282,66.436,35.1366,29.215,11.139,68.60,2.534,0.275,29.489,11.118,0.2173,0.0432,0.035,0.000,0.195,-0.027,100.121
283,66.686,47.3903,29.246,11.262,69.17,2.519,0.282,29.489,11.118,0.2118,0.0135,0.032,0.000,0.195,-0.019,50.188
284,66.886,42.1818,29.275,11.386,69.77,2.519,0.279,29.529,11.270,0.1785,0.0725,0.037,0.000,0.195,-0.011,50.254
285,67.136,44.7954,29.303,11.510,70.38,2.528,0.278,29.567,11.422,0.1871,-0.0427,0.027,0.000,0.196,0.005,50.371
286,67.336,42.4627,29.331,11.635,70.94,2.528,0.279,29.604,11.575,0.1646,0.0745,0.037,0.000,0.196,0.012,50.038
287,67.586,41.6200,29.358,11.759,71.45,2.529,0.282,29.639,11.728,0.1459,0.1062,0.040,0.000,0.197,0.020,50.204
288,67.836,48.3971,29.386,11.884,71.94,2.537,0.286,29.672,11.881,0.1506,0.0096,0.032,0.000,0.197,0.027,50.013
289,68.136,46.0869,29.414,12.009,72.38,2.554,0.288,29.672,11.881,0.1627,0.0411,0.035,0.000,0.198,0.023,100.327
290,68.336,43.4003,29.442,12.135,72.79,2.565,0.281,29.704,12.035,0.1897,-0.0728,0.025,0.000,0.198,0.009,50.305
291,68.636,43.2187,29.468,12.261,73.22,2.574,0.276,29.734,12.189,0.1682,-0.0503,0.027,0.000,0.197,0.003,100.228
292,68.886,48.1297,29.492,12.387,73.70,2.568,0.274,29.763,12.344,0.1904,-0.2058,0.013,0.000,0.197,-0.002,50.039
293,69.186,45.5756,29.515,12.513,74.19,2.554,0.275,29.790,12.498,0.2067,-0.0534,0.026,0.000,0.196,-0.001,99.973
294,69.436,42.7539,29.536,12.639,74.69,2.529,0.279,29.815,12.653,0.1750,0.0679,0.037,0.000,0.196,-0.014,100.206
295,69.686,43.7969,29.555,12.764,75.20,2.521,0.283,29.815,12.653,0.1904,0.0176,0.032,0.000,0.196,-0.010,50.467
296,69.886,44.7289,29.574,12.890,75.71,2.522,0.277,29.839,12.809,0.2063,-0.0138,0.030,0.000,0.196,-0.010,50.206
297,70.186,62.4546,29.591,13.016,76.21,2.525,0.275,29.861,12.964,0.1700,0.1127,0.041,0.000,0.196,-0.017,50.268
298,70.387,41.2584,29.607,13.143,76.73,2.531,0.276,29.882,13.120,0.1974,0.0219,0.033,0.000,0.196,-0.014,50.276
299,70.686,42.5193,29.622,13.270,77.25,2.545,0.278,29.901,13.276,0.1978,-0.0076,0.030,0.000,0.196,-0.012,100.067
300,70.886,43.3014,29.637,13.397,77.75,2.544,0.283,29.918,13.432,0.1758,-0.0602,0.026,0.000,0.196,-0.013,50.422
301,71.186,41.4450,29.649,13.525,78.28,2.552,0.284,29.918,13.432,0.1894,-0.0449,0.027,0.000,0.196,-0.014,100.183
302,71.386,45.7393,29.661,13.653,78.80,2.546,0.280,29.933,13.588,0.1518,0.0675,0.037,0.000,0.197,0.003,50.470
303,71.636,46.8488,29.672,13.780,79.32,2.547,0.278,29.947,13.745,0.1731,-0.0331,0.028,0.000,0.197,0.010,50.330
304,71.836,44.6098,29.682,13.908,79.80,2.552,0.278,29.960,13.901,0.1672,0.0504,0.035,0.000,0.197,0.011,50.212
305,72.086,43.0026,29.691,14.035,80.27,2.555,0.280,29.970,14.058,0.1691,-0.0249,0.029,0.000,0.197,0.019,50.214
306,72.287,41.4043,29.700,14.163,80.74,2.563,0.285,29.979,14.215,0.2018,0.0201,0.033,0.000,0.197,0.020,50.462
307,72.586,43.7358,29.707,14.291,81.21,2.562,0.283,29.979,14.215,0.1493,-0.0727,0.024,0.000,0.197,0.016,100.468
308,72.836,58.0698,29.713,14.420,81.70,2.564,0.278,29.987,14.372,0.1579,-0.1132,0.021,0.000,0.197,0.022,50.505
309,73.086,45.3115,29.719,14.548,82.18,2.545,0.275,29.993,14.529,0.1758,-0.0942,0.022,0.000,0.197,0.032,50.289
310,73.286,38.9140,29.723,14.675,82.63,2.527,0.273,29.997,14.686,0.1933,0.0590,0.036,0.000,0.197,0.025,50.416
311,73.537,39.0865,29.727,14.802,83.07,2.518,0.276,29.999,14.843,0.2066,0.0901,0.039,0.000,0.197,0.015,50.118
312,73.736,43.6483,29.728,14.928,83.54,2.531,0.281,30.000,15.000,0.1618,0.0566,0.036,0.000,0.197,0.005,50.163
313,74.036,52.7457,29.728,15.056,84.07,2.550,0.277,30.000,15.000,0.2057,-0.1325,0.019,0.000,0.196,0.004,50.047
314,74.286,42.2771,29.728,15.185,84.59,2.551,0.273,29.999,15.157,0.2050,-0.0580,0.025,0.000,0.197,0.004,99.987
315,74.537,45.6108,29.726,15.313,85.08,2.528,0.271,29.997,15.314,0.1682,0.0369,0.034,0.000,0.197,-0.013,50.123
316,74.736,42.3640,29.722,15.440,85.58,2.521,0.273,29.993,15.471,0.2025,-0.1117,0.021,0.000,0.197,-0.017,50.145
317,75.037,52.2557,29.718,15.567,86.09,2.528,0.276,29.987,15.628,0.1682,-0.0471,0.026,0.000,0.197,-0.021,50.009
318,75.286,37.3730,29.713,15.694,86.59,2.525,0.282,29.979,15.785,0.2092,-0.0846,0.023,0.000,0.197,-0.028,100.147
319,75.636,58.6443,29.707,15.821,87.07,2.511,0.275,29.979,15.785,0.1908,-0.0193,0.029,0.000,0.197,-0.028,100.032
320,75.886,72.1642,29.699,15.946,87.55,2.504,0.271,29.970,15.942,0.2275,0.0162,0.032,0.000,0.197,-0.044,50.278
321,76.136,44.2800,29.690,16.072,88.06,2.512,0.271,29.960,16.099,0.1738,0.0062,0.031,0.000,0.196,-0.050,50.257
322,76.336,45.2960,29.679,16.198,88.62,2.515,0.274,29.947,16.255,0.2304,-0.0163,0.029,0.000,0.196,-0.037,50.197
323,76.586,41.6057,29.667,16.324,89.17,2.520,0.280,29.933,16.412,0.1559,0.0462,0.034,0.000,0.196,-0.032,50.102
324,76.786,40.9510,29.654,16.450,89.69,2.519,0.282,29.933,16.412,0.1809,0.0065,0.031,0.000,0.196,-0.029,50.197
325,77.086,48.4524,29.641,16.576,90.18,2.519,0.277,29.918,16.568,0.1964,-0.0776,0.023,0.000,0.197,-0.022,50.246
326,77.337,39.3507,29.627,16.701,90.66,2.519,0.275,29.901,16.724,0.1760,0.0162,0.032,0.000,0.197,-0.021,100.563
327,77.586,43.7708,29.611,16.827,91.16,2.519,0.276,29.882,16.880,0.1778,0.0235,0.032,0.000,0.197,-0.010,50.052
328,77.786,46.1268,29.594,16.953,91.68,2.521,0.279,29.861,17.036,0.1605,0.0164,0.032,0.000,0.197,-0.002,50.092
329,78.037,38.1932,29.577,17.078,92.18,2.525,0.285,29.839,17.191,0.2124,0.0485,0.035,0.000,0.197,0.010,50.758
330,78.236,38.1513,29.559,17.204,92.65,2.528,0.280,29.839,17.191,0.1586,0.0705,0.037,0.000,0.197,0.016,50.080
331,78.486,40.8112,29.540,17.329,93.11,2.539,0.276,29.815,17.347,0.1857,0.0001,0.030,0.000,0.197,0.025,49.883
332,78.736,37.1167,29.520,17.455,93.58,2.545,0.274,29.790,17.502,0.1806,-0.0144,0.029,0.000,0.197,0.025,100.078
333,78.986,41.4930,29.499,17.581,94.04,2.540,0.274,29.763,17.656,0.1942,0.0296,0.033,0.000,0.197,0.018,50.217
334,79.186,37.8222,29.476,17.707,94.53,2.536,0.278,29.734,17.811,0.1790,-0.0266,0.028,0.000,0.197,0.020,50.329
335,79.487,41.7477,29.452,17.833,95.06,2.545,0.284,29.734,17.811,0.2004,-0.0983,0.022,0.000,0.197,0.027,99.980
336,79.736,38.2896,29.426,17.958,95.59,2.545,0.278,29.704,17.965,0.1714,-0.0042,0.030,0.000,0.197,0.019,100.123
337,79.986,40.4878,29.399,18.083,96.11,2.532,0.276,29.672,18.119,0.1976,-0.1168,0.020,0.000,0.197,0.023,50.065
338,80.186,47.6815,29.371,18.208,96.62,2.528,0.275,29.639,18.272,0.1411,-0.0620,0.025,0.000,0.197,0.019,50.134
339,80.486,42.0074,29.343,18.332,97.11,2.514,0.277,29.604,18.425,0.1638,0.0423,0.034,0.000,0.197,0.020,100.172
340,80.686,44.9077,29.314,18.455,97.59,2.507,0.281,29.567,18.578,0.1664,0.0753,0.037,0.000,0.197,0.029,50.380
341,80.936,33.7982,29.285,18.578,98.04,2.518,0.282,29.567,18.578,0.2021,-0.0304,0.028,0.000,0.198,0.023,50.336
342,81.136,37.7370,29.255,18.701,98.48,2.527,0.276,29.529,18.730,0.1879,0.0220,0.032,0.000,0.197,0.015,50.160
343,81.436,45.0691,29.223,18.824,98.96,2.528,0.273,29.489,18.882,0.2362,0.0470,0.034,0.000,0.197,0.005,100.472
344,81.636,38.5925,29.189,18.947,99.47,2.529,0.273,29.447,19.034,0.2097,-0.0813,0.023,0.000,0.197,0.007,50.230
345,81.886,43.3129,29.153,19.069,100.02,2.532,0.277,29.404,19.185,0.1836,0.0381,0.034,0.000,0.196,0.002,49.972
346,82.086,38.4377,29.114,19.191,100.61,2.537,0.285,29.360,19.335,0.1941,-0.0387,0.027,0.000,0.196,-0.009,50.267
347,82.336,39.8476,29.076,19.313,101.17,2.545,0.285,29.360,19.335,0.1767,-0.0461,0.026,0.000,0.196,-0.016,50.098
348,82.536,43.6598,29.036,19.434,101.71,2.544,0.282,29.314,19.486,0.1679,-0.0998,0.021,0.000,0.196,-0.032,50.321
349,82.787,37.0177,28.996,19.555,102.23,2.534,0.281,29.266,19.635,0.1598,0.0437,0.034,0.000,0.197,-0.037,50.128
350,82.986,48.2044,28.956,19.675,102.71,2.519,0.282,29.217,19.784,0.1644,-0.0026,0.030,0.000,0.197,-0.039,50.342
351,83.287,36.6887,28.916,19.795,103.16,2.523,0.285,29.166,19.933,0.1704,0.0828,0.037,0.000,0.197,-0.042,100.239
352,83.486,39.5679,28.875,19.915,103.60,2.529,0.290,29.113,20.081,0.1840,-0.0677,0.024,0.000,0.197,-0.036,50.334
353,83.786,39.5812,28.833,20.034,104.05,2.532,0.284,29.113,20.081,0.1712,0.0380,0.033,0.000,0.197,-0.020,100.497
354,83.986,39.0899,28.789,20.153,104.54,2.527,0.281,29.059,20.229,0.1694,-0.0804,0.023,0.000,0.196,-0.006,50.363
355,84.237,42.6075,28.744,20.272,105.03,2.524,0.280,29.004,20.376,0.1984,0.0411,0.034,0.000,0.196,0.013,50.134
356,84.436,39.6507,28.698,20.390,105.51,2.517,0.281,28.947,20.522,0.1776,-0.1046,0.021,0.000,0.196,0.016,49.689
357,84.687,39.6849,28.651,20.508,105.99,2.519,0.286,28.888,20.668,0.1802,-0.0884,0.022,0.000,0.196,0.021,50.199
358,84.937,40.4822,28.603,20.625,106.50,2.510,0.288,28.888,20.668,0.2117,0.1461,0.043,0.000,0.196,0.024,100.113
359,85.186,37.4893,28.554,20.741,107.01,2.501,0.283,28.828,20.813,0.1597,-0.0574,0.025,0.000,0.196,0.028,49.832
360,85.387,39.1043,28.503,20.857,107.53,2.517,0.282,28.766,20.957,0.2024,0.2546,0.053,0.000,0.196,0.027,50.367
361,85.637,41.1881,28.452,20.972,108.03,2.519,0.282,28.703,21.101,0.1351,0.0158,0.032,0.000,0.196,0.022,49.853
362,85.837,39.5845,28.400,21.089,108.52,2.540,0.285,28.639,21.244,0.1606,-0.0381,0.027,0.000,0.197,0.008,50.510
363,86.087,42.8656,28.347,21.205,108.98,2.539,0.289,28.572,21.387,0.1793,-0.1372,0.018,0.000,0.197,-0.008,50.271
364,86.287,40.6858,28.294,21.321,109.41,2.529,0.286,28.572,21.387,0.1324,0.1504,0.043,0.000,0.197,-0.023,50.682
365,86.536,40.4766,28.239,21.436,109.87,2.514,0.281,28.505,21.528,0.2003,-0.0599,0.025,0.000,0.197,-0.025,49.947
366,86.786,58.9473,28.185,21.551,110.32,2.531,0.278,28.436,21.670,0.1735,0.0554,0.035,0.000,0.197,-0.023,49.704
367,87.086,44.6069,28.129,21.666,110.74,2.534,0.276,28.365,21.810,0.1948,-0.0110,0.029,0.000,0.197,-0.021,100.205
368,87.336,65.1181,28.072,21.779,111.19,2.541,0.279,28.293,21.949,0.2105,-0.0837,0.023,0.000,0.197,-0.012,50.442
369,87.636,38.1069,28.013,21.893,111.70,2.532,0.284,28.220,22.088,0.1954,0.0355,0.033,0.000,0.196,-0.002,100.196
370,87.836,39.3494,27.952,22.005,112.24,2.529,0.280,28.220,22.088,0.1763,0.0637,0.036,0.000,0.196,-0.001,50.343
371,88.086,45.0812,27.890,22.117,112.81,2.538,0.277,28.145,22.226,0.1956,0.0268,0.033,0.000,0.196,0.015,50.348
372,88.337,67.2749,27.828,22.228,113.34,2.547,0.276,28.068,22.364,0.1833,-0.0763,0.023,0.000,0.196,0.021,50.429
373,88.587,45.1106,27.764,22.339,113.84,2.553,0.278,27.990,22.500,0.1510,-0.1567,0.016,0.000,0.196,0.009,49.787
374,88.786,36.5360,27.699,22.449,114.35,2.546,0.282,27.911,22.636,0.1690,-0.0151,0.029,0.000,0.196,0.007,50.257
375,89.136,49.0427,27.635,22.559,114.84,2.527,0.287,27.911,22.636,0.2003,-0.0353,0.027,0.000,0.197,0.001,99.592
376,89.386,48.6707,27.570,22.667,115.29,2.515,0.280,27.830,22.770,0.1720,-0.1503,0.017,0.000,0.196,-0.014,49.967
377,89.636,41.6837,27.505,22.774,115.75,2.507,0.276,27.748,22.904,0.1952,-0.0253,0.027,0.000,0.196,-0.018,50.376
378,89.836,47.2676,27.438,22.881,116.24,2.492,0.275,27.665,23.037,0.2140,-0.0067,0.029,0.000,0.196,-0.010,50.222
379,90.086,42.0938,27.371,22.986,116.73,2.481,0.278,27.580,23.170,0.2237,0.2613,0.053,0.000,0.196,-0.012,50.142
380,90.336,43.8362,27.302,23.091,117.24,2.489,0.284,27.494,23.301,0.1926,0.0890,0.038,0.000,0.196,-0.010,100.311
381,90.636,51.5137,27.231,23.195,117.80,2.520,0.283,27.494,23.301,0.1740,0.1766,0.046,0.000,0.196,0.014,50.332
382,90.886,68.4872,27.159,23.300,118.36,2.541,0.280,27.406,23.431,0.1820,0.0037,0.031,0.000,0.196,0.029,50.117
383,91.186,48.9635,27.085,23.405,118.89,2.556,0.279,27.317,23.561,0.1741,-0.0881,0.023,0.000,0.197,0.037,50.436
384,91.486,68.0055,27.011,23.510,119.37,2.555,0.281,27.227,23.689,0.1975,-0.0821,0.023,0.000,0.197,0.037,99.895
385,91.786,46.7282,26.936,23.614,119.86,2.539,0.284,27.135,23.817,0.1997,0.0423,0.034,0.000,0.197,0.031,100.020
386,91.986,41.2347,26.861,23.717,120.36,2.535,0.290,27.042,23.943,0.1898,-0.0936,0.022,0.000,0.197,0.035,50.322
387,92.337,49.7669,26.784,23.818,120.89,2.540,0.287,27.042,23.943,0.1709,-0.0972,0.021,0.000,0.197,0.031,100.536
388,92.586,47.6027,26.707,23.919,121.44,2.531,0.284,26.948,24.069,0.1812,0.0530,0.035,0.000,0.197,0.032,100.098
389,92.836,40.4404,26.629,24.019,121.96,2.511,0.283,26.852,24.194,0.1405,0.1735,0.045,0.000,0.197,0.021,50.380
390,93.086,58.2766,26.551,24.119,122.44,2.519,0.285,26.755,24.317,0.1858,0.1104,0.040,0.000,0.197,0.010,50.102
391,93.386,45.0956,26.472,24.219,122.90,2.543,0.288,26.657,24.440,0.1746,0.0035,0.031,0.000,0.197,-0.004,100.114
392,93.586,45.8797,26.392,24.319,123.34,2.552,0.292,26.657,24.440,0.1542,-0.1511,0.017,0.000,0.197,-0.017,50.337
393,93.836,45.2672,26.310,24.418,123.82,2.547,0.286,26.558,24.561,0.1844,-0.0837,0.023,0.000,0.197,-0.023,50.611
394,94.037,43.5996,26.229,24.517,124.29,2.529,0.281,26.457,24.682,0.1815,0.0920,0.038,0.000,0.198,-0.027,50.396
395,94.286,45.3179,26.147,24.614,124.73,2.518,0.279,26.355,24.801,0.1958,-0.0223,0.028,0.000,0.197,-0.037,50.015
396,94.486,47.6075,26.064,24.711,125.19,2.527,0.281,26.252,24.920,0.1720,0.0378,0.034,0.000,0.197,-0.034,50.242
397,94.786,44.1847,25.979,24.806,125.70,2.539,0.285,26.147,25.037,0.1740,-0.1022,0.021,0.000,0.197,-0.024,100.517
398,94.986,45.0028,25.894,24.901,126.23,2.545,0.287,26.147,25.037,0.2097,-0.0181,0.028,0.000,0.197,-0.023,50.419
399,95.236,42.7217,25.808,24.996,126.72,2.540,0.282,26.041,25.153,0.1841,-0.0896,0.022,0.000,0.197,-0.033,50.420
400,95.436,47.8887,25.721,25.088,127.22,2.534,0.279,25.935,25.268,0.1851,0.0473,0.034,0.000,0.196,-0.036,50.027
401,95.737,49.0307,25.633,25.180,127.73,2.532,0.280,25.826,25.382,0.1943,-0.0331,0.027,0.000,0.196,-0.033,50.295
402,95.936,45.5480,25.545,25.271,128.26,2.535,0.283,25.717,25.495,0.1754,0.0650,0.036,0.000,0.196,-0.028,49.700
403,96.186,48.7476,25.455,25.360,128.78,2.535,0.289,25.607,25.607,0.1665,0.1438,0.043,0.000,0.196,-0.015,50.185
404,96.386,40.1827,25.365,25.450,129.30,2.539,0.288,25.607,25.607,0.1579,-0.0268,0.028,0.000,0.196,0.001,50.590
405,96.636,35.7124,25.274,25.540,129.77,2.549,0.283,25.495,25.717,0.1862,-0.0873,0.022,0.000,0.197,0.003,50.028
406,96.836,41.4557,25.182,25.630,130.22,2.544,0.280,25.382,25.826,0.1698,-0.0444,0.026,0.000,0.197,0.000,50.422
407,97.086,39.5180,25.090,25.718,130.67,2.528,0.280,25.268,25.935,0.2146,0.0250,0.032,0.000,0.197,0.012,50.170
408,97.336,53.7305,24.998,25.806,131.15,2.518,0.282,25.153,26.041,0.1931,0.1641,0.045,0.000,0.197,0.016,50.089
409,97.686,49.2903,24.904,25.892,131.65,2.527,0.288,25.037,26.147,0.1991,0.0026,0.030,0.000,0.196,0.027,100.157
410,97.986,49.2419,24.809,25.977,132.18,2.548,0.284,25.037,26.147,0.1815,-0.0896,0.022,0.000,0.196,0.042,99.978
411,98.286,50.8804,24.711,26.062,132.74,2.560,0.282,24.920,26.252,0.1758,-0.2052,0.012,0.000,0.196,0.050,50.458
412,98.537,38.6236,24.614,26.145,133.29,2.542,0.281,24.801,26.355,0.1894,0.0051,0.030,0.000,0.196,0.043,99.942
413,98.787,45.5130,24.517,26.228,133.80,2.523,0.283,24.682,26.457,0.1481,0.1190,0.040,0.000,0.197,0.020,50.083
414,98.986,44.2017,24.420,26.308,134.29,2.520,0.287,24.561,26.558,0.1694,0.0251,0.032,0.000,0.197,0.020,50.577
415,99.236,46.9744,24.322,26.389,134.77,2.542,0.293,24.440,26.657,0.2120,-0.0934,0.022,0.000,0.197,0.022,50.012
416,99.436,42.5227,24.223,26.470,135.24,2.543,0.286,24.440,26.657,0.1752,-0.1311,0.018,0.000,0.197,0.007,50.091
417,99.736,48.3369,24.123,26.549,135.72,2.522,0.283,24.317,26.755,0.1693,0.1216,0.041,0.000,0.197,-0.001,100.243
418,99.936,39.7897,24.023,26.627,136.23,2.508,0.282,24.194,26.852,0.1584,0.0717,0.036,0.000,0.197,0.003,50.176
419,100.187,41.6311,23.923,26.705,136.73,2.519,0.283,24.069,26.948,0.1357,-0.0565,0.025,0.000,0.197,0.007,50.803
420,100.386,38.3180,23.823,26.783,137.18,2.532,0.286,23.943,27.042,0.1622,0.0013,0.030,0.000,0.197,0.006,50.136
421,100.686,39.7402,23.722,26.860,137.59,2.526,0.287,23.943,27.042,0.1762,0.0072,0.031,0.000,0.198,-0.003,100.484
422,100.986,56.0204,23.621,26.937,137.97,2.522,0.279,23.817,27.135,0.1828,0.0851,0.038,0.000,0.198,-0.014,100.093
423,101.286,42.1327,23.519,27.012,138.39,2.530,0.274,23.689,27.227,0.2035,-0.0028,0.030,0.000,0.197,-0.017,100.471
424,101.486,44.7052,23.415,27.087,138.85,2.544,0.272,23.561,27.317,0.1993,-0.1459,0.017,0.000,0.197,-0.025,50.433
425,101.736,46.6384,23.310,27.160,139.35,2.548,0.274,23.431,27.406,0.1959,0.1384,0.042,0.000,0.196,-0.027,50.169
426,101.937,42.6936,23.204,27.231,139.89,2.543,0.280,23.301,27.494,0.1837,0.0490,0.034,0.000,0.196,-0.027,50.360
427,102.237,71.1114,23.098,27.301,140.44,2.559,0.280,23.301,27.494,0.1931,-0.0479,0.026,0.000,0.196,-0.022,50.078
428,102.436,40.7051,22.990,27.371,140.99,2.563,0.276,23.170,27.580,0.2033,-0.1883,0.013,0.000,0.196,-0.030,49.895
429,102.686,41.7384,22.881,27.439,141.51,2.551,0.275,23.037,27.665,0.1993,-0.1609,0.016,0.000,0.196,-0.033,50.425
430,102.986,71.4200,22.773,27.505,142.06,2.515,0.276,22.904,27.748,0.2107,0.0602,0.035,0.000,0.196,-0.016,100.180
431,103.287,58.4138,22.664,27.570,142.62,2.493,0.281,22.770,27.830,0.1829,0.1719,0.045,0.000,0.196,-0.009,50.038
432,103.536,45.8136,22.556,27.633,143.19,2.504,0.289,22.636,27.911,0.1815,-0.0143,0.029,0.000,0.196,0.003,100.042
433,103.786,44.6390,22.446,27.696,143.74,2.517,0.287,22.636,27.911,0.1668,-0.0589,0.025,0.000,0.196,0.026,50.192
434,103.986,47.4329,22.335,27.759,144.25,2.520,0.284,22.500,27.990,0.1901,-0.0018,0.030,0.000,0.197,0.038,50.506
435,104.236,37.5385,22.225,27.822,144.73,2.509,0.283,22.364,28.068,0.1734,0.1681,0.045,0.000,0.197,0.040,50.196
436,104.436,44.4087,22.114,27.883,145.21,2.521,0.284,22.226,28.145,0.1914,-0.0703,0.024,0.000,0.197,0.031,50.136
437,104.686,38.4974,22.003,27.944,145.71,2.537,0.288,22.088,28.220,0.1464,0.0120,0.031,0.000,0.197,0.025,49.980
438,104.936,47.5097,21.890,28.004,146.22,2.539,0.293,22.088,28.220,0.1869,0.0454,0.034,0.000,0.197,0.021,100.049
439,105.236,50.5938,21.777,28.064,146.70,2.541,0.287,21.949,28.293,0.1907,-0.0525,0.025,0.000,0.197,0.009,50.196
440,105.537,48.3504,21.664,28.122,147.16,2.540,0.283,21.810,28.365,0.1479,-0.1093,0.020,0.000,0.197,-0.011,100.127
441,105.886,50.0476,21.550,28.179,147.64,2.529,0.283,21.670,28.436,0.2034,-0.0187,0.028,0.000,0.197,-0.027,100.081
442,106.186,53.1252,21.437,28.235,148.11,2.512,0.285,21.528,28.505,0.1663,-0.0214,0.028,0.000,0.197,-0.033,100.337
443,106.536,50.2799,21.323,28.291,148.57,2.501,0.289,21.387,28.572,0.1402,0.2036,0.048,0.000,0.197,-0.039,100.442
444,106.836,72.7214,21.209,28.345,149.03,2.505,0.289,21.387,28.572,0.1222,0.0683,0.036,0.000,0.197,-0.035,100.218
445,107.086,43.1262,21.095,28.400,149.47,2.528,0.282,21.244,28.639,0.1946,0.1543,0.044,0.000,0.197,-0.020,50.709
446,107.337,49.0753,20.980,28.456,149.84,2.544,0.276,21.101,28.703,0.1610,-0.1805,0.014,0.000,0.198,-0.017,50.275
447,107.636,47.0123,20.864,28.511,150.19,2.548,0.272,20.957,28.766,0.2104,-0.0722,0.024,0.000,0.198,-0.019,99.868
448,107.886,75.5139,20.747,28.564,150.59,2.534,0.272,20.813,28.828,0.1888,-0.0251,0.028,0.000,0.198,-0.015,50.235
449,108.186,44.2871,20.631,28.615,151.04,2.529,0.275,20.668,28.888,0.2288,-0.0262,0.028,0.000,0.197,-0.009,99.977
450,108.436,45.1301,20.514,28.665,151.53,2.533,0.271,20.668,28.888,0.2218,-0.0875,0.022,0.000,0.196,-0.005,100.318
451,108.737,56.8136,20.396,28.712,152.05,2.532,0.266,20.522,28.947,0.2382,-0.0187,0.028,0.000,0.196,-0.002,50.292
452,109.036,59.9845,20.277,28.757,152.60,2.527,0.265,20.376,29.004,0.2032,-0.0489,0.025,0.000,0.195,0.001,100.285
453,109.337,47.4075,20.158,28.801,153.18,2.524,0.268,20.229,29.059,0.1970,0.0665,0.036,0.000,0.195,0.015,100.244
454,109.586,64.0102,20.039,28.843,153.77,2.525,0.274,20.081,29.113,0.2101,-0.0504,0.025,0.000,0.195,0.017,49.857
455,109.886,47.0575,19.919,28.884,154.33,2.526,0.281,20.081,29.113,0.2077,-0.0311,0.027,0.000,0.196,0.015,100.181
456,110.086,44.5495,19.799,28.924,154.88,2.515,0.277,19.933,29.166,0.2041,0.0764,0.037,0.000,0.196,0.009,50.377
457,110.386,49.0654,19.678,28.962,155.45,2.507,0.275,19.784,29.217,0.1877,0.2041,0.048,0.000,0.196,0.015,50.122
458,110.687,59.1368,19.557,29.000,156.03,2.519,0.277,19.635,29.266,0.1722,0.1151,0.040,0.000,0.196,0.020,99.774
459,111.037,81.1641,19.435,29.038,156.59,2.537,0.280,19.486,29.314,0.1651,0.0771,0.037,0.000,0.197,0.027,100.121
460,111.236,46.1264,19.312,29.076,157.09,2.554,0.285,19.335,29.360,0.1873,-0.0429,0.027,0.000,0.198,0.038,49.903
461,111.486,47.4203,19.189,29.114,157.55,2.563,0.287,19.335,29.360,0.1838,-0.0213,0.028,0.000,0.198,0.039,50.571
462,111.786,60.3835,19.065,29.150,158.01,2.561,0.281,19.185,29.404,0.1684,-0.1844,0.014,0.000,0.198,0.030,100.071
463,112.086,46.6336,18.941,29.185,158.52,2.555,0.279,19.034,29.447,0.1993,-0.0403,0.026,0.000,0.197,0.024,100.034
464,112.386,66.7162,18.818,29.218,159.02,2.539,0.278,18.882,29.489,0.1852,0.0121,0.031,0.000,0.197,0.015,100.032
465,112.686,43.7913,18.695,29.251,159.52,2.534,0.280,18.730,29.529,0.2012,-0.0400,0.026,0.000,0.197,-0.001,100.050
466,112.936,44.7325,18.572,29.281,160.02,2.538,0.286,18.578,29.567,0.1430,-0.0843,0.022,0.000,0.196,-0.009,100.204
467,113.186,44.3806,18.448,29.311,160.56,2.536,0.288,18.578,29.567,0.1552,0.0854,0.037,0.000,0.196,-0.012,50.201
468,113.386,43.7867,18.324,29.339,161.09,2.526,0.283,18.425,29.604,0.1679,-0.0463,0.026,0.000,0.196,-0.011,50.312
469,113.686,43.7583,18.201,29.368,161.54,2.523,0.280,18.272,29.639,0.1622,-0.0048,0.029,0.000,0.197,-0.030,100.271
470,113.936,78.4107,18.077,29.396,161.97,2.516,0.279,18.119,29.672,0.1695,0.0912,0.038,0.000,0.197,-0.044,50.179
471,114.186,42.2909,17.953,29.423,162.41,2.518,0.281,17.965,29.704,0.1925,-0.1456,0.017,0.000,0.197,-0.055,49.935
472,114.487,62.2738,17.829,29.449,162.87,2.520,0.286,17.811,29.734,0.1894,-0.0456,0.026,0.000,0.197,-0.057,100.142
473,114.786,44.5572,17.704,29.473,163.36,2.505,0.282,17.811,29.734,0.1528,0.0173,0.031,0.000,0.197,-0.062,100.042
474,115.036,42.0249,17.580,29.495,163.87,2.506,0.278,17.656,29.763,0.1992,-0.0292,0.027,0.000,0.196,-0.041,100.428
475,115.286,42.1831,17.456,29.517,164.37,2.515,0.277,17.502,29.790,0.1858,-0.0195,0.028,0.000,0.197,-0.034,50.068
476,115.536,70.6948,17.331,29.538,164.84,2.518,0.278,17.347,29.815,0.1645,-0.1053,0.020,0.000,0.197,-0.029,50.425
477,115.836,74.9063,17.206,29.557,165.34,2.513,0.282,17.191,29.839,0.2129,0.0692,0.036,0.000,0.196,-0.009,50.008
478,116.086,76.6355,17.082,29.576,165.83,2.506,0.285,17.191,29.839,0.2030,0.0954,0.038,0.000,0.196,-0.006,50.064
479,116.387,43.8839,16.958,29.593,166.32,2.516,0.279,17.036,29.861,0.1568,0.0523,0.034,0.000,0.196,-0.007,100.134
480,116.686,71.4920,16.833,29.609,166.82,2.533,0.277,16.880,29.882,0.1559,0.0841,0.037,0.000,0.196,0.001,100.071
481,116.986,65.0376,16.707,29.625,167.31,2.538,0.276,16.724,29.901,0.1866,0.0517,0.035,0.000,0.196,0.016,50.195
482,117.236,46.4503,16.580,29.640,167.77,2.538,0.278,16.568,29.918,0.1934,0.0277,0.032,0.000,0.197,0.014,100.274
483,117.536,70.3322,16.454,29.654,168.21,2.537,0.282,16.412,29.933,0.1857,-0.0836,0.023,0.000,0.197,0.010,50.041
484,117.836,51.4079,16.327,29.667,168.68,2.528,0.280,16.412,29.933,0.1825,-0.0160,0.029,0.000,0.197,0.010,100.160
485,118.186,75.6400,16.199,29.678,169.20,2.519,0.275,16.255,29.947,0.1717,0.0124,0.031,0.000,0.196,0.013,100.100
486,118.386,42.8510,16.072,29.688,169.73,2.522,0.273,16.099,29.960,0.1632,-0.1561,0.016,0.000,0.196,0.024,50.266
487,118.636,42.3591,15.945,29.697,170.23,2.519,0.274,15.942,29.970,0.1505,-0.0324,0.027,0.000,0.197,0.028,50.195
488,118.836,43.6584,15.819,29.705,170.70,2.506,0.276,15.785,29.979,0.1679,-0.0158,0.028,0.000,0.197,0.034,50.451
489,119.137,49.5056,15.693,29.714,171.12,2.499,0.281,15.628,29.987,0.1589,0.1013,0.039,0.000,0.197,0.032,50.257
490,119.386,62.3612,15.568,29.721,171.55,2.506,0.273,15.628,29.987,0.1095,0.0598,0.035,0.000,0.197,0.028,49.615
491,119.686,72.9885,15.441,29.727,171.99,2.519,0.267,15.471,29.993,0.1214,0.1688,0.045,0.000,0.197,0.036,50.097
492,119.886,46.4645,15.315,29.734,172.41,2.534,0.263,15.314,29.997,0.0948,0.0991,0.039,0.000,0.197,0.038,50.003
493,120.186,75.6053,15.187,29.741,172.77,2.553,0.260,15.157,29.999,0.0843,0.0041,0.031,0.000,0.198,0.037,50.172
494,120.436,59.4850,15.060,29.748,173.07,2.562,0.258,15.000,30.000,0.1089,-0.0690,0.024,0.000,0.199,0.040,50.369
495,120.686,42.5538,14.932,29.757,173.32,2.560,0.245,14.900,30.000,0.1008,-0.1160,0.020,0.000,0.199,0.022,50.126
496,120.886,45.6358,14.804,29.764,173.56,2.551,0.236,14.800,30.000,0.0637,-0.0391,0.027,0.000,0.199,-0.003,50.348
497,121.237,69.7717,14.677,29.771,173.84,2.534,0.231,14.700,30.000,0.0690,0.0181,0.032,0.000,0.199,-0.004,100.337
498,121.536,48.3650,14.551,29.778,174.11,2.525,0.228,14.600,30.000,0.0542,-0.0134,0.029,0.000,0.199,-0.002,100.103
499,121.786,42.7085,14.424,29.785,174.32,2.524,0.216,14.400,30.000,0.0461,0.0220,0.032,0.000,0.199,-0.005,49.895
500,121.986,45.6210,14.298,29.793,174.49,2.522,0.207,14.300,30.000,0.0511,-0.0195,0.028,0.000,0.199,-0.006,50.179
501,122.286,47.5088,14.172,29.801,174.63,2.524,0.201,14.200,30.000,0.0848,-0.0216,0.028,0.000,0.199,-0.009,100.115
502,122.487,46.5105,14.046,29.809,174.76,2.524,0.197,14.000,30.000,0.0469,-0.0459,0.026,0.000,0.199,-0.014,50.115
503,122.836,52.3317,13.920,29.816,174.93,2.520,0.185,13.900,30.000,0.0778,0.0677,0.036,0.000,0.199,-0.010,100.344
504,123.036,46.8430,13.794,29.823,175.09,2.517,0.177,13.800,30.000,0.0621,0.0299,0.033,0.000,0.199,-0.002,50.151
505,123.336,48.6794,13.667,29.829,175.25,2.524,0.174,13.700,30.000,0.0718,-0.0705,0.024,0.000,0.199,0.000,50.230
506,123.636,50.3140,13.540,29.835,175.40,2.530,0.170,13.500,30.000,0.0433,0.0223,0.032,0.000,0.199,-0.002,100.395
507,123.986,83.7844,13.414,29.840,175.59,2.528,0.161,13.400,30.000,0.0922,-0.0684,0.024,0.000,0.199,0.008,100.401
508,124.286,64.0190,13.287,29.845,175.78,2.526,0.156,13.300,30.000,0.0443,-0.1392,0.017,0.000,0.199,0.007,100.535
509,124.586,42.7674,13.160,29.850,175.93,2.514,0.155,13.200,30.000,0.0407,0.0008,0.030,0.000,0.199,0.009,100.152
510,124.786,41.1071,13.035,29.854,176.08,2.502,0.150,13.000,30.000,0.0377,-0.0541,0.025,0.000,0.199,0.010,50.344
511,125.086,42.4661,12.910,29.860,176.19,2.500,0.141,12.900,30.000,0.0517,0.0368,0.033,0.000,0.200,0.009,100.118
512,125.286,42.0710,12.785,29.865,176.30,2.499,0.136,12.800,30.000,0.0703,-0.0600,0.024,0.000,0.200,0.010,50.237
513,125.536,44.2365,12.659,29.869,176.40,2.503,0.137,12.700,30.000,0.0032,-0.0115,0.029,0.000,0.199,0.006,50.476
514,125.836,60.5439,12.534,29.873,176.55,2.502,0.132,12.500,30.000,0.0847,0.0609,0.035,0.000,0.199,0.017,100.360
515,126.186,74.2934,12.409,29.877,176.68,2.503,0.123,12.400,30.000,0.0503,-0.0464,0.026,0.000,0.199,0.015,100.483
516,126.436,54.5751,12.284,29.881,176.78,2.511,0.120,12.300,30.000,0.0306,0.0133,0.031,0.000,0.199,0.005,50.049
517,126.786,77.6723,12.158,29.884,176.89,2.510,0.123,12.200,30.000,0.0628,-0.1406,0.017,0.000,0.199,0.015,100.035
518,127.036,42.8274,12.033,29.888,177.00,2.507,0.117,12.000,30.000,0.0599,0.0203,0.031,0.000,0.199,0.012,100.653
519,127.337,51.7762,11.908,29.891,177.11,2.497,0.109,11.900,30.000,0.0505,0.1374,0.042,0.000,0.199,0.003,50.294
520,127.636,73.9379,11.784,29.894,177.23,2.506,0.108,11.800,30.000,0.0326,0.0420,0.033,0.000,0.199,0.006,99.889
521,127.936,49.4625,11.658,29.896,177.37,2.522,0.112,11.700,30.000,0.0216,-0.1051,0.020,0.000,0.199,0.015,49.792
522,128.136,42.0352,11.532,29.898,177.50,2.522,0.107,11.500,30.000,-0.0086,-0.2135,0.011,0.000,0.199,0.021,50.287
523,128.436,77.3049,11.407,29.902,177.58,2.496,0.099,11.400,30.000,0.0174,-0.0036,0.029,0.000,0.200,0.020,50.081
524,128.636,45.7905,11.283,29.906,177.60,2.468,0.096,11.300,30.000,0.0076,0.2567,0.052,0.000,0.200,0.017,50.276
525,128.886,47.0006,11.160,29.910,177.61,2.481,0.099,11.200,30.000,0.0213,0.0644,0.035,0.000,0.200,0.010,50.790
526,129.136,55.9166,11.035,29.914,177.64,2.511,0.093,11.000,30.000,0.0485,-0.0019,0.029,0.000,0.199,0.010,50.433
527,129.486,59.0589,10.910,29.918,177.69,2.528,0.082,10.900,30.000,0.0323,-0.1335,0.018,0.000,0.199,0.009,99.961
528,129.787,62.3508,10.784,29.921,177.75,2.525,0.080,10.800,30.000,0.0426,-0.0471,0.025,0.000,0.199,0.004,100.017
529,130.086,44.9988,10.659,29.924,177.84,2.508,0.087,10.700,30.000,0.0108,-0.0240,0.027,0.000,0.199,0.007,99.950
530,130.336,76.7597,10.534,29.925,177.94,2.501,0.082,10.500,30.000,0.0409,-0.0485,0.025,0.000,0.199,0.010,50.072
531,130.586,45.0894,10.409,29.928,178.03,2.493,0.073,10.400,30.000,0.0273,-0.0137,0.028,0.000,0.199,0.012,50.087
532,130.787,42.8970,10.285,29.930,178.10,2.486,0.072,10.300,30.000,0.0263,0.0306,0.032,0.000,0.199,0.013,50.434
533,131.086,60.9195,10.160,29.931,178.17,2.485,0.079,10.200,30.000,0.0200,0.0369,0.033,0.000,0.199,0.013,50.156
534,131.336,48.8494,10.036,29.933,178.24,2.488,0.076,10.000,30.000,0.0299,0.1915,0.046,0.000,0.199,0.017,99.949
535,131.686,59.4308,9.911,29.935,178.31,2.497,0.065,9.900,30.000,0.0059,0.0493,0.034,0.000,0.199,0.015,100.091
536,131.987,77.3311,9.785,29.937,178.38,2.519,0.065,9.800,30.000,0.0070,-0.0452,0.026,0.000,0.199,0.019,100.002
537,132.286,60.0093,9.659,29.940,178.44,2.521,0.073,9.700,30.000,-0.0185,0.0085,0.030,0.000,0.200,0.017,50.139
538,132.536,46.0921,9.532,29.942,178.47,2.512,0.066,9.500,30.000,0.0376,-0.1574,0.016,0.000,0.200,0.021,100.252
539,132.786,47.6965,9.407,29.946,178.45,2.499,0.054,9.400,30.000,0.0108,0.0526,0.034,0.000,0.200,0.012,50.294
540,133.036,49.8917,9.282,29.949,178.44,2.491,0.054,9.300,30.000,0.0206,0.0316,0.032,0.000,0.200,0.015,50.072
541,133.386,51.8261,9.156,29.952,178.47,2.500,0.065,9.200,30.000,0.0297,-0.1041,0.020,0.000,0.199,0.011,100.258
542,133.586,47.6753,9.031,29.954,178.52,2.503,0.055,9.000,30.000,0.0174,0.0069,0.030,0.000,0.199,0.024,50.063
543,133.887,46.6746,8.905,29.955,178.60,2.499,0.045,8.900,30.000,-0.0166,-0.0527,0.025,0.000,0.199,0.024,99.950
544,134.136,48.3565,8.780,29.957,178.67,2.499,0.048,8.800,30.000,0.0737,0.0457,0.033,0.000,0.199,0.027,99.939
545,134.486,69.8432,8.655,29.959,178.69,2.486,0.061,8.700,30.000,0.0142,-0.0865,0.022,0.000,0.199,0.025,100.412
546,134.736,47.4510,8.530,29.961,178.71,2.493,0.050,8.500,30.000,0.0594,-0.1940,0.012,0.000,0.199,0.027,100.125
547,135.086,77.8267,8.405,29.962,178.76,2.482,0.039,8.400,30.000,0.0745,0.0390,0.033,0.000,0.199,0.017,100.230
548,135.286,45.5634,8.281,29.963,178.83,2.458,0.042,8.300,30.000,0.1146,0.0546,0.034,0.000,0.199,0.020,50.620
549,135.536,45.7011,8.157,29.962,178.92,2.466,0.057,8.200,30.000,0.0304,-0.0413,0.026,0.000,0.198,0.013,50.384
550,135.786,77.9715,8.033,29.961,179.06,2.488,0.051,8.000,30.000,0.0413,-0.2227,0.009,0.000,0.198,0.029,50.813
551,136.086,46.6154,7.909,29.960,179.19,2.476,0.041,7.900,30.000,0.1735,-0.1334,0.017,0.000,0.198,0.025,100.137
552,136.337,58.4915,7.785,29.958,179.30,2.446,0.044,7.800,30.000,0.0963,-0.1274,0.017,0.000,0.198,0.010,50.191
553,136.636,42.7764,7.663,29.955,179.42,2.435,0.058,7.700,30.000,0.0618,-0.0381,0.025,0.000,0.198,0.003,99.504
554,136.886,43.1700,7.542,29.951,179.62,2.428,0.065,7.500,30.000,0.1012,-0.0997,0.020,0.000,0.197,0.008,100.196
555,137.186,50.6456,7.421,29.947,179.83,2.424,0.057,7.400,30.000,0.0648,0.0697,0.035,0.000,0.198,0.001,50.227
556,137.436,49.2392,7.300,29.942,-179.98,2.421,0.058,7.300,30.000,0.0980,0.1730,0.044,0.000,0.198,-0.009,50.557
557,137.737,50.2482,7.180,29.936,-179.80,2.429,0.067,7.200,30.000,-0.0485,0.1391,0.041,0.000,0.198,-0.009,50.027
558,137.986,46.7966,7.058,29.930,-179.61,2.456,0.081,7.100,30.000,0.1112,0.3366,0.059,0.000,0.198,-0.003,99.966
559,138.286,49.2751,6.935,29.926,-179.45,2.475,0.082,6.900,30.000,0.0532,-0.0842,0.022,0.000,0.199,-0.009,50.034
560,138.586,69.5611,6.811,29.921,-179.32,2.501,0.080,6.800,30.000,0.0564,0.0886,0.037,0.000,0.200,-0.027,100.009
561,138.886,44.0553,6.686,29.915,-179.19,2.503,0.087,6.700,30.000,0.0384,-0.1005,0.020,0.000,0.200,-0.033,99.835
562,139.086,41.7661,6.561,29.909,-179.03,2.506,0.100,6.600,30.000,0.0911,0.0227,0.031,0.000,0.200,-0.032,50.176
563,139.386,77.8962,6.436,29.903,-178.89,2.492,0.103,6.400,30.000,0.1692,-0.2965,0.003,0.000,0.200,-0.042,50.113
564,139.636,46.2413,6.311,29.897,-178.77,2.479,0.104,6.300,30.000,0.0507,0.4469,0.068,0.000,0.200,-0.050,100.535
565,139.936,54.4106,6.188,29.889,-178.62,2.470,0.112,6.200,30.000,0.2141,-0.0757,0.023,0.000,0.199,-0.033,50.106
566,140.236,69.3432,6.064,29.881,-178.44,2.500,0.124,6.100,30.000,0.2419,-0.1584,0.015,0.000,0.199,-0.021,100.026
567,140.486,47.7878,5.939,29.872,-178.27,2.497,0.133,5.900,30.000,0.2380,0.4033,0.065,0.000,0.199,-0.031,50.182
568,140.737,46.7085,5.814,29.861,-178.05,2.491,0.140,5.800,30.000,0.2055,-0.6193,0.000,0.025,0.198,-0.031,100.250
569,141.036,49.5648,5.689,29.848,-177.74,2.503,0.152,5.700,30.000,0.3140,-0.2036,0.011,0.000,0.198,-0.028,50.871
570,141.336,78.3003,5.565,29.832,-177.36,2.482,0.171,5.600,30.000,0.1283,-0.3949,0.000,0.006,0.197,-0.032,100.048
571,141.636,44.3791,5.442,29.814,-176.91,2.447,0.191,5.400,30.000,-0.0283,0.1194,0.039,0.000,0.196,-0.017,100.058
572,141.836,45.6933,5.322,29.796,-176.45,2.414,0.206,5.300,30.000,-0.2672,0.0535,0.033,0.000,0.196,0.007,50.254
573,142.136,48.4390,5.202,29.779,-176.08,2.416,0.221,5.200,30.000,-0.2740,0.3801,0.062,0.000,0.197,0.017,50.139
574,142.436,63.9787,5.082,29.766,-175.89,2.414,0.235,5.100,30.000,-0.2873,0.3200,0.057,0.000,0.199,0.022,100.145
575,142.786,54.9431,4.962,29.758,-175.94,2.427,0.245,5.000,30.000,-0.3340,0.0346,0.032,0.000,0.200,0.012,100.436
576,143.086,62.9662,4.840,29.755,-176.16,2.439,0.248,4.800,30.000,-0.2801,0.0492,0.034,0.000,0.202,0.005,100.002
577,143.336,44.6886,4.718,29.755,-176.47,2.433,0.245,4.700,30.000,-0.3162,0.1495,0.043,0.000,0.202,-0.002,50.447
578,143.586,75.9485,4.597,29.759,-176.85,2.424,0.241,4.600,30.000,-0.2724,0.0059,0.030,0.000,0.202,-0.009,50.433
579,143.836,42.8207,4.475,29.766,-177.32,2.417,0.235,4.500,30.000,-0.1458,0.1760,0.045,0.000,0.202,-0.012,50.086
580,144.036,47.6483,4.354,29.777,-177.90,2.421,0.228,4.400,30.000,0.0396,0.1792,0.046,0.000,0.202,-0.017,50.843
581,144.336,61.7725,4.233,29.786,-178.47,2.467,0.216,4.200,30.000,0.1821,-0.1157,0.020,0.000,0.200,-0.050,50.266
582,144.637,60.5394,4.109,29.793,-178.86,2.509,0.208,4.100,30.000,0.2593,-0.2222,0.010,0.000,0.199,-0.061,99.954
583,144.936,58.4906,3.983,29.795,-179.04,2.523,0.206,4.000,30.000,0.4639,-0.0017,0.029,0.000,0.197,-0.045,50.349
584,145.186,45.6200,3.858,29.792,-178.99,2.508,0.212,3.900,30.000,0.5127,-0.0409,0.026,0.000,0.195,-0.028,100.127
585,145.486,46.1181,3.734,29.783,-178.77,2.511,0.219,3.700,30.000,0.5009,-0.4029,0.000,0.006,0.194,-0.014,100.516
586,145.686,46.4750,3.609,29.771,-178.42,2.501,0.230,3.600,30.000,0.3260,0.2920,0.055,0.000,0.193,-0.010,50.245
587,145.987,50.9515,3.486,29.753,-177.92,2.478,0.248,3.500,30.000,-0.2434,0.1676,0.044,0.000,0.193,-0.012,50.212
588,146.286,55.7471,3.363,29.731,-177.30,2.495,0.272,3.400,30.000,-0.3900,0.3332,0.059,0.000,0.193,0.025,99.638
589,146.636,59.7079,3.239,29.709,-176.68,2.516,0.293,3.200,30.000,-0.4339,0.0433,0.034,0.000,0.195,0.039,100.008
590,146.886,47.2631,3.113,29.691,-176.24,2.523,0.310,3.100,30.000,-0.4488,0.0166,0.031,0.000,0.197,0.061,99.958
591,147.186,47.2707,2.986,29.676,-176.05,2.515,0.324,3.000,30.000,-0.4456,0.2231,0.050,0.000,0.200,0.047,100.028
592,147.436,45.6222,2.861,29.668,-176.10,2.495,0.334,2.900,30.000,-0.4371,0.0847,0.038,0.000,0.202,0.044,100.411
593,147.786,73.8870,2.737,29.667,-176.36,2.489,0.335,2.700,30.000,-0.4446,0.2444,0.052,0.000,0.202,0.023,99.066
594,148.036,44.4176,2.612,29.669,-176.74,2.480,0.331,2.600,30.000,-0.4402,0.1689,0.046,0.000,0.203,0.004,100.324
595,148.336,75.0515,2.487,29.677,-177.25,2.468,0.323,2.500,30.000,-0.4284,0.1395,0.043,0.000,0.202,-0.011,50.162
596,148.637,75.2944,2.363,29.690,-177.91,2.461,0.312,2.400,30.000,-0.4019,0.1503,0.044,0.000,0.202,-0.018,100.277
597,148.886,45.8963,2.239,29.707,-178.69,2.451,0.295,2.200,30.000,-0.3689,0.1172,0.042,0.000,0.202,-0.028,50.110
598,149.086,42.4902,2.116,29.729,-179.58,2.444,0.272,2.100,30.000,-0.3195,0.2823,0.056,0.000,0.202,-0.020,50.393
599,149.436,60.9042,1.994,29.755,179.45,2.440,0.246,2.000,30.000,-0.2544,0.2359,0.053,0.000,0.202,-0.015,100.205
600,149.686,79.9054,1.871,29.783,178.44,2.479,0.219,1.900,30.000,-0.1880,0.0524,0.037,0.000,0.202,-0.004,50.295
601,149.986,52.3220,1.746,29.811,177.52,2.537,0.195,1.700,30.000,-0.1427,-0.0753,0.025,0.000,0.201,-0.012,50.138
602,150.236,40.3257,1.618,29.836,176.79,2.583,0.165,1.600,30.000,0.0214,-0.3431,0.002,0.000,0.199,-0.020,100.456
603,150.537,52.6909,1.489,29.859,176.26,2.600,0.141,1.500,30.000,-0.1390,-0.5723,0.000,0.019,0.198,-0.041,50.073
604,150.786,45.6841,1.360,29.878,175.91,2.578,0.129,1.400,30.000,0.0286,-0.6055,0.000,0.023,0.196,-0.031,100.096
605,151.137,57.4218,1.234,29.895,175.63,2.504,0.110,1.200,30.000,-0.0623,0.2152,0.049,0.000,0.196,-0.016,100.320
606,151.336,44.9873,1.109,29.911,175.39,2.485,0.090,1.100,30.000,-0.2810,-0.1113,0.021,0.000,0.196,0.011,49.846
607,151.586,40.1352,0.985,29.925,175.21,2.511,0.077,1.000,30.000,-0.1834,-0.2636,0.007,0.000,0.197,0.037,50.884
608,151.886,80.6209,0.861,29.941,175.02,2.491,0.071,0.900,30.000,-0.3104,-0.1156,0.020,0.000,0.198,0.040,100.055
609,152.186,42.1747,0.738,29.960,174.74,2.439,0.055,0.700,30.000,-0.3856,0.2249,0.050,0.000,0.200,0.032,100.016
610,152.386,46.6617,0.619,29.981,174.36,2.405,0.026,0.600,30.000,-0.3538,0.3162,0.058,0.000,0.200,0.032,50.357
611,152.636,41.0077,0.500,30.006,173.88,2.413,0.006,0.500,30.000,-0.2573,0.9841,0.118,0.000,0.201,0.042,50.237
612,152.836,47.5642,0.381,30.035,173.31,2.444,0.040,0.400,30.000,-0.2070,0.4293,0.070,0.000,0.201,0.061,50.118
613,153.136,58.2914,0.260,30.068,172.63,2.498,0.079,0.300,30.000,0.2481,-0.0148,0.031,0.000,0.202,0.052,50.244
614,153.336,46.8729,0.137,30.102,171.94,2.563,0.108,0.100,30.000,0.4437,-0.2951,0.006,0.000,0.202,0.018,50.104
615,153.586,42.0286,0.011,30.134,171.39,2.585,0.134,0.000,30.000,0.4319,-0.2233,0.012,0.000,0.200,0.000,50.234
616,153.836,45.5355,-0.115,30.162,171.05,2.580,0.163,-0.100,30.000,0.4836,-0.1166,0.021,0.000,0.198,-0.035,99.940
617,154.086,46.1724,-0.243,30.185,170.98,2.583,0.190,-0.200,30.000,0.4934,-0.7849,0.000,0.038,0.196,-0.056,50.111
618,154.386,63.8672,-0.370,30.201,171.12,2.549,0.204,-0.400,30.000,0.5160,-1.2536,0.000,0.081,0.194,-0.043,100.067
619,154.686,55.5687,-0.495,30.213,171.40,2.458,0.213,-0.500,30.000,0.3963,0.4930,0.073,0.000,0.193,-0.028,50.039
620,154.936,46.4724,-0.617,30.219,171.81,2.432,0.220,-0.600,30.000,0.4163,0.5533,0.079,0.000,0.192,-0.016,100.075
621,155.286,60.0573,-0.741,30.221,172.34,2.488,0.225,-0.700,30.000,0.4391,0.2647,0.054,0.000,0.192,-0.012,100.167
622,155.486,47.3266,-0.868,30.219,173.01,2.553,0.221,-0.900,30.000,0.3925,-0.1900,0.014,0.000,0.193,-0.004,50.248
623,155.786,45.6102,-0.998,30.212,173.81,2.586,0.212,-1.000,30.000,0.4374,-0.6195,0.000,0.025,0.193,0.002,100.470
624,156.036,49.0407,-1.128,30.201,174.70,2.535,0.203,-1.100,30.000,0.3504,0.1219,0.040,0.000,0.193,0.011,50.300
625,156.386,50.8428,-1.255,30.185,175.68,2.479,0.191,-1.300,30.000,0.2606,0.0651,0.035,0.000,0.193,0.026,100.223
626,156.636,47.0246,-1.381,30.167,176.70,2.501,0.168,-1.400,30.000,-0.0060,-0.2210,0.010,0.000,0.194,0.047,99.760
627,156.936,48.5661,-1.508,30.149,177.63,2.499,0.149,-1.500,30.000,-0.2464,0.0462,0.034,0.000,0.195,0.075,50.208
628,157.186,47.4570,-1.633,30.134,178.36,2.474,0.138,-1.600,30.000,-0.5293,-0.7883,0.000,0.040,0.197,0.073,100.212
629,157.436,47.6260,-1.757,30.124,178.83,2.428,0.131,-1.800,30.000,-0.3899,-0.0436,0.025,0.000,0.199,0.029,50.112
630,157.636,47.4832,-1.877,30.120,179.06,2.376,0.122,-1.900,30.000,-0.4228,0.2430,0.050,0.000,0.200,0.013,50.328
631,157.936,49.4167,-1.995,30.123,179.02,2.332,0.123,-2.000,30.000,-0.4743,-0.1956,0.011,0.000,0.201,0.019,50.262
632,158.236,58.7390,-2.111,30.132,178.77,2.321,0.133,-2.100,30.000,-0.3238,0.6699,0.088,0.000,0.201,0.007,100.027
633,158.586,49.0451,-2.227,30.145,178.37,2.305,0.148,-2.200,30.000,-0.2428,0.3051,0.056,0.000,0.201,0.009,99.972
634,158.836,46.3767,-2.342,30.163,177.88,2.342,0.168,-2.300,30.000,-0.1537,0.3325,0.059,0.000,0.201,0.011,100.057
635,159.086,46.0314,-2.458,30.184,177.28,2.353,0.188,-2.500,30.000,-0.0145,-0.0783,0.023,0.000,0.201,-0.020,50.329
636,159.286,46.1059,-2.577,30.204,176.68,2.408,0.206,-2.600,30.000,0.0451,0.5471,0.079,0.000,0.201,-0.041,50.056
637,159.636,51.0613,-2.699,30.222,176.28,2.465,0.222,-2.700,30.000,0.1562,0.1178,0.041,0.000,0.199,-0.058,100.271
638,159.936,49.5492,-2.823,30.235,176.12,2.527,0.236,-2.800,30.000,0.2714,-0.2471,0.009,0.000,0.197,-0.051,100.079
639,160.286,74.6625,-2.951,30.243,176.16,2.557,0.248,-3.000,30.000,0.3479,-0.0327,0.028,0.000,0.196,-0.038,99.958
640,160.537,64.6667,-3.079,30.246,176.33,2.539,0.247,-3.100,30.000,0.3478,0.0499,0.035,0.000,0.196,-0.036,50.007
641,160.886,55.6324,-3.206,30.246,176.61,2.539,0.246,-3.200,30.000,0.3729,0.0371,0.034,0.000,0.195,-0.026,100.168
642,161.086,42.7283,-3.334,30.242,177.00,2.550,0.244,-3.300,30.000,0.3035,0.0550,0.036,0.000,0.195,-0.027,50.055
643,161.436,70.5835,-3.463,30.234,177.50,2.559,0.237,-3.500,30.000,-0.0044,-0.1030,0.022,0.000,0.195,-0.036,100.029
644,161.636,45.3634,-3.592,30.222,178.12,2.581,0.222,-3.600,30.000,-0.5117,2.5000,0.252,0.000,0.195,-0.015,50.028
645,161.886,43.8869,-3.722,30.211,178.72,2.599,0.213,-3.700,30.000,-0.4810,-0.4359,0.000,0.005,0.196,0.022,50.112
646,162.186,75.3482,-3.852,30.204,179.14,2.616,0.210,-3.900,30.000,-0.4918,0.7545,0.100,0.000,0.198,0.029,100.130
647,162.486,47.5644,-3.983,30.201,179.31,2.589,0.202,-4.000,30.000,-0.1820,-0.0851,0.027,0.000,0.200,0.058,100.165
648,162.736,70.8349,-4.113,30.204,179.22,2.582,0.205,-4.100,30.000,-0.2486,-0.0048,0.034,0.000,0.202,0.073,50.483
649,163.036,43.6397,-4.242,30.213,178.94,2.576,0.217,-4.200,30.000,0.1812,-0.1425,0.021,0.000,0.203,0.047,100.225
650,163.236,48.4384,-4.371,30.225,178.56,2.571,0.227,-4.400,30.000,0.2219,0.1275,0.045,0.000,0.202,0.019,50.406
651,163.536,77.5208,-4.499,30.237,178.21,2.572,0.237,-4.500,30.000,0.3350,-0.1514,0.021,0.000,0.201,-0.006,49.982
652,163.786,47.5465,-4.629,30.246,178.01,2.606,0.248,-4.600,30.000,0.3285,-0.0672,0.028,0.000,0.198,-0.020,100.200
653,164.086,41.0833,-4.760,30.250,178.06,2.624,0.253,-4.800,30.000,0.3603,-0.2886,0.008,0.000,0.196,-0.011,99.017
654,164.286,41.6851,-4.891,30.248,178.30,2.623,0.249,-4.900,30.000,0.3670,-0.3122,0.006,0.000,0.194,0.004,50.356
655,164.586,47.0856,-5.022,30.243,178.65,2.596,0.244,-5.000,30.000,0.3350,-0.1141,0.023,0.000,0.194,0.012,100.054
656,164.886,55.7388,-5.151,30.234,179.07,2.558,0.239,-5.200,30.000,0.3109,-0.1946,0.016,0.000,0.194,0.015,100.083
657,165.186,66.5536,-5.278,30.221,179.59,2.539,0.222,-5.300,30.000,0.2799,-0.1803,0.017,0.000,0.193,0.014,50.143
658,165.486,66.9692,-5.405,30.204,-179.79,2.507,0.204,-5.400,30.000,0.2722,-0.0048,0.032,0.000,0.193,0.003,100.035
659,165.786,44.3633,-5.531,30.184,-179.09,2.494,0.187,-5.500,30.000,0.2957,-0.0124,0.031,0.000,0.193,-0.007,99.773
660,166.036,74.6116,-5.656,30.161,-178.34,2.498,0.167,-5.700,30.000,0.2680,-0.2547,0.010,0.000,0.193,0.004,50.331
661,166.286,43.2458,-5.780,30.135,-177.53,2.503,0.137,-5.800,30.000,0.2498,-0.1306,0.020,0.000,0.193,0.012,49.475
662,166.536,49.8444,-5.904,30.108,-176.72,2.493,0.108,-5.900,30.000,0.3764,-0.3597,0.000,0.000,0.194,0.019,50.119
663,166.886,53.1328,-6.026,30.081,-176.00,2.477,0.085,-6.000,30.000,0.3582,0.6084,0.085,0.000,0.195,0.004,100.519
664,167.136,47.9738,-6.146,30.051,-175.31,2.442,0.069,-6.100,30.000,0.4658,0.1984,0.050,0.000,0.194,-0.008,99.929
665,167.436,49.5716,-6.266,30.019,-174.54,2.470,0.039,-6.300,30.000,0.5155,1.4453,0.161,0.000,0.194,-0.017,50.231
666,167.736,48.2788,-6.388,29.983,-173.65,2.507,0.021,-6.400,30.000,0.3507,0.0907,0.042,0.000,0.193,-0.014,100.328
667,168.036,47.4989,-6.511,29.941,-172.64,2.562,0.060,-6.500,30.000,0.1651,-0.2926,0.008,0.000,0.193,0.001,99.910
668,168.286,50.0012,-6.635,29.896,-171.57,2.597,0.109,-6.600,30.000,0.0605,-0.4559,0.000,0.007,0.194,0.031,50.206
669,168.586,55.5759,-6.759,29.851,-170.59,2.561,0.154,-6.800,30.000,-0.1740,-0.5387,0.000,0.014,0.196,0.037,50.207
670,168.786,45.7841,-6.880,29.810,-169.83,2.505,0.191,-6.900,30.000,-0.4709,-0.1133,0.023,0.000,0.198,0.031,50.162
671,169.086,45.5732,-6.999,29.774,-169.33,2.449,0.226,-7.000,30.000,-0.5029,0.1396,0.045,0.000,0.199,-0.003,100.229
672,169.287,47.4744,-7.116,29.744,-169.10,2.395,0.256,-7.100,30.000,-0.5059,0.8426,0.108,0.000,0.200,-0.016,50.283
673,169.536,47.3600,-7.234,29.723,-169.16,2.382,0.279,-7.200,30.000,-0.4878,0.0255,0.036,0.000,0.201,-0.006,50.552
674,169.786,46.8107,-7.353,29.709,-169.46,2.401,0.295,-7.400,30.000,-0.5059,0.5841,0.086,0.000,0.202,-0.012,100.248
675,170.087,49.5838,-7.474,29.699,-169.91,2.404,0.302,-7.500,30.000,-0.5106,0.6565,0.093,0.000,0.203,-0.014,50.322
676,170.336,45.8191,-7.597,29.694,-170.50,2.431,0.306,-7.600,30.000,-0.5132,0.7107,0.098,0.000,0.203,-0.010,99.760
677,170.636,53.7787,-7.721,29.695,-171.24,2.467,0.306,-7.700,30.000,-0.4907,0.1560,0.050,0.000,0.204,0.005,50.256
678,170.936,50.4733,-7.848,29.701,-172.15,2.500,0.303,-7.800,30.000,-0.4704,-0.0262,0.034,0.000,0.205,0.013,99.976
679,171.236,49.0386,-7.975,29.713,-173.21,2.492,0.288,-8.000,30.000,-0.4740,0.0324,0.039,0.000,0.205,-0.006,50.133
680,171.536,71.7002,-8.101,29.731,-174.40,2.462,0.269,-8.100,30.000,-0.4316,-0.0539,0.032,0.000,0.206,0.001,100.247
681,171.836,42.6513,-8.226,29.754,-175.68,2.430,0.247,-8.200,30.000,-0.3268,0.2101,0.055,0.000,0.206,0.018,99.945
682,172.036,42.4301,-8.349,29.782,-177.05,2.439,0.223,-8.300,30.000,-0.1991,0.1809,0.053,0.000,0.205,0.015,50.148
683,172.286,42.6903,-8.473,29.811,-178.36,2.495,0.191,-8.500,30.000,0.2315,-0.5257,0.000,0.010,0.204,-0.023,50.188
684,172.536,46.1822,-8.601,29.837,-179.45,2.567,0.163,-8.600,30.000,0.4219,-0.3218,0.008,0.000,0.201,-0.042,100.055
685,172.786,42.9786,-8.730,29.858,179.76,2.594,0.145,-8.700,30.000,0.5009,0.1742,0.051,0.000,0.198,-0.044,50.138
686,172.986,44.5500,-8.860,29.873,179.25,2.611,0.133,-8.900,30.000,0.5144,0.2183,0.055,0.000,0.195,-0.059,50.352
687,173.287,53.0960,-8.991,29.881,179.04,2.650,0.119,-9.000,30.000,0.5065,0.7804,0.106,0.000,0.193,-0.035,50.470
688,173.586,48.4006,-9.125,29.880,179.15,2.721,0.123,-9.100,30.000,0.4549,0.1056,0.047,0.000,0.191,-0.006,99.997
689,173.886,46.6272,-9.263,29.872,179.51,2.792,0.133,-9.300,30.000,0.1491,-0.6989,0.000,0.025,0.191,0.023,100.197
690,174.136,60.1761,-9.403,29.858,-179.93,2.780,0.142,-9.400,30.000,0.4092,-1.1126,0.000,0.062,0.192,0.035,50.149
691,174.436,48.6259,-9.541,29.839,-179.26,2.674,0.166,-9.500,30.000,0.4364,-0.1497,0.022,0.000,0.193,0.026,49.951
692,174.686,46.3173,-9.674,29.815,-178.49,2.642,0.187,-9.700,30.000,0.2904,-0.3486,0.004,0.000,0.193,0.011,100.111
693,174.986,44.8353,-9.806,29.786,-177.60,2.639,0.214,-9.800,30.000,0.1373,-0.2434,0.013,0.000,0.193,0.019,100.129
694,175.236,50.7884,-9.936,29.756,-176.68,2.625,0.247,-9.900,30.000,-0.1522,0.1987,0.052,0.000,0.193,0.036,50.013
695,175.486,44.7529,-10.064,29.728,-175.90,2.598,0.274,-10.100,30.000,-0.3931,-0.6878,0.000,0.027,0.195,0.031,49.578
696,175.736,44.6275,-10.192,29.705,-175.39,2.559,0.295,-10.200,30.000,-0.4620,-0.2223,0.014,0.000,0.197,0.031,100.137
697,175.986,45.2912,-10.318,29.687,-175.15,2.499,0.313,-10.300,30.000,-0.4681,0.0897,0.041,0.000,0.198,0.029,50.201
698,176.186,47.8420,-10.441,29.677,-175.19,2.439,0.325,-10.400,30.000,-0.4778,0.5037,0.078,0.000,0.200,0.011,50.311
699,176.536,58.1967,-10.563,29.674,-175.43,2.429,0.328,-10.600,30.000,-0.4570,0.2903,0.060,0.000,0.201,-0.002,100.154
700,176.786,49.8001,-10.686,29.675,-175.82,2.453,0.326,-10.700,30.000,-0.4496,0.3789,0.068,0.000,0.201,-0.008,50.288
701,177.086,43.9619,-10.811,29.681,-176.34,2.479,0.320,-10.800,30.000,-0.4588,0.2018,0.053,0.000,0.202,0.002,100.686
702,177.286,43.9636,-10.936,29.691,-177.00,2.500,0.311,-10.900,30.000,-0.4093,0.1679,0.050,0.000,0.203,0.002,50.356
703,177.587,71.6075,-11.062,29.707,-177.81,2.503,0.295,-11.100,30.000,-0.3669,0.0983,0.044,0.000,0.204,-0.023,50.092
704,177.836,42.9509,-11.187,29.728,-178.75,2.488,0.272,-11.200,30.000,-0.3380,0.0101,0.036,0.000,0.204,-0.027,100.015
705,178.136,59.1049,-11.312,29.754,-179.78,2.481,0.246,-11.300,30.000,-0.2572,0.0915,0.044,0.000,0.204,-0.021,50.225
706,178.436,76.1032,-11.436,29.783,179.16,2.492,0.220,-11.400,30.000,-0.1218,-0.0707,0.029,0.000,0.204,-0.022,100.238
707,178.786,61.2442,-11.561,29.810,178.18,2.540,0.194,-11.600,30.000,-0.0484,-0.2179,0.016,0.000,0.202,0.001,100.207
708,179.086,53.1969,-11.689,29.835,177.42,2.572,0.165,-11.700,30.000,0.1296,-0.3571,0.004,0.000,0.200,0.001,100.083
709,179.387,76.2033,-11.818,29.856,176.89,2.598,0.145,-11.800,30.000,0.0569,-0.1185,0.024,0.000,0.197,-0.010,50.264
710,179.686,62.2370,-11.947,29.871,176.61,2.604,0.137,-11.900,30.000,0.1275,-0.7797,0.000,0.035,0.195,-0.018,99.919
711,179.986,44.8590,-12.076,29.881,176.52,2.576,0.121,-12.100,30.000,0.1451,0.0038,0.034,0.000,0.194,-0.006,100.023
712,180.236,48.4588,-12.204,29.886,176.61,2.557,0.114,-12.200,30.000,-0.0591,-0.6538,0.000,0.024,0.193,0.010,50.747
713,180.536,46.2919,-12.332,29.888,176.83,2.554,0.117,-12.300,30.000,0.0668,0.4572,0.073,0.000,0.194,0.039,100.071
714,180.786,48.4482,-12.458,29.891,177.02,2.521,0.117,-12.500,30.000,-0.0671,-0.3883,0.000,0.001,0.196,0.051,50.094
715,181.136,59.0877,-12.585,29.894,177.12,2.552,0.108,-12.600,30.000,-0.0269,0.1599,0.047,0.000,0.198,0.038,99.933
716,181.387,44.3450,-12.711,29.898,177.16,2.525,0.103,-12.700,30.000,-0.3326,-0.2766,0.009,0.000,0.199,0.037,100.144
717,181.636,44.9917,-12.836,29.905,177.12,2.514,0.101,-12.800,30.000,-0.3968,-0.4736,0.000,0.009,0.200,0.028,49.987
718,181.886,44.3347,-12.960,29.915,177.01,2.468,0.094,-13.000,30.000,-0.4696,0.0042,0.033,0.000,0.200,0.006,100.526
719,182.236,49.1092,-13.081,29.927,176.81,2.414,0.075,-13.100,30.000,-0.5318,0.7194,0.096,0.000,0.201,0.007,100.238
720,182.536,65.6612,-13.199,29.943,176.48,2.405,0.057,-13.200,30.000,-0.4653,0.6389,0.090,0.000,0.201,0.010,99.841
721,182.836,76.4192,-13.318,29.964,175.99,2.430,0.040,-13.300,30.000,-0.5340,0.2517,0.056,0.000,0.202,0.011,49.953
722,183.086,45.4939,-13.439,29.990,175.34,2.451,0.040,-13.400,30.000,-0.5106,-0.1760,0.019,0.000,0.202,0.027,100.067
723,183.436,47.8960,-13.559,30.021,174.56,2.450,0.046,-13.600,30.000,-0.4728,0.0774,0.041,0.000,0.203,0.022,100.153
724,183.686,43.5953,-13.678,30.058,173.65,2.419,0.062,-13.700,30.000,-0.1724,0.0812,0.041,0.000,0.204,0.001,99.695
725,183.986,46.3120,-13.793,30.099,172.63,2.411,0.099,-13.800,30.000,0.2059,0.3569,0.066,0.000,0.204,-0.013,100.364
726,184.286,61.0869,-13.909,30.142,171.60,2.458,0.142,-13.900,30.000,0.4830,0.1951,0.052,0.000,0.202,-0.051,100.012
727,184.586,57.8400,-14.029,30.182,170.74,2.522,0.185,-14.000,30.000,0.4976,0.1941,0.052,0.000,0.200,-0.057,50.347
728,184.886,80.4694,-14.153,30.220,170.13,2.596,0.225,-14.200,30.000,0.5120,-0.1537,0.022,0.000,0.198,-0.051,100.048
729,185.237,56.5436,-14.281,30.253,169.79,2.655,0.253,-14.300,30.000,0.5247,0.0170,0.036,0.000,0.196,-0.032,100.265
730,185.486,46.2094,-14.413,30.278,169.71,2.679,0.279,-14.400,30.000,0.5296,-0.7361,0.000,0.030,0.194,-0.035,99.999
731,185.786,45.7536,-14.545,30.297,169.88,2.665,0.301,-14.500,30.000,0.4896,0.5169,0.080,0.000,0.193,-0.033,100.180
732,186.036,64.0732,-14.677,30.311,170.23,2.653,0.312,-14.700,30.000,0.5156,-1.1776,0.000,0.070,0.193,-0.019,50.268
733,186.287,46.4528,-14.810,30.320,170.72,2.643,0.320,-14.800,30.000,0.5208,-0.5789,0.000,0.018,0.193,-0.013,50.188
734,186.536,66.8575,-14.943,30.323,171.35,2.599,0.326,-14.900,30.000,0.5140,0.1456,0.045,0.000,0.193,-0.021,49.883
735,186.836,76.4917,-15.073,30.320,172.14,2.564,0.329,-15.000,30.000,0.4999,-0.5814,0.000,0.019,0.192,-0.021,50.111
736,187.136,49.1872,-15.203,30.313,173.05,2.541,0.317,-15.157,29.999,0.5209,0.6150,0.087,0.000,0.192,-0.023,100.162
737,187.436,46.8207,-15.332,30.300,174.05,2.520,0.304,-15.314,29.997,0.5118,0.3777,0.066,0.000,0.191,-0.024,100.088
738,187.736,91.6273,-15.461,30.282,175.17,2.556,0.289,-15.471,29.993,0.4998,0.2394,0.054,0.000,0.191,-0.007,100.318
739,187.986,42.3268,-15.592,30.258,176.42,2.597,0.274,-15.628,29.987,0.5062,0.0534,0.038,0.000,0.191,0.011,50.295
740,188.186,38.8550,-15.724,30.228,177.78,2.617,0.256,-15.785,29.979,0.4886,-0.2228,0.014,0.000,0.192,0.039,50.259
741,188.436,46.4693,-15.856,30.192,179.26,2.608,0.224,-15.785,29.979,0.4814,-0.3006,0.007,0.000,0.193,0.045,50.098
742,188.636,35.7681,-15.985,30.150,-179.19,2.585,0.185,-15.942,29.970,0.4359,-0.2047,0.015,0.000,0.194,0.013,50.126
743,188.886,41.7785,-16.112,30.106,-177.65,2.542,0.146,-16.099,29.960,0.3884,-0.0551,0.028,0.000,0.195,0.013,50.041
744,189.086,38.9912,-16.237,30.061,-176.24,2.537,0.115,-16.255,29.947,0.3335,-0.0822,0.025,0.000,0.196,0.034,50.004
745,189.336,35.1507,-16.361,30.018,-175.00,2.545,0.099,-16.412,29.933,0.2789,-0.2572,0.010,0.000,0.198,0.039,50.443
746,189.536,35.1030,-16.484,29.977,-173.96,2.545,0.085,-16.412,29.933,0.1996,-0.1054,0.023,0.000,0.199,0.030,50.246
747,189.786,41.9658,-16.607,29.939,-173.12,2.498,0.045,-16.568,29.918,0.1456,-0.0740,0.025,0.000,0.199,0.029,50.024
748,190.037,35.3920,-16.729,29.906,-172.44,2.467,0.007,-16.724,29.901,0.1237,0.0552,0.037,0.000,0.199,0.012,99.944
749,190.286,35.7463,-16.850,29.875,-171.93,2.456,0.031,-16.880,29.882,0.0668,0.1000,0.041,0.000,0.199,0.001,50.107
750,190.486,37.0140,-16.971,29.848,-171.57,2.466,0.066,-17.036,29.861,0.0855,0.2003,0.050,0.000,0.199,0.004,50.350
751,190.736,34.4395,-17.093,29.824,-171.34,2.494,0.069,-17.036,29.861,0.0832,0.0510,0.037,0.000,0.199,-0.000,50.212
752,190.936,34.3317,-17.216,29.799,-171.15,2.515,0.047,-17.191,29.839,0.1180,-0.0745,0.026,0.000,0.198,-0.006,49.779
753,191.186,45.9533,-17.340,29.774,-170.94,2.534,0.042,-17.347,29.815,0.1167,-0.1798,0.016,0.000,0.198,-0.006,50.483
754,191.386,47.1276,-17.464,29.747,-170.67,2.525,0.057,-17.502,29.790,0.1155,-0.0578,0.027,0.000,0.197,-0.009,50.367
755,191.686,41.7298,-17.587,29.718,-170.35,2.506,0.083,-17.656,29.763,0.1082,0.0923,0.040,0.000,0.197,-0.006,99.883
756,191.887,41.4763,-17.709,29.688,-170.02,2.508,0.091,-17.656,29.763,0.1289,0.0910,0.040,0.000,0.197,0.007,50.249
757,192.136,40.4867,-17.831,29.658,-169.71,2.530,0.079,-17.811,29.734,0.1041,-0.1008,0.023,0.000,0.197,0.009,50.245
758,192.336,41.7232,-17.954,29.625,-169.39,2.539,0.080,-17.965,29.704,0.1312,-0.1045,0.023,0.000,0.197,0.003,50.299
759,192.586,42.0543,-18.077,29.593,-169.06,2.536,0.090,-18.119,29.672,0.1356,-0.1244,0.021,0.000,0.198,-0.008,50.383
760,192.787,43.5088,-18.199,29.559,-168.73,2.523,0.108,-18.272,29.639,0.1334,-0.1162,0.022,0.000,0.198,-0.015,50.433
761,193.036,44.4915,-18.320,29.525,-168.37,2.506,0.124,-18.272,29.639,0.1244,-0.0789,0.025,0.000,0.197,-0.020,50.071
762,193.236,44.0603,-18.440,29.489,-167.99,2.494,0.116,-18.425,29.604,0.0994,-0.1087,0.022,0.000,0.197,-0.014,50.289
763,193.486,44.3235,-18.560,29.453,-167.62,2.485,0.115,-18.578,29.567,0.0987,-0.0215,0.030,0.000,0.197,-0.006,50.273
764,193.687,47.2394,-18.679,29.418,-167.31,2.471,0.122,-18.730,29.529,0.0909,-0.0463,0.027,0.000,0.198,-0.011,50.563
765,193.937,45.0114,-18.798,29.384,-167.05,2.465,0.135,-18.882,29.489,0.1380,0.1433,0.044,0.000,0.198,-0.011,50.427
766,194.136,46.3804,-18.917,29.349,-166.80,2.466,0.144,-18.882,29.489,0.1784,0.1429,0.044,0.000,0.198,-0.016,50.150
767,194.386,46.1604,-19.036,29.313,-166.53,2.488,0.135,-19.034,29.447,0.1258,0.0140,0.033,0.000,0.198,-0.022,50.324
768,194.586,46.0105,-19.156,29.274,-166.19,2.516,0.133,-19.185,29.404,0.1302,-0.0249,0.030,0.000,0.198,-0.011,50.260
769,194.836,48.5178,-19.277,29.234,-165.81,2.522,0.139,-19.335,29.360,0.1289,-0.0582,0.027,0.000,0.198,0.001,50.396
770,195.036,47.0699,-19.397,29.194,-165.44,2.518,0.149,-19.486,29.314,0.1868,-0.0555,0.027,0.000,0.198,0.005,49.946
771,195.286,47.9957,-19.516,29.152,-165.09,2.512,0.165,-19.486,29.314,0.1715,-0.0047,0.031,0.000,0.198,0.001,50.139
772,195.486,47.7371,-19.635,29.109,-164.71,2.511,0.157,-19.635,29.266,0.1388,0.0195,0.033,0.000,0.197,-0.006,50.455
773,195.786,82.0321,-19.753,29.063,-164.26,2.529,0.157,-19.784,29.217,0.1533,-0.1858,0.015,0.000,0.197,-0.006,50.343
774,195.986,40.0264,-19.872,29.017,-163.81,2.535,0.160,-19.933,29.166,0.1270,-0.0974,0.023,0.000,0.197,-0.004,50.107
775,196.236,33.3286,-19.989,28.971,-163.39,2.515,0.169,-20.081,29.113,0.1349,-0.1006,0.022,0.000,0.197,-0.009,50.144
776,196.436,33.7909,-20.106,28.925,-163.01,2.502,0.182,-20.229,29.059,0.1252,0.0288,0.034,0.000,0.197,-0.011,50.154
777,196.686,31.8892,-20.222,28.878,-162.65,2.495,0.181,-20.229,29.059,0.1585,0.0429,0.035,0.000,0.197,-0.009,50.103
778,196.886,32.7401,-20.337,28.832,-162.30,2.499,0.176,-20.376,29.004,0.1458,-0.0229,0.029,0.000,0.198,-0.011,50.207
779,197.136,33.0402,-20.453,28.784,-161.93,2.508,0.177,-20.522,28.947,0.1697,-0.0824,0.024,0.000,0.197,-0.016,50.176
780,197.336,33.8134,-20.568,28.734,-161.53,2.507,0.183,-20.668,28.888,0.1724,-0.0344,0.028,0.000,0.197,-0.013,50.186
781,197.586,32.5604,-20.683,28.683,-161.11,2.497,0.194,-20.813,28.828,0.1318,-0.0249,0.029,0.000,0.197,-0.009,49.949
782,197.786,30.8841,-20.797,28.631,-160.64,2.498,0.198,-20.813,28.828,0.1671,0.1232,0.042,0.000,0.197,0.013,50.420
783,198.036,30.2395,-20.911,28.579,-160.21,2.501,0.193,-20.957,28.766,0.1813,-0.1574,0.017,0.000,0.197,0.020,50.431
784,198.236,30.3666,-21.024,28.525,-159.81,2.506,0.194,-21.101,28.703,0.1571,-0.0200,0.029,0.000,0.197,0.014,50.216
785,198.486,35.5446,-21.137,28.470,-159.38,2.501,0.200,-21.244,28.639,0.1618,0.0464,0.035,0.000,0.197,0.014,50.138
786,198.686,31.3730,-21.250,28.414,-158.92,2.504,0.209,-21.387,28.572,0.1778,0.0330,0.034,0.000,0.197,0.013,50.064
787,198.936,32.4583,-21.362,28.358,-158.47,2.512,0.216,-21.387,28.572,0.1562,0.0353,0.034,0.000,0.197,0.009,50.132
788,199.136,32.0090,-21.473,28.299,-158.00,2.523,0.213,-21.528,28.505,0.1376,-0.1511,0.018,0.000,0.197,0.012,50.267
789,199.386,31.4379,-21.585,28.240,-157.54,2.524,0.213,-21.670,28.436,0.1104,-0.1138,0.021,0.000,0.197,0.023,50.102
790,199.586,31.6025,-21.697,28.182,-157.12,2.498,0.215,-21.810,28.365,0.1338,0.1260,0.042,0.000,0.198,0.025,50.282
791,199.836,31.5977,-21.807,28.125,-156.78,2.484,0.220,-21.949,28.293,0.1460,0.0679,0.037,0.000,0.198,0.020,50.188
792,200.037,35.8212,-21.918,28.067,-156.48,2.493,0.228,-21.949,28.293,0.1571,0.1010,0.040,0.000,0.198,0.022,50.245
793,200.286,38.0637,-22.029,28.008,-156.13,2.512,0.220,-22.088,28.220,0.1795,0.0581,0.036,0.000,0.198,0.017,50.184
794,200.486,38.3821,-22.140,27.946,-155.73,2.528,0.216,-22.226,28.145,0.1865,0.0268,0.034,0.000,0.198,0.019,50.189
795,200.736,36.0211,-22.251,27.883,-155.28,2.537,0.217,-22.364,28.068,0.1703,-0.1570,0.017,0.000,0.197,0.027,50.180
796,200.936,32.5493,-22.361,27.817,-154.80,2.542,0.222,-22.500,27.990,0.1853,0.0813,0.038,0.000,0.197,0.039,50.296
797,201.186,46.8166,-22.470,27.751,-154.30,2.531,0.231,-22.636,27.911,0.1553,-0.1805,0.015,0.000,0.197,0.049,50.071
798,201.386,37.8614,-22.578,27.683,-153.80,2.536,0.235,-22.636,27.911,0.1569,-0.1439,0.018,0.000,0.197,0.050,50.504
799,201.636,36.8144,-22.685,27.615,-153.32,2.517,0.231,-22.770,27.830,0.1590,0.1046,0.040,0.000,0.197,0.040,50.139
800,201.837,38.4371,-22.792,27.548,-152.88,2.504,0.230,-22.904,27.748,0.2000,-0.1280,0.020,0.000,0.198,0.021,50.217
801,202.086,38.6376,-22.898,27.480,-152.46,2.518,0.232,-23.037,27.665,0.1603,-0.0241,0.029,0.000,0.198,0.009,49.995
802,202.286,43.6612,-23.003,27.410,-152.01,2.514,0.238,-23.170,27.580,0.1554,0.1196,0.041,0.000,0.197,-0.011,50.263
803,202.587,65.1605,-23.108,27.340,-151.53,2.513,0.247,-23.301,27.494,0.1895,0.0074,0.032,0.000,0.197,-0.013,50.295
804,202.787,40.5064,-23.212,27.269,-151.09,2.525,0.241,-23.301,27.494,0.1720,-0.0374,0.028,0.000,0.198,-0.028,50.235
805,203.036,44.7054,-23.317,27.197,-150.66,2.528,0.238,-23.431,27.406,0.1496,-0.0058,0.030,0.000,0.197,-0.039,50.150
806,203.237,39.9457,-23.420,27.124,-150.19,2.518,0.239,-23.561,27.317,0.1897,-0.1746,0.015,0.000,0.197,-0.034,50.213
807,203.486,40.5170,-23.524,27.050,-149.72,2.511,0.242,-23.689,27.227,0.1840,0.1277,0.042,0.000,0.198,-0.036,50.065
808,203.736,50.5808,-23.626,26.976,-149.28,2.497,0.249,-23.817,27.135,0.1524,0.1347,0.043,0.000,0.198,-0.037,50.177
809,203.986,44.2763,-23.727,26.900,-148.83,2.517,0.252,-23.817,27.135,0.1748,-0.0145,0.030,0.000,0.197,-0.024,50.139
810,204.236,41.4687,-23.829,26.824,-148.37,2.536,0.247,-23.943,27.042,0.1793,-0.0540,0.026,0.000,0.198,-0.008,100.187
811,204.536,45.2337,-23.931,26.746,-147.92,2.536,0.245,-24.069,26.948,0.1748,-0.0586,0.026,0.000,0.198,-0.023,100.253
812,204.736,39.4984,-24.031,26.667,-147.46,2.536,0.246,-24.194,26.852,0.1920,-0.2314,0.010,0.000,0.197,-0.027,49.842
813,204.986,41.8608,-24.130,26.588,-146.96,2.532,0.251,-24.317,26.755,0.1760,0.0510,0.035,0.000,0.197,-0.026,50.070
814,205.186,44.4295,-24.228,26.508,-146.45,2.513,0.259,-24.440,26.657,0.1528,0.0186,0.032,0.000,0.196,-0.025,50.208
815,205.436,40.8746,-24.325,26.427,-145.94,2.521,0.258,-24.440,26.657,0.2136,0.0084,0.031,0.000,0.196,-0.017,50.402
816,205.636,41.4465,-24.422,26.346,-145.48,2.529,0.254,-24.561,26.558,0.2166,0.0152,0.032,0.000,0.197,-0.019,50.101
817,205.886,38.3395,-24.518,26.264,-145.04,2.528,0.253,-24.682,26.457,0.1675,0.1208,0.041,0.000,0.197,-0.024,50.263
818,206.086,39.3043,-24.613,26.180,-144.56,2.536,0.257,-24.801,26.355,0.1863,0.0210,0.033,0.000,0.196,-0.028,50.164
819,206.337,42.0876,-24.709,26.096,-144.07,2.544,0.262,-24.920,26.252,0.1542,-0.0465,0.027,0.000,0.197,-0.022,50.378
820,206.536,42.8431,-24.804,26.010,-143.57,2.543,0.268,-24.920,26.252,0.1616,-0.0631,0.025,0.000,0.197,-0.008,50.177
821,206.787,41.7003,-24.898,25.924,-143.11,2.533,0.263,-25.037,26.147,0.1525,-0.2354,0.010,0.000,0.197,-0.006,50.024
822,206.987,38.2893,-24.992,25.838,-142.66,2.516,0.260,-25.153,26.041,0.1687,0.0731,0.037,0.000,0.197,0.012,50.114
823,207.286,40.8040,-25.084,25.752,-142.23,2.493,0.259,-25.268,25.935,0.1688,0.1456,0.043,0.000,0.197,0.024,100.121
824,207.487,37.4219,-25.176,25.665,-141.79,2.505,0.262,-25.382,25.826,0.1773,0.0489,0.035,0.000,0.197,0.030,50.187
825,207.736,46.4040,-25.267,25.577,-141.34,2.530,0.268,-25.495,25.717,0.1784,-0.0850,0.023,0.000,0.197,0.051,50.198
826,207.986,65.0378,-25.358,25.487,-140.85,2.542,0.268,-25.495,25.717,0.1794,-0.0170,0.029,0.000,0.197,0.059,50.232
827,208.286,41.0699,-25.447,25.396,-140.34,2.537,0.264,-25.607,25.607,0.1957,-0.2040,0.012,0.000,0.197,0.056,100.096
828,208.486,48.7801,-25.536,25.304,-139.83,2.529,0.263,-25.717,25.495,0.1547,-0.0083,0.030,0.000,0.197,0.043,50.287
829,208.736,45.2841,-25.622,25.212,-139.32,2.516,0.266,-25.826,25.382,0.1597,0.1071,0.040,0.000,0.196,0.035,50.265
830,208.936,43.5957,-25.708,25.120,-138.82,2.513,0.270,-25.935,25.268,0.1872,0.1619,0.045,0.000,0.197,0.034,50.201
831,209.237,48.6697,-25.795,25.028,-138.37,2.528,0.277,-26.041,25.153,0.1344,-0.1049,0.021,0.000,0.197,0.020,50.065
832,209.537,65.5770,-25.881,24.934,-137.92,2.536,0.272,-26.041,25.153,0.1546,-0.0243,0.028,0.000,0.197,0.003,99.925
833,209.836,46.3038,-25.967,24.840,-137.48,2.530,0.268,-26.147,25.037,0.1635,-0.1992,0.013,0.000,0.197,0.001,100.360
834,210.087,61.0688,-26.052,24.745,-137.05,2.513,0.265,-26.252,24.920,0.1447,0.1012,0.039,0.000,0.198,-0.017,50.413
835,210.437,64.8212,-26.135,24.651,-136.61,2.497,0.267,-26.355,24.801,0.1468,0.1234,0.041,0.000,0.197,-0.020,100.078
836,211.037,362.3739,-26.218,24.556,-136.18,2.507,0.270,-26.457,24.682,0.1553,0.1601,0.045,0.000,0.197,-0.010,100.166
837,211.287,40.3867,-26.302,24.460,-135.78,2.531,0.270,-26.457,24.682,0.1563,0.0393,0.034,0.000,0.198,-0.007,50.057
838,211.486,42.6902,-26.385,24.363,-135.37,2.553,0.263,-26.558,24.561,0.2229,-0.1296,0.019,0.000,0.198,-0.004,50.191
839,211.786,58.6954,-26.467,24.264,-134.93,2.559,0.259,-26.657,24.440,0.2067,-0.0079,0.030,0.000,0.197,-0.002,50.556
840,211.987,42.5069,-26.548,24.164,-134.46,2.546,0.258,-26.755,24.317,0.2000,-0.0708,0.024,0.000,0.197,-0.015,50.252
841,212.287,36.7549,-26.627,24.064,-133.96,2.550,0.260,-26.852,24.194,0.1954,-0.1523,0.017,0.000,0.197,-0.019,99.939
842,212.537,56.3551,-26.704,23.962,-133.43,2.547,0.267,-26.948,24.069,0.1957,-0.0360,0.027,0.000,0.196,-0.017,50.194
843,212.837,39.8995,-26.779,23.860,-132.87,2.532,0.269,-26.948,24.069,0.1546,-0.0014,0.030,0.000,0.195,-0.007,100.233
844,213.036,36.2245,-26.854,23.757,-132.32,2.529,0.265,-27.042,23.943,0.2104,-0.0534,0.026,0.000,0.195,0.002,50.424
845,213.336,66.0086,-26.928,23.655,-131.81,2.528,0.263,-27.135,23.817,0.1951,0.1216,0.041,0.000,0.196,-0.010,50.076
846,213.587,64.9832,-27.001,23.552,-131.32,2.520,0.265,-27.227,23.689,0.1745,-0.0453,0.026,0.000,0.196,-0.016,50.006
847,213.937,51.5798,-27.073,23.447,-130.81,2.525,0.269,-27.317,23.561,0.1793,-0.0462,0.026,0.000,0.196,-0.008,100.115
848,214.237,67.9190,-27.145,23.343,-130.29,2.520,0.276,-27.406,23.431,0.1774,0.0081,0.031,0.000,0.196,-0.008,99.982
849,214.487,39.9565,-27.216,23.238,-129.79,2.507,0.272,-27.406,23.431,0.1737,0.0490,0.035,0.000,0.196,-0.002,50.101
850,214.686,42.9491,-27.285,23.132,-129.31,2.506,0.268,-27.494,23.301,0.1898,-0.0454,0.026,0.000,0.197,0.007,50.294
851,214.987,39.6303,-27.354,23.026,-128.83,2.507,0.267,-27.580,23.170,0.2104,0.1478,0.043,0.000,0.197,0.014,100.356
852,215.187,38.8390,-27.422,22.919,-128.34,2.516,0.270,-27.665,23.037,0.1979,0.1260,0.042,0.000,0.196,0.024,50.293
853,215.487,60.2975,-27.489,22.811,-127.82,2.539,0.276,-27.748,22.904,0.1820,-0.0763,0.024,0.000,0.196,0.024,50.518
854,215.687,46.9632,-27.555,22.701,-127.26,2.554,0.281,-27.748,22.904,0.1927,-0.2063,0.012,0.000,0.196,0.032,50.156
855,215.936,48.2120,-27.620,22.591,-126.71,2.543,0.276,-27.830,22.770,0.1827,-0.0396,0.027,0.000,0.196,0.025,50.208
856,216.137,48.1729,-27.684,22.480,-126.18,2.520,0.275,-27.911,22.636,0.1482,0.0726,0.037,0.000,0.196,0.008,50.140
857,216.487,64.0843,-27.746,22.371,-125.66,2.512,0.276,-27.990,22.500,0.1922,0.0931,0.039,0.000,0.196,0.004,100.192
858,216.787,75.6460,-27.809,22.261,-125.18,2.521,0.279,-28.068,22.364,0.1689,-0.0435,0.027,0.000,0.197,0.007,100.035
859,217.087,77.6060,-27.871,22.150,-124.73,2.526,0.284,-28.145,22.226,0.1861,0.0723,0.037,0.000,0.197,-0.014,50.319
860,217.387,58.4756,-27.931,22.038,-124.27,2.522,0.284,-28.145,22.226,0.1403,0.0850,0.038,0.000,0.197,-0.026,100.039
861,217.737,52.4857,-27.992,21.926,-123.78,2.527,0.280,-28.220,22.088,0.1971,0.1608,0.045,0.000,0.197,-0.026,100.198
862,218.036,79.5526,-28.052,21.813,-123.31,2.542,0.277,-28.293,21.949,0.1267,0.0352,0.034,0.000,0.197,-0.032,100.499
863,218.387,64.1211,-28.112,21.699,-122.86,2.561,0.277,-28.365,21.810,0.1814,-0.1701,0.016,0.000,0.197,-0.026,100.107
864,218.836,208.9720,-28.171,21.585,-122.43,2.560,0.278,-28.436,21.670,0.1671,-0.1111,0.021,0.000,0.197,-0.023,100.084
865,219.136,42.6924,-28.230,21.470,-122.02,2.538,0.281,-28.505,21.528,0.1927,0.0204,0.032,0.000,0.197,-0.019,100.069
866,219.387,50.6371,-28.286,21.356,-121.57,2.528,0.278,-28.505,21.528,0.1939,-0.0523,0.026,0.000,0.197,-0.020,50.117
867,219.636,46.9697,-28.341,21.241,-121.09,2.535,0.273,-28.572,21.387,0.1834,-0.0120,0.029,0.000,0.196,-0.015,50.200
868,219.837,44.6055,-28.395,21.125,-120.57,2.542,0.272,-28.639,21.244,0.2112,-0.0646,0.025,0.000,0.196,-0.003,50.326
869,220.086,46.8952,-28.446,21.009,-120.04,2.547,0.273,-28.703,21.101,0.2027,-0.0631,0.025,0.000,0.196,0.003,50.015
870,220.387,62.1120,-28.497,20.892,-119.52,2.539,0.277,-28.766,20.957,0.1482,0.0048,0.031,0.000,0.196,0.011,100.099
871,220.687,44.9966,-28.545,20.774,-118.97,2.529,0.285,-28.828,20.813,0.1557,0.0022,0.030,0.000,0.196,0.018,99.954
872,220.937,42.9099,-28.594,20.657,-118.43,2.529,0.281,-28.828,20.813,0.1704,0.0031,0.030,0.000,0.196,0.033,100.175
873,221.187,39.7714,-28.642,20.540,-117.97,2.522,0.277,-28.888,20.668,0.1772,-0.0867,0.023,0.000,0.197,0.037,50.287
874,221.437,41.8847,-28.690,20.423,-117.55,2.514,0.275,-28.947,20.522,0.1801,0.1758,0.046,0.000,0.197,0.029,99.826
875,221.687,42.1690,-28.736,20.305,-117.09,2.512,0.277,-29.004,20.376,0.1689,0.0683,0.036,0.000,0.197,0.030,50.022
876,221.937,63.4292,-28.782,20.187,-116.58,2.530,0.281,-29.059,20.229,0.2003,0.0702,0.037,0.000,0.197,0.041,50.259
877,222.237,39.1743,-28.826,20.067,-116.07,2.539,0.283,-29.059,20.229,0.1883,-0.2032,0.012,0.000,0.197,0.043,100.351
878,222.437,41.2893,-28.870,19.947,-115.58,2.539,0.278,-29.113,20.081,0.2152,-0.0583,0.025,0.000,0.197,0.037,50.576
879,222.687,46.6128,-28.911,19.826,-115.08,2.523,0.276,-29.166,19.933,0.1713,-0.0237,0.028,0.000,0.197,0.022,50.410
880,222.887,47.3420,-28.951,19.705,-114.53,2.522,0.277,-29.217,19.784,0.1831,0.0057,0.031,0.000,0.197,0.017,50.180
881,223.187,74.5988,-28.990,19.585,-114.00,2.522,0.280,-29.266,19.635,0.1590,-0.0649,0.024,0.000,0.197,0.020,50.203
882,223.437,43.5266,-29.028,19.464,-113.49,2.519,0.286,-29.314,19.486,0.1610,0.1912,0.047,0.000,0.197,0.003,100.189
883,223.686,45.0538,-29.066,19.343,-113.03,2.522,0.285,-29.314,19.486,0.1656,0.0518,0.035,0.000,0.197,-0.002,50.085
884,223.937,62.5041,-29.104,19.222,-112.58,2.542,0.280,-29.360,19.335,0.1877,-0.0251,0.028,0.000,0.198,-0.019,50.373
885,224.237,75.4060,-29.141,19.100,-112.14,2.552,0.277,-29.404,19.185,0.1959,-0.1741,0.015,0.000,0.198,-0.032,50.443
886,224.437,46.8319,-29.176,18.977,-111.66,2.540,0.277,-29.447,19.034,0.1659,0.0129,0.031,0.000,0.197,-0.041,50.047
887,224.737,63.9859,-29.210,18.854,-111.14,2.520,0.281,-29.489,18.882,0.1754,-0.0506,0.026,0.000,0.197,-0.036,50.131
888,224.987,56.8892,-29.242,18.732,-110.63,2.513,0.286,-29.529,18.730,0.1857,0.0809,0.037,0.000,0.197,-0.030,50.159
889,225.286,59.6207,-29.274,18.609,-110.15,2.510,0.282,-29.529,18.730,0.1536,-0.0826,0.023,0.000,0.197,-0.035,49.959
890,225.537,42.0307,-29.304,18.486,-109.67,2.523,0.279,-29.567,18.578,0.1960,0.0190,0.032,0.000,0.197,-0.026,100.002
891,225.837,46.0775,-29.334,18.362,-109.18,2.520,0.277,-29.604,18.425,0.1892,0.0775,0.037,0.000,0.197,-0.020,100.135
892,226.037,43.0170,-29.363,18.239,-108.71,2.524,0.278,-29.639,18.272,0.1415,-0.0923,0.022,0.000,0.197,-0.029,50.341
893,226.487,242.6970,-29.390,18.115,-108.22,2.537,0.282,-29.672,18.119,0.1949,-0.0816,0.023,0.000,0.197,-0.025,50.197
894,226.687,39.6348,-29.418,17.990,-107.73,2.533,0.285,-29.672,18.119,0.2130,-0.1188,0.019,0.000,0.197,-0.018,50.325
895,226.987,45.6112,-29.443,17.867,-107.27,2.517,0.279,-29.704,17.965,0.1838,0.0299,0.032,0.000,0.197,-0.020,100.253
896,227.186,38.2801,-29.467,17.743,-106.78,2.506,0.276,-29.734,17.811,0.1650,0.1481,0.043,0.000,0.196,-0.023,50.254
897,227.487,37.8650,-29.490,17.619,-106.27,2.517,0.276,-29.763,17.656,0.2028,0.0286,0.033,0.000,0.196,-0.013,100.049
898,227.686,42.6423,-29.512,17.495,-105.77,2.533,0.278,-29.790,17.502,0.2037,-0.0047,0.030,0.000,0.197,-0.014,50.104
899,227.937,45.2976,-29.533,17.369,-105.30,2.535,0.283,-29.815,17.347,0.1657,-0.0785,0.023,0.000,0.197,-0.010,50.014
900,228.136,43.2198,-29.553,17.244,-104.81,2.524,0.282,-29.815,17.347,0.1826,-0.0945,0.022,0.000,0.197,0.013,50.239
901,228.386,41.7679,-29.571,17.118,-104.30,2.508,0.277,-29.839,17.191,0.2031,0.0038,0.030,0.000,0.197,0.013,50.009
902,228.587,40.2114,-29.589,16.993,-103.81,2.494,0.275,-29.861,17.036,0.1792,-0.0170,0.028,0.000,0.197,0.020,50.355
903,228.937,57.3078,-29.605,16.868,-103.32,2.502,0.277,-29.882,16.880,0.2237,0.1321,0.042,0.000,0.197,0.028,100.071
904,229.187,42.4356,-29.620,16.743,-102.81,2.502,0.281,-29.901,16.724,0.1719,0.1413,0.043,0.000,0.197,0.048,100.199
905,229.537,60.5930,-29.634,16.617,-102.28,2.532,0.287,-29.901,16.724,0.1756,0.0749,0.037,0.000,0.197,0.051,100.271
906,229.737,42.0204,-29.647,16.490,-101.76,2.550,0.282,-29.918,16.568,0.1851,0.0047,0.031,0.000,0.197,0.050,50.195
907,229.986,42.1559,-29.660,16.362,-101.27,2.557,0.278,-29.933,16.412,0.1622,-0.0027,0.030,0.000,0.197,0.043,50.103
908,230.187,38.4687,-29.671,16.234,-100.77,2.560,0.278,-29.947,16.255,0.2003,-0.0742,0.024,0.000,0.197,0.028,50.338
909,230.437,43.4944,-29.681,16.106,-100.27,2.562,0.279,-29.960,16.099,0.1522,-0.0866,0.023,0.000,0.197,0.019,50.296
910,230.637,38.2682,-29.690,15.978,-99.78,2.548,0.282,-29.970,15.942,0.2078,-0.1893,0.013,0.000,0.197,0.004,50.223
911,230.887,47.5886,-29.699,15.851,-99.32,2.531,0.286,-29.970,15.942,0.2107,-0.0555,0.025,0.000,0.197,-0.009,50.162
912,231.137,59.3039,-29.707,15.724,-98.88,2.505,0.280,-29.979,15.785,0.1759,0.1668,0.045,0.000,0.197,-0.025,50.158
913,231.386,38.8842,-29.712,15.599,-98.40,2.503,0.276,-29.987,15.628,0.1541,0.0243,0.032,0.000,0.196,-0.029,50.304
914,231.587,43.7735,-29.717,15.472,-97.89,2.521,0.275,-29.993,15.471,0.1934,0.1123,0.040,0.000,0.196,-0.013,50.236
915,231.887,40.6706,-29.722,15.345,-97.42,2.533,0.276,-29.997,15.314,0.1742,0.0873,0.038,0.000,0.197,-0.011,100.065
916,232.087,40.9576,-29.726,15.217,-96.98,2.543,0.280,-29.999,15.157,0.2395,0.0240,0.032,0.000,0.197,-0.016,50.228
917,232.387,52.6651,-29.728,15.089,-96.52,2.557,0.280,-29.999,15.157,0.1955,-0.0324,0.027,0.000,0.197,-0.017,50.154
918,232.637,40.2847,-29.728,14.960,-96.01,2.565,0.275,-30.000,15.000,0.1850,-0.0031,0.030,0.000,0.197,-0.013,100.145
919,232.887,40.1893,-29.726,14.831,-95.45,2.567,0.274,-29.999,14.843,0.1925,-0.1772,0.015,0.000,0.197,-0.003,50.212
920,233.137,78.3243,-29.723,14.702,-94.90,2.559,0.274,-29.997,14.686,0.2060,-0.0311,0.027,0.000,0.196,0.002,50.140
921,233.387,47.8440,-29.719,14.574,-94.37,2.541,0.278,-29.993,14.529,0.1825,-0.0888,0.022,0.000,0.196,-0.005,50.053
922,233.686,71.3249,-29.713,14.447,-93.83,2.539,0.285,-29.987,14.372,0.1856,-0.0157,0.028,0.000,0.196,0.005,100.031
923,233.987,45.4084,-29.706,14.321,-93.27,2.530,0.286,-29.987,14.372,0.1639,-0.0253,0.028,0.000,0.196,0.012,100.191
924,234.237,48.2941,-29.699,14.194,-92.75,2.523,0.282,-29.979,14.215,0.1795,0.0236,0.032,0.000,0.196,0.014,100.143
925,234.486,42.9322,-29.691,14.068,-92.26,2.512,0.279,-29.970,14.058,0.1926,0.0630,0.035,0.000,0.196,0.011,50.288
926,234.686,39.6727,-29.683,13.942,-91.80,2.508,0.280,-29.960,13.901,0.1933,0.1581,0.044,0.000,0.197,0.007,50.192
927,234.937,40.9698,-29.672,13.815,-91.32,2.515,0.284,-29.947,13.745,0.1676,0.1392,0.042,0.000,0.196,0.001,50.282
928,235.187,72.7832,-29.661,13.688,-90.79,2.542,0.291,-29.933,13.588,0.1982,-0.0620,0.025,0.000,0.196,0.004,50.121
929,235.437,41.8554,-29.648,13.560,-90.27,2.551,0.287,-29.933,13.588,0.1582,0.0108,0.031,0.000,0.197,-0.006,50.360
930,235.686,77.9031,-29.635,13.432,-89.77,2.545,0.283,-29.918,13.432,0.1666,0.0654,0.036,0.000,0.197,0.002,50.134
931,236.237,262.3991,-29.620,13.304,-89.30,2.553,0.282,-29.901,13.276,0.1783,0.0019,0.030,0.000,0.197,0.006,99.926
932,236.486,53.8496,-29.606,13.177,-88.84,2.562,0.282,-29.882,13.120,0.1886,-0.0684,0.024,0.000,0.197,0.001,49.981
933,236.836,59.7561,-29.589,13.049,-88.36,2.565,0.285,-29.861,12.964,0.1775,-0.0853,0.023,0.000,0.197,-0.002,99.874
934,237.137,51.4796,-29.571,12.921,-87.84,2.553,0.290,-29.839,12.809,0.1837,-0.0955,0.022,0.000,0.197,0.003,100.084
935,237.437,50.6100,-29.552,12.794,-87.31,2.541,0.287,-29.839,12.809,0.1921,0.0150,0.031,0.000,0.196,0.010,50.100
936,237.686,45.7154,-29.532,12.668,-86.79,2.530,0.284,-29.815,12.653,0.1444,-0.0034,0.030,0.000,0.196,0.009,99.830
937,237.986,57.2594,-29.510,12.543,-86.27,2.541,0.283,-29.790,12.498,0.1765,0.0599,0.035,0.000,0.196,0.007,50.357
938,238.186,41.0843,-29.488,12.418,-85.77,2.543,0.285,-29.763,12.344,0.1923,0.0251,0.032,0.000,0.196,0.005,50.297
939,238.436,41.4237,-29.465,12.292,-85.29,2.545,0.288,-29.734,12.189,0.1493,-0.0058,0.030,0.000,0.196,-0.013,50.418
940,238.737,49.3658,-29.440,12.167,-84.80,2.552,0.295,-29.704,12.035,0.1731,-0.0823,0.023,0.000,0.196,-0.009,100.075
941,239.087,56.2200,-29.415,12.041,-84.31,2.550,0.289,-29.704,12.035,0.1596,0.0515,0.035,0.000,0.196,-0.008,99.863
942,239.286,47.1102,-29.390,11.916,-83.84,2.537,0.285,-29.672,11.881,0.1364,0.0353,0.033,0.000,0.197,-0.007,50.340
943,239.636,71.0629,-29.363,11.792,-83.38,2.542,0.283,-29.639,11.728,0.1915,-0.0446,0.026,0.000,0.197,0.002,100.524
944,239.887,40.7555,-29.337,11.667,-82.97,2.543,0.282,-29.604,11.575,0.1756,0.0432,0.034,0.000,0.197,0.004,100.311
945,240.187,64.5284,-29.310,11.542,-82.57,2.537,0.284,-29.567,11.422,0.1950,0.0588,0.035,0.000,0.197,-0.004,50.087
946,240.437,43.8116,-29.281,11.418,-82.14,2.540,0.286,-29.567,11.422,0.1924,-0.0197,0.028,0.000,0.197,0.008,100.128
947,240.787,72.4081,-29.251,11.293,-81.66,2.547,0.279,-29.529,11.270,0.2181,-0.0449,0.026,0.000,0.197,0.018,100.258
948,241.037,45.3482,-29.218,11.169,-81.14,2.546,0.276,-29.489,11.118,0.2184,-0.1780,0.014,0.000,0.196,0.022,100.498
949,241.337,64.2453,-29.183,11.046,-80.60,2.536,0.276,-29.447,10.966,0.1982,0.0255,0.032,0.000,0.196,0.035,50.262
950,241.586,46.4032,-29.147,10.924,-80.03,2.521,0.280,-29.404,10.815,0.1912,0.0230,0.032,0.000,0.196,0.042,100.034
951,241.937,76.0765,-29.109,10.802,-79.45,2.528,0.286,-29.360,10.665,0.1877,0.0523,0.035,0.000,0.196,0.048,100.002
952,242.187,75.8465,-29.071,10.681,-78.90,2.535,0.289,-29.360,10.665,0.1982,0.1464,0.043,0.000,0.196,0.038,50.240
953,242.537,75.6829,-29.032,10.560,-78.38,2.544,0.285,-29.314,10.514,0.1625,-0.0950,0.022,0.000,0.197,0.023,99.978
954,242.837,53.7803,-28.991,10.438,-77.85,2.555,0.284,-29.266,10.365,0.2126,-0.0204,0.028,0.000,0.197,0.005,100.715
955,243.137,42.1061,-28.951,10.317,-77.32,2.545,0.285,-29.217,10.216,0.1725,-0.1436,0.017,0.000,0.197,-0.006,100.141
956,243.436,75.3769,-28.909,10.196,-76.81,2.524,0.287,-29.166,10.067,0.1913,0.0155,0.031,0.000,0.197,-0.027,100.107
957,243.687,46.2743,-28.866,10.076,-76.32,2.508,0.293,-29.113,9.919,0.1631,0.2061,0.048,0.000,0.197,-0.044,50.110
958,243.886,49.0572,-28.823,9.957,-75.83,2.515,0.293,-29.113,9.919,0.1640,0.0871,0.038,0.000,0.197,-0.040,50.752
959,244.136,46.4138,-28.779,9.837,-75.35,2.542,0.288,-29.059,9.771,0.1554,-0.0040,0.030,0.000,0.197,-0.036,50.134
960,244.387,54.2390,-28.735,9.717,-74.89,2.559,0.284,-29.004,9.624,0.1741,-0.1279,0.019,0.000,0.197,-0.038,50.224
961,244.737,52.8762,-28.689,9.596,-74.45,2.554,0.283,-28.947,9.478,0.1903,-0.0192,0.028,0.000,0.197,-0.041,99.871
962,245.037,71.2516,-28.643,9.477,-74.01,2.540,0.285,-28.888,9.332,0.1955,0.0789,0.037,0.000,0.197,-0.047,100.309
963,245.337,58.2251,-28.595,9.359,-73.52,2.547,0.289,-28.828,9.187,0.1984,0.0986,0.039,0.000,0.197,-0.044,50.126
964,245.637,79.0966,-28.545,9.241,-73.01,2.568,0.288,-28.828,9.187,0.1972,-0.0834,0.023,0.000,0.196,-0.037,100.403
965,245.987,51.0675,-28.493,9.123,-72.45,2.578,0.285,-28.766,9.043,0.1712,-0.1042,0.021,0.000,0.196,-0.012,99.982
966,246.286,66.8112,-28.440,9.006,-71.89,2.567,0.284,-28.703,8.899,0.1675,-0.1853,0.014,0.000,0.196,0.004,99.969
967,246.587,46.6439,-28.386,8.889,-71.35,2.546,0.285,-28.639,8.756,0.1617,0.0270,0.032,0.000,0.196,0.014,100.117
968,246.836,76.6704,-28.333,8.774,-70.87,2.521,0.288,-28.572,8.613,0.1410,0.0302,0.033,0.000,0.197,0.020,50.102
969,247.137,46.4023,-28.280,8.660,-70.43,2.519,0.293,-28.505,8.472,0.1668,0.0974,0.039,0.000,0.197,0.029,100.549
970,247.437,59.7553,-28.227,8.545,-70.02,2.520,0.288,-28.505,8.472,0.1733,0.0013,0.030,0.000,0.197,0.035,100.212
971,247.736,68.7183,-28.172,8.430,-69.61,2.525,0.281,-28.436,8.330,0.1895,-0.0340,0.027,0.000,0.197,0.033,50.435
972,247.987,43.5782,-28.117,8.315,-69.18,2.524,0.278,-28.365,8.190,0.2234,-0.0300,0.027,0.000,0.197,0.035,100.685
973,248.287,79.3954,-28.059,8.201,-68.71,2.518,0.278,-28.293,8.051,0.2230,0.0264,0.032,0.000,0.197,0.038,49.971
974,248.537,77.0663,-28.000,8.089,-68.19,2.520,0.282,-28.220,7.912,0.1834,0.1392,0.042,0.000,0.196,0.033,50.249
975,248.786,43.0417,-27.939,7.977,-67.64,2.537,0.288,-28.220,7.912,0.1848,-0.0918,0.022,0.000,0.196,0.036,50.253
976,249.036,52.9420,-27.877,7.865,-67.10,2.553,0.282,-28.145,7.774,0.1874,0.0477,0.034,0.000,0.196,0.035,50.266
977,249.386,50.0486,-27.814,7.753,-66.58,2.549,0.280,-28.068,7.636,0.1528,-0.0322,0.027,0.000,0.197,0.025,100.245
978,249.637,46.8895,-27.750,7.642,-66.06,2.545,0.279,-27.990,7.500,0.1914,0.0102,0.031,0.000,0.197,0.019,100.454
979,249.936,66.7521,-27.686,7.531,-65.56,2.550,0.281,-27.911,7.364,0.1458,-0.0603,0.025,0.000,0.197,0.003,50.129
980,250.187,47.9397,-27.621,7.421,-65.09,2.545,0.284,-27.830,7.230,0.1870,-0.1022,0.021,0.000,0.197,-0.005,100.896
981,250.537,51.1691,-27.556,7.311,-64.63,2.542,0.287,-27.830,7.230,0.1978,-0.0004,0.030,0.000,0.198,-0.016,100.173
982,250.787,64.5982,-27.490,7.203,-64.19,2.526,0.280,-27.748,7.096,0.1928,-0.0180,0.028,0.000,0.197,-0.019,50.609
983,251.087,79.0223,-27.423,7.095,-63.72,2.518,0.276,-27.665,6.963,0.1937,-0.0231,0.028,0.000,0.197,-0.032,49.907
984,251.387,66.3475,-27.355,6.988,-63.21,2.523,0.275,-27.580,6.830,0.1918,0.0632,0.035,0.000,0.196,-0.031,100.008
985,251.737,71.1418,-27.285,6.882,-62.67,2.526,0.278,-27.494,6.699,0.1786,0.1177,0.040,0.000,0.196,-0.027,100.726
986,252.037,59.4133,-27.213,6.777,-62.13,2.537,0.284,-27.406,6.569,0.1834,-0.0689,0.024,0.000,0.196,-0.013,99.832
987,252.337,47.1532,-27.141,6.671,-61.61,2.546,0.284,-27.406,6.569,0.1868,-0.1385,0.018,0.000,0.196,-0.008,100.076
988,252.537,48.6886,-27.068,6.567,-61.11,2.537,0.280,-27.317,6.439,0.1782,-0.0088,0.029,0.000,0.197,-0.012,50.275
989,252.836,72.9789,-26.994,6.463,-60.60,2.522,0.278,-27.227,6.311,0.1472,0.0260,0.032,0.000,0.196,-0.007,50.153
990,253.136,49.5754,-26.920,6.361,-60.08,2.525,0.279,-27.135,6.183,0.1869,-0.0841,0.022,0.000,0.197,-0.003,100.168
991,253.436,45.9644,-26.846,6.258,-59.61,2.527,0.281,-27.042,6.057,0.1942,-0.0214,0.028,0.000,0.197,-0.004,100.032
992,253.687,50.5811,-26.772,6.156,-59.16,2.514,0.286,-26.948,5.931,0.1649,0.0790,0.037,0.000,0.197,-0.011,50.236
993,254.037,51.0600,-26.696,6.056,-58.69,2.512,0.281,-26.948,5.931,0.1751,0.1253,0.041,0.000,0.196,-0.008,99.927
994,254.337,48.1258,-26.619,5.955,-58.21,2.522,0.277,-26.852,5.806,0.1680,-0.0299,0.027,0.000,0.197,-0.012,100.033
995,254.637,50.2106,-26.541,5.855,-57.73,2.531,0.274,-26.755,5.683,0.1644,0.0327,0.033,0.000,0.197,-0.003,50.183
996,254.936,82.0339,-26.462,5.755,-57.26,2.527,0.275,-26.657,5.560,0.1997,-0.2283,0.010,0.000,0.197,0.003,100.180
997,255.286,75.1215,-26.383,5.656,-56.80,2.514,0.279,-26.558,5.439,0.1965,0.1187,0.040,0.000,0.197,0.007,100.077
998,255.586,65.5038,-26.303,5.558,-56.33,2.498,0.282,-26.558,5.439,0.1653,0.1604,0.044,0.000,0.197,0.006,100.137
999,255.936,70.6094,-26.221,5.461,-55.82,2.519,0.276,-26.457,5.318,0.1719,-0.0623,0.024,0.000,0.197,0.009,100.665
1000,256.236,49.1045,-26.139,5.364,-55.32,2.531,0.272,-26.355,5.199,0.2025,0.0120,0.031,0.000,0.197,0.023,100.341
1001,256.537,44.5846,-26.055,5.268,-54.83,2.535,0.271,-26.252,5.080,0.1871,0.0039,0.030,0.000,0.197,0.018,100.035
1002,256.786,75.1385,-25.971,5.172,-54.34,2.540,0.274,-26.147,4.963,0.2097,-0.0062,0.029,0.000,0.197,0.015,50.071
1003,257.137,52.7237,-25.885,5.078,-53.82,2.544,0.279,-26.041,4.847,0.1740,0.0448,0.034,0.000,0.197,0.010,100.170
1004,257.436,59.6198,-25.798,4.984,-53.27,2.537,0.280,-26.041,4.847,0.1942,0.0385,0.033,0.000,0.196,0.011,100.627
1005,257.786,58.9068,-25.710,4.891,-52.74,2.543,0.275,-25.935,4.732,0.2059,0.0646,0.036,0.000,0.197,-0.003,100.342
1006,258.087,59.2175,-25.622,4.799,-52.23,2.544,0.273,-25.826,4.618,0.2258,0.0053,0.031,0.000,0.197,-0.013,99.933
1007,258.436,70.2613,-25.532,4.708,-51.71,2.546,0.275,-25.717,4.505,0.1858,-0.0309,0.027,0.000,0.196,-0.029,99.867
1008,258.687,45.7434,-25.440,4.618,-51.14,2.552,0.280,-25.607,4.393,0.1759,-0.1132,0.020,0.000,0.196,-0.022,100.491
1009,259.037,53.3139,-25.348,4.528,-50.56,2.549,0.286,-25.495,4.283,0.1657,-0.0409,0.026,0.000,0.196,-0.015,100.071
1010,259.336,54.9222,-25.256,4.439,-50.04,2.530,0.286,-25.495,4.283,0.1898,0.0330,0.033,0.000,0.197,-0.013,100.123
1011,259.637,44.7938,-25.164,4.351,-49.57,2.528,0.281,-25.382,4.174,0.1549,-0.0041,0.030,0.000,0.197,-0.015,99.880
1012,259.937,54.8210,-25.072,4.263,-49.11,2.531,0.279,-25.268,4.065,0.1643,-0.0346,0.027,0.000,0.197,-0.003,100.074
1013,260.237,79.1628,-24.979,4.176,-48.65,2.535,0.278,-25.153,3.959,0.1773,-0.0366,0.027,0.000,0.197,0.006,50.271
1014,260.437,46.8788,-24.886,4.089,-48.20,2.531,0.280,-25.037,3.853,0.1903,0.0705,0.036,0.000,0.197,0.005,49.833
1015,260.737,53.3809,-24.792,4.004,-47.74,2.530,0.286,-24.920,3.748,0.1673,0.1923,0.047,0.000,0.197,0.010,50.258
1016,260.987,45.2922,-24.697,3.920,-47.24,2.546,0.281,-24.920,3.748,0.2138,-0.0963,0.022,0.000,0.196,0.027,100.265
1017,261.286,44.5667,-24.600,3.835,-46.75,2.559,0.277,-24.801,3.645,0.1889,-0.1752,0.015,0.000,0.196,0.036,100.155
1018,261.536,76.5092,-24.503,3.752,-46.25,2.547,0.275,-24.682,3.543,0.1757,0.1619,0.044,0.000,0.196,0.031,50.198
1019,261.836,44.7409,-24.404,3.671,-45.74,2.536,0.277,-24.561,3.442,0.1818,-0.0987,0.021,0.000,0.196,0.034,100.341
1020,262.137,75.0974,-24.306,3.590,-45.23,2.542,0.281,-24.440,3.343,0.1909,-0.0196,0.028,0.000,0.196,0.035,100.003
1021,262.487,64.3706,-24.206,3.510,-44.72,2.533,0.287,-24.440,3.343,0.1902,-0.0943,0.022,0.000,0.197,0.024,100.259
1022,262.686,41.2029,-24.106,3.432,-44.20,2.525,0.282,-24.317,3.245,0.1939,0.0727,0.036,0.000,0.197,0.015,50.687
1023,262.987,77.0001,-24.005,3.355,-43.67,2.518,0.280,-24.194,3.148,0.1968,0.1092,0.040,0.000,0.197,-0.000,50.186
1024,263.236,44.5969,-23.904,3.278,-43.13,2.526,0.280,-24.069,3.052,0.2014,0.1166,0.040,0.000,0.197,-0.014,99.946
1025,263.537,72.8305,-23.801,3.203,-42.59,2.544,0.284,-23.943,2.958,0.1380,0.0386,0.034,0.000,0.197,-0.023,50.115
1026,263.837,50.2360,-23.696,3.128,-42.04,2.546,0.290,-23.817,2.865,0.1758,-0.0910,0.022,0.000,0.197,-0.016,99.869
1027,264.186,66.3854,-23.591,3.053,-41.51,2.553,0.294,-23.817,2.865,0.1524,-0.0666,0.024,0.000,0.197,-0.014,100.197
1028,264.436,47.1428,-23.487,2.979,-41.02,2.538,0.289,-23.689,2.773,0.1593,0.0055,0.030,0.000,0.198,-0.015,100.074
1029,264.686,47.9874,-23.382,2.905,-40.57,2.537,0.285,-23.561,2.683,0.1799,0.0075,0.031,0.000,0.198,-0.018,50.106
1030,264.937,50.3670,-23.278,2.832,-40.14,2.537,0.283,-23.431,2.594,0.1671,-0.0073,0.029,0.000,0.198,-0.027,50.186
1031,265.287,50.8611,-23.172,2.760,-39.69,2.543,0.285,-23.301,2.506,0.1707,0.1430,0.043,0.000,0.197,-0.024,99.597
1032,265.536,66.4465,-23.066,2.689,-39.20,2.552,0.288,-23.170,2.420,0.1872,0.0160,0.032,0.000,0.197,-0.017,49.974
1033,265.887,76.8632,-22.959,2.618,-38.71,2.569,0.290,-23.170,2.420,0.1447,-0.0784,0.023,0.000,0.197,-0.019,100.019
1034,266.137,44.0054,-22.850,2.549,-38.22,2.580,0.285,-23.037,2.335,0.1886,-0.0837,0.023,0.000,0.196,-0.015,100.182
1035,266.437,49.8552,-22.741,2.480,-37.74,2.568,0.281,-22.904,2.252,0.2044,-0.1712,0.015,0.000,0.196,-0.010,50.269
1036,266.687,75.8799,-22.633,2.413,-37.28,2.547,0.280,-22.770,2.170,0.1793,-0.0071,0.029,0.000,0.196,-0.020,49.801
1037,266.986,47.9251,-22.524,2.348,-36.81,2.524,0.282,-22.636,2.089,0.1793,0.0166,0.031,0.000,0.196,-0.021,100.401
1038,267.237,49.9448,-22.415,2.283,-36.31,2.521,0.287,-22.500,2.010,0.1441,0.0887,0.038,0.000,0.196,-0.013,50.326
1039,267.537,47.8057,-22.305,2.220,-35.80,2.527,0.287,-22.500,2.010,0.1914,0.1095,0.040,0.000,0.196,-0.001,100.234
1040,267.786,78.8459,-22.195,2.156,-35.34,2.534,0.281,-22.364,1.932,0.1809,0.0323,0.033,0.000,0.197,0.007,50.191
1041,268.087,46.9345,-22.084,2.093,-34.89,2.537,0.277,-22.226,1.855,0.1919,0.0207,0.032,0.000,0.197,0.008,100.317
1042,268.387,82.4914,-21.971,2.031,-34.42,2.537,0.277,-22.088,1.780,0.1931,0.0338,0.033,0.000,0.197,0.024,100.422
1043,268.737,66.8288,-21.858,1.971,-33.90,2.547,0.280,-21.949,1.707,0.1932,-0.1088,0.020,0.000,0.197,0.034,100.080
1044,268.986,46.5915,-21.743,1.912,-33.35,2.556,0.285,-21.810,1.635,0.1663,-0.1528,0.016,0.000,0.196,0.048,100.058
1045,269.287,71.4010,-21.628,1.855,-32.79,2.540,0.285,-21.810,1.635,0.1682,-0.2038,0.012,0.000,0.196,0.050,50.268
1046,269.537,46.7536,-21.514,1.798,-32.28,2.518,0.281,-21.670,1.564,0.1752,-0.0207,0.028,0.000,0.197,0.049,100.211
1047,269.837,49.2558,-21.401,1.742,-31.81,2.497,0.278,-21.528,1.495,0.1754,0.0611,0.035,0.000,0.197,0.035,50.111
1048,270.136,63.6739,-21.288,1.688,-31.35,2.502,0.279,-21.387,1.428,0.1775,0.1292,0.041,0.000,0.197,0.026,100.040
1049,270.487,78.6327,-21.175,1.635,-30.88,2.518,0.282,-21.244,1.361,0.1940,-0.0053,0.029,0.000,0.197,0.021,100.544
1050,270.736,47.9956,-21.060,1.582,-30.38,2.527,0.288,-21.244,1.361,0.1729,0.0178,0.031,0.000,0.197,0.013,100.275
1051,270.986,48.0140,-20.944,1.530,-29.87,2.523,0.282,-21.101,1.297,0.1989,-0.0106,0.029,0.000,0.196,0.003,50.282
1052,271.187,48.0588,-20.828,1.480,-29.36,2.517,0.278,-20.957,1.234,0.1863,-0.1324,0.018,0.000,0.197,-0.004,50.140
1053,271.487,49.6281,-20.711,1.430,-28.86,2.503,0.277,-20.813,1.172,0.1904,0.0029,0.030,0.000,0.197,-0.012,50.494
1054,271.737,44.9501,-20.594,1.382,-28.36,2.490,0.280,-20.668,1.112,0.1860,0.1332,0.041,0.000,0.196,-0.021,100.084
1055,272.036,75.0730,-20.477,1.336,-27.84,2.500,0.286,-20.522,1.053,0.2085,0.0308,0.033,0.000,0.196,-0.023,50.007
1056,272.336,69.8608,-20.359,1.290,-27.32,2.514,0.287,-20.522,1.053,0.1489,0.1691,0.045,0.000,0.196,-0.025,100.206
1057,272.687,78.0216,-20.240,1.245,-26.78,2.536,0.283,-20.376,0.996,0.1663,-0.0176,0.028,0.000,0.197,-0.019,100.785
1058,272.986,77.2373,-20.120,1.201,-26.27,2.553,0.281,-20.229,0.941,0.1489,-0.0093,0.029,0.000,0.197,-0.014,100.053
1059,273.287,44.1937,-20.000,1.156,-25.79,2.555,0.281,-20.081,0.887,0.1887,-0.0614,0.025,0.000,0.197,-0.018,100.453
1060,273.587,74.0642,-19.880,1.112,-25.35,2.558,0.283,-19.933,0.834,0.2082,0.0217,0.032,0.000,0.198,-0.026,100.296
1061,273.937,56.3458,-19.760,1.069,-24.92,2.551,0.287,-19.784,0.783,0.1688,-0.1216,0.019,0.000,0.197,-0.032,100.533
1062,274.237,57.6918,-19.640,1.028,-24.45,2.544,0.284,-19.784,0.783,0.1826,0.0215,0.032,0.000,0.197,-0.031,100.063
1063,274.536,48.2869,-19.519,0.987,-23.96,2.535,0.279,-19.635,0.734,0.1909,0.0906,0.038,0.000,0.196,-0.027,100.105
1064,274.786,81.2165,-19.399,0.949,-23.46,2.533,0.276,-19.486,0.686,0.2024,0.0218,0.032,0.000,0.196,-0.026,50.291
1065,275.137,48.9703,-19.277,0.912,-22.96,2.537,0.278,-19.335,0.640,0.1574,-0.0462,0.026,0.000,0.196,-0.013,100.179
1066,275.436,61.2000,-19.154,0.876,-22.41,2.541,0.282,-19.185,0.596,0.1857,-0.0476,0.026,0.000,0.196,0.009,100.157
1067,275.736,44.1807,-19.031,0.841,-21.87,2.526,0.289,-19.034,0.553,0.2042,0.0316,0.033,0.000,0.196,0.007,100.029
1068,275.987,58.9211,-18.908,0.808,-21.37,2.512,0.284,-19.034,0.553,0.1612,0.1897,0.047,0.000,0.196,0.022,50.317
1069,276.337,50.9622,-18.785,0.776,-20.85,2.533,0.282,-18.882,0.511,0.1753,0.0623,0.036,0.000,0.196,0.020,100.551
1070,276.637,50.1210,-18.661,0.743,-20.33,2.555,0.281,-18.730,0.471,0.1454,-0.0640,0.025,0.000,0.197,0.022,100.234
1071,276.887,43.8564,-18.536,0.712,-19.83,2.567,0.282,-18.578,0.433,0.1671,-0.0532,0.025,0.000,0.197,0.020,49.776
1072,277.136,50.7763,-18.411,0.680,-19.37,2.556,0.284,-18.425,0.396,0.1740,-0.0517,0.025,0.000,0.197,0.016,50.223
1073,277.487,49.0256,-18.287,0.650,-18.93,2.546,0.289,-18.425,0.396,0.1924,-0.0751,0.023,0.000,0.197,-0.002,100.134
1074,277.737,47.7459,-18.163,0.621,-18.47,2.544,0.282,-18.272,0.361,0.1896,-0.0509,0.025,0.000,0.197,-0.021,100.643
1075,278.036,79.6233,-18.038,0.595,-17.97,2.539,0.279,-18.119,0.328,0.2072,-0.0320,0.027,0.000,0.196,-0.026,50.126
1076,278.287,77.5382,-17.914,0.570,-17.44,2.524,0.278,-17.965,0.296,0.1630,-0.0344,0.027,0.000,0.196,-0.019,50.297
1077,278.637,75.2262,-17.789,0.547,-16.88,2.513,0.282,-17.811,0.266,0.1539,0.1072,0.039,0.000,0.196,-0.008,100.660
1078,278.887,41.9211,-17.664,0.524,-16.34,2.515,0.287,-17.656,0.237,0.1471,0.0921,0.038,0.000,0.196,0.004,100.149
1079,279.237,62.8223,-17.539,0.501,-15.88,2.525,0.289,-17.656,0.237,0.1626,-0.0445,0.026,0.000,0.197,0.005,100.187
1080,279.537,58.2036,-17.414,0.478,-15.47,2.531,0.282,-17.502,0.210,0.1700,0.0877,0.038,0.000,0.198,-0.004,100.230
1081,279.887,53.1994,-17.289,0.456,-15.07,2.529,0.277,-17.347,0.185,0.2033,0.1090,0.040,0.000,0.198,-0.005,99.795
1082,280.187,49.6311,-17.163,0.435,-14.61,2.546,0.275,-17.191,0.161,0.1919,-0.0075,0.030,0.000,0.197,-0.005,100.056
1083,280.537,61.8266,-17.036,0.416,-14.12,2.565,0.277,-17.036,0.139,0.1854,-0.0761,0.023,0.000,0.197,-0.002,100.079
1084,280.736,46.9868,-16.908,0.398,-13.60,2.565,0.281,-16.880,0.118,0.2098,-0.0855,0.023,0.000,0.196,0.002,50.171
1085,281.036,77.3121,-16.780,0.383,-13.07,2.552,0.283,-16.880,0.118,0.2072,-0.1591,0.016,0.000,0.196,0.009,50.249
1086,281.287,40.9722,-16.653,0.369,-12.53,2.539,0.279,-16.724,0.099,0.1757,-0.0510,0.025,0.000,0.196,0.008,100.075
1087,281.537,42.1084,-16.526,0.357,-11.96,2.528,0.278,-16.568,0.082,0.1571,-0.0125,0.029,0.000,0.196,0.009,50.141
1088,281.736,44.0757,-16.400,0.346,-11.40,2.525,0.280,-16.412,0.067,0.1567,0.0889,0.038,0.000,0.196,0.019,50.290
1089,282.036,76.4733,-16.275,0.334,-10.92,2.521,0.282,-16.255,0.053,0.1211,-0.0494,0.025,0.000,0.197,0.011,50.527
1090,282.286,46.5935,-16.149,0.323,-10.49,2.521,0.287,-16.099,0.040,0.1286,0.0644,0.035,0.000,0.197,0.017,100.130
1091,282.587,43.3283,-16.023,0.311,-10.10,2.515,0.281,-16.099,0.040,0.1690,0.1923,0.047,0.000,0.198,0.014,100.191
1092,282.886,62.1432,-15.897,0.299,-9.75,2.517,0.273,-15.942,0.030,0.1207,0.1050,0.039,0.000,0.198,0.016,100.470
1093,283.237,80.3887,-15.771,0.288,-9.38,2.545,0.268,-15.785,0.021,0.1532,0.0396,0.034,0.000,0.198,0.025,99.984
1094,283.536,59.4777,-15.643,0.277,-9.02,2.554,0.264,-15.628,0.013,0.1520,-0.1864,0.014,0.000,0.198,0.030,99.976
1095,283.836,42.2039,-15.515,0.267,-8.66,2.552,0.263,-15.471,0.007,0.1496,-0.0508,0.026,0.000,0.198,0.019,100.140
1096,284.086,69.3998,-15.387,0.259,-8.28,2.537,0.265,-15.471,0.007,0.1555,0.0279,0.032,0.000,0.198,0.015,50.175
1097,284.437,52.4853,-15.260,0.252,-7.87,2.533,0.255,-15.314,0.003,0.1316,-0.0839,0.023,0.000,0.198,0.018,100.094
1098,284.637,45.9426,-15.132,0.246,-7.44,2.538,0.247,-15.157,0.001,0.1518,0.1061,0.039,0.000,0.197,0.024,50.049
1099,284.888,43.1841,-15.005,0.241,-7.02,2.533,0.241,-15.000,0.000,0.1025,-0.0420,0.026,0.000,0.198,0.028,50.145
1100,285.137,75.0606,-14.878,0.237,-6.64,2.540,0.238,-14.900,0.000,0.0980,-0.0293,0.027,0.000,0.198,0.017,50.043
1101,285.487,54.1826,-14.750,0.232,-6.27,2.538,0.237,-14.800,0.000,0.0804,-0.1256,0.019,0.000,0.198,0.018,100.062
1102,285.786,78.2574,-14.624,0.227,-5.96,2.527,0.228,-14.600,0.000,0.1102,-0.0913,0.022,0.000,0.199,0.007,100.024
1103,286.137,49.9223,-14.498,0.220,-5.71,2.513,0.220,-14.500,0.000,0.0583,0.0880,0.037,0.000,0.199,-0.013,99.958
1104,286.437,50.9361,-14.372,0.215,-5.48,2.502,0.217,-14.400,0.000,0.0465,0.0727,0.036,0.000,0.199,-0.021,100.271
1105,286.737,45.9176,-14.247,0.209,-5.25,2.514,0.214,-14.200,0.000,0.0445,0.0833,0.037,0.000,0.199,-0.018,100.396
1106,286.987,80.7059,-14.121,0.201,-5.08,2.527,0.203,-14.100,0.000,0.0526,-0.0386,0.027,0.000,0.199,-0.019,50.444
1107,287.337,65.8851,-13.995,0.194,-4.96,2.533,0.194,-14.000,0.000,0.0351,-0.0298,0.027,0.000,0.200,-0.030,100.316
1108,287.637,75.5500,-13.869,0.187,-4.84,2.529,0.190,-13.900,0.000,0.0662,0.0013,0.030,0.000,0.200,-0.030,99.910
1109,287.936,46.1899,-13.743,0.180,-4.71,2.525,0.185,-13.700,0.000,0.0779,0.0909,0.038,0.000,0.200,-0.032,100.078
1110,288.187,54.4276,-13.617,0.173,-4.60,2.529,0.174,-13.600,0.000,0.0408,-0.0828,0.023,0.000,0.200,-0.042,50.388
1111,288.537,82.8153,-13.490,0.167,-4.46,2.538,0.167,-13.500,0.000,0.0467,0.0007,0.030,0.000,0.199,-0.036,100.224
1112,288.787,45.4141,-13.364,0.161,-4.32,2.528,0.165,-13.400,0.000,0.0641,-0.0705,0.024,0.000,0.199,-0.029,100.532
1113,289.086,42.8140,-13.237,0.155,-4.19,2.523,0.160,-13.200,0.000,0.0659,-0.0320,0.027,0.000,0.199,-0.035,100.214
1114,289.386,75.5393,-13.111,0.151,-4.06,2.520,0.151,-13.100,0.000,0.0248,-0.0073,0.029,0.000,0.199,-0.042,100.152
1115,289.737,50.8846,-12.985,0.147,-3.89,2.511,0.147,-13.000,0.000,0.0375,-0.0173,0.028,0.000,0.199,-0.030,100.084
1116,290.036,55.2276,-12.859,0.142,-3.73,2.509,0.148,-12.900,0.000,0.0595,0.0159,0.031,0.000,0.199,-0.026,100.099
1117,290.387,49.3930,-12.733,0.137,-3.62,2.507,0.141,-12.700,0.000,-0.0127,-0.0159,0.028,0.000,0.200,-0.033,100.575
1118,290.687,55.2050,-12.608,0.133,-3.52,2.501,0.133,-12.600,0.000,0.0310,0.0692,0.036,0.000,0.199,-0.028,100.103
1119,291.036,61.1977,-12.482,0.128,-3.43,2.506,0.129,-12.500,0.000,0.0249,0.1085,0.039,0.000,0.200,-0.024,100.035
1120,291.286,49.4848,-12.356,0.122,-3.35,2.515,0.130,-12.400,0.000,0.0261,0.0236,0.032,0.000,0.200,-0.023,50.025
1121,291.637,77.8691,-12.229,0.117,-3.29,2.530,0.121,-12.200,0.000,0.0218,-0.1629,0.016,0.000,0.200,-0.020,100.040
1122,291.937,62.4714,-12.102,0.112,-3.22,2.527,0.112,-12.100,0.000,0.0593,-0.1290,0.018,0.000,0.200,-0.021,99.964
1123,292.237,43.2951,-11.976,0.107,-3.15,2.505,0.110,-12.000,0.000,0.0381,-0.0046,0.029,0.000,0.200,-0.025,100.715
1124,292.487,49.4710,-11.851,0.103,-3.08,2.492,0.114,-11.900,0.000,0.0333,-0.0706,0.023,0.000,0.199,-0.027,50.017
1125,292.837,76.4326,-11.726,0.099,-2.98,2.494,0.102,-11.700,0.000,0.0530,0.0970,0.038,0.000,0.199,-0.017,99.998
1126,293.086,47.3711,-11.601,0.095,-2.88,2.494,0.095,-11.600,0.000,0.0251,0.0576,0.035,0.000,0.199,-0.011,100.342
1127,293.387,46.2176,-11.476,0.092,-2.77,2.506,0.095,-11.500,0.000,0.0441,-0.0045,0.029,0.000,0.199,0.000,100.348
1128,293.637,43.8357,-11.350,0.088,-2.68,2.512,0.101,-11.400,0.000,0.0522,-0.0146,0.028,0.000,0.199,0.003,100.138
1129,293.887,47.5332,-11.224,0.085,-2.60,2.514,0.089,-11.200,0.000,0.0718,-0.0127,0.029,0.000,0.199,-0.002,50.238
1130,294.087,43.5763,-11.099,0.083,-2.50,2.518,0.083,-11.100,0.000,0.0460,-0.0042,0.029,0.000,0.199,-0.006,50.217
1131,294.437,77.4199,-10.973,0.081,-2.36,2.519,0.086,-11.000,0.000,0.0635,-0.0852,0.022,0.000,0.199,-0.002,100.101
1132,294.737,48.5766,-10.847,0.080,-2.21,2.513,0.093,-10.800,0.000,0.0399,-0.0826,0.022,0.000,0.199,0.003,100.043
1133,294.986,47.6270,-10.721,0.079,-2.06,2.502,0.082,-10.700,0.000,0.0035,-0.0945,0.021,0.000,0.199,0.002,49.779
1134,295.237,52.2547,-10.596,0.078,-1.93,2.484,0.078,-10.600,0.000,-0.0035,0.1053,0.039,0.000,0.199,0.008,50.290
1135,295.486,47.2604,-10.472,0.076,-1.84,2.470,0.081,-10.500,0.000,-0.0036,0.0886,0.037,0.000,0.200,0.010,50.053
1136,295.736,78.9705,-10.349,0.073,-1.82,2.479,0.087,-10.300,0.000,0.0549,0.0230,0.032,0.000,0.200,0.009,50.349
1137,296.037,63.1436,-10.224,0.069,-1.85,2.497,0.073,-10.200,0.000,0.0295,0.0064,0.030,0.000,0.200,-0.001,50.158
1138,296.287,43.9333,-10.099,0.066,-1.83,2.513,0.066,-10.100,0.000,0.0293,-0.0202,0.028,0.000,0.200,-0.008,100.072
1139,296.637,67.4653,-9.974,0.064,-1.75,2.516,0.069,-10.000,0.000,0.0374,-0.0294,0.027,0.000,0.199,-0.001,100.487
1140,296.887,43.7184,-9.848,0.062,-1.65,2.511,0.079,-9.800,0.000,0.0204,0.0735,0.036,0.000,0.199,0.002,100.401
1141,297.186,47.0955,-9.723,0.061,-1.55,2.511,0.065,-9.700,0.000,0.0284,0.0545,0.034,0.000,0.199,0.012,100.207
1142,297.436,72.1465,-9.597,0.060,-1.48,2.519,0.060,-9.600,0.000,0.0358,0.0436,0.034,0.000,0.199,0.011,50.341
1143,297.786,75.8939,-9.471,0.059,-1.41,2.527,0.065,-9.500,0.000,0.0266,-0.1273,0.018,0.000,0.200,0.005,100.268
1144,298.037,45.7122,-9.345,0.058,-1.32,2.532,0.074,-9.300,0.000,0.0105,-0.2152,0.011,0.000,0.200,0.006,100.039
1145,298.336,52.3796,-9.219,0.058,-1.22,2.512,0.061,-9.200,0.000,-0.0403,-0.0729,0.023,0.000,0.200,0.004,50.085
1146,298.637,79.1791,-9.095,0.056,-1.15,2.481,0.056,-9.100,0.000,-0.0012,0.1591,0.043,0.000,0.200,0.005,100.410
1147,298.936,44.0736,-8.971,0.053,-1.16,2.466,0.061,-9.000,0.000,0.0188,0.0546,0.034,0.000,0.200,-0.000,100.230
1148,299.186,58.6103,-8.848,0.051,-1.20,2.481,0.070,-8.800,0.000,0.0105,0.0164,0.031,0.000,0.200,-0.001,50.251
1149,299.487,44.5043,-8.723,0.049,-1.19,2.505,0.054,-8.700,0.000,0.0094,0.1503,0.043,0.000,0.199,0.006,100.166
1150,299.787,61.2747,-8.598,0.047,-1.13,2.514,0.047,-8.600,0.000,0.0268,-0.1360,0.018,0.000,0.200,0.012,100.189
1151,300.136,49.3343,-8.472,0.045,-1.08,2.520,0.053,-8.500,0.000,0.0154,0.0338,0.033,0.000,0.200,0.011,99.460
1152,300.437,48.6196,-8.346,0.044,-1.05,2.511,0.064,-8.300,0.000,0.0216,-0.0994,0.021,0.000,0.200,0.007,100.133
1153,300.736,46.8489,-8.221,0.044,-1.01,2.507,0.048,-8.200,0.000,-0.0116,0.0435,0.033,0.000,0.200,0.009,100.208
1154,300.987,49.2269,-8.096,0.043,-0.95,2.505,0.043,-8.100,0.000,0.0219,0.0047,0.030,0.000,0.200,0.017,50.101
1155,301.337,71.9967,-7.971,0.041,-0.91,2.503,0.051,-8.000,0.000,-0.0159,0.1230,0.040,0.000,0.200,0.010,99.957
1156,301.637,50.0364,-7.845,0.040,-0.89,2.511,0.061,-7.800,0.000,-0.0109,-0.1677,0.015,0.000,0.200,0.015,100.180
1157,301.987,50.5500,-7.719,0.039,-0.87,2.514,0.043,-7.700,0.000,0.0013,-0.0458,0.025,0.000,0.200,0.016,99.777
1158,302.287,64.1068,-7.594,0.036,-0.88,2.495,0.037,-7.600,0.000,0.0012,-0.0618,0.024,0.000,0.200,0.013,99.589
1159,302.637,77.0557,-7.470,0.034,-0.90,2.486,0.046,-7.500,0.000,0.0216,0.0655,0.035,0.000,0.200,0.010,100.033
1160,302.937,74.5423,-7.345,0.033,-0.90,2.489,0.056,-7.300,0.000,-0.0148,-0.0144,0.028,0.000,0.200,0.011,100.069
1161,303.287,70.2580,-7.221,0.031,-0.87,2.497,0.037,-7.200,0.000,0.0249,-0.1013,0.020,0.000,0.199,0.014,100.136
1162,303.537,43.9554,-7.096,0.029,-0.86,2.493,0.029,-7.100,0.000,-0.0141,-0.1270,0.018,0.000,0.200,0.010,100.058
1163,303.837,62.2398,-6.972,0.028,-0.86,2.478,0.039,-7.000,0.000,0.0317,0.0951,0.038,0.000,0.199,0.011,50.055
1164,304.037,42.2500,-6.848,0.026,-0.85,2.464,0.055,-6.800,0.000,0.0197,0.1035,0.038,0.000,0.199,0.006,50.164
1165,304.286,44.7091,-6.725,0.025,-0.84,2.481,0.035,-6.700,0.000,0.0224,0.0897,0.037,0.000,0.199,0.006,50.206
1166,304.536,76.0247,-6.600,0.024,-0.80,2.503,0.024,-6.600,0.000,0.0387,0.0130,0.031,0.000,0.199,0.005,50.338
1167,304.837,46.3011,-6.474,0.024,-0.73,2.514,0.035,-6.500,0.000,0.0150,-0.0079,0.029,0.000,0.199,0.009,100.131
1168,305.037,48.8828,-6.348,0.025,-0.65,2.516,0.054,-6.300,0.000,0.0009,0.0250,0.032,0.000,0.199,0.012,50.105
1169,305.337,75.7797,-6.223,0.025,-0.58,2.511,0.034,-6.200,0.000,-0.0089,-0.1533,0.016,0.000,0.200,0.015,50.012
1170,305.637,79.8025,-6.097,0.024,-0.55,2.501,0.024,-6.100,0.000,0.0395,0.0094,0.030,0.000,0.200,0.018,100.320
1171,305.936,79.4554,-5.972,0.023,-0.57,2.484,0.036,-6.000,0.000,-0.0013,0.1226,0.040,0.000,0.200,0.005,50.215
1172,306.237,73.1336,-5.848,0.022,-0.57,2.494,0.053,-5.800,0.000,-0.0084,-0.0678,0.023,0.000,0.200,0.003,100.119
1173,306.586,64.7588,-5.722,0.021,-0.54,2.506,0.031,-5.700,0.000,-0.0059,0.0086,0.030,0.000,0.200,0.015,100.058
1174,306.836,60.3853,-5.597,0.020,-0.53,2.497,0.020,-5.600,0.000,-0.0062,0.0357,0.033,0.000,0.200,0.008,50.000
1175,307.187,58.8399,-5.472,0.018,-0.56,2.495,0.034,-5.500,0.000,0.0211,0.0783,0.036,0.000,0.200,0.003,100.165
1176,307.487,50.0558,-5.346,0.017,-0.59,2.504,0.049,-5.300,0.000,0.0216,-0.0655,0.024,0.000,0.200,0.003,99.975
1177,307.837,60.2800,-5.220,0.016,-0.58,2.516,0.026,-5.200,0.000,0.0012,-0.0161,0.028,0.000,0.199,-0.001,100.202
1178,308.086,64.1313,-5.094,0.016,-0.52,2.515,0.017,-5.100,0.000,0.0022,-0.1362,0.017,0.000,0.199,0.005,50.177
