step,t,solve_ms,mx,my,myaw_deg,v,min_dist,ref_x,ref_y,steer_rad,accel_cmd,throttle,brake,z,vz,step_ms
0,3.187,3094.5078,-0.002,-0.001,0.02,0.000,0.002,0.000,0.000,0.0110,0.4314,0.038,0.000,0.197,-0.000,0.000
1,6.436,3034.2331,-0.003,-0.001,0.01,0.000,0.003,0.000,0.000,0.0050,0.7572,0.068,0.000,0.197,-0.002,100.057
2,10.086,3492.4530,-0.006,-0.001,0.01,0.000,0.006,0.000,0.000,0.0043,1.0691,0.096,0.000,0.198,0.010,50.056
3,13.686,3316.6352,-0.007,-0.001,0.01,0.000,0.007,0.000,0.000,-0.0036,1.3292,0.121,0.000,0.199,0.029,100.138
4,17.337,3473.3909,-0.000,-0.001,0.01,0.212,0.001,0.000,0.000,-0.0024,1.5620,0.143,0.000,0.200,0.041,50.123
5,21.687,4063.8389,0.014,-0.001,0.02,0.350,0.014,0.000,0.000,0.0023,1.6944,0.157,0.000,0.202,0.059,99.934
6,25.737,3835.8140,0.035,-0.001,0.02,0.501,0.035,0.000,0.000,-0.0013,1.7919,0.168,0.000,0.206,0.065,99.950
7,30.137,4166.3506,0.064,-0.001,0.01,0.663,0.036,0.100,0.000,-0.0004,1.8255,0.173,0.000,0.208,0.013,50.115
8,34.837,4463.7842,0.102,-0.000,-0.00,0.822,0.002,0.100,0.000,0.0043,1.8706,0.179,0.000,0.208,0.026,99.723
9,39.587,4537.2299,0.147,-0.000,0.00,0.969,0.047,0.100,0.000,0.0061,1.8553,0.180,0.000,0.209,0.025,49.655
10,44.187,4354.5918,0.199,-0.000,0.02,1.123,0.001,0.200,0.000,0.0130,1.8169,0.179,0.000,0.211,-0.000,100.169
11,49.087,4598.7453,0.259,0.000,0.02,1.282,0.041,0.300,0.000,0.0088,1.7526,0.176,0.000,0.210,-0.021,99.948
12,53.837,4524.2353,0.326,0.001,0.03,1.421,0.026,0.300,0.000,0.0129,1.6535,0.169,0.000,0.210,-0.019,99.988
13,58.486,4398.4653,0.401,0.001,0.04,1.564,0.002,0.400,0.000,0.0212,1.5462,0.161,0.000,0.209,-0.011,49.734
14,63.086,4382.5649,0.483,0.002,0.06,1.697,0.018,0.500,0.000,0.0297,1.4131,0.152,0.000,0.209,-0.033,99.873
15,67.837,4493.6599,0.571,0.003,0.09,1.827,0.029,0.600,0.000,0.0175,1.2859,0.142,0.000,0.209,-0.003,100.174
16,72.536,4461.1912,0.666,0.005,0.14,1.965,0.034,0.700,0.000,0.0252,1.2091,0.137,0.000,0.208,0.002,99.911
17,77.087,4298.9252,0.767,0.007,0.20,2.093,0.033,0.800,0.000,0.0202,1.0792,0.127,0.000,0.207,-0.012,99.979
18,81.787,4491.9718,0.874,0.009,0.25,2.208,0.027,0.900,0.000,0.0098,0.9278,0.115,0.000,0.207,-0.025,100.332
19,86.488,4412.2017,0.987,0.011,0.30,2.316,0.016,1.000,0.000,0.0039,0.8027,0.105,0.000,0.206,-0.033,99.856
20,91.137,4495.7925,1.106,0.012,0.34,2.417,0.014,1.100,0.000,0.0003,0.6312,0.091,0.000,0.206,-0.016,49.469
21,95.937,4591.8733,1.229,0.014,0.36,2.509,0.032,1.200,0.000,-0.0128,0.5656,0.086,0.000,0.206,-0.030,50.111
22,100.637,4535.7165,1.357,0.015,0.36,2.590,0.046,1.400,0.000,-0.0267,0.4403,0.075,0.000,0.205,-0.037,50.026
23,105.387,4451.8386,1.488,0.015,0.35,2.661,0.019,1.500,0.000,-0.0234,0.3568,0.068,0.000,0.205,-0.043,99.688
24,110.287,4689.0068,1.623,0.015,0.30,2.720,0.027,1.600,0.000,-0.0181,0.2433,0.059,0.000,0.204,-0.056,100.188
25,114.887,4330.0217,1.760,0.014,0.22,2.764,0.043,1.800,0.000,-0.0194,0.1476,0.050,0.000,0.203,-0.057,100.229
26,119.638,4539.6572,1.899,0.013,0.15,2.798,0.013,1.900,0.000,-0.0298,0.0028,0.038,0.000,0.202,-0.044,100.336
27,124.538,4598.6890,2.039,0.012,0.09,2.822,0.041,2.000,0.000,-0.0256,-0.0208,0.036,0.000,0.202,-0.021,99.964
28,129.388,4679.1166,2.180,0.010,0.02,2.823,0.022,2.200,0.000,-0.0188,-0.0727,0.031,0.000,0.201,-0.008,50.442
29,134.138,4531.8247,2.321,0.007,-0.07,2.817,0.022,2.300,0.000,-0.0036,-0.1547,0.024,0.000,0.200,0.001,50.214
30,139.038,4651.1844,2.462,0.006,-0.15,2.813,0.038,2.500,0.000,-0.0037,-0.1563,0.023,0.000,0.200,0.018,100.514
31,143.838,4536.8688,2.603,0.005,-0.19,2.810,0.006,2.600,0.000,0.0006,-0.1614,0.023,0.000,0.199,0.020,99.965
32,148.538,4491.9832,2.744,0.004,-0.19,2.806,0.044,2.700,0.000,0.0107,-0.1645,0.022,0.000,0.199,0.005,100.673
33,153.338,4575.3881,2.883,0.003,-0.19,2.797,0.017,2.900,0.000,0.0078,-0.1891,0.020,0.000,0.198,-0.024,50.109
34,157.938,4394.3288,3.023,0.003,-0.18,2.787,0.023,3.000,0.000,0.0042,-0.2101,0.018,0.000,0.198,-0.036,99.992
35,162.788,4642.8443,3.161,0.004,-0.15,2.769,0.039,3.200,0.000,0.0260,-0.1936,0.019,0.000,0.198,-0.036,49.951
36,167.688,4693.4091,3.299,0.004,-0.13,2.747,0.004,3.300,0.000,0.0023,-0.1767,0.020,0.000,0.198,-0.027,100.811
37,172.488,4516.1680,3.436,0.005,-0.10,2.732,0.036,3.400,0.000,0.0050,-0.1770,0.020,0.000,0.198,-0.012,100.129
38,177.138,4494.7529,3.572,0.005,-0.08,2.714,0.028,3.600,0.000,0.0120,-0.2105,0.017,0.000,0.198,0.004,50.164
39,181.888,4532.6849,3.707,0.005,-0.06,2.696,0.009,3.700,0.000,0.0176,-0.2228,0.015,0.000,0.198,0.014,50.938
40,186.639,4498.1875,3.842,0.006,-0.04,2.675,0.042,3.800,0.000,0.0149,-0.1951,0.018,0.000,0.198,0.023,100.163
41,191.438,4533.0364,3.975,0.008,0.00,2.652,0.026,4.000,0.000,0.0094,-0.1557,0.021,0.000,0.198,0.033,99.912
42,196.189,4561.3083,4.107,0.009,0.05,2.632,0.012,4.100,0.000,0.0043,-0.0708,0.028,0.000,0.198,0.045,50.011
43,200.938,4468.2114,4.239,0.010,0.10,2.620,0.040,4.200,0.000,-0.0003,-0.0380,0.031,0.000,0.199,0.050,99.965
44,205.888,4720.0729,4.370,0.011,0.12,2.618,0.032,4.400,0.000,0.0036,-0.0218,0.032,0.000,0.199,0.048,100.653
45,211.039,4861.6659,4.502,0.012,0.12,2.621,0.012,4.500,0.000,-0.0094,-0.0501,0.030,0.000,0.199,0.043,100.040
46,215.838,4594.4756,4.633,0.012,0.12,2.625,0.035,4.600,0.000,0.0008,-0.0384,0.031,0.000,0.200,0.038,100.198
47,220.788,4669.7872,4.765,0.012,0.12,2.625,0.037,4.800,0.000,0.0078,-0.0662,0.028,0.000,0.200,0.023,100.054
48,225.539,4536.9792,4.896,0.012,0.10,2.627,0.013,4.900,0.000,0.0053,-0.1298,0.023,0.000,0.200,0.008,99.876
49,230.539,4733.3624,5.028,0.013,0.11,2.627,0.031,5.000,0.000,-0.0064,-0.1241,0.023,0.000,0.200,0.001,100.376
50,235.189,4445.5238,5.159,0.014,0.13,2.617,0.043,5.200,0.000,-0.0387,-0.2577,0.011,0.000,0.200,-0.000,100.146
51,240.089,4602.8778,5.289,0.014,0.14,2.598,0.018,5.300,0.000,-0.0944,-0.3142,0.006,0.000,0.200,-0.001,100.170
52,244.939,4627.9463,5.418,0.013,0.11,2.565,0.023,5.400,0.000,-0.1157,-0.4598,0.000,0.008,0.200,-0.009,100.056
53,249.739,4524.8696,5.545,0.012,0.04,2.517,0.047,5.500,0.000,-0.1401,-0.4620,0.000,0.008,0.200,-0.014,100.144
54,254.539,4575.6138,5.670,0.009,-0.08,2.459,0.032,5.700,0.000,-0.1556,-0.4714,0.000,0.010,0.200,-0.013,99.873
55,259.239,4399.5713,5.791,0.004,-0.24,2.398,0.010,5.800,0.000,-0.1652,-0.4185,0.000,0.006,0.200,-0.012,100.082
56,264.139,4672.1143,5.910,-0.003,-0.44,2.339,0.010,5.900,0.000,-0.1709,-0.3475,0.000,0.000,0.200,-0.001,100.588
57,268.739,4314.2269,6.025,-0.010,-0.69,2.292,0.027,6.000,0.000,-0.1812,-0.2743,0.006,0.000,0.199,-0.003,100.444
58,274.539,5557.8012,6.138,-0.020,-0.98,2.246,0.043,6.100,0.000,-0.1895,-0.2136,0.011,0.000,0.199,0.007,100.297
59,280.889,6065.7476,6.249,-0.031,-1.30,2.189,0.058,6.200,0.000,-0.1949,-0.1716,0.015,0.000,0.199,0.017,100.000
60,286.839,5722.4042,6.358,-0.043,-1.66,2.159,0.060,6.400,0.000,-0.1928,-0.0809,0.022,0.000,0.199,0.008,100.206
61,291.789,4723.6156,6.465,-0.057,-2.05,2.139,0.067,6.500,0.000,-0.1783,-0.0294,0.027,0.000,0.199,0.010,49.913
62,296.589,4554.5592,6.571,-0.072,-2.47,2.129,0.078,6.600,0.000,-0.1619,0.0644,0.035,0.000,0.199,0.013,100.319
63,301.389,4552.4134,6.677,-0.089,-2.91,2.138,0.092,6.700,0.000,-0.1512,0.1122,0.039,0.000,0.200,0.019,50.331
64,306.189,4592.7332,6.783,-0.106,-3.33,2.161,0.107,6.800,0.000,-0.1402,0.1221,0.041,0.000,0.199,0.012,100.028
65,310.889,4486.8602,6.891,-0.122,-3.72,2.189,0.123,6.900,0.000,-0.1385,0.1656,0.045,0.000,0.200,-0.002,50.412
66,315.639,4570.2636,7.000,-0.140,-4.07,2.219,0.140,7.000,0.000,-0.1245,0.1535,0.044,0.000,0.200,-0.014,50.286
67,320.439,4583.6585,7.111,-0.157,-4.43,2.243,0.158,7.100,0.000,-0.1209,0.1188,0.041,0.000,0.201,-0.024,50.306
68,325.089,4472.4308,7.222,-0.175,-4.77,2.268,0.176,7.200,0.000,-0.0906,0.1431,0.043,0.000,0.201,-0.008,50.273
69,329.889,4582.1433,7.335,-0.193,-5.09,2.292,0.196,7.300,0.000,-0.0465,0.1770,0.046,0.000,0.201,-0.001,50.287
70,334.639,4564.9111,7.450,-0.211,-5.38,2.327,0.216,7.400,0.000,-0.0259,0.1203,0.041,0.000,0.201,-0.004,50.216
71,339.540,4667.9943,7.566,-0.227,-5.60,2.363,0.230,7.600,0.000,-0.0099,0.1152,0.041,0.000,0.201,0.003,50.075
72,344.240,4510.6846,7.684,-0.243,-5.75,2.387,0.243,7.700,0.000,0.0080,0.0886,0.039,0.000,0.200,0.007,50.056
73,349.190,4735.3919,7.804,-0.257,-5.83,2.413,0.257,7.800,0.000,0.0242,0.1162,0.041,0.000,0.200,0.008,49.847
74,353.890,4546.2959,7.925,-0.270,-5.86,2.439,0.271,7.900,0.000,0.0478,0.0665,0.037,0.000,0.200,0.016,50.330
75,358.540,4414.8385,8.048,-0.282,-5.83,2.465,0.286,8.000,0.000,0.0648,0.0555,0.036,0.000,0.200,0.013,50.301
76,363.290,4563.4214,8.171,-0.293,-5.78,2.481,0.294,8.200,0.000,0.0921,0.0168,0.033,0.000,0.200,0.012,49.990
77,367.990,4494.7106,8.295,-0.303,-5.70,2.495,0.303,8.300,0.000,0.1207,-0.0301,0.029,0.000,0.200,0.009,50.284
78,372.790,4616.1276,8.420,-0.311,-5.58,2.505,0.312,8.400,0.000,0.1407,-0.0277,0.029,0.000,0.200,0.006,50.403
79,377.491,4488.0474,8.545,-0.319,-5.42,2.509,0.322,8.500,0.000,0.1393,-0.0608,0.026,0.000,0.199,0.002,50.139
80,382.240,4583.3735,8.671,-0.325,-5.21,2.510,0.326,8.700,0.000,0.1456,-0.0531,0.027,0.000,0.199,0.002,50.205
81,386.991,4536.8818,8.796,-0.329,-4.95,2.507,0.329,8.800,0.000,0.1459,-0.0302,0.029,0.000,0.198,0.001,49.986
82,391.590,4396.4006,8.922,-0.331,-4.66,2.505,0.332,8.900,0.000,0.1380,0.0261,0.034,0.000,0.198,0.006,99.928
83,396.290,4449.9791,9.047,-0.332,-4.33,2.510,0.336,9.000,0.000,0.1427,-0.0360,0.028,0.000,0.197,0.011,50.459
84,400.940,4458.9753,9.173,-0.332,-3.97,2.519,0.333,9.200,0.000,0.1451,-0.0371,0.028,0.000,0.197,0.023,50.413
85,405.591,4428.5151,9.299,-0.329,-3.59,2.520,0.329,9.300,0.000,0.1433,-0.0584,0.026,0.000,0.197,0.030,50.001
86,410.090,4333.8679,9.426,-0.326,-3.18,2.519,0.327,9.400,0.000,0.1224,-0.0549,0.026,0.000,0.197,0.030,50.351
87,414.891,4522.9341,9.552,-0.322,-2.78,2.518,0.325,9.600,0.000,0.1221,-0.0347,0.028,0.000,0.197,0.036,100.130
88,420.940,5875.7147,9.677,-0.318,-2.41,2.510,0.318,9.700,0.000,0.1173,0.0278,0.033,0.000,0.198,0.031,51.181
89,425.841,4654.1095,9.803,-0.313,-2.07,2.503,0.313,9.800,0.000,0.1216,0.0443,0.035,0.000,0.198,0.029,49.836
90,430.841,4768.5633,9.928,-0.308,-1.76,2.504,0.309,9.900,0.000,0.1058,0.0257,0.033,0.000,0.198,0.024,100.065
91,435.990,4882.2426,10.054,-0.303,-1.43,2.515,0.306,10.100,0.000,0.1153,0.0020,0.031,0.000,0.198,0.028,100.198
92,440.992,4770.1080,10.181,-0.297,-1.11,2.515,0.298,10.200,0.000,0.1271,-0.0753,0.024,0.000,0.198,0.024,100.013
93,445.791,4530.8533,10.307,-0.291,-0.80,2.511,0.291,10.300,0.000,0.1311,-0.1047,0.022,0.000,0.198,0.023,99.427
94,450.541,4524.4594,10.433,-0.283,-0.47,2.505,0.285,10.400,0.000,0.1290,-0.1731,0.016,0.000,0.198,0.017,100.098
95,455.341,4504.1169,10.559,-0.274,-0.11,2.496,0.277,10.600,0.000,0.1324,-0.2282,0.010,0.000,0.198,0.023,100.296
96,460.041,4490.9677,10.684,-0.264,0.25,2.476,0.265,10.700,0.000,0.1458,-0.2442,0.009,0.000,0.197,0.029,100.248
97,464.892,4608.1724,10.807,-0.254,0.61,2.446,0.254,10.800,0.000,0.1344,-0.2594,0.007,0.000,0.197,0.031,50.334
98,469.841,4718.3994,10.929,-0.242,0.98,2.417,0.244,10.900,0.000,0.0167,-0.1856,0.013,0.000,0.197,0.037,100.022
99,474.491,4423.3046,11.049,-0.230,1.35,2.390,0.235,11.000,0.000,-0.0146,-0.1765,0.014,0.000,0.197,0.042,49.317
100,479.291,4578.4741,11.167,-0.219,1.67,2.362,0.222,11.200,0.000,0.0441,-0.1603,0.015,0.000,0.197,0.045,100.515
101,483.992,4441.9924,11.284,-0.210,1.87,2.331,0.211,11.300,0.000,0.0371,-0.1281,0.018,0.000,0.198,0.033,99.881
102,488.441,4287.0238,11.399,-0.203,1.96,2.305,0.203,11.400,0.000,0.0957,-0.1351,0.017,0.000,0.198,0.017,50.068
103,493.241,4585.3129,11.514,-0.196,2.05,2.287,0.196,11.500,0.000,0.1514,-0.1515,0.015,0.000,0.198,-0.008,50.546
104,497.991,4523.8154,11.628,-0.188,2.15,2.269,0.190,11.600,0.000,0.2328,-0.0460,0.025,0.000,0.198,-0.022,100.012
105,502.841,4584.3015,11.741,-0.180,2.31,2.260,0.184,11.700,0.000,0.2616,-0.0147,0.027,0.000,0.198,-0.023,99.565
106,507.541,4500.9713,11.853,-0.169,2.51,2.266,0.175,11.900,0.000,0.2669,0.0423,0.032,0.000,0.197,-0.028,49.940
107,512.492,4693.0903,11.966,-0.156,2.78,2.270,0.160,12.000,0.000,0.2572,0.0871,0.036,0.000,0.197,-0.012,99.962
108,517.391,4671.4900,12.080,-0.141,3.13,2.290,0.143,12.100,0.000,0.2756,0.0051,0.029,0.000,0.197,-0.006,99.848
109,522.342,4691.7460,12.193,-0.123,3.54,2.308,0.123,12.200,0.000,0.2729,0.0567,0.034,0.000,0.196,-0.011,100.050
110,527.092,4545.3102,12.307,-0.103,4.00,2.304,0.103,12.300,0.000,0.2891,0.1116,0.039,0.000,0.196,0.006,99.946
111,531.942,4582.5835,12.421,-0.080,4.50,2.311,0.083,12.400,0.000,0.3385,0.0750,0.036,0.000,0.196,-0.013,99.964
112,536.742,4555.1771,12.536,-0.055,5.07,2.335,0.066,12.500,0.000,0.3538,0.1987,0.047,0.000,0.196,-0.001,100.274
113,541.642,4617.4019,12.651,-0.027,5.71,2.356,0.056,12.700,0.000,0.4024,0.1428,0.042,0.000,0.196,0.002,100.309
114,546.042,4186.8673,12.766,0.004,6.41,2.380,0.035,12.800,0.000,0.4420,0.1212,0.040,0.000,0.195,0.010,99.997
115,550.592,4323.5585,12.881,0.038,7.17,2.400,0.043,12.900,0.000,0.4560,0.0985,0.038,0.000,0.195,-0.008,50.039
116,555.192,4442.3153,12.997,0.076,7.99,2.400,0.076,13.000,0.000,0.4666,0.0302,0.032,0.000,0.195,-0.013,49.659
117,559.992,4554.1485,13.112,0.118,8.88,2.402,0.119,13.100,0.000,0.4874,0.0191,0.031,0.000,0.194,-0.030,50.424
118,564.592,4382.7059,13.227,0.164,9.84,2.401,0.166,13.200,0.000,0.4902,-0.0090,0.029,0.000,0.194,-0.025,99.902
119,569.392,4545.4517,13.340,0.213,10.89,2.401,0.217,13.300,0.000,0.4832,-0.0347,0.027,0.000,0.194,-0.011,99.789
120,574.142,4577.0656,13.451,0.266,12.01,2.392,0.271,13.500,0.000,0.4350,-0.0871,0.022,0.000,0.193,0.003,50.480
121,578.592,4211.8904,13.561,0.323,13.18,2.382,0.325,13.600,0.000,0.3844,-0.2446,0.008,0.000,0.193,-0.014,49.604
122,583.343,4523.4841,13.668,0.383,14.37,2.373,0.384,13.700,0.000,0.3250,-0.2535,0.007,0.000,0.194,-0.005,99.969
123,588.043,4462.3592,13.774,0.444,15.53,2.351,0.444,13.800,0.000,0.2473,-0.2317,0.008,0.000,0.195,-0.011,49.839
124,592.892,4617.3074,13.878,0.503,16.58,2.328,0.503,13.900,0.000,0.1480,-0.2591,0.006,0.000,0.196,0.008,100.289
125,597.692,4519.0381,13.981,0.560,17.48,2.299,0.561,14.000,0.000,0.0436,-0.2201,0.009,0.000,0.197,0.000,100.176
126,602.693,4758.1333,14.083,0.615,18.22,2.254,0.615,14.100,0.000,-0.0723,-0.2072,0.010,0.000,0.197,0.005,100.122
127,607.543,4597.0538,14.184,0.664,18.78,2.208,0.664,14.200,0.000,-0.1716,-0.1481,0.015,0.000,0.198,0.002,100.066
128,612.343,4612.1870,14.284,0.709,19.16,2.167,0.709,14.300,0.000,-0.2529,-0.1414,0.015,0.000,0.198,-0.003,49.870
129,617.143,4509.2135,14.383,0.749,19.36,2.131,0.749,14.400,0.000,-0.3282,-0.0885,0.020,0.000,0.198,0.003,100.173
130,621.942,4572.4752,14.483,0.784,19.35,2.084,0.784,14.500,0.000,-0.3481,-0.0363,0.024,0.000,0.199,0.011,99.875
131,626.743,4538.5545,14.582,0.814,19.19,2.062,0.814,14.600,0.000,-0.3661,0.0276,0.030,0.000,0.199,0.021,100.190
132,631.692,4708.0187,14.681,0.841,18.94,2.044,0.842,14.700,0.000,-0.3723,0.1042,0.037,0.000,0.199,0.013,99.926
133,636.594,4618.0103,14.780,0.866,18.63,2.053,0.866,14.800,0.000,-0.3865,0.0682,0.034,0.000,0.200,0.001,100.043
134,641.244,4462.7200,14.881,0.888,18.24,2.043,0.888,14.900,0.000,-0.3886,0.1600,0.042,0.000,0.201,0.014,49.900
135,646.193,4691.2434,14.982,0.907,17.74,2.037,0.907,15.000,0.000,-0.3812,0.1673,0.043,0.000,0.201,0.030,99.770
136,650.693,4281.4669,15.084,0.923,17.17,2.041,0.925,15.157,0.001,-0.3790,0.2470,0.050,0.000,0.201,-0.007,99.939
137,655.693,4758.9049,15.187,0.936,16.52,2.050,0.936,15.157,0.001,-0.3842,0.3113,0.056,0.000,0.202,-0.005,50.334
138,660.393,4472.1093,15.291,0.946,15.79,2.065,0.943,15.314,0.003,-0.3893,0.3845,0.063,0.000,0.202,-0.023,99.911
139,665.143,4468.7647,15.397,0.953,15.00,2.078,0.949,15.471,0.007,-0.3820,0.3568,0.061,0.000,0.202,-0.019,100.121
140,669.693,4334.8474,15.504,0.957,14.13,2.101,0.950,15.471,0.007,-0.3656,0.3637,0.062,0.000,0.203,0.016,99.980
141,674.594,4678.8937,15.613,0.957,13.18,2.133,0.944,15.628,0.013,-0.3511,0.3693,0.063,0.000,0.203,-0.003,50.086
142,679.293,4464.7992,15.724,0.955,12.17,2.177,0.936,15.785,0.021,-0.3356,0.4222,0.068,0.000,0.204,-0.019,100.097
143,684.243,4673.0514,15.838,0.951,11.17,2.230,0.927,15.942,0.030,-0.3378,0.4557,0.071,0.000,0.204,-0.026,99.949
144,689.344,4873.9565,15.954,0.947,10.22,2.293,0.917,15.942,0.030,-0.3269,0.4585,0.072,0.000,0.204,-0.010,99.991
145,694.094,4461.8272,16.073,0.941,9.29,2.348,0.902,16.099,0.040,-0.3066,0.4709,0.074,0.000,0.204,0.037,100.198
146,698.894,4565.0545,16.195,0.935,8.35,2.403,0.884,16.255,0.053,-0.2800,0.4609,0.074,0.000,0.204,0.060,100.697
147,703.644,4469.2234,16.319,0.927,7.41,2.472,0.866,16.412,0.067,-0.2635,0.4039,0.069,0.000,0.203,0.052,100.009
148,708.344,4467.9857,16.446,0.919,6.53,2.540,0.846,16.568,0.082,-0.2403,0.3427,0.064,0.000,0.203,0.051,99.675
149,713.394,4791.4592,16.577,0.911,5.70,2.612,0.825,16.724,0.099,-0.2050,0.3012,0.061,0.000,0.203,0.031,100.114
150,718.194,4596.8997,16.710,0.903,4.93,2.665,0.803,16.880,0.118,-0.1887,0.2991,0.061,0.000,0.203,0.012,100.104
151,723.194,4733.6898,16.845,0.896,4.24,2.708,0.779,16.880,0.118,-0.1715,0.2629,0.058,0.000,0.202,0.002,100.054
152,727.894,4466.8957,16.983,0.889,3.62,2.746,0.752,17.036,0.139,-0.1311,0.2178,0.055,0.000,0.201,0.015,100.529
153,732.944,4772.2739,17.122,0.882,3.06,2.785,0.725,17.191,0.161,-0.1010,0.1520,0.049,0.000,0.201,0.037,99.944
154,737.594,4427.6817,17.263,0.877,2.56,2.839,0.697,17.347,0.185,-0.0860,-0.0009,0.036,0.000,0.201,0.035,100.215
155,742.544,4697.5595,17.407,0.873,2.17,2.885,0.670,17.502,0.210,-0.0650,-0.0549,0.031,0.000,0.200,-0.001,100.104
156,747.194,4434.1578,17.551,0.870,1.87,2.892,0.642,17.656,0.237,-0.0308,-0.1002,0.027,0.000,0.200,-0.018,100.240
157,752.044,4581.6255,17.696,0.869,1.64,2.893,0.614,17.811,0.266,0.0104,-0.1653,0.021,0.000,0.199,-0.048,99.993
158,756.895,4629.6496,17.840,0.869,1.47,2.889,0.587,17.965,0.296,0.0582,-0.2075,0.017,0.000,0.198,-0.060,100.372
159,761.544,4352.7009,17.984,0.872,1.41,2.873,0.561,18.119,0.328,0.0972,-0.1823,0.019,0.000,0.197,-0.029,99.982
160,766.293,4578.7606,18.128,0.877,1.46,2.867,0.536,18.272,0.361,0.1216,-0.2115,0.016,0.000,0.197,-0.011,50.118
161,771.094,4507.6360,18.271,0.885,1.60,2.859,0.512,18.425,0.396,0.1471,-0.2789,0.010,0.000,0.196,0.013,100.282
162,775.744,4422.4026,18.413,0.894,1.78,2.832,0.490,18.578,0.433,0.1657,-0.3282,0.005,0.000,0.197,0.026,100.050
163,780.444,4448.2398,18.554,0.906,2.01,2.805,0.469,18.730,0.471,0.1761,-0.3073,0.007,0.000,0.197,0.019,100.172
164,785.094,4427.5302,18.693,0.919,2.29,2.781,0.449,18.730,0.471,0.2129,-0.2591,0.011,0.000,0.197,0.000,100.032
165,790.045,4685.7289,18.830,0.934,2.62,2.735,0.427,18.882,0.511,0.2286,-0.2647,0.010,0.000,0.196,-0.015,99.998
166,794.695,4435.6236,18.965,0.952,3.01,2.694,0.405,19.034,0.553,0.2586,-0.3209,0.004,0.000,0.196,-0.018,100.137
167,799.395,4399.6246,19.099,0.972,3.46,2.668,0.386,19.185,0.596,0.2591,-0.3208,0.004,0.000,0.195,-0.015,100.298
168,803.995,4365.1918,19.230,0.994,3.95,2.639,0.369,19.335,0.640,0.2674,-0.2889,0.006,0.000,0.195,-0.014,100.256
169,808.746,4472.7532,19.360,1.018,4.50,2.602,0.354,19.486,0.686,0.2752,-0.2998,0.005,0.000,0.194,-0.012,100.119
170,813.445,4545.2125,19.487,1.044,5.08,2.562,0.343,19.635,0.734,0.2796,-0.2616,0.008,0.000,0.194,0.004,50.130
171,818.195,4536.8872,19.612,1.073,5.72,2.517,0.337,19.784,0.783,0.2754,-0.2746,0.007,0.000,0.194,0.020,50.013
172,822.895,4478.3644,19.735,1.104,6.39,2.481,0.324,19.784,0.783,0.2805,-0.1998,0.013,0.000,0.194,0.034,99.970
173,827.645,4458.8119,19.856,1.137,7.09,2.455,0.312,19.933,0.834,0.2803,-0.1546,0.017,0.000,0.194,0.034,99.972
174,832.395,4510.3609,19.974,1.172,7.80,2.432,0.304,20.081,0.887,0.2804,-0.1166,0.020,0.000,0.193,0.013,100.200
175,837.195,4519.2541,20.091,1.209,8.54,2.409,0.302,20.229,0.941,0.2872,-0.1091,0.020,0.000,0.194,0.005,100.018
176,841.845,4405.0038,20.206,1.248,9.30,2.399,0.303,20.376,0.996,0.2900,-0.0374,0.027,0.000,0.194,0.011,99.987
177,846.445,4343.5859,20.321,1.288,10.06,2.387,0.297,20.376,0.996,0.3019,-0.0425,0.026,0.000,0.194,0.015,100.142
178,851.095,4441.0303,20.434,1.331,10.84,2.385,0.291,20.522,1.053,0.2870,-0.0500,0.025,0.000,0.194,0.017,100.007
179,855.795,4401.0464,20.546,1.375,11.63,2.378,0.289,20.668,1.112,0.2769,-0.0398,0.026,0.000,0.194,0.009,100.168
180,860.495,4478.4650,20.658,1.420,12.41,2.371,0.292,20.813,1.172,0.2918,-0.0421,0.026,0.000,0.195,-0.003,99.896
181,865.245,4475.2604,20.769,1.466,13.15,2.358,0.297,20.813,1.172,0.2954,0.0209,0.032,0.000,0.195,-0.018,100.180
182,869.946,4467.8300,20.879,1.513,13.87,2.353,0.290,20.957,1.234,0.2751,0.0522,0.034,0.000,0.195,-0.035,100.358
183,874.746,4545.2359,20.988,1.562,14.63,2.358,0.289,21.101,1.297,0.2790,0.0445,0.034,0.000,0.195,-0.022,100.117
184,879.395,4438.7944,21.097,1.613,15.41,2.379,0.291,21.244,1.361,0.2750,0.1185,0.040,0.000,0.195,0.001,100.398
185,884.045,4388.3795,21.206,1.664,16.15,2.390,0.297,21.387,1.428,0.2677,0.0702,0.036,0.000,0.196,0.005,100.093
186,888.746,4463.4113,21.315,1.717,16.87,2.396,0.298,21.387,1.428,0.2744,0.1097,0.040,0.000,0.196,-0.011,100.801
187,893.646,4612.9560,21.424,1.771,17.58,2.403,0.295,21.528,1.495,0.2661,0.0949,0.039,0.000,0.196,-0.022,99.896
188,898.196,4310.3668,21.533,1.827,18.30,2.417,0.296,21.670,1.564,0.2667,0.1260,0.041,0.000,0.196,-0.046,100.246
189,902.846,4357.2513,21.643,1.884,19.02,2.435,0.300,21.810,1.635,0.2439,0.1115,0.040,0.000,0.196,-0.049,99.816
190,907.496,4448.5416,21.752,1.943,19.75,2.457,0.308,21.949,1.707,0.2352,0.1493,0.044,0.000,0.196,-0.039,50.149
191,912.346,4593.2723,21.861,2.003,20.45,2.483,0.309,21.949,1.707,0.2321,0.0842,0.038,0.000,0.197,-0.025,100.036
192,916.996,4443.1976,21.971,2.064,21.11,2.505,0.307,22.088,1.780,0.2129,0.0748,0.038,0.000,0.197,-0.021,99.994
193,921.746,4453.2966,22.081,2.126,21.74,2.513,0.307,22.226,1.855,0.2188,0.1069,0.040,0.000,0.197,-0.026,99.710
194,926.546,4555.3448,22.192,2.188,22.36,2.522,0.309,22.364,1.932,0.2147,0.0465,0.035,0.000,0.197,-0.013,99.899
195,931.247,4447.6764,22.302,2.252,22.95,2.538,0.313,22.500,2.010,0.2000,0.0284,0.034,0.000,0.197,-0.020,100.121
196,935.897,4489.9574,22.412,2.317,23.54,2.547,0.319,22.636,2.089,0.1967,-0.0356,0.028,0.000,0.197,-0.005,49.938
197,940.546,4395.8183,22.523,2.382,24.13,2.545,0.314,22.636,2.089,0.2022,-0.0458,0.027,0.000,0.197,0.012,100.416
198,944.896,4114.2979,22.633,2.448,24.68,2.539,0.311,22.770,2.170,0.2045,-0.0956,0.023,0.000,0.197,0.011,100.643
199,949.596,4439.2796,22.741,2.516,25.23,2.531,0.310,22.904,2.252,0.2024,-0.1127,0.021,0.000,0.197,0.016,100.002
200,954.246,4425.7876,22.849,2.584,25.80,2.520,0.312,23.037,2.335,0.2069,-0.1598,0.017,0.000,0.196,0.025,99.975
201,958.897,4427.6608,22.955,2.653,26.38,2.504,0.317,23.170,2.420,0.2155,-0.1055,0.021,0.000,0.196,0.028,50.179
202,963.696,4553.2801,23.060,2.723,26.95,2.483,0.322,23.170,2.420,0.2169,-0.1016,0.022,0.000,0.196,0.032,101.040
203,968.346,4398.6129,23.163,2.794,27.53,2.472,0.319,23.301,2.506,0.2102,-0.0472,0.026,0.000,0.196,0.030,50.359
204,973.046,4484.4753,23.264,2.865,28.12,2.465,0.319,23.431,2.594,0.2171,-0.0522,0.026,0.000,0.196,0.038,100.205
205,977.797,4518.1414,23.365,2.938,28.71,2.461,0.321,23.561,2.683,0.2133,-0.0184,0.029,0.000,0.196,0.041,50.465
206,982.496,4516.8256,23.465,3.011,29.29,2.455,0.327,23.689,2.773,0.2065,0.0163,0.032,0.000,0.196,0.037,50.193
207,987.397,4642.3112,23.565,3.086,29.87,2.456,0.335,23.817,2.865,0.2121,0.0422,0.034,0.000,0.196,0.042,100.111
208,992.097,4539.9593,23.663,3.161,30.44,2.462,0.333,23.817,2.865,0.2024,0.0589,0.036,0.000,0.196,0.045,50.902
209,996.747,4375.0153,23.762,3.237,31.01,2.475,0.333,23.943,2.958,0.1970,0.0927,0.039,0.000,0.197,0.038,100.076
210,1001.647,4670.4065,23.860,3.314,31.58,2.486,0.336,24.069,3.052,0.1939,0.0518,0.035,0.000,0.197,0.037,100.033
211,1006.447,4516.4218,23.958,3.393,32.13,2.501,0.340,24.194,3.148,0.1965,0.0368,0.034,0.000,0.197,0.026,100.710
212,1011.097,4414.4695,24.056,3.472,32.66,2.511,0.347,24.317,3.245,0.1907,0.0626,0.036,0.000,0.197,0.011,100.149
213,1015.797,4495.4739,24.153,3.553,33.20,2.516,0.349,24.317,3.245,0.1796,0.0602,0.036,0.000,0.197,-0.006,50.225
214,1020.297,4345.5568,24.250,3.634,33.74,2.521,0.348,24.440,3.343,0.1896,0.0207,0.033,0.000,0.197,-0.013,50.182
215,1024.947,4378.9562,24.347,3.716,34.26,2.526,0.348,24.561,3.442,0.2058,-0.0207,0.029,0.000,0.197,-0.025,100.420
216,1029.497,4392.3154,24.443,3.800,34.77,2.528,0.350,24.682,3.543,0.1910,0.0019,0.031,0.000,0.197,-0.034,50.001
217,1034.297,4544.7740,24.539,3.885,35.30,2.527,0.355,24.801,3.645,0.1801,-0.0098,0.030,0.000,0.197,-0.026,99.739
218,1038.997,4470.5091,24.633,3.970,35.86,2.532,0.362,24.920,3.748,0.1790,-0.0029,0.031,0.000,0.197,-0.020,100.114
219,1043.548,4311.0550,24.728,4.056,36.39,2.535,0.363,24.920,3.748,0.1842,-0.0005,0.031,0.000,0.197,-0.021,50.051
220,1048.197,4444.1758,24.821,4.143,36.89,2.539,0.362,25.037,3.853,0.1823,0.0481,0.035,0.000,0.197,-0.017,99.942
221,1052.697,4275.3786,24.914,4.231,37.38,2.547,0.362,25.153,3.959,0.1858,0.0649,0.037,0.000,0.197,-0.013,50.263
222,1057.547,4660.3746,25.006,4.319,37.89,2.559,0.365,25.268,4.065,0.1886,0.0427,0.035,0.000,0.197,-0.010,50.308
223,1062.398,4560.7167,25.098,4.409,38.42,2.571,0.369,25.382,4.174,0.2055,0.0511,0.035,0.000,0.196,-0.008,99.918
224,1067.098,4458.8587,25.189,4.500,38.95,2.578,0.376,25.495,4.283,0.1941,-0.0009,0.031,0.000,0.196,-0.011,100.066
225,1071.948,4574.4865,25.279,4.593,39.51,2.580,0.378,25.495,4.283,0.1865,-0.0153,0.030,0.000,0.196,-0.002,100.153
226,1076.547,4359.8921,25.368,4.687,40.07,2.577,0.378,25.607,4.393,0.1872,-0.0071,0.030,0.000,0.196,0.001,100.137
227,1081.348,4534.0427,25.457,4.781,40.62,2.569,0.380,25.717,4.505,0.1939,-0.0434,0.027,0.000,0.196,0.003,100.458
228,1086.248,4651.0459,25.544,4.877,41.15,2.561,0.383,25.826,4.618,0.1946,-0.0550,0.026,0.000,0.196,-0.001,100.103
229,1090.848,4348.3909,25.631,4.973,41.68,2.555,0.388,25.935,4.732,0.2019,-0.0594,0.026,0.000,0.196,-0.014,100.256
230,1095.248,4246.4954,25.716,5.069,42.22,2.550,0.394,26.041,4.847,0.1975,-0.0549,0.026,0.000,0.196,-0.025,50.075
231,1099.948,4452.8496,25.800,5.167,42.78,2.539,0.401,26.041,4.847,0.1858,0.0345,0.034,0.000,0.196,-0.030,49.975
232,1104.448,4295.4959,25.883,5.264,43.35,2.535,0.401,26.147,4.963,0.1948,0.0053,0.031,0.000,0.196,-0.016,99.767
233,1108.998,4289.8802,25.965,5.363,43.89,2.542,0.402,26.252,5.080,0.1759,-0.0130,0.030,0.000,0.196,-0.004,100.316
234,1113.349,4188.7858,26.047,5.462,44.42,2.544,0.406,26.355,5.199,0.1816,0.0142,0.032,0.000,0.196,0.008,50.262
235,1117.848,4213.1785,26.127,5.562,44.95,2.550,0.410,26.457,5.318,0.1857,0.0544,0.036,0.000,0.197,0.013,99.914
236,1122.448,4398.9428,26.208,5.662,45.45,2.555,0.415,26.558,5.439,0.1569,0.0486,0.035,0.000,0.197,0.010,49.818
237,1127.199,4481.5773,26.287,5.764,45.97,2.568,0.422,26.657,5.560,0.1480,0.0388,0.034,0.000,0.197,0.010,100.457
238,1131.598,4241.7539,26.367,5.865,46.47,2.578,0.421,26.657,5.560,0.1497,0.0493,0.035,0.000,0.197,0.022,50.010
239,1136.348,4524.4638,26.446,5.967,46.91,2.585,0.420,26.755,5.683,0.1455,0.0147,0.032,0.000,0.197,0.020,50.219
240,1140.848,4253.5165,26.525,6.069,47.32,2.592,0.420,26.852,5.806,0.1560,-0.0282,0.029,0.000,0.197,0.010,99.840
241,1145.498,4361.8675,26.604,6.172,47.73,2.594,0.420,26.948,5.931,0.1502,-0.0258,0.029,0.000,0.197,0.003,99.895
242,1149.998,4255.9054,26.682,6.276,48.16,2.592,0.422,27.042,6.057,0.1546,0.0052,0.031,0.000,0.197,-0.008,100.019
243,1154.748,4463.0476,26.759,6.380,48.60,2.588,0.425,27.135,6.183,0.1466,-0.0211,0.029,0.000,0.197,-0.011,99.882
244,1159.299,4310.1363,26.835,6.484,49.03,2.584,0.425,27.135,6.183,0.1381,-0.0405,0.027,0.000,0.197,-0.005,100.028
245,1163.650,4064.9320,26.910,6.589,49.46,2.579,0.421,27.227,6.311,0.1302,-0.0450,0.027,0.000,0.197,-0.000,99.715
246,1167.699,3818.9469,26.985,6.694,49.87,2.568,0.418,27.317,6.439,0.1370,-0.0870,0.023,0.000,0.197,0.004,99.527
247,1171.698,3731.5045,27.060,6.799,50.25,2.554,0.416,27.406,6.569,0.1442,-0.0586,0.026,0.000,0.197,0.006,100.164
248,1176.249,4361.2011,27.133,6.905,50.62,2.541,0.415,27.494,6.699,0.1530,-0.0446,0.027,0.000,0.197,0.001,50.224
249,1180.999,4455.2249,27.205,7.010,51.01,2.535,0.416,27.580,6.830,0.1394,-0.0327,0.028,0.000,0.197,-0.004,100.141
250,1185.799,4574.9543,27.276,7.117,51.43,2.537,0.417,27.580,6.830,0.1429,-0.0095,0.030,0.000,0.197,-0.002,99.730
251,1190.549,4468.5856,27.347,7.223,51.84,2.534,0.411,27.665,6.963,0.1330,-0.0975,0.022,0.000,0.197,0.001,99.934
252,1195.249,4460.3041,27.416,7.330,52.24,2.531,0.406,27.748,7.096,0.1423,-0.0856,0.023,0.000,0.197,-0.002,99.936
253,1199.249,3759.2258,27.485,7.436,52.62,2.526,0.403,27.830,7.230,0.1567,-0.0623,0.025,0.000,0.197,-0.003,49.768
254,1203.099,3691.4441,27.553,7.543,52.99,2.517,0.400,27.911,7.364,0.1672,-0.0637,0.025,0.000,0.197,-0.015,50.156
255,1207.049,3706.8901,27.619,7.650,53.40,2.516,0.400,27.990,7.500,0.1744,-0.0752,0.023,0.000,0.197,-0.015,50.456
256,1211.049,3774.5336,27.684,7.758,53.84,2.509,0.400,27.990,7.500,0.1821,-0.0998,0.021,0.000,0.196,-0.016,100.081
257,1215.249,3900.5983,27.747,7.866,54.31,2.496,0.395,28.068,7.636,0.1790,-0.0752,0.023,0.000,0.196,-0.023,99.982
258,1219.699,4218.8808,27.808,7.975,54.80,2.486,0.392,28.145,7.774,0.1873,-0.0277,0.027,0.000,0.196,-0.026,100.236
259,1223.949,3991.2363,27.868,8.084,55.30,2.474,0.391,28.220,7.912,0.1869,-0.0231,0.028,0.000,0.196,-0.020,100.072
260,1228.299,4196.1770,27.927,8.194,55.80,2.466,0.393,28.293,8.051,0.1804,-0.0358,0.027,0.000,0.196,-0.021,50.005
261,1232.700,4115.3864,27.984,8.304,56.31,2.461,0.397,28.365,8.190,0.1692,-0.0170,0.028,0.000,0.196,-0.023,100.400
262,1237.050,4115.6621,28.041,8.414,56.81,2.458,0.394,28.365,8.190,0.1666,0.0314,0.033,0.000,0.196,-0.028,100.454
263,1241.700,4374.1123,28.098,8.525,57.28,2.460,0.390,28.436,8.330,0.1546,0.0299,0.032,0.000,0.197,-0.036,100.289
264,1246.300,4371.4130,28.154,8.635,57.73,2.469,0.388,28.505,8.472,0.1633,0.0559,0.035,0.000,0.197,-0.035,100.063
265,1250.950,4367.2352,28.209,8.746,58.16,2.476,0.387,28.572,8.613,0.1607,-0.0059,0.029,0.000,0.197,-0.040,99.959
266,1254.850,3725.0411,28.264,8.858,58.59,2.483,0.388,28.639,8.756,0.1547,0.0176,0.031,0.000,0.197,-0.041,49.787
267,1259.200,4130.0472,28.319,8.971,59.03,2.491,0.385,28.639,8.756,0.1423,-0.0159,0.028,0.000,0.197,-0.036,50.316
268,1263.950,4532.9227,28.372,9.083,59.48,2.495,0.379,28.703,8.899,0.1536,-0.0025,0.030,0.000,0.197,-0.032,100.198
269,1268.700,4489.5641,28.425,9.196,59.89,2.493,0.374,28.766,9.043,0.1488,0.0434,0.034,0.000,0.198,-0.032,100.492
270,1273.250,4391.9448,28.478,9.310,60.29,2.493,0.371,28.828,9.187,0.1672,0.0733,0.036,0.000,0.198,-0.038,50.405
271,1277.899,4356.9040,28.529,9.424,60.69,2.499,0.370,28.888,9.332,0.1746,0.0947,0.038,0.000,0.197,-0.033,100.428
272,1282.400,4287.7749,28.580,9.539,61.12,2.509,0.371,28.888,9.332,0.1742,0.0819,0.037,0.000,0.197,-0.035,100.333
273,1287.150,4461.5000,28.630,9.655,61.57,2.525,0.363,28.947,9.478,0.1896,0.0694,0.036,0.000,0.197,-0.035,99.918
274,1291.700,4324.7601,28.678,9.773,62.05,2.536,0.358,29.004,9.624,0.1855,0.0342,0.033,0.000,0.197,-0.033,100.182
275,1296.349,4389.4865,28.725,9.892,62.55,2.544,0.355,29.059,9.771,0.1834,0.0727,0.037,0.000,0.197,-0.026,100.156
276,1300.900,4363.6110,28.771,10.011,63.07,2.553,0.354,29.113,9.919,0.1910,0.0565,0.035,0.000,0.197,-0.013,50.238
277,1305.550,4362.1924,28.816,10.132,63.60,2.563,0.356,29.166,10.067,0.2007,0.0941,0.039,0.000,0.197,0.000,99.805
278,1310.300,4502.2416,28.860,10.253,64.13,2.570,0.358,29.166,10.067,0.1947,0.0393,0.034,0.000,0.197,0.009,100.060
279,1315.100,4536.2847,28.902,10.376,64.69,2.579,0.353,29.217,10.216,0.1937,-0.0385,0.027,0.000,0.197,0.026,100.079
280,1319.851,4506.0903,28.943,10.500,65.26,2.582,0.350,29.266,10.365,0.1974,0.0203,0.032,0.000,0.197,0.034,99.955
281,1324.401,4327.5536,28.983,10.624,65.82,2.583,0.349,29.314,10.514,0.1912,-0.0097,0.030,0.000,0.197,0.035,50.503
282,1328.950,4325.3792,29.021,10.748,66.38,2.586,0.349,29.360,10.665,0.2142,0.0081,0.031,0.000,0.197,0.034,99.700
283,1333.451,4206.0134,29.059,10.872,66.92,2.597,0.350,29.404,10.815,0.2057,-0.0514,0.026,0.000,0.197,0.019,99.803
284,1338.051,4358.1593,29.095,10.998,67.48,2.595,0.354,29.447,10.966,0.2106,-0.0410,0.027,0.000,0.197,0.002,100.112
285,1342.601,4296.1497,29.129,11.123,68.07,2.584,0.355,29.447,10.966,0.1821,-0.0725,0.024,0.000,0.196,-0.016,100.276
286,1347.200,4442.9753,29.162,11.249,68.67,2.572,0.352,29.489,11.118,0.1774,-0.0719,0.024,0.000,0.196,-0.016,50.015
287,1351.850,4350.4007,29.194,11.374,69.26,2.559,0.351,29.529,11.270,0.1811,-0.1148,0.020,0.000,0.197,-0.015,100.560
288,1356.301,4278.2874,29.226,11.499,69.78,2.546,0.350,29.567,11.422,0.1886,-0.1234,0.019,0.000,0.197,-0.020,50.057
289,1361.101,4503.4416,29.256,11.623,70.26,2.533,0.351,29.604,11.575,0.1910,-0.1093,0.020,0.000,0.197,-0.031,99.722
290,1365.701,4358.2831,29.285,11.747,70.77,2.523,0.354,29.639,11.728,0.1921,-0.0613,0.024,0.000,0.196,-0.025,99.898
291,1370.350,4392.6488,29.312,11.871,71.30,2.513,0.356,29.639,11.728,0.1850,-0.0565,0.025,0.000,0.196,-0.022,100.109
292,1374.901,4335.4103,29.338,11.994,71.84,2.508,0.352,29.672,11.881,0.1819,-0.0532,0.025,0.000,0.196,-0.013,100.956
293,1379.550,4396.4531,29.364,12.117,72.36,2.504,0.350,29.704,12.035,0.1834,-0.0272,0.027,0.000,0.196,-0.009,99.991
294,1384.001,4279.0386,29.388,12.240,72.87,2.498,0.350,29.734,12.189,0.1791,-0.0245,0.027,0.000,0.196,-0.009,50.174
295,1388.601,4328.6207,29.411,12.363,73.37,2.496,0.353,29.763,12.344,0.1819,-0.0627,0.024,0.000,0.196,-0.016,99.900
296,1393.151,4319.2488,29.433,12.486,73.87,2.489,0.357,29.790,12.498,0.1800,0.0183,0.031,0.000,0.196,-0.013,100.291
297,1397.901,4453.6804,29.454,12.609,74.37,2.479,0.354,29.790,12.498,0.1854,-0.0309,0.027,0.000,0.196,-0.017,100.014
298,1402.451,4316.4751,29.474,12.732,74.86,2.477,0.351,29.815,12.653,0.2034,0.0123,0.031,0.000,0.196,-0.013,99.963
299,1406.952,4226.5631,29.492,12.856,75.35,2.471,0.350,29.839,12.809,0.2056,-0.0443,0.026,0.000,0.196,-0.003,99.990
300,1411.501,4326.2069,29.509,12.979,75.87,2.468,0.352,29.861,12.964,0.2055,-0.0177,0.028,0.000,0.196,-0.002,100.253
301,1416.152,4379.5817,29.524,13.103,76.41,2.467,0.358,29.882,13.120,0.2086,-0.0071,0.029,0.000,0.196,0.011,100.110
302,1420.652,4314.3029,29.538,13.227,76.98,2.466,0.360,29.882,13.120,0.1985,-0.0239,0.027,0.000,0.196,0.026,50.735
303,1425.352,4400.5573,29.550,13.351,77.56,2.471,0.358,29.901,13.276,0.2089,0.0179,0.031,0.000,0.196,0.039,100.118
304,1429.952,4419.1053,29.562,13.475,78.13,2.468,0.359,29.918,13.432,0.2011,0.0251,0.032,0.000,0.196,0.039,49.955
305,1434.452,4229.2154,29.571,13.599,78.69,2.473,0.362,29.933,13.588,0.2069,0.0264,0.032,0.000,0.196,0.030,100.117
306,1439.151,4541.7915,29.580,13.723,79.24,2.475,0.368,29.947,13.745,0.2114,0.0341,0.033,0.000,0.196,0.013,50.710
307,1443.902,4450.5185,29.588,13.848,79.79,2.474,0.374,29.947,13.745,0.2047,0.0715,0.036,0.000,0.196,-0.004,100.214
308,1448.502,4371.1451,29.594,13.972,80.36,2.477,0.373,29.960,13.901,0.2094,0.0269,0.032,0.000,0.196,-0.005,100.283
309,1453.002,4221.2372,29.599,14.098,80.93,2.490,0.374,29.970,14.058,0.2026,0.0397,0.033,0.000,0.196,-0.010,99.792
310,1457.602,4354.8255,29.603,14.224,81.50,2.492,0.377,29.979,14.215,0.2008,0.0408,0.033,0.000,0.196,-0.004,100.265
311,1462.001,4177.4030,29.605,14.350,82.07,2.505,0.382,29.987,14.372,0.1913,0.0474,0.034,0.000,0.196,0.000,49.815
312,1466.152,3935.6639,29.607,14.476,82.63,2.511,0.389,29.993,14.529,0.1861,0.0098,0.031,0.000,0.197,0.007,100.481
313,1470.702,4291.4225,29.608,14.602,83.18,2.517,0.392,29.993,14.529,0.1648,-0.0090,0.029,0.000,0.197,0.010,99.897
314,1475.052,4133.0026,29.608,14.729,83.71,2.520,0.391,29.997,14.686,0.1715,-0.0643,0.024,0.000,0.197,0.011,100.528
315,1479.502,4184.3096,29.609,14.855,84.20,2.516,0.391,29.999,14.843,0.1520,-0.0348,0.027,0.000,0.197,-0.007,100.021
316,1483.952,4232.8981,29.608,14.981,84.66,2.509,0.392,30.000,15.000,0.1481,-0.0432,0.026,0.000,0.197,-0.015,100.283
317,1488.502,4285.2343,29.607,15.107,85.10,2.498,0.395,29.999,15.157,0.1480,0.0151,0.031,0.000,0.197,-0.024,99.894
318,1493.052,4331.3129,29.606,15.232,85.51,2.488,0.399,29.997,15.314,0.1416,0.0325,0.033,0.000,0.197,-0.026,100.033
319,1497.402,4077.7605,29.605,15.357,85.90,2.489,0.395,29.997,15.314,0.1419,0.0327,0.033,0.000,0.197,-0.032,99.973
320,1501.903,4257.5122,29.602,15.482,86.29,2.492,0.390,29.993,15.471,0.1430,0.0077,0.030,0.000,0.197,-0.032,100.006
321,1506.453,4295.2678,29.600,15.608,86.68,2.496,0.388,29.987,15.628,0.1408,-0.0414,0.026,0.000,0.197,-0.036,100.053
322,1510.853,4201.8890,29.596,15.734,87.07,2.495,0.387,29.979,15.785,0.1669,-0.0225,0.028,0.000,0.197,-0.033,50.003
323,1515.253,4135.4242,29.591,15.859,87.46,2.493,0.388,29.970,15.942,0.1840,-0.0261,0.027,0.000,0.197,-0.029,100.420
324,1519.602,4099.1901,29.586,15.984,87.86,2.497,0.387,29.970,15.942,0.1953,0.0385,0.033,0.000,0.197,-0.023,100.588
325,1524.102,4230.0873,29.578,16.109,88.29,2.499,0.382,29.960,16.099,0.2008,-0.0082,0.029,0.000,0.197,-0.017,100.199
326,1528.403,4085.2871,29.568,16.235,88.76,2.507,0.379,29.947,16.255,0.1877,-0.0285,0.027,0.000,0.196,-0.015,100.524
327,1532.853,4208.3120,29.557,16.360,89.27,2.515,0.380,29.933,16.412,0.1911,-0.0643,0.024,0.000,0.196,-0.009,50.569
328,1537.103,4068.6694,29.544,16.485,89.79,2.512,0.383,29.918,16.568,0.1815,-0.0953,0.021,0.000,0.196,-0.001,49.571
329,1541.502,4137.3244,29.530,16.610,90.32,2.503,0.388,29.901,16.724,0.1778,-0.0423,0.026,0.000,0.196,0.001,100.328
330,1545.802,4067.2087,29.515,16.734,90.82,2.486,0.386,29.901,16.724,0.1936,-0.0413,0.026,0.000,0.196,0.004,100.036
331,1550.203,4112.6864,29.499,16.857,91.31,2.473,0.383,29.882,16.880,0.1977,-0.0399,0.026,0.000,0.196,0.000,100.060
332,1554.653,4220.7543,29.482,16.980,91.79,2.463,0.383,29.861,17.036,0.2010,-0.0099,0.028,0.000,0.196,-0.006,99.763
333,1558.953,4074.2802,29.464,17.103,92.31,2.458,0.386,29.839,17.191,0.1998,-0.0066,0.029,0.000,0.196,-0.013,50.128
334,1563.453,4281.9563,29.443,17.225,92.86,2.458,0.391,29.815,17.347,0.1755,0.0084,0.030,0.000,0.196,-0.006,100.143
335,1567.703,4032.8880,29.422,17.347,93.42,2.461,0.393,29.815,17.347,0.1934,0.0242,0.031,0.000,0.196,0.013,50.112
336,1572.253,4332.2050,29.401,17.469,93.94,2.469,0.391,29.790,17.502,0.1923,0.0437,0.033,0.000,0.196,0.023,99.813
337,1576.754,4246.7844,29.378,17.591,94.43,2.473,0.390,29.763,17.656,0.1746,0.0654,0.035,0.000,0.196,0.026,99.873
338,1581.303,4392.5220,29.354,17.713,94.94,2.483,0.393,29.734,17.811,0.1724,0.0683,0.036,0.000,0.196,0.033,49.938
339,1585.903,4300.0288,29.330,17.836,95.45,2.494,0.396,29.704,17.965,0.1713,0.0399,0.033,0.000,0.197,0.039,100.664
340,1590.454,4327.8687,29.305,17.958,95.92,2.496,0.400,29.704,17.965,0.1625,0.0458,0.034,0.000,0.197,0.043,100.239
341,1594.953,4234.2106,29.278,18.081,96.38,2.501,0.396,29.672,18.119,0.1642,0.0741,0.036,0.000,0.197,0.040,99.957
342,1599.403,4261.4533,29.252,18.204,96.84,2.501,0.393,29.639,18.272,0.1698,0.0626,0.035,0.000,0.197,0.037,50.016
343,1604.003,4317.0047,29.224,18.327,97.29,2.502,0.392,29.604,18.425,0.1598,0.0563,0.035,0.000,0.197,0.034,99.931
344,1608.703,4484.1521,29.196,18.450,97.75,2.514,0.393,29.567,18.578,0.1660,0.0069,0.031,0.000,0.197,0.037,99.724
345,1613.403,4487.1216,29.166,18.574,98.21,2.522,0.395,29.529,18.730,0.1749,0.0068,0.031,0.000,0.197,0.042,50.479
346,1618.153,4509.8621,29.135,18.697,98.67,2.525,0.395,29.529,18.730,0.1829,-0.0202,0.028,0.000,0.197,0.041,100.116
347,1622.554,4130.3857,29.103,18.820,99.14,2.529,0.391,29.489,18.882,0.1818,-0.0266,0.028,0.000,0.197,0.036,100.015
348,1627.004,4224.5681,29.069,18.943,99.64,2.533,0.389,29.447,19.034,0.1843,-0.0244,0.028,0.000,0.197,0.035,99.885
349,1631.404,4122.9035,29.034,19.065,100.16,2.535,0.390,29.404,19.185,0.1748,-0.0660,0.024,0.000,0.197,0.029,99.566
350,1635.654,4077.2456,28.997,19.187,100.67,2.532,0.392,29.360,19.335,0.1707,-0.0496,0.025,0.000,0.197,0.021,50.284
351,1639.654,3731.8473,28.960,19.308,101.17,2.525,0.395,29.314,19.486,0.1674,-0.0993,0.021,0.000,0.197,0.013,100.245
352,1644.104,4273.1085,28.922,19.429,101.66,2.513,0.395,29.314,19.486,0.1773,-0.0590,0.024,0.000,0.197,0.003,50.421
353,1648.304,3964.0174,28.884,19.549,102.12,2.497,0.391,29.266,19.635,0.1780,-0.0121,0.028,0.000,0.197,-0.007,50.246
354,1652.954,4434.1658,28.845,19.668,102.60,2.487,0.389,29.217,19.784,0.1843,-0.0074,0.029,0.000,0.197,-0.016,100.056
355,1657.504,4284.6721,28.805,19.786,103.08,2.484,0.390,29.166,19.933,0.1890,-0.0087,0.029,0.000,0.197,-0.016,100.172
356,1662.104,4383.1666,28.763,19.904,103.58,2.480,0.392,29.113,20.081,0.1758,0.0516,0.034,0.000,0.196,-0.017,100.085
357,1666.754,4359.4985,28.720,20.022,104.10,2.484,0.397,29.059,20.229,0.1790,0.0249,0.032,0.000,0.196,-0.018,99.914
358,1671.554,4592.2961,28.676,20.139,104.60,2.494,0.394,29.059,20.229,0.1998,0.0009,0.030,0.000,0.196,-0.013,99.646
359,1676.254,4417.6388,28.631,20.257,105.08,2.496,0.391,29.004,20.376,0.2075,-0.0041,0.029,0.000,0.197,-0.026,100.025
360,1680.954,4545.8836,28.585,20.374,105.58,2.497,0.391,28.947,20.522,0.2038,-0.0145,0.028,0.000,0.197,-0.036,49.983
361,1685.604,4394.1059,28.536,20.490,106.12,2.508,0.394,28.888,20.668,0.1924,-0.0324,0.027,0.000,0.196,-0.040,100.181
362,1690.254,4496.5272,28.486,20.605,106.70,2.510,0.400,28.828,20.813,0.1774,-0.0333,0.027,0.000,0.196,-0.034,50.234
363,1694.954,4468.8982,28.436,20.721,107.26,2.506,0.403,28.828,20.813,0.1690,-0.0154,0.028,0.000,0.196,-0.024,50.057
364,1699.755,4601.0441,28.385,20.835,107.77,2.499,0.400,28.766,20.957,0.1800,-0.0189,0.028,0.000,0.197,-0.024,50.048
365,1704.355,4328.7563,28.335,20.950,108.24,2.490,0.399,28.703,21.101,0.1935,-0.0119,0.028,0.000,0.197,-0.027,100.112
366,1709.155,4618.0818,28.283,21.063,108.70,2.488,0.399,28.639,21.244,0.1887,-0.0563,0.024,0.000,0.197,-0.027,50.037
367,1714.005,4580.5776,28.230,21.176,109.20,2.486,0.402,28.572,21.387,0.1808,-0.0322,0.026,0.000,0.196,-0.022,100.295
368,1718.654,4399.7568,28.175,21.289,109.72,2.481,0.408,28.505,21.528,0.1681,-0.0265,0.027,0.000,0.196,-0.008,100.136
369,1723.155,4246.6234,28.120,21.400,110.24,2.477,0.405,28.505,21.528,0.1665,-0.0089,0.028,0.000,0.196,0.001,100.015
370,1727.855,4534.3485,28.065,21.511,110.72,2.475,0.403,28.436,21.670,0.1660,0.0037,0.030,0.000,0.196,-0.000,50.188
371,1732.405,4323.2573,28.009,21.622,111.17,2.475,0.402,28.365,21.810,0.1688,0.0450,0.033,0.000,0.197,-0.001,49.895
372,1737.305,4651.9268,27.953,21.733,111.62,2.477,0.404,28.293,21.949,0.1594,0.0587,0.035,0.000,0.197,-0.008,100.217
373,1742.005,4432.3885,27.895,21.843,112.08,2.483,0.407,28.220,22.088,0.1664,0.0412,0.033,0.000,0.197,-0.011,99.963
374,1746.455,4287.7709,27.837,21.953,112.53,2.491,0.406,28.220,22.088,0.1602,0.0686,0.036,0.000,0.197,-0.011,49.666
375,1751.155,4443.4178,27.777,22.063,112.98,2.492,0.402,28.145,22.226,0.1524,0.0815,0.037,0.000,0.197,-0.001,100.417
376,1755.755,4431.2302,27.717,22.173,113.42,2.499,0.399,28.068,22.364,0.1557,0.0939,0.038,0.000,0.197,0.006,50.265
377,1760.405,4358.0960,27.656,22.283,113.85,2.507,0.398,27.990,22.500,0.1712,0.0695,0.036,0.000,0.197,0.008,100.313
378,1764.956,4301.7107,27.594,22.393,114.27,2.515,0.399,27.911,22.636,0.1531,0.0926,0.038,0.000,0.197,0.013,100.191
379,1769.705,4449.6500,27.530,22.503,114.71,2.531,0.402,27.830,22.770,0.1612,0.0750,0.037,0.000,0.197,0.019,100.268
380,1774.306,4380.0522,27.466,22.613,115.16,2.538,0.397,27.830,22.770,0.1665,0.0965,0.039,0.000,0.197,0.029,100.238
381,1779.005,4403.2387,27.400,22.724,115.62,2.553,0.392,27.748,22.904,0.1788,0.0940,0.039,0.000,0.197,0.038,99.946
382,1783.855,4629.3108,27.333,22.833,116.08,2.569,0.390,27.665,23.037,0.1928,0.0755,0.037,0.000,0.197,0.035,100.063
383,1788.455,4346.0980,27.264,22.943,116.57,2.585,0.389,27.580,23.170,0.1868,0.0099,0.031,0.000,0.197,0.022,100.143
384,1793.156,4515.5351,27.193,23.052,117.10,2.599,0.390,27.494,23.301,0.1845,-0.0242,0.028,0.000,0.197,0.011,50.876
385,1797.956,4588.1077,27.120,23.161,117.64,2.602,0.393,27.406,23.431,0.1701,-0.0567,0.025,0.000,0.197,0.003,49.925
386,1802.456,4346.8354,27.047,23.269,118.18,2.593,0.394,27.406,23.431,0.1708,-0.0404,0.027,0.000,0.197,-0.006,50.413
387,1807.055,4387.1696,26.974,23.376,118.69,2.582,0.390,27.317,23.561,0.1679,-0.0520,0.026,0.000,0.197,-0.016,50.213
388,1811.806,4524.0607,26.900,23.482,119.17,2.572,0.387,27.227,23.689,0.1797,-0.0690,0.024,0.000,0.197,-0.026,100.128
389,1816.406,4334.5713,26.825,23.587,119.64,2.565,0.386,27.135,23.817,0.1889,-0.0587,0.025,0.000,0.197,-0.031,99.893
390,1820.956,4323.1322,26.750,23.691,120.13,2.555,0.386,27.042,23.943,0.1895,-0.1087,0.020,0.000,0.196,-0.036,99.883
391,1825.556,4333.9739,26.673,23.795,120.64,2.554,0.389,26.948,24.069,0.1883,-0.1119,0.020,0.000,0.196,-0.034,99.811
392,1830.156,4366.5827,26.595,23.896,121.18,2.541,0.393,26.948,24.069,0.1894,-0.0814,0.023,0.000,0.196,-0.025,100.705
393,1834.906,4456.2208,26.517,23.997,121.72,2.522,0.388,26.852,24.194,0.1905,-0.0413,0.026,0.000,0.196,-0.007,100.134
394,1839.606,4544.4713,26.439,24.096,122.24,2.509,0.386,26.755,24.317,0.2048,-0.0121,0.029,0.000,0.196,0.007,50.041
395,1844.356,4458.1600,26.360,24.194,122.76,2.505,0.386,26.657,24.440,0.2070,-0.0582,0.024,0.000,0.196,0.013,100.071
396,1848.906,4330.0874,26.279,24.291,123.29,2.505,0.388,26.558,24.561,0.2043,-0.0382,0.026,0.000,0.196,0.022,100.378
397,1853.606,4420.9465,26.197,24.387,123.85,2.499,0.393,26.457,24.682,0.2007,-0.0428,0.026,0.000,0.196,0.037,99.823
398,1858.107,4321.5115,26.115,24.481,124.43,2.496,0.397,26.457,24.682,0.1994,0.0061,0.030,0.000,0.196,0.044,50.290
399,1862.857,4523.5738,26.031,24.575,124.99,2.491,0.395,26.355,24.801,0.1919,-0.0234,0.027,0.000,0.196,0.043,49.772
400,1867.507,4417.5521,25.947,24.668,125.54,2.489,0.395,26.252,24.920,0.1942,-0.0003,0.029,0.000,0.196,0.035,100.138
401,1872.056,4273.4693,25.863,24.760,126.07,2.481,0.397,26.147,25.037,0.1908,0.0049,0.030,0.000,0.196,0.035,99.986
402,1876.657,4349.1477,25.778,24.851,126.60,2.478,0.401,26.041,25.153,0.1713,-0.0119,0.028,0.000,0.197,0.030,100.094
403,1881.407,4490.2026,25.692,24.942,127.13,2.479,0.406,25.935,25.268,0.1778,-0.0081,0.029,0.000,0.197,0.031,100.008
404,1886.057,4434.7197,25.606,25.033,127.62,2.474,0.404,25.935,25.268,0.1792,0.0186,0.031,0.000,0.197,0.023,100.152
405,1890.706,4374.1205,25.520,25.123,128.09,2.475,0.402,25.826,25.382,0.1890,0.0353,0.033,0.000,0.197,0.027,100.023
406,1895.208,4313.3632,25.432,25.212,128.57,2.481,0.401,25.717,25.495,0.1819,0.0601,0.035,0.000,0.197,0.034,50.284
407,1899.907,4438.2252,25.344,25.301,129.07,2.494,0.403,25.607,25.607,0.1745,0.0805,0.037,0.000,0.197,0.030,99.462
408,1904.306,4188.9981,25.254,25.389,129.59,2.505,0.407,25.495,25.717,0.1787,0.0947,0.038,0.000,0.197,0.041,99.948
409,1908.707,4157.8200,25.164,25.477,130.08,2.517,0.409,25.495,25.717,0.1786,0.0404,0.033,0.000,0.197,0.032,50.542
410,1913.106,4196.5463,25.072,25.564,130.57,2.532,0.406,25.382,25.826,0.1723,0.0775,0.037,0.000,0.197,0.016,99.700
411,1917.607,4224.5262,24.979,25.651,131.06,2.541,0.405,25.268,25.935,0.1835,0.0718,0.036,0.000,0.197,0.008,100.556
412,1921.956,4130.7269,24.885,25.737,131.56,2.546,0.405,25.153,26.041,0.1886,0.0437,0.034,0.000,0.198,-0.008,100.149
413,1926.507,4345.1361,24.790,25.823,132.06,2.545,0.407,25.037,26.147,0.1881,-0.0114,0.029,0.000,0.197,-0.032,50.266
414,1931.157,4401.0277,24.694,25.908,132.57,2.546,0.411,24.920,26.252,0.1717,-0.0288,0.027,0.000,0.197,-0.046,99.787
415,1935.607,4246.4643,24.597,25.992,133.11,2.547,0.414,24.920,26.252,0.1782,-0.1089,0.020,0.000,0.197,-0.047,49.863
416,1940.006,4225.3596,24.499,26.076,133.62,2.536,0.411,24.801,26.355,0.1699,-0.0867,0.022,0.000,0.197,-0.047,50.125
417,1944.507,4244.7441,24.402,26.158,134.10,2.521,0.410,24.682,26.457,0.1781,-0.0884,0.022,0.000,0.197,-0.052,100.150
418,1948.956,4251.8157,24.304,26.239,134.57,2.510,0.410,24.561,26.558,0.1772,-0.1100,0.020,0.000,0.197,-0.052,50.199
419,1953.607,4383.3862,24.207,26.319,135.05,2.505,0.411,24.440,26.657,0.1679,-0.0603,0.024,0.000,0.197,-0.046,100.098
420,1958.357,4502.2143,24.108,26.397,135.55,2.498,0.414,24.317,26.755,0.1759,-0.0332,0.026,0.000,0.196,-0.036,100.070
421,1963.008,4352.1371,24.010,26.475,136.03,2.494,0.416,24.317,26.755,0.1991,-0.0299,0.027,0.000,0.196,-0.024,100.033
422,1967.508,4284.1659,23.912,26.552,136.51,2.491,0.412,24.194,26.852,0.1894,0.0057,0.030,0.000,0.196,-0.029,100.169
423,1972.108,4324.1995,23.812,26.627,137.00,2.494,0.411,24.069,26.948,0.1751,0.0244,0.031,0.000,0.196,-0.022,99.989
424,1976.508,4173.5174,23.712,26.701,137.51,2.496,0.413,23.943,27.042,0.1820,0.0583,0.035,0.000,0.196,-0.005,99.928
425,1981.207,4422.1769,23.611,26.775,138.03,2.496,0.415,23.817,27.135,0.1634,0.0431,0.033,0.000,0.196,-0.006,99.919
426,1985.658,4227.5970,23.509,26.848,138.51,2.499,0.420,23.689,27.227,0.1694,0.0185,0.031,0.000,0.196,-0.002,100.271
427,1990.107,4193.4489,23.407,26.920,138.97,2.500,0.417,23.689,27.227,0.1704,-0.0285,0.027,0.000,0.197,-0.011,100.484
428,1994.508,4171.6111,23.304,26.993,139.43,2.496,0.414,23.561,27.317,0.1866,-0.0167,0.028,0.000,0.197,-0.014,99.884
429,1999.007,4240.6072,23.201,27.064,139.89,2.493,0.413,23.431,27.406,0.1808,0.0209,0.031,0.000,0.197,-0.009,99.877
430,2003.608,4377.2769,23.096,27.134,140.37,2.491,0.414,23.301,27.494,0.1689,0.0582,0.035,0.000,0.197,-0.008,99.775
431,2008.208,4308.6124,22.992,27.203,140.88,2.497,0.417,23.170,27.580,0.1536,0.0576,0.035,0.000,0.196,0.011,100.122
432,2012.608,4171.2632,22.886,27.271,141.38,2.505,0.419,23.170,27.580,0.1675,0.0571,0.035,0.000,0.197,0.024,99.787
433,2017.407,4508.1230,22.780,27.340,141.83,2.515,0.414,23.037,27.665,0.1737,0.0087,0.030,0.000,0.197,0.033,100.334
434,2021.808,4181.8552,22.673,27.408,142.26,2.520,0.412,22.904,27.748,0.1809,0.0393,0.033,0.000,0.197,0.036,100.025
435,2026.408,4314.7761,22.566,27.474,142.72,2.524,0.411,22.770,27.830,0.1785,-0.0007,0.030,0.000,0.197,0.030,100.042
436,2030.909,4274.6380,22.457,27.540,143.21,2.531,0.412,22.636,27.911,0.1908,0.0001,0.030,0.000,0.197,0.035,100.010
437,2035.558,4371.9661,22.347,27.604,143.73,2.529,0.415,22.500,27.990,0.1774,0.0257,0.032,0.000,0.197,0.027,99.252
438,2040.208,4442.7114,22.237,27.667,144.24,2.531,0.417,22.500,27.990,0.1699,-0.0133,0.029,0.000,0.196,0.023,100.171
439,2044.859,4349.0149,22.126,27.730,144.76,2.525,0.414,22.364,28.068,0.1909,-0.0392,0.026,0.000,0.197,0.022,100.369
440,2049.659,4575.0019,22.014,27.792,145.24,2.523,0.412,22.226,28.145,0.1869,-0.0586,0.025,0.000,0.197,0.012,100.210
441,2054.359,4400.7224,21.903,27.852,145.73,2.511,0.412,22.088,28.220,0.2005,-0.0723,0.023,0.000,0.197,-0.001,100.414
442,2059.109,4522.5377,21.791,27.911,146.23,2.501,0.414,21.949,28.293,0.1914,-0.0409,0.026,0.000,0.196,-0.003,99.948
443,2063.958,4623.7887,21.678,27.969,146.77,2.495,0.418,21.810,28.365,0.2028,0.0201,0.031,0.000,0.196,0.000,49.940
444,2068.558,4383.7573,21.566,28.025,147.32,2.494,0.419,21.810,28.365,0.1990,0.0069,0.030,0.000,0.196,-0.007,99.949
445,2073.358,4513.2618,21.452,28.079,147.86,2.500,0.418,21.670,28.436,0.1994,0.0303,0.032,0.000,0.196,-0.002,100.042
446,2078.208,4639.1272,21.338,28.132,148.41,2.508,0.418,21.528,28.505,0.1769,0.0298,0.032,0.000,0.196,0.000,100.206
447,2082.859,4382.8326,21.223,28.185,148.97,2.513,0.421,21.387,28.572,0.1747,0.0429,0.033,0.000,0.196,0.004,100.150
448,2087.359,4255.8953,21.108,28.237,149.51,2.522,0.424,21.244,28.639,0.1824,0.0156,0.031,0.000,0.197,0.008,99.995
449,2092.108,4511.2653,20.992,28.289,150.00,2.522,0.429,21.101,28.703,0.1727,0.0438,0.034,0.000,0.197,-0.004,49.976
450,2096.908,4553.3050,20.876,28.340,150.48,2.523,0.428,21.101,28.703,0.1686,0.0019,0.030,0.000,0.197,-0.006,100.117
451,2101.409,4243.2451,20.760,28.390,150.97,2.528,0.425,20.957,28.766,0.1609,0.0532,0.034,0.000,0.197,-0.001,100.370
452,2106.059,4411.2859,20.643,28.440,151.45,2.528,0.424,20.813,28.828,0.1593,0.0408,0.033,0.000,0.197,0.002,100.024
453,2110.659,4344.6355,20.526,28.489,151.91,2.533,0.424,20.668,28.888,0.1693,-0.0051,0.029,0.000,0.197,0.002,99.921
454,2115.159,4329.4341,20.408,28.537,152.34,2.538,0.425,20.522,28.947,0.1641,0.0151,0.031,0.000,0.197,0.002,49.893
455,2119.909,4543.0142,20.290,28.585,152.80,2.540,0.428,20.376,29.004,0.1631,0.0386,0.033,0.000,0.197,0.004,50.012
456,2124.559,4490.3875,20.171,28.631,153.26,2.546,0.425,20.376,29.004,0.1722,0.0513,0.034,0.000,0.197,0.011,50.907
457,2129.309,4497.9608,20.052,28.677,153.73,2.551,0.422,20.229,29.059,0.1669,0.0079,0.031,0.000,0.197,0.013,100.004
458,2134.060,4565.0530,19.931,28.721,154.20,2.557,0.420,20.081,29.113,0.1553,-0.0084,0.029,0.000,0.197,0.016,49.938
459,2138.659,4334.1658,19.811,28.764,154.68,2.561,0.420,19.933,29.166,0.1569,-0.0212,0.028,0.000,0.197,0.016,100.044
460,2143.360,4511.8579,19.690,28.807,155.14,2.553,0.420,19.784,29.217,0.1648,-0.0199,0.028,0.000,0.197,0.008,50.089
461,2148.009,4393.5074,19.569,28.850,155.58,2.543,0.421,19.635,29.266,0.1709,-0.0221,0.028,0.000,0.197,0.003,100.520
462,2152.559,4306.3895,19.448,28.890,156.03,2.542,0.419,19.635,29.266,0.1716,-0.0031,0.030,0.000,0.197,-0.003,100.496
463,2157.210,4392.2914,19.327,28.930,156.50,2.542,0.415,19.486,29.314,0.1647,0.0082,0.031,0.000,0.197,-0.005,100.049
464,2161.759,4387.6338,19.205,28.968,156.98,2.539,0.413,19.335,29.360,0.1577,-0.0085,0.029,0.000,0.197,-0.001,50.202
465,2166.260,4277.4602,19.083,29.006,157.46,2.538,0.411,19.185,29.404,0.1660,-0.0267,0.028,0.000,0.197,-0.007,50.896
466,2170.760,4293.7878,18.960,29.043,157.91,2.538,0.411,19.034,29.447,0.1722,-0.0298,0.027,0.000,0.197,-0.015,99.827
467,2175.409,4364.1176,18.838,29.078,158.35,2.535,0.413,18.882,29.489,0.1656,-0.0148,0.028,0.000,0.197,-0.019,100.288
468,2180.210,4587.2677,18.715,29.112,158.82,2.531,0.412,18.882,29.489,0.1613,-0.0225,0.028,0.000,0.197,-0.015,99.944
469,2184.860,4351.9370,18.592,29.146,159.31,2.529,0.407,18.730,29.529,0.1665,-0.0406,0.026,0.000,0.197,-0.003,99.899
470,2189.510,4422.8216,18.469,29.179,159.77,2.526,0.403,18.578,29.567,0.1670,-0.0607,0.024,0.000,0.197,-0.008,100.005
471,2194.160,4385.8102,18.346,29.210,160.23,2.522,0.401,18.425,29.604,0.1643,-0.0364,0.026,0.000,0.197,-0.010,99.958
472,2198.610,4294.9576,18.223,29.240,160.69,2.516,0.401,18.272,29.639,0.1814,-0.0507,0.025,0.000,0.197,-0.011,50.082
473,2203.160,4296.9616,18.101,29.270,161.15,2.511,0.403,18.119,29.672,0.1800,-0.0095,0.029,0.000,0.197,-0.015,100.092
474,2207.710,4372.0721,17.978,29.298,161.62,2.507,0.400,18.119,29.672,0.1865,0.0083,0.030,0.000,0.197,-0.026,50.004
475,2212.160,4210.1768,17.854,29.324,162.11,2.510,0.396,17.965,29.704,0.2038,-0.0362,0.026,0.000,0.196,-0.033,50.389
476,2216.610,4240.0273,17.731,29.349,162.61,2.509,0.394,17.811,29.734,0.1945,-0.0629,0.024,0.000,0.196,-0.041,100.079
477,2221.211,4324.3088,17.607,29.372,163.15,2.508,0.394,17.656,29.763,0.1963,-0.0170,0.028,0.000,0.196,-0.045,100.062
478,2225.760,4308.2431,17.483,29.393,163.70,2.502,0.397,17.502,29.790,0.1992,-0.0728,0.023,0.000,0.196,-0.035,99.821
479,2230.510,4464.6442,17.359,29.414,164.24,2.495,0.402,17.347,29.815,0.1894,-0.0230,0.027,0.000,0.196,-0.022,100.023
480,2235.261,4506.0464,17.235,29.433,164.78,2.487,0.399,17.347,29.815,0.1797,-0.0102,0.028,0.000,0.196,-0.011,100.021
481,2239.910,4389.7954,17.111,29.451,165.31,2.484,0.396,17.191,29.839,0.1741,0.0280,0.032,0.000,0.196,0.005,99.914
482,2244.561,4417.2769,16.988,29.469,165.82,2.486,0.395,17.036,29.861,0.1601,-0.0034,0.029,0.000,0.197,0.017,99.930
483,2249.311,4487.8814,16.864,29.486,166.30,2.492,0.396,16.880,29.882,0.1743,-0.0323,0.026,0.000,0.197,0.028,100.062
484,2254.010,4451.8819,16.740,29.503,166.76,2.494,0.398,16.724,29.901,0.1612,0.0152,0.031,0.000,0.197,0.020,100.046
485,2258.661,4360.3637,16.617,29.519,167.21,2.491,0.396,16.724,29.901,0.1583,0.0445,0.033,0.000,0.197,0.021,100.223
486,2263.310,4446.5331,16.493,29.534,167.66,2.492,0.391,16.568,29.918,0.1528,0.0657,0.035,0.000,0.197,0.020,100.183
487,2268.011,4419.6097,16.369,29.549,168.10,2.498,0.387,16.412,29.933,0.1506,0.0880,0.037,0.000,0.197,0.018,100.109
488,2272.661,4440.1224,16.244,29.563,168.52,2.504,0.385,16.255,29.947,0.1423,0.0868,0.037,0.000,0.197,0.017,99.857
489,2277.511,4560.3239,16.119,29.576,168.93,2.515,0.384,16.099,29.960,0.1524,0.0468,0.034,0.000,0.197,0.018,100.383
490,2282.061,4319.8856,15.993,29.589,169.33,2.519,0.385,15.942,29.970,0.1695,0.0685,0.036,0.000,0.198,0.016,99.962
491,2286.761,4400.4347,15.867,29.601,169.74,2.522,0.377,15.942,29.970,0.1605,0.0330,0.033,0.000,0.198,0.012,100.053
492,2291.460,4487.8078,15.740,29.612,170.18,2.531,0.371,15.785,29.979,0.1648,0.0167,0.031,0.000,0.198,0.023,100.080
493,2296.161,4435.2720,15.612,29.621,170.64,2.537,0.366,15.628,29.987,0.1471,0.0006,0.030,0.000,0.198,0.040,100.069
494,2300.660,4258.8100,15.485,29.629,171.10,2.543,0.364,15.471,29.993,0.1498,-0.0283,0.027,0.000,0.198,0.052,99.902
495,2305.361,4432.8857,15.357,29.637,171.54,2.540,0.362,15.314,29.997,0.1437,-0.0387,0.026,0.000,0.198,0.060,100.277
496,2310.111,4527.1388,15.229,29.644,171.95,2.539,0.363,15.157,29.999,0.1385,-0.0501,0.025,0.000,0.198,0.054,100.588
497,2315.061,4649.4871,15.102,29.650,172.36,2.536,0.353,15.157,29.999,0.1221,-0.0656,0.024,0.000,0.198,0.052,99.654
498,2319.611,4330.3348,14.975,29.656,172.75,2.531,0.345,15.000,30.000,0.1265,-0.0282,0.027,0.000,0.198,0.045,100.099
499,2324.261,4403.8874,14.849,29.662,173.12,2.524,0.342,14.800,30.000,0.1259,-0.0161,0.028,0.000,0.198,0.034,49.978
500,2328.762,4345.8213,14.723,29.667,173.46,2.526,0.334,14.700,30.000,0.1116,-0.0448,0.026,0.000,0.198,0.017,49.664
501,2333.261,4265.8007,14.596,29.672,173.80,2.525,0.328,14.600,30.000,0.1062,-0.0457,0.025,0.000,0.198,0.013,49.907
502,2337.912,4400.0833,14.470,29.676,174.14,2.516,0.325,14.500,30.000,0.0960,-0.0269,0.027,0.000,0.198,0.009,99.953
503,2342.662,4500.2584,14.345,29.681,174.45,2.506,0.322,14.300,30.000,0.0865,-0.0069,0.029,0.000,0.198,0.004,50.006
504,2347.311,4439.3313,14.220,29.685,174.73,2.499,0.316,14.200,30.000,0.0935,0.0298,0.032,0.000,0.198,0.003,99.991
505,2352.162,4592.4656,14.095,29.690,174.98,2.497,0.311,14.100,30.000,0.0785,0.0435,0.033,0.000,0.199,-0.000,100.001
506,2356.812,4490.7001,13.969,29.693,175.22,2.502,0.308,14.000,30.000,0.0746,0.0708,0.036,0.000,0.199,-0.005,50.216
507,2361.511,4404.4487,13.844,29.697,175.46,2.508,0.306,13.800,30.000,0.0685,0.0827,0.037,0.000,0.199,-0.002,100.076
508,2366.112,4385.7464,13.718,29.701,175.68,2.515,0.299,13.700,30.000,0.0723,0.0665,0.036,0.000,0.199,0.002,99.979
509,2371.012,4645.1371,13.591,29.705,175.87,2.527,0.295,13.600,30.000,0.0627,0.0288,0.032,0.000,0.200,0.000,100.028
510,2375.912,4700.3862,13.464,29.709,176.07,2.534,0.293,13.500,30.000,0.0559,0.0593,0.035,0.000,0.200,0.002,50.289
511,2380.862,4684.3438,13.337,29.712,176.26,2.539,0.290,13.300,30.000,0.0447,0.0290,0.032,0.000,0.200,0.009,100.359
512,2385.561,4495.7827,13.209,29.716,176.43,2.543,0.284,13.200,30.000,0.0349,-0.0108,0.029,0.000,0.200,0.010,100.018
513,2390.511,4709.7034,13.082,29.720,176.57,2.545,0.281,13.100,30.000,0.0467,-0.0284,0.027,0.000,0.200,0.010,50.068
514,2395.261,4516.7162,12.954,29.724,176.67,2.546,0.280,13.000,30.000,0.0305,-0.0300,0.027,0.000,0.200,0.006,100.183
515,2400.061,4504.1608,12.827,29.728,176.78,2.540,0.273,12.800,30.000,0.0318,-0.0647,0.024,0.000,0.200,0.003,101.094
516,2404.762,4477.7295,12.699,29.732,176.88,2.538,0.268,12.700,30.000,0.0281,-0.1020,0.021,0.000,0.200,0.007,100.114
517,2409.761,4720.4817,12.573,29.737,176.98,2.527,0.265,12.600,30.000,0.0322,-0.0683,0.024,0.000,0.200,0.003,100.258
518,2414.462,4532.5951,12.446,29.741,177.05,2.515,0.263,12.400,30.000,0.0118,-0.0486,0.025,0.000,0.200,0.003,50.023
519,2419.262,4545.5495,12.321,29.745,177.14,2.507,0.256,12.300,30.000,0.0169,-0.0516,0.025,0.000,0.200,0.006,100.076
520,2424.162,4722.5483,12.196,29.749,177.20,2.500,0.251,12.200,30.000,0.0208,-0.0252,0.027,0.000,0.200,0.014,50.190
521,2429.062,4625.6312,12.071,29.754,177.24,2.496,0.248,12.100,30.000,0.0145,-0.0089,0.029,0.000,0.200,0.009,99.718
522,2433.912,4604.4661,11.946,29.758,177.28,2.497,0.246,11.900,30.000,0.0235,-0.0144,0.028,0.000,0.200,0.013,99.786
523,2438.712,4539.9639,11.821,29.763,177.33,2.498,0.238,11.800,30.000,0.0223,-0.0054,0.029,0.000,0.200,0.012,99.809
524,2443.362,4409.4269,11.696,29.767,177.39,2.502,0.233,11.700,30.000,0.0213,-0.0203,0.028,0.000,0.200,0.014,100.137
525,2448.162,4522.9520,11.571,29.771,177.45,2.502,0.231,11.600,30.000,0.0258,-0.0827,0.022,0.000,0.200,0.016,99.970
526,2452.812,4469.8694,11.447,29.774,177.51,2.498,0.230,11.400,30.000,0.0376,-0.0995,0.020,0.000,0.200,0.015,49.946
527,2457.712,4673.4202,11.322,29.778,177.57,2.488,0.223,11.300,30.000,0.0302,-0.1003,0.020,0.000,0.200,0.011,50.072
528,2462.512,4574.7605,11.198,29.780,177.65,2.476,0.220,11.200,30.000,0.0341,-0.0654,0.023,0.000,0.200,0.010,99.740
529,2467.362,4640.7975,11.075,29.783,177.74,2.463,0.218,11.100,30.000,0.0386,-0.0100,0.028,0.000,0.200,0.011,50.153
530,2472.112,4554.5817,10.952,29.785,177.83,2.459,0.220,11.000,30.000,0.0353,0.0002,0.029,0.000,0.200,0.012,50.033
531,2476.812,4415.0128,10.830,29.787,177.93,2.461,0.215,10.800,30.000,0.0251,-0.0031,0.029,0.000,0.199,0.019,99.705
532,2481.512,4463.7624,10.707,29.789,178.03,2.464,0.212,10.700,30.000,0.0414,0.0294,0.031,0.000,0.200,0.023,99.932
533,2486.312,4520.7754,10.584,29.790,178.11,2.461,0.210,10.600,30.000,0.0468,-0.0015,0.029,0.000,0.200,0.024,100.086
534,2491.162,4637.9717,10.461,29.792,178.19,2.463,0.212,10.500,30.000,0.0541,0.0365,0.032,0.000,0.200,0.028,100.600
535,2496.062,4693.9134,10.338,29.793,178.29,2.465,0.211,10.300,30.000,0.0562,0.0185,0.031,0.000,0.200,0.028,49.514
536,2500.811,4581.5118,10.214,29.792,178.42,2.471,0.208,10.200,30.000,0.0478,0.0560,0.034,0.000,0.199,0.025,50.174
537,2505.462,4380.5680,10.090,29.792,178.57,2.478,0.208,10.100,30.000,0.0508,0.0290,0.032,0.000,0.199,0.030,100.021
538,2510.112,4402.3386,9.966,29.791,178.72,2.481,0.212,10.000,30.000,0.0427,0.0748,0.036,0.000,0.200,0.026,99.846
539,2515.062,4662.4541,9.841,29.790,178.85,2.487,0.214,9.800,30.000,0.0520,0.0535,0.034,0.000,0.200,0.027,100.134
540,2520.112,4819.7199,9.716,29.789,178.97,2.494,0.212,9.700,30.000,0.0379,0.0621,0.035,0.000,0.200,0.021,99.810
541,2524.912,4510.8548,9.591,29.787,179.11,2.505,0.213,9.600,30.000,0.0401,0.0321,0.032,0.000,0.200,0.031,100.019
542,2529.812,4655.4134,9.465,29.786,179.23,2.510,0.217,9.500,30.000,0.0293,0.0367,0.033,0.000,0.200,0.028,100.080
543,2534.512,4398.2707,9.339,29.784,179.35,2.514,0.219,9.300,30.000,0.0307,0.0280,0.032,0.000,0.200,0.034,100.036
544,2539.362,4635.5297,9.213,29.783,179.45,2.517,0.217,9.200,30.000,0.0240,0.0328,0.032,0.000,0.200,0.032,100.039
545,2544.162,4518.3424,9.086,29.782,179.53,2.523,0.218,9.100,30.000,0.0019,0.0578,0.035,0.000,0.200,0.037,99.888
546,2548.912,4588.1306,8.960,29.781,179.61,2.530,0.223,9.000,30.000,0.0029,0.0532,0.034,0.000,0.200,0.042,50.064
547,2553.812,4614.4299,8.833,29.781,179.65,2.531,0.221,8.800,30.000,0.0082,-0.0249,0.027,0.000,0.200,0.043,99.971
548,2558.762,4718.9129,8.706,29.781,179.66,2.534,0.219,8.700,30.000,0.0284,-0.0705,0.023,0.000,0.200,0.039,100.085
549,2563.662,4614.9517,8.579,29.781,179.67,2.532,0.220,8.600,30.000,0.0193,-0.1097,0.020,0.000,0.200,0.031,100.419
550,2568.312,4482.1414,8.452,29.781,179.71,2.523,0.224,8.500,30.000,0.0395,-0.1534,0.016,0.000,0.200,0.027,49.473
551,2573.162,4566.3834,8.326,29.780,179.77,2.508,0.221,8.300,30.000,0.0529,-0.1601,0.015,0.000,0.199,0.027,99.915
552,2577.812,4462.1289,8.201,29.779,179.84,2.489,0.221,8.200,30.000,0.0660,-0.1646,0.014,0.000,0.199,0.022,50.158
553,2582.713,4629.7916,8.077,29.776,179.93,2.471,0.225,8.100,30.000,0.0777,-0.1961,0.011,0.000,0.198,0.019,99.679
554,2587.462,4547.7269,7.953,29.773,-179.95,2.454,0.232,8.000,30.000,0.0821,-0.1704,0.013,0.000,0.198,0.020,99.331
555,2592.212,4535.4297,7.831,29.768,-179.80,2.432,0.234,7.800,30.000,0.0981,-0.1541,0.015,0.000,0.197,0.021,50.464
556,2596.862,4416.1092,7.710,29.762,-179.62,2.414,0.238,7.700,30.000,0.1024,-0.1083,0.018,0.000,0.197,0.013,99.879
557,2601.612,4457.1492,7.590,29.756,-179.41,2.400,0.245,7.600,30.000,0.1063,-0.0153,0.027,0.000,0.197,0.001,100.033
558,2606.261,4414.2971,7.471,29.748,-179.18,2.393,0.254,7.500,30.000,0.0932,-0.0211,0.026,0.000,0.197,-0.010,99.823
559,2611.062,4594.7194,7.352,29.739,-178.92,2.394,0.266,7.400,30.000,0.1024,-0.0410,0.024,0.000,0.197,-0.009,49.781
560,2615.762,4527.4628,7.233,29.729,-178.66,2.389,0.273,7.200,30.000,0.0861,-0.0123,0.027,0.000,0.197,-0.012,50.478
561,2620.512,4454.0101,7.114,29.719,-178.40,2.381,0.281,7.100,30.000,0.0821,0.0377,0.031,0.000,0.198,-0.022,99.886
562,2625.313,4553.5150,6.995,29.709,-178.17,2.377,0.291,7.000,30.000,0.0933,0.0181,0.029,0.000,0.198,-0.025,99.924
563,2630.061,4455.9441,6.876,29.699,-177.95,2.378,0.302,6.900,30.000,0.0835,0.0471,0.032,0.000,0.199,-0.035,100.019
564,2634.911,4636.4230,6.757,29.688,-177.73,2.385,0.315,6.800,30.000,0.0693,0.0625,0.034,0.000,0.199,-0.027,99.977
565,2639.663,4479.1776,6.638,29.677,-177.50,2.398,0.325,6.600,30.000,0.0513,0.0165,0.030,0.000,0.199,-0.013,100.458
566,2644.513,4612.1508,6.518,29.666,-177.29,2.404,0.334,6.500,30.000,0.0391,-0.0014,0.028,0.000,0.200,-0.009,99.821
567,2649.313,4549.2307,6.398,29.656,-177.13,2.399,0.344,6.400,30.000,0.0240,-0.0023,0.028,0.000,0.200,-0.010,50.148
568,2653.912,4394.5889,6.279,29.647,-177.02,2.397,0.354,6.300,30.000,0.0093,-0.0323,0.025,0.000,0.201,-0.002,99.455
569,2658.363,4245.7323,6.159,29.638,-176.94,2.395,0.364,6.200,30.000,-0.0062,0.0439,0.032,0.000,0.201,0.005,50.671
570,2663.063,4517.3062,6.040,29.630,-176.88,2.387,0.372,6.000,30.000,-0.0198,0.0477,0.032,0.000,0.201,0.011,50.249
571,2668.113,4774.2503,5.921,29.624,-176.87,2.390,0.377,5.900,30.000,-0.0400,0.0586,0.033,0.000,0.201,0.021,100.123
572,2672.913,4591.6376,5.802,29.618,-176.90,2.398,0.382,5.800,30.000,-0.0647,0.0875,0.036,0.000,0.201,0.016,99.855
573,2677.612,4413.3553,5.682,29.613,-176.96,2.406,0.387,5.700,30.000,-0.0702,0.0641,0.034,0.000,0.201,0.022,99.802
574,2682.512,4696.8076,5.562,29.609,-177.04,2.415,0.393,5.600,30.000,-0.0892,0.0441,0.032,0.000,0.201,0.024,100.726
575,2687.262,4479.4356,5.441,29.606,-177.16,2.413,0.396,5.400,30.000,-0.1025,0.0690,0.035,0.000,0.201,0.011,100.099
576,2691.913,4441.4841,5.321,29.605,-177.31,2.410,0.396,5.300,30.000,-0.0898,0.0348,0.032,0.000,0.201,0.008,100.030
577,2696.262,4145.8707,5.200,29.604,-177.50,2.411,0.396,5.200,30.000,-0.0868,0.0619,0.034,0.000,0.201,0.004,50.294
578,2700.662,4221.7787,5.079,29.605,-177.72,2.410,0.396,5.100,30.000,-0.0875,0.0822,0.036,0.000,0.201,-0.000,50.202
579,2705.313,4354.9399,4.958,29.607,-177.96,2.415,0.396,5.000,30.000,-0.1084,0.0961,0.037,0.000,0.201,-0.009,100.341
580,2710.212,4649.8792,4.836,29.609,-178.20,2.427,0.393,4.800,30.000,-0.1071,0.0672,0.035,0.000,0.201,-0.005,100.257
581,2715.012,4556.1243,4.714,29.612,-178.45,2.436,0.388,4.700,30.000,-0.1002,0.0335,0.032,0.000,0.201,-0.004,50.148
582,2719.862,4606.7159,4.592,29.617,-178.73,2.443,0.384,4.600,30.000,-0.1035,0.0692,0.035,0.000,0.201,-0.007,100.156
583,2724.512,4442.4284,4.469,29.621,-179.03,2.451,0.380,4.500,30.000,-0.1053,0.0547,0.034,0.000,0.201,-0.002,50.241
584,2729.412,4722.3284,4.346,29.627,-179.31,2.459,0.376,4.300,30.000,-0.0971,0.0988,0.038,0.000,0.201,-0.000,50.299
585,2734.313,4651.8882,4.222,29.634,-179.60,2.468,0.367,4.200,30.000,-0.1054,0.0982,0.038,0.000,0.201,0.005,50.317
586,2739.263,4718.0932,4.098,29.640,-179.88,2.483,0.360,4.100,30.000,-0.0934,0.1222,0.040,0.000,0.201,0.008,99.478
587,2744.062,4499.9078,3.974,29.648,179.83,2.498,0.353,4.000,30.000,-0.1023,0.0424,0.033,0.000,0.201,0.006,100.182
588,2748.762,4487.3245,3.849,29.656,179.54,2.514,0.347,3.800,30.000,-0.0908,-0.0299,0.027,0.000,0.201,0.007,100.079
589,2753.462,4404.9062,3.723,29.665,179.26,2.518,0.336,3.700,30.000,-0.0853,-0.1773,0.014,0.000,0.201,0.005,100.278
590,2758.362,4735.6113,3.597,29.674,178.99,2.510,0.326,3.600,30.000,-0.0854,-0.1904,0.012,0.000,0.201,-0.001,50.149
591,2763.162,4544.9009,3.472,29.683,178.74,2.488,0.318,3.500,30.000,-0.0720,-0.2000,0.011,0.000,0.200,-0.003,100.360
592,2768.062,4709.0991,3.349,29.692,178.51,2.459,0.312,3.300,30.000,-0.0763,-0.2563,0.006,0.000,0.200,-0.004,50.393
593,2772.762,4441.3365,3.227,29.701,178.29,2.436,0.300,3.200,30.000,-0.0843,-0.2538,0.006,0.000,0.199,-0.002,100.037
594,2777.512,4517.9681,3.106,29.710,178.10,2.405,0.290,3.100,30.000,-0.0745,-0.2843,0.003,0.000,0.199,-0.000,100.229
595,2782.162,4375.7141,2.987,29.720,177.89,2.361,0.280,3.000,30.000,-0.0707,-0.2247,0.008,0.000,0.199,-0.001,99.975
596,2786.762,4358.2675,2.871,29.730,177.67,2.326,0.271,2.900,30.000,-0.0824,-0.0970,0.019,0.000,0.199,-0.007,100.062
597,2791.562,4528.5830,2.756,29.740,177.47,2.297,0.264,2.800,30.000,-0.0776,-0.0572,0.022,0.000,0.199,-0.009,99.881
598,2796.313,4505.6955,2.641,29.750,177.29,2.277,0.253,2.600,30.000,-0.0915,-0.0318,0.025,0.000,0.199,-0.011,99.938
599,2801.163,4632.1489,2.528,29.761,177.09,2.271,0.240,2.500,30.000,-0.0975,-0.0122,0.026,0.000,0.199,-0.003,49.622
600,2805.762,4446.1718,2.414,29.773,176.87,2.270,0.227,2.400,30.000,-0.1193,0.0356,0.031,0.000,0.200,0.014,49.908
601,2810.712,4660.8344,2.301,29.786,176.64,2.266,0.214,2.300,30.000,-0.1335,0.1210,0.038,0.000,0.200,0.024,99.998
602,2815.513,4613.4277,2.188,29.799,176.39,2.272,0.201,2.200,30.000,-0.1413,0.1168,0.038,0.000,0.201,0.039,50.618
603,2820.462,4671.6648,2.075,29.815,176.10,2.288,0.187,2.100,30.000,-0.1443,0.1155,0.038,0.000,0.201,0.031,99.808
604,2825.213,4531.1840,1.961,29.831,175.78,2.305,0.173,2.000,30.000,-0.1695,0.1215,0.039,0.000,0.201,0.017,100.509
605,2830.162,4655.7590,1.847,29.849,175.43,2.309,0.158,1.800,30.000,-0.1946,0.1867,0.045,0.000,0.201,0.007,99.535
606,2834.962,4644.4285,1.733,29.869,175.04,2.321,0.135,1.700,30.000,-0.2265,0.1553,0.042,0.000,0.201,-0.003,50.166
607,2839.863,4651.5231,1.618,29.891,174.62,2.337,0.111,1.600,30.000,-0.2572,0.1506,0.042,0.000,0.202,-0.004,50.772
608,2844.463,4432.5342,1.503,29.915,174.15,2.348,0.085,1.500,30.000,-0.2874,0.1720,0.044,0.000,0.202,0.001,50.222
609,2848.863,4187.2546,1.388,29.941,173.64,2.353,0.061,1.400,30.000,-0.3149,0.1564,0.043,0.000,0.202,0.005,50.073
610,2853.413,4384.1102,1.272,29.969,173.08,2.359,0.041,1.300,30.000,-0.3329,0.0664,0.035,0.000,0.202,-0.004,50.009
611,2858.812,5155.0094,1.157,30.001,172.45,2.361,0.043,1.200,30.000,-0.3455,-0.0022,0.029,0.000,0.202,-0.015,50.248
612,2863.713,4735.2066,1.043,30.035,171.77,2.352,0.056,1.000,30.000,-0.3523,-0.0259,0.027,0.000,0.202,-0.017,50.171
613,2868.563,4578.8469,0.930,30.072,171.03,2.337,0.078,0.900,30.000,-0.3572,-0.0427,0.025,0.000,0.201,-0.015,99.841
614,2873.413,4617.2403,0.819,30.112,170.24,2.318,0.113,0.800,30.000,-0.3699,-0.0243,0.027,0.000,0.201,-0.005,99.822
615,2878.213,4555.0369,0.709,30.154,169.40,2.305,0.154,0.700,30.000,-0.3521,-0.0247,0.027,0.000,0.200,0.009,50.267
616,2883.162,4721.5288,0.601,30.199,168.51,2.283,0.199,0.600,30.000,-0.3204,-0.0364,0.026,0.000,0.200,0.005,100.035
617,2888.063,4655.7028,0.495,30.247,167.57,2.269,0.247,0.500,30.000,-0.2715,-0.0908,0.021,0.000,0.200,0.010,50.079
618,2892.962,4747.0016,0.390,30.296,166.64,2.272,0.296,0.400,30.000,-0.2120,-0.1278,0.017,0.000,0.200,-0.004,49.691
619,2897.863,4661.5441,0.285,30.345,165.78,2.282,0.346,0.300,30.000,-0.1357,-0.0835,0.021,0.000,0.199,0.001,50.355
620,2902.713,4674.1924,0.180,30.393,165.05,2.294,0.394,0.200,30.000,-0.0450,-0.0600,0.023,0.000,0.197,-0.022,49.843
621,2907.462,4472.5489,0.073,30.439,164.43,2.305,0.440,0.100,30.000,0.0439,0.0049,0.029,0.000,0.196,-0.039,100.313
622,2912.262,4578.1933,-0.034,30.483,163.95,2.325,0.484,0.000,30.000,0.1502,-0.0019,0.028,0.000,0.196,-0.041,100.124
623,2917.013,4464.0366,-0.144,30.524,163.62,2.348,0.526,-0.100,30.000,0.2476,0.0280,0.031,0.000,0.195,-0.027,100.548
624,2921.762,4519.5292,-0.256,30.561,163.45,2.362,0.563,-0.300,30.000,0.3190,0.0380,0.032,0.000,0.195,0.003,100.367
625,2926.513,4480.8364,-0.370,30.593,163.49,2.382,0.594,-0.400,30.000,0.3578,-0.0249,0.026,0.000,0.194,0.015,99.875
626,2931.363,4676.8212,-0.486,30.622,163.69,2.396,0.622,-0.500,30.000,0.3940,-0.0129,0.027,0.000,0.194,0.033,50.305
627,2936.363,4734.3526,-0.604,30.648,163.98,2.396,0.648,-0.600,30.000,0.4026,-0.0358,0.025,0.000,0.194,0.036,100.009
628,2941.212,4621.3610,-0.722,30.670,164.35,2.392,0.671,-0.700,30.000,0.4102,-0.0168,0.027,0.000,0.195,0.021,99.974
629,2946.112,4629.0506,-0.841,30.689,164.83,2.403,0.690,-0.800,30.000,0.4045,-0.0400,0.025,0.000,0.195,0.004,100.184
630,2951.012,4702.5439,-0.961,30.705,165.42,2.398,0.706,-1.000,30.000,0.4097,-0.0151,0.027,0.000,0.195,0.008,50.593
631,2955.763,4508.3771,-1.081,30.717,166.08,2.388,0.717,-1.100,30.000,0.4157,-0.0766,0.022,0.000,0.194,0.005,50.220
632,2960.513,4506.3323,-1.201,30.725,166.82,2.371,0.725,-1.200,30.000,0.4149,-0.0817,0.021,0.000,0.194,0.002,100.168
633,2965.213,4471.6820,-1.322,30.730,167.63,2.355,0.730,-1.300,30.000,0.3945,-0.0892,0.020,0.000,0.193,0.015,49.364
634,2970.113,4683.4011,-1.442,30.731,168.51,2.336,0.732,-1.400,30.000,0.3904,-0.0723,0.022,0.000,0.193,0.017,99.578
635,2974.912,4543.4771,-1.562,30.728,169.46,2.322,0.729,-1.600,30.000,0.3856,-0.0939,0.020,0.000,0.193,0.021,100.174
636,2979.413,4338.7282,-1.681,30.722,170.44,2.309,0.722,-1.700,30.000,0.3770,-0.0182,0.026,0.000,0.193,0.035,50.074
637,2984.262,4615.3283,-1.799,30.713,171.46,2.295,0.713,-1.800,30.000,0.3565,0.0057,0.028,0.000,0.193,0.047,49.930
638,2989.063,4609.4349,-1.917,30.701,172.48,2.303,0.702,-1.900,30.000,0.3446,0.0171,0.029,0.000,0.194,0.055,50.853
639,2993.762,4426.8292,-2.034,30.690,173.46,2.308,0.690,-2.000,30.000,0.3301,0.1211,0.039,0.000,0.195,0.061,100.090
640,2998.462,4449.6609,-2.152,30.677,174.36,2.308,0.679,-2.200,30.000,0.3131,0.1424,0.041,0.000,0.196,0.039,100.162
641,3003.112,4348.3605,-2.270,30.664,175.21,2.322,0.665,-2.300,30.000,0.2993,0.1305,0.040,0.000,0.197,0.036,100.005
642,3007.762,4415.9073,-2.388,30.650,176.04,2.347,0.651,-2.400,30.000,0.3069,0.1710,0.044,0.000,0.197,0.027,99.929
643,3012.712,4679.7434,-2.507,30.636,176.83,2.369,0.637,-2.500,30.000,0.3159,0.1636,0.043,0.000,0.197,0.032,99.902
644,3017.312,4417.5199,-2.627,30.621,177.63,2.392,0.621,-2.600,30.000,0.2956,0.2120,0.048,0.000,0.197,0.029,50.182
645,3022.212,4634.5129,-2.748,30.602,178.45,2.409,0.604,-2.700,30.000,0.2802,0.1954,0.046,0.000,0.196,0.031,99.932
646,3026.913,4474.8653,-2.869,30.583,179.29,2.431,0.583,-2.900,30.000,0.2673,0.2009,0.047,0.000,0.196,0.029,100.744
647,3031.712,4568.8864,-2.992,30.562,-179.92,2.456,0.562,-3.000,30.000,0.2391,0.1744,0.045,0.000,0.197,0.009,49.444
648,3036.363,4491.2375,-3.116,30.541,-179.18,2.485,0.542,-3.100,30.000,0.2202,0.1563,0.044,0.000,0.197,0.006,49.799
649,3041.062,4438.6987,-3.240,30.520,-178.50,2.513,0.522,-3.200,30.000,0.2062,0.1526,0.043,0.000,0.198,0.005,100.056
650,3045.812,4537.2775,-3.366,30.499,-177.87,2.536,0.501,-3.400,30.000,0.1895,0.1458,0.043,0.000,0.198,-0.006,100.109
651,3050.563,4453.5075,-3.492,30.478,-177.27,2.557,0.478,-3.500,30.000,0.1755,0.0733,0.037,0.000,0.198,-0.014,100.446
652,3055.263,4463.7008,-3.619,30.456,-176.72,2.573,0.457,-3.600,30.000,0.1342,0.0921,0.039,0.000,0.198,-0.017,100.605
653,3060.062,4576.9646,-3.747,30.435,-176.21,2.581,0.437,-3.700,30.000,0.1192,0.0825,0.038,0.000,0.198,-0.015,50.723
654,3064.712,4449.5859,-3.875,30.414,-175.75,2.585,0.415,-3.900,30.000,0.1018,0.0924,0.039,0.000,0.198,-0.007,50.020
655,3069.563,4580.1261,-4.003,30.394,-175.37,2.590,0.394,-4.000,30.000,0.0945,0.0114,0.032,0.000,0.199,-0.007,99.907
656,3074.363,4552.8484,-4.132,30.375,-175.07,2.600,0.376,-4.100,30.000,0.0731,-0.0311,0.028,0.000,0.199,-0.014,99.891
657,3079.112,4463.9784,-4.261,30.356,-174.79,2.599,0.358,-4.300,30.000,0.0576,-0.0297,0.028,0.000,0.199,-0.019,100.304
658,3084.013,4707.9142,-4.389,30.338,-174.55,2.593,0.338,-4.400,30.000,0.0467,-0.0767,0.024,0.000,0.199,-0.016,50.086
659,3088.813,4535.9398,-4.517,30.321,-174.35,2.585,0.321,-4.500,30.000,0.0497,-0.1063,0.021,0.000,0.199,-0.018,100.596
660,3093.163,4161.5847,-4.645,30.304,-174.21,2.571,0.307,-4.600,30.000,0.0556,-0.1296,0.019,0.000,0.199,-0.014,50.003
661,3097.963,4545.7769,-4.772,30.287,-174.08,2.554,0.288,-4.800,30.000,0.0449,-0.1112,0.020,0.000,0.199,-0.013,99.799
662,3102.863,4677.3033,-4.898,30.269,-173.94,2.540,0.269,-4.900,30.000,0.0488,-0.1134,0.020,0.000,0.199,-0.004,100.197
663,3107.513,4395.5448,-5.024,30.252,-173.79,2.523,0.253,-5.000,30.000,0.0559,-0.1854,0.014,0.000,0.199,0.000,99.950
664,3112.063,4331.4890,-5.149,30.234,-173.66,2.506,0.239,-5.100,30.000,0.0917,-0.1730,0.014,0.000,0.198,-0.002,100.166
665,3116.863,4535.1642,-5.272,30.216,-173.53,2.484,0.218,-5.300,30.000,0.0891,-0.1203,0.019,0.000,0.198,-0.002,100.807
666,3121.513,4472.3187,-5.395,30.197,-173.37,2.465,0.197,-5.400,30.000,0.1015,-0.0958,0.021,0.000,0.198,0.003,50.462
667,3126.263,4491.4114,-5.516,30.177,-173.18,2.453,0.178,-5.500,30.000,0.1026,-0.0737,0.023,0.000,0.197,0.006,100.028
668,3131.063,4563.6176,-5.637,30.156,-172.95,2.447,0.160,-5.600,30.000,0.1147,-0.0619,0.024,0.000,0.197,0.008,100.101
669,3135.763,4488.9748,-5.757,30.134,-172.70,2.440,0.140,-5.800,30.000,0.1268,-0.0545,0.024,0.000,0.197,0.013,49.979
670,3140.562,4593.7389,-5.877,30.110,-172.42,2.438,0.112,-5.900,30.000,0.1176,-0.0959,0.021,0.000,0.197,0.013,100.101
671,3145.063,4229.8688,-5.996,30.085,-172.10,2.433,0.085,-6.000,30.000,0.1162,-0.0498,0.025,0.000,0.197,0.012,100.077
672,3149.663,4431.5892,-6.115,30.060,-171.78,2.426,0.062,-6.100,30.000,0.1128,-0.0876,0.021,0.000,0.197,0.009,50.286
673,3154.413,4453.6056,-6.233,30.034,-171.46,2.418,0.047,-6.200,30.000,0.0833,-0.0138,0.028,0.000,0.197,0.006,100.415
674,3158.763,4136.4989,-6.351,30.007,-171.15,2.406,0.050,-6.400,30.000,0.0543,0.0133,0.030,0.000,0.198,0.010,99.918
675,3163.263,4248.2719,-6.468,29.981,-170.87,2.397,0.037,-6.500,30.000,0.0180,0.0630,0.034,0.000,0.198,0.003,99.999
676,3167.763,4317.8180,-6.586,29.957,-170.66,2.396,0.045,-6.600,30.000,-0.0148,0.0273,0.031,0.000,0.199,0.007,50.354
677,3172.263,4284.3872,-6.703,29.934,-170.52,2.398,0.066,-6.700,30.000,-0.0466,0.0173,0.030,0.000,0.200,0.013,50.375
678,3176.713,4241.1968,-6.822,29.912,-170.45,2.395,0.090,-6.800,30.000,-0.0784,-0.0049,0.028,0.000,0.200,0.011,99.808
679,3181.213,4233.0807,-6.940,29.893,-170.46,2.388,0.115,-6.900,30.000,-0.1172,0.0324,0.032,0.000,0.201,0.015,100.347
680,3185.863,4417.6681,-7.058,29.875,-170.53,2.383,0.132,-7.100,30.000,-0.1562,0.0299,0.032,0.000,0.201,0.002,99.911
681,3190.464,4329.2463,-7.176,29.858,-170.64,2.385,0.144,-7.200,30.000,-0.1625,0.0111,0.030,0.000,0.201,0.000,99.994
682,3194.913,4294.3178,-7.295,29.843,-170.79,2.384,0.157,-7.300,30.000,-0.1659,0.0257,0.031,0.000,0.201,-0.004,49.949
683,3199.414,4225.2485,-7.413,29.830,-171.00,2.378,0.171,-7.400,30.000,-0.1704,0.0409,0.033,0.000,0.201,-0.012,100.027
684,3203.913,4344.4784,-7.532,29.819,-171.26,2.371,0.184,-7.500,30.000,-0.1660,-0.0002,0.029,0.000,0.201,-0.021,49.723
685,3208.413,4210.6821,-7.651,29.809,-171.56,2.372,0.197,-7.700,30.000,-0.1601,-0.0046,0.029,0.000,0.201,-0.030,100.248
686,3213.063,4444.6825,-7.769,29.801,-171.92,2.377,0.201,-7.800,30.000,-0.1679,0.0387,0.032,0.000,0.201,-0.034,100.067
687,3217.613,4249.7251,-7.888,29.796,-172.31,2.365,0.205,-7.900,30.000,-0.1689,0.0688,0.035,0.000,0.201,-0.020,100.054
688,3222.314,4506.1892,-8.006,29.792,-172.73,2.361,0.208,-8.000,30.000,-0.1642,0.0862,0.037,0.000,0.201,-0.015,50.127
689,3226.914,4376.6697,-8.125,29.789,-173.19,2.371,0.212,-8.100,30.000,-0.1679,0.1033,0.038,0.000,0.201,0.005,50.383
690,3231.413,4320.0497,-8.244,29.787,-173.65,2.385,0.217,-8.200,30.000,-0.1533,0.1419,0.042,0.000,0.201,0.009,49.779
691,3236.113,4425.2577,-8.364,29.787,-174.11,2.405,0.216,-8.400,30.000,-0.1463,0.1174,0.040,0.000,0.201,0.010,100.139
692,3240.713,4350.6170,-8.485,29.786,-174.55,2.428,0.214,-8.500,30.000,-0.1185,0.0631,0.035,0.000,0.200,0.008,100.621
693,3245.363,4391.6702,-8.607,29.786,-174.96,2.445,0.214,-8.600,30.000,-0.1136,0.0571,0.035,0.000,0.200,0.003,100.093
694,3249.914,4305.7442,-8.730,29.785,-175.33,2.464,0.217,-8.700,30.000,-0.0966,0.0742,0.036,0.000,0.200,0.002,100.010
695,3254.413,4213.7644,-8.854,29.784,-175.66,2.477,0.221,-8.900,30.000,-0.0655,0.1110,0.040,0.000,0.200,0.005,100.226
696,3258.763,4138.3465,-8.978,29.783,-175.95,2.496,0.219,-9.000,30.000,-0.0302,0.0834,0.038,0.000,0.200,-0.004,100.127
697,3263.413,4370.0957,-9.104,29.780,-176.19,2.520,0.220,-9.100,30.000,-0.0139,0.0591,0.035,0.000,0.199,-0.011,100.051
698,3267.913,4286.1056,-9.230,29.776,-176.37,2.542,0.226,-9.200,30.000,-0.0073,0.0675,0.036,0.000,0.199,-0.013,100.106
699,3272.263,4132.0241,-9.357,29.771,-176.46,2.560,0.233,-9.400,30.000,0.0011,0.0276,0.033,0.000,0.199,-0.010,50.396
700,3276.863,4352.0592,-9.485,29.764,-176.50,2.573,0.237,-9.500,30.000,0.0149,-0.0064,0.030,0.000,0.199,-0.004,100.407
701,3281.363,4227.9316,-9.613,29.756,-176.51,2.578,0.244,-9.600,30.000,0.0098,-0.0274,0.028,0.000,0.199,0.000,99.890
702,3285.913,4341.7598,-9.741,29.748,-176.49,2.577,0.256,-9.700,30.000,-0.0173,-0.0296,0.028,0.000,0.199,0.004,100.153
703,3290.663,4518.8897,-9.869,29.739,-176.45,2.568,0.263,-9.900,30.000,-0.0298,-0.0353,0.027,0.000,0.199,0.013,50.042
704,3295.113,4244.0744,-9.997,29.731,-176.44,2.552,0.269,-10.000,30.000,-0.0584,-0.0525,0.026,0.000,0.200,0.021,100.025
705,3299.613,4265.9996,-10.125,29.725,-176.48,2.540,0.276,-10.100,30.000,-0.0952,-0.0763,0.023,0.000,0.200,0.020,50.603
706,3303.914,4142.5608,-10.252,29.719,-176.57,2.527,0.285,-10.300,30.000,-0.1336,-0.0935,0.022,0.000,0.200,0.017,50.414
707,3308.764,4589.7246,-10.378,29.715,-176.68,2.511,0.286,-10.400,30.000,-0.1447,-0.0706,0.024,0.000,0.200,0.018,100.092
708,3313.263,4286.9216,-10.504,29.712,-176.83,2.491,0.288,-10.500,30.000,-0.1621,-0.0823,0.023,0.000,0.200,0.016,100.583
709,3317.814,4251.2656,-10.628,29.711,-177.04,2.473,0.290,-10.600,30.000,-0.1563,-0.0836,0.022,0.000,0.200,0.011,99.976
710,3322.213,4214.9125,-10.752,29.712,-177.29,2.453,0.292,-10.800,30.000,-0.1604,-0.0330,0.027,0.000,0.200,0.005,50.334
711,3326.863,4374.3209,-10.875,29.714,-177.59,2.435,0.287,-10.900,30.000,-0.1749,-0.0047,0.029,0.000,0.200,-0.001,100.233
712,3331.413,4323.3493,-10.998,29.719,-177.93,2.428,0.281,-11.000,30.000,-0.1910,0.0177,0.031,0.000,0.201,-0.012,99.917
713,3336.063,4376.4053,-11.120,29.725,-178.32,2.430,0.276,-11.100,30.000,-0.1897,-0.0142,0.028,0.000,0.201,-0.017,100.465
714,3340.613,4303.2658,-11.242,29.733,-178.74,2.426,0.270,-11.200,30.000,-0.1947,0.0226,0.032,0.000,0.201,-0.001,100.293
715,3345.363,4450.5139,-11.363,29.743,-179.19,2.412,0.260,-11.400,30.000,-0.1933,-0.0109,0.029,0.000,0.201,0.018,100.359
716,3349.864,4266.0578,-11.484,29.755,-179.68,2.405,0.246,-11.500,30.000,-0.1944,0.0257,0.032,0.000,0.201,0.026,100.038
717,3354.465,4302.8774,-11.605,29.768,179.79,2.404,0.232,-11.600,30.000,-0.2016,0.0220,0.032,0.000,0.201,0.044,100.628
718,3358.863,4247.0976,-11.725,29.784,179.25,2.406,0.218,-11.700,30.000,-0.2134,-0.0044,0.029,0.000,0.201,0.047,50.052
719,3363.515,4425.0737,-11.845,29.801,178.69,2.414,0.204,-11.800,30.000,-0.2248,-0.0203,0.028,0.000,0.201,0.047,50.293
720,3368.164,4431.4796,-11.965,29.820,178.11,2.406,0.184,-12.000,30.000,-0.2339,-0.0520,0.025,0.000,0.201,0.040,100.561
721,3372.765,4366.4083,-12.084,29.840,177.50,2.394,0.160,-12.100,30.000,-0.2616,-0.0707,0.023,0.000,0.200,0.011,50.055
722,3377.415,4439.3453,-12.202,29.863,176.86,2.379,0.137,-12.200,30.000,-0.2902,-0.0587,0.024,0.000,0.200,-0.014,100.176
723,3382.114,4399.6476,-12.319,29.888,176.20,2.356,0.114,-12.300,30.000,-0.3116,-0.0470,0.025,0.000,0.200,-0.033,100.189
724,3386.864,4504.8109,-12.435,29.915,175.50,2.334,0.092,-12.400,30.000,-0.3272,-0.0240,0.027,0.000,0.200,-0.046,100.121
725,3391.115,4037.8118,-12.550,29.945,174.76,2.320,0.074,-12.500,30.000,-0.3710,-0.0436,0.026,0.000,0.201,-0.041,50.234
726,3395.815,4457.7954,-12.663,29.977,173.98,2.304,0.044,-12.700,30.000,-0.3990,-0.0428,0.026,0.000,0.201,-0.016,100.228
727,3400.214,4187.3948,-12.775,30.012,173.15,2.289,0.028,-12.800,30.000,-0.4284,-0.0016,0.029,0.000,0.201,0.011,50.467
728,3404.714,4345.6245,-12.885,30.049,172.28,2.266,0.051,-12.900,30.000,-0.4495,0.0139,0.031,0.000,0.201,0.035,50.450
729,3409.315,4326.6915,-12.993,30.090,171.35,2.244,0.090,-13.000,30.000,-0.4675,0.0630,0.035,0.000,0.200,0.034,100.246
730,3413.865,4342.3558,-13.099,30.134,170.36,2.231,0.134,-13.100,30.000,-0.4840,0.0517,0.034,0.000,0.201,0.019,100.429
731,3418.465,4302.3563,-13.204,30.181,169.29,2.219,0.181,-13.200,30.000,-0.4689,0.0741,0.036,0.000,0.202,-0.004,100.585
732,3423.014,4309.6707,-13.307,30.232,168.18,2.220,0.232,-13.300,30.000,-0.4627,-0.0100,0.029,0.000,0.203,-0.002,99.861
733,3427.615,4310.5118,-13.408,30.287,167.01,2.205,0.287,-13.400,30.000,-0.4298,-0.0223,0.028,0.000,0.203,0.004,100.291
734,3432.265,4401.7812,-13.506,30.345,165.78,2.188,0.345,-13.500,30.000,-0.3940,-0.1004,0.021,0.000,0.204,-0.004,99.840
735,3436.915,4360.3783,-13.602,30.405,164.52,2.179,0.405,-13.600,30.000,-0.3526,-0.1305,0.018,0.000,0.204,-0.009,100.073
736,3441.265,4116.5283,-13.698,30.466,163.31,2.189,0.466,-13.700,30.000,-0.2746,-0.1730,0.014,0.000,0.203,-0.040,100.060
737,3445.766,4203.6069,-13.794,30.527,162.21,2.201,0.527,-13.800,30.000,-0.1872,-0.2378,0.008,0.000,0.202,-0.006,100.973
738,3450.415,4402.8044,-13.891,30.586,161.25,2.213,0.586,-13.900,30.000,-0.0936,-0.2673,0.005,0.000,0.200,0.029,99.442
739,3455.116,4405.8228,-13.988,30.644,160.44,2.215,0.644,-14.000,30.000,0.0175,-0.2736,0.004,0.000,0.198,0.014,100.185
740,3459.565,4263.7168,-14.086,30.697,159.79,2.209,0.697,-14.100,30.000,0.1324,-0.3203,0.000,0.000,0.197,-0.009,49.795
741,3464.115,4282.3873,-14.185,30.747,159.32,2.203,0.747,-14.200,30.000,0.2325,-0.2806,0.003,0.000,0.195,-0.031,100.242
742,3468.766,4424.1022,-14.285,30.793,159.04,2.189,0.793,-14.300,30.000,0.3229,-0.2987,0.001,0.000,0.194,-0.028,99.883
743,3473.315,4254.2020,-14.386,30.833,158.98,2.168,0.833,-14.400,30.000,0.3881,-0.3241,0.000,0.002,0.193,0.002,99.824
744,3477.715,4205.7989,-14.487,30.869,159.08,2.138,0.869,-14.500,30.000,0.4424,-0.2959,0.000,0.000,0.193,0.023,49.761
745,3482.265,4271.9807,-14.589,30.902,159.27,2.114,0.902,-14.600,30.000,0.4600,-0.2462,0.004,0.000,0.193,0.019,100.360
746,3486.766,4277.4795,-14.690,30.931,159.54,2.083,0.931,-14.700,30.000,0.4732,-0.2238,0.006,0.000,0.193,0.002,99.999
747,3491.366,4356.9135,-14.791,30.957,159.91,2.072,0.957,-14.800,30.000,0.4834,-0.2146,0.007,0.000,0.194,-0.037,49.841
748,3496.015,4407.6195,-14.893,30.980,160.41,2.072,0.980,-14.900,30.000,0.4873,-0.2134,0.006,0.000,0.194,-0.024,99.695
749,3500.615,4342.8286,-14.995,30.999,160.99,2.059,0.999,-15.000,30.000,0.4865,-0.1702,0.010,0.000,0.194,-0.016,100.034
750,3505.116,4303.3848,-15.098,31.015,161.65,2.027,1.017,-15.157,29.999,0.4916,-0.2173,0.006,0.000,0.194,0.007,50.216
751,3509.615,4289.4396,-15.200,31.027,162.38,2.021,1.029,-15.157,29.999,0.5089,-0.1564,0.011,0.000,0.194,0.010,50.141
752,3514.216,4419.2091,-15.303,31.036,163.20,2.005,1.039,-15.314,29.997,0.5191,-0.1529,0.011,0.000,0.193,0.015,50.213
753,3518.766,4276.7867,-15.406,31.040,164.10,1.991,1.048,-15.314,29.997,0.5228,-0.1389,0.012,0.000,0.193,0.010,100.700
754,3523.466,4449.8301,-15.509,31.041,165.08,1.991,1.049,-15.471,29.993,0.5162,-0.0270,0.022,0.000,0.193,-0.001,100.311
755,3528.016,4274.7726,-15.612,31.038,166.11,1.980,1.052,-15.628,29.987,0.5176,-0.0190,0.022,0.000,0.194,-0.003,100.052
756,3532.416,4217.4771,-15.716,31.032,167.21,1.969,1.049,-15.628,29.987,0.5058,0.0159,0.025,0.000,0.194,-0.001,50.201
757,3536.915,4208.4163,-15.819,31.021,168.38,1.970,1.042,-15.785,29.979,0.5073,0.0651,0.030,0.000,0.195,-0.005,99.805
758,3541.366,4257.3311,-15.922,31.007,169.61,1.971,1.037,-15.785,29.979,0.5037,0.1033,0.033,0.000,0.195,-0.008,50.188
759,3545.916,4280.1220,-16.025,30.991,170.83,1.977,1.024,-15.942,29.970,0.4813,0.1443,0.037,0.000,0.196,-0.015,100.497
760,3550.666,4515.4798,-16.128,30.972,172.04,1.992,1.013,-16.099,29.960,0.4844,0.1548,0.038,0.000,0.198,-0.024,100.629
761,3555.266,4344.9944,-16.231,30.953,173.20,2.011,1.002,-16.099,29.960,0.4740,0.1595,0.039,0.000,0.199,0.003,100.006
762,3559.966,4511.3740,-16.335,30.932,174.35,2.043,0.988,-16.255,29.947,0.4595,0.1816,0.041,0.000,0.200,0.001,50.395
763,3564.616,4370.2833,-16.440,30.909,175.50,2.060,0.976,-16.412,29.933,0.4512,0.1760,0.041,0.000,0.200,0.024,99.962
764,3569.266,4406.8563,-16.546,30.885,176.65,2.082,0.961,-16.412,29.933,0.4567,0.1492,0.038,0.000,0.200,0.012,100.114
765,3573.966,4435.2538,-16.652,30.860,177.76,2.109,0.946,-16.568,29.918,0.4538,0.1532,0.039,0.000,0.200,0.007,99.826
766,3578.466,4338.0290,-16.759,30.832,178.87,2.128,0.933,-16.724,29.901,0.4684,0.1848,0.042,0.000,0.200,0.005,49.971
767,3583.067,4381.9163,-16.865,30.803,180.00,2.144,0.913,-16.724,29.901,0.4590,0.2023,0.044,0.000,0.199,0.011,50.152
768,3587.566,4292.9698,-16.973,30.770,-178.83,2.166,0.893,-16.880,29.882,0.4532,0.1924,0.043,0.000,0.199,0.011,100.086
769,3592.217,4375.0993,-17.080,30.734,-177.64,2.183,0.874,-17.036,29.861,0.4416,0.1806,0.042,0.000,0.199,0.006,99.947
770,3596.767,4337.5093,-17.188,30.696,-176.46,2.203,0.849,-17.036,29.861,0.4460,0.2367,0.047,0.000,0.199,0.017,100.452
771,3601.517,4450.3966,-17.297,30.656,-175.32,2.238,0.824,-17.191,29.839,0.4215,0.2432,0.048,0.000,0.199,0.006,99.867
772,3606.067,4383.4846,-17.406,30.614,-174.16,2.269,0.801,-17.347,29.815,0.4129,0.3041,0.054,0.000,0.199,0.014,50.378
773,3610.767,4423.4735,-17.516,30.570,-173.02,2.300,0.774,-17.347,29.815,0.3982,0.3211,0.056,0.000,0.199,0.014,99.783
774,3615.417,4409.4857,-17.627,30.525,-171.90,2.343,0.746,-17.502,29.790,0.3919,0.2953,0.054,0.000,0.200,-0.004,99.983
775,3620.267,4555.2685,-17.739,30.478,-170.82,2.386,0.720,-17.656,29.763,0.3941,0.2610,0.051,0.000,0.200,-0.026,99.914
776,3625.017,4532.8080,-17.853,30.430,-169.76,2.421,0.695,-17.656,29.763,0.3812,0.2574,0.051,0.000,0.200,-0.034,100.807
777,3629.918,4600.9047,-17.967,30.378,-168.69,2.450,0.662,-17.811,29.734,0.3743,0.2146,0.048,0.000,0.199,-0.045,100.559
778,3634.317,4208.4841,-18.082,30.324,-167.60,2.481,0.631,-17.965,29.704,0.3612,0.1891,0.046,0.000,0.199,-0.030,49.762
779,3638.968,4387.7665,-18.197,30.268,-166.52,2.507,0.601,-18.119,29.672,0.3290,0.1095,0.039,0.000,0.199,-0.028,100.009
780,3643.517,4382.4044,-18.313,30.210,-165.47,2.535,0.571,-18.119,29.672,0.3155,0.0530,0.034,0.000,0.199,-0.001,49.695
781,3648.318,4540.6834,-18.428,30.151,-164.47,2.549,0.536,-18.272,29.639,0.3046,0.0061,0.030,0.000,0.199,0.017,100.527
782,3653.017,4483.8675,-18.544,30.092,-163.55,2.552,0.503,-18.425,29.604,0.2908,0.0491,0.034,0.000,0.199,0.031,100.747
783,3657.717,4408.8958,-18.659,30.032,-162.68,2.552,0.472,-18.578,29.567,0.2732,-0.0043,0.029,0.000,0.198,0.022,100.073
784,3662.217,4269.4932,-18.774,29.971,-161.83,2.548,0.445,-18.730,29.529,0.2645,-0.0266,0.027,0.000,0.198,0.008,100.863
785,3666.967,4494.5458,-18.888,29.910,-161.02,2.549,0.413,-18.730,29.529,0.2562,-0.0570,0.025,0.000,0.197,0.011,100.031
786,3671.467,4321.7822,-19.002,29.849,-160.26,2.545,0.379,-18.882,29.489,0.2309,-0.0677,0.024,0.000,0.197,0.003,50.428
787,3676.117,4358.5751,-19.115,29.787,-159.54,2.538,0.349,-19.034,29.447,0.2314,-0.0808,0.022,0.000,0.196,0.015,100.099
788,3680.617,4323.9258,-19.227,29.725,-158.86,2.524,0.323,-19.185,29.404,0.2028,-0.0680,0.023,0.000,0.196,0.008,49.689
789,3685.318,4410.8916,-19.338,29.663,-158.22,2.516,0.301,-19.185,29.404,0.2017,0.0116,0.030,0.000,0.196,0.001,100.292
790,3689.718,4225.1573,-19.449,29.601,-157.63,2.516,0.266,-19.335,29.360,0.1962,0.0901,0.037,0.000,0.196,-0.008,50.022
791,3694.318,4328.8292,-19.558,29.538,-157.06,2.523,0.236,-19.486,29.314,0.1599,0.0807,0.037,0.000,0.196,-0.014,99.459
792,3698.668,4164.8199,-19.668,29.475,-156.52,2.540,0.212,-19.635,29.266,0.1518,0.0339,0.033,0.000,0.196,-0.018,50.130
793,3703.318,4393.9081,-19.779,29.412,-156.01,2.550,0.196,-19.784,29.217,0.1366,0.0727,0.036,0.000,0.196,-0.010,99.976
794,3708.068,4501.7467,-19.889,29.349,-155.56,2.546,0.169,-19.784,29.217,0.1231,0.0957,0.038,0.000,0.197,-0.009,100.127
795,3712.669,4324.0954,-20.000,29.287,-155.16,2.545,0.138,-19.933,29.166,0.1069,0.0886,0.038,0.000,0.198,-0.001,99.825
796,3717.218,4317.3754,-20.111,29.224,-154.81,2.552,0.115,-20.081,29.113,0.1040,0.0538,0.035,0.000,0.198,0.001,100.187
797,3721.969,4459.7195,-20.223,29.161,-154.49,2.559,0.102,-20.229,29.059,0.0839,0.0500,0.034,0.000,0.199,0.002,100.092
798,3726.618,4415.1475,-20.335,29.099,-154.19,2.564,0.103,-20.376,29.004,0.0886,0.0055,0.030,0.000,0.199,0.009,99.532
799,3731.169,4286.4943,-20.448,29.036,-153.93,2.562,0.079,-20.376,29.004,0.0764,-0.0354,0.027,0.000,0.199,0.010,100.141
800,3735.818,4406.8020,-20.560,28.973,-153.69,2.560,0.046,-20.522,28.947,0.0706,-0.0925,0.022,0.000,0.199,0.014,99.904
801,3740.319,4270.3511,-20.672,28.910,-153.46,2.550,0.023,-20.668,28.888,0.0552,-0.0131,0.029,0.000,0.199,0.020,50.612
802,3744.868,4298.6563,-20.783,28.848,-153.25,2.540,0.036,-20.813,28.828,0.0466,-0.0501,0.025,0.000,0.199,0.018,99.636
803,3749.269,4114.2577,-20.895,28.786,-153.08,2.530,0.066,-20.957,28.766,0.0400,-0.0263,0.027,0.000,0.199,0.024,100.559
804,3753.819,4325.5534,-21.006,28.725,-152.93,2.524,0.064,-20.957,28.766,0.0517,-0.0451,0.026,0.000,0.199,0.023,99.920
805,3758.469,4348.2240,-21.117,28.664,-152.82,2.518,0.042,-21.101,28.703,0.0661,-0.0631,0.024,0.000,0.199,0.025,100.097
806,3763.068,4448.0269,-21.227,28.603,-152.70,2.512,0.039,-21.244,28.639,0.0583,-0.0545,0.025,0.000,0.199,0.024,50.201
807,3767.519,4217.9214,-21.337,28.542,-152.55,2.507,0.058,-21.387,28.572,0.0721,-0.0825,0.022,0.000,0.198,0.027,50.321
808,3772.018,4298.4663,-21.446,28.480,-152.38,2.499,0.086,-21.528,28.505,0.0713,-0.0453,0.025,0.000,0.198,0.029,100.467
809,3776.569,4311.6231,-21.555,28.417,-152.20,2.491,0.091,-21.528,28.505,0.0640,-0.0659,0.024,0.000,0.198,0.030,50.542
810,3781.069,4294.8733,-21.663,28.354,-152.01,2.489,0.081,-21.670,28.436,0.0709,-0.0200,0.028,0.000,0.198,0.035,99.729
811,3785.519,4220.4943,-21.770,28.292,-151.82,2.480,0.084,-21.810,28.365,0.0743,-0.0968,0.021,0.000,0.198,0.035,50.481
812,3790.169,4428.8718,-21.877,28.228,-151.63,2.476,0.097,-21.949,28.293,0.0794,-0.0323,0.026,0.000,0.198,0.030,100.145
813,3794.869,4443.3508,-21.983,28.164,-151.43,2.470,0.119,-22.088,28.220,0.0907,0.0035,0.029,0.000,0.198,0.025,100.047
814,3799.469,4361.1660,-22.088,28.100,-151.22,2.466,0.119,-22.088,28.220,0.0992,-0.0428,0.025,0.000,0.198,0.021,100.034
815,3804.019,4322.8363,-22.193,28.035,-150.99,2.466,0.114,-22.226,28.145,0.1079,-0.0293,0.026,0.000,0.198,0.021,49.736
816,3808.619,4390.1708,-22.298,27.969,-150.74,2.464,0.119,-22.364,28.068,0.1076,-0.0164,0.028,0.000,0.198,0.012,100.115
817,3813.269,4381.5752,-22.402,27.901,-150.46,2.461,0.133,-22.500,27.990,0.1154,-0.0024,0.029,0.000,0.198,0.014,99.992
818,3817.769,4288.6082,-22.505,27.833,-150.16,2.459,0.152,-22.636,27.911,0.1121,0.0269,0.031,0.000,0.198,0.011,99.999
819,3822.469,4467.8369,-22.607,27.764,-149.86,2.462,0.149,-22.636,27.911,0.1338,0.0298,0.032,0.000,0.198,0.012,50.032
820,3827.169,4544.6763,-22.710,27.695,-149.56,2.465,0.149,-22.770,27.830,0.1362,0.0223,0.031,0.000,0.198,0.014,50.071
821,3831.969,4543.2844,-22.812,27.624,-149.24,2.468,0.155,-22.904,27.748,0.1332,0.0643,0.035,0.000,0.198,0.015,100.511
822,3836.569,4376.5777,-22.913,27.552,-148.90,2.476,0.168,-23.037,27.665,0.1089,0.0481,0.033,0.000,0.198,0.025,100.142
823,3841.120,4282.0517,-23.015,27.479,-148.54,2.490,0.185,-23.170,27.580,0.1153,0.0810,0.036,0.000,0.198,0.039,100.115
824,3845.719,4383.9814,-23.116,27.406,-148.20,2.493,0.182,-23.170,27.580,0.1101,0.0637,0.035,0.000,0.198,0.044,100.166
825,3850.370,4424.4635,-23.218,27.332,-147.89,2.503,0.182,-23.301,27.494,0.1093,0.0841,0.037,0.000,0.198,0.047,49.908
826,3854.920,4311.3959,-23.319,27.258,-147.59,2.515,0.186,-23.431,27.406,0.1219,0.0681,0.036,0.000,0.199,0.041,99.509
827,3859.670,4501.6716,-23.421,27.183,-147.28,2.526,0.194,-23.561,27.317,0.1334,0.0366,0.033,0.000,0.199,0.035,50.383
828,3864.270,4352.3192,-23.523,27.107,-146.96,2.537,0.205,-23.689,27.227,0.1332,-0.0024,0.029,0.000,0.198,0.032,100.794
829,3868.820,4268.9855,-23.624,27.029,-146.61,2.545,0.208,-23.689,27.227,0.1322,-0.0067,0.029,0.000,0.198,0.025,99.856
830,3873.319,4291.2646,-23.725,26.951,-146.24,2.545,0.206,-23.817,27.135,0.1227,-0.0051,0.029,0.000,0.198,0.019,100.189
831,3877.870,4275.1956,-23.825,26.872,-145.86,2.544,0.208,-23.943,27.042,0.1422,-0.0291,0.027,0.000,0.198,0.014,100.673
832,3882.519,4410.2243,-23.924,26.792,-145.50,2.542,0.213,-24.069,26.948,0.1554,-0.0379,0.026,0.000,0.198,-0.001,99.958
833,3887.070,4341.0181,-24.023,26.711,-145.15,2.539,0.222,-24.194,26.852,0.1412,-0.0327,0.027,0.000,0.198,-0.017,50.027
834,3891.620,4316.1584,-24.120,26.630,-144.77,2.535,0.234,-24.317,26.755,0.1376,-0.0277,0.027,0.000,0.198,-0.031,99.976
835,3896.070,4216.7292,-24.217,26.548,-144.37,2.527,0.231,-24.317,26.755,0.1269,-0.0411,0.026,0.000,0.198,-0.035,49.892
836,3900.870,4564.3879,-24.313,26.465,-143.97,2.517,0.230,-24.440,26.657,0.1274,-0.0422,0.026,0.000,0.198,-0.034,99.990
837,3905.520,4385.7570,-24.409,26.383,-143.61,2.508,0.232,-24.561,26.558,0.1208,-0.0839,0.022,0.000,0.198,-0.033,100.096
838,3909.970,4207.2777,-24.504,26.300,-143.27,2.497,0.237,-24.682,26.457,0.1211,-0.0850,0.022,0.000,0.198,-0.034,100.459
839,3914.770,4526.0343,-24.599,26.217,-142.93,2.487,0.245,-24.801,26.355,0.1200,-0.0394,0.026,0.000,0.198,-0.029,100.079
840,3919.369,4391.8273,-24.693,26.135,-142.60,2.480,0.246,-24.801,26.355,0.1158,-0.0523,0.024,0.000,0.198,-0.026,100.049
841,3923.971,4361.4187,-24.786,26.052,-142.27,2.476,0.240,-24.920,26.252,0.1160,-0.0082,0.028,0.000,0.198,-0.019,50.430
842,3928.470,4278.8292,-24.878,25.969,-141.95,2.474,0.239,-25.037,26.147,0.1210,0.0333,0.032,0.000,0.198,-0.016,99.894
843,3933.170,4426.0060,-24.970,25.886,-141.63,2.477,0.240,-25.153,26.041,0.1292,-0.0234,0.027,0.000,0.198,-0.012,99.864
844,3937.670,4284.3951,-25.062,25.802,-141.31,2.481,0.245,-25.268,25.935,0.1410,-0.0513,0.024,0.000,0.198,-0.016,100.057
845,3942.170,4291.6501,-25.153,25.716,-140.97,2.483,0.247,-25.268,25.935,0.1431,-0.0654,0.023,0.000,0.198,-0.025,50.625
846,3946.770,4352.2221,-25.242,25.630,-140.60,2.477,0.241,-25.382,25.826,0.1591,-0.0207,0.027,0.000,0.198,-0.027,100.782
847,3951.321,4310.6458,-25.331,25.544,-140.21,2.468,0.239,-25.495,25.717,0.1498,0.0377,0.032,0.000,0.197,-0.037,50.916
848,3955.771,4250.5901,-25.418,25.456,-139.81,2.464,0.241,-25.607,25.607,0.1503,0.0406,0.033,0.000,0.197,-0.035,50.167
849,3960.321,4276.2471,-25.505,25.367,-139.40,2.469,0.248,-25.717,25.495,0.1523,0.0688,0.035,0.000,0.197,-0.040,99.884
850,3964.772,4204.3925,-25.591,25.278,-138.99,2.473,0.251,-25.717,25.495,0.1692,0.0679,0.035,0.000,0.197,-0.047,100.086
851,3969.321,4283.5592,-25.677,25.188,-138.59,2.480,0.245,-25.826,25.382,0.1562,0.0393,0.033,0.000,0.198,-0.049,99.516
852,3973.721,4173.8878,-25.763,25.096,-138.16,2.490,0.243,-25.935,25.268,0.1632,0.0092,0.030,0.000,0.198,-0.044,100.091
853,3978.071,4074.9304,-25.848,25.003,-137.72,2.496,0.245,-26.041,25.153,0.1610,0.0637,0.035,0.000,0.198,-0.034,99.911
854,3982.421,4105.3309,-25.932,24.910,-137.27,2.502,0.250,-26.147,25.037,0.1612,0.0332,0.032,0.000,0.198,-0.027,99.946
855,3986.971,4255.3125,-26.016,24.815,-136.82,2.513,0.258,-26.147,25.037,0.1714,0.0128,0.030,0.000,0.198,-0.025,99.979
856,3991.521,4304.3037,-26.099,24.720,-136.38,2.519,0.251,-26.252,24.920,0.1665,0.0106,0.030,0.000,0.198,-0.020,100.210
857,3996.121,4309.5153,-26.181,24.624,-135.91,2.527,0.249,-26.355,24.801,0.1707,-0.0024,0.029,0.000,0.197,-0.020,99.705
858,4000.621,4262.7486,-26.262,24.526,-135.44,2.532,0.249,-26.457,24.682,0.1772,-0.0160,0.028,0.000,0.197,-0.019,100.522
859,4005.371,4513.8680,-26.343,24.429,-134.96,2.534,0.253,-26.558,24.561,0.1736,-0.0442,0.025,0.000,0.197,-0.022,50.145
860,4010.071,4462.7255,-26.422,24.330,-134.48,2.531,0.260,-26.657,24.440,0.1761,-0.0784,0.022,0.000,0.197,-0.022,100.039
861,4014.621,4295.9435,-26.500,24.230,-134.00,2.521,0.262,-26.657,24.440,0.1932,-0.0718,0.023,0.000,0.196,-0.020,100.073
862,4019.121,4298.7355,-26.578,24.131,-133.51,2.504,0.258,-26.755,24.317,0.1891,-0.0369,0.026,0.000,0.196,-0.023,50.080
863,4023.622,4243.8505,-26.653,24.031,-133.02,2.491,0.257,-26.852,24.194,0.1886,-0.0578,0.024,0.000,0.196,-0.019,100.040
864,4028.071,4260.0629,-26.727,23.930,-132.51,2.482,0.261,-26.948,24.069,0.1892,-0.0560,0.024,0.000,0.196,-0.023,49.922
865,4032.571,4259.2515,-26.801,23.829,-131.99,2.474,0.268,-27.042,23.943,0.1837,-0.0409,0.025,0.000,0.196,-0.014,50.107
866,4037.022,4294.6802,-26.873,23.727,-131.47,2.467,0.275,-27.042,23.943,0.1950,0.0056,0.029,0.000,0.196,0.002,50.201
867,4041.572,4315.8448,-26.944,23.625,-130.96,2.465,0.271,-27.135,23.817,0.2073,0.0145,0.030,0.000,0.196,0.017,50.241
868,4046.208,4435.4158,-27.013,23.523,-130.45,2.465,0.271,-27.227,23.689,0.2034,-0.0049,0.028,0.000,0.196,0.026,49.361
869,4050.909,4479.7570,-27.082,23.419,-129.91,2.473,0.275,-27.317,23.561,0.1972,0.0179,0.030,0.000,0.196,0.035,50.179
870,4055.609,4536.5308,-27.149,23.314,-129.35,2.476,0.282,-27.406,23.431,0.1878,-0.0009,0.029,0.000,0.196,0.043,50.276
871,4060.108,4276.4146,-27.216,23.209,-128.79,2.475,0.293,-27.406,23.431,0.1895,-0.0080,0.028,0.000,0.196,0.045,50.397
872,4064.858,4547.7979,-27.281,23.104,-128.27,2.465,0.290,-27.494,23.301,0.1856,-0.0148,0.028,0.000,0.196,0.036,49.907
873,4069.259,4148.7925,-27.346,22.998,-127.76,2.455,0.290,-27.580,23.170,0.1948,0.0316,0.032,0.000,0.196,0.034,50.079
874,4073.405,3934.4603,-27.410,22.892,-127.26,2.451,0.293,-27.665,23.037,0.1859,0.0494,0.033,0.000,0.197,0.025,100.126
875,4077.454,3811.2776,-27.474,22.785,-126.74,2.461,0.300,-27.748,22.904,0.1629,0.0427,0.033,0.000,0.197,0.018,50.119
876,4081.655,3966.8716,-27.536,22.677,-126.21,2.472,0.309,-27.830,22.770,0.1658,0.0450,0.033,0.000,0.197,0.029,100.201
877,4086.255,4395.6712,-27.599,22.569,-125.73,2.476,0.307,-27.830,22.770,0.1680,0.0497,0.033,0.000,0.197,0.031,49.017
878,4090.855,4422.7268,-27.661,22.461,-125.28,2.484,0.305,-27.911,22.636,0.1687,0.0959,0.038,0.000,0.197,0.036,50.227
879,4094.955,3854.6635,-27.722,22.352,-124.84,2.496,0.306,-27.990,22.500,0.1752,0.1014,0.038,0.000,0.197,0.040,50.189
880,4099.356,4169.8566,-27.783,22.242,-124.37,2.512,0.310,-28.068,22.364,0.1802,0.1128,0.039,0.000,0.197,0.032,100.111
881,4103.805,4248.1283,-27.843,22.131,-123.89,2.528,0.317,-28.145,22.226,0.1650,0.0911,0.038,0.000,0.197,0.028,49.946
882,4108.205,4175.6093,-27.902,22.018,-123.39,2.541,0.320,-28.145,22.226,0.1512,0.0542,0.034,0.000,0.197,0.026,100.116
883,4112.955,4464.5992,-27.960,21.905,-122.90,2.546,0.318,-28.220,22.088,0.1501,-0.0057,0.029,0.000,0.197,0.032,99.929
884,4117.455,4334.9490,-28.019,21.791,-122.45,2.544,0.317,-28.293,21.949,0.1572,-0.0238,0.028,0.000,0.198,0.023,50.065
885,4121.906,4186.2349,-28.077,21.677,-122.03,2.539,0.317,-28.365,21.810,0.1663,-0.0242,0.028,0.000,0.198,0.003,100.108
886,4126.255,4117.5479,-28.134,21.563,-121.61,2.532,0.320,-28.436,21.670,0.1638,0.0117,0.031,0.000,0.198,-0.011,100.404
887,4130.656,4155.3683,-28.190,21.448,-121.15,2.530,0.325,-28.505,21.528,0.1712,-0.0044,0.029,0.000,0.197,-0.016,50.096
888,4135.156,4262.8448,-28.245,21.332,-120.68,2.531,0.325,-28.505,21.528,0.1810,-0.0634,0.024,0.000,0.197,-0.010,100.580
889,4139.706,4294.9120,-28.299,21.216,-120.21,2.529,0.322,-28.572,21.387,0.1791,-0.0559,0.025,0.000,0.197,-0.007,100.256
890,4144.055,4142.9092,-28.350,21.100,-119.73,2.524,0.322,-28.639,21.244,0.1852,-0.0555,0.025,0.000,0.196,-0.011,100.064
891,4148.655,4315.4553,-28.401,20.983,-119.22,2.519,0.325,-28.703,21.101,0.1885,-0.0563,0.024,0.000,0.196,-0.015,100.140
892,4153.006,4105.3068,-28.449,20.866,-118.71,2.520,0.330,-28.766,20.957,0.1986,0.0085,0.030,0.000,0.196,-0.019,100.233
893,4157.355,4092.3660,-28.497,20.749,-118.19,2.525,0.337,-28.828,20.813,0.1973,-0.0019,0.029,0.000,0.196,-0.021,100.155
894,4161.756,4176.8141,-28.543,20.631,-117.65,2.525,0.338,-28.828,20.813,0.1941,-0.0329,0.026,0.000,0.196,-0.014,100.532
895,4166.405,4362.9907,-28.587,20.513,-117.10,2.524,0.338,-28.888,20.668,0.1879,-0.0687,0.023,0.000,0.196,-0.008,99.859
896,4170.706,4084.1397,-28.631,20.395,-116.55,2.514,0.340,-28.947,20.522,0.1791,-0.0681,0.023,0.000,0.196,-0.002,100.249
897,4175.155,4210.5849,-28.673,20.277,-116.03,2.500,0.345,-29.004,20.376,0.1837,-0.0800,0.022,0.000,0.196,-0.001,50.038
898,4179.405,4046.6897,-28.715,20.159,-115.53,2.483,0.351,-29.059,20.229,0.1759,-0.0533,0.024,0.000,0.196,0.002,100.454
899,4184.006,4330.4838,-28.756,20.041,-115.04,2.472,0.357,-29.059,20.229,0.1690,-0.0358,0.026,0.000,0.196,0.005,100.143
900,4188.455,4213.3603,-28.796,19.924,-114.55,2.464,0.354,-29.113,20.081,0.1626,0.0177,0.031,0.000,0.196,0.015,100.096
901,4192.805,4128.0931,-28.835,19.806,-114.08,2.459,0.354,-29.166,19.933,0.1516,-0.0280,0.026,0.000,0.196,0.023,50.085
902,4196.905,3908.9364,-28.873,19.689,-113.63,2.464,0.356,-29.217,19.784,0.1580,0.0073,0.030,0.000,0.197,0.021,50.254
903,4200.956,3831.9842,-28.912,19.571,-113.20,2.461,0.360,-29.266,19.635,0.1672,0.0230,0.031,0.000,0.197,0.020,50.451
904,4204.856,3699.7735,-28.949,19.454,-112.79,2.461,0.365,-29.266,19.635,0.1570,0.0597,0.034,0.000,0.197,0.008,50.194
905,4208.906,3821.0083,-28.985,19.336,-112.35,2.464,0.361,-29.314,19.486,0.1596,0.0827,0.036,0.000,0.197,0.019,50.079
906,4213.506,4355.2816,-29.021,19.217,-111.90,2.474,0.359,-29.360,19.335,0.1647,0.0897,0.037,0.000,0.197,0.020,100.052
907,4217.356,3627.4290,-29.056,19.098,-111.47,2.482,0.360,-29.404,19.185,0.1493,0.1412,0.042,0.000,0.197,0.019,50.387
908,4221.406,3824.3322,-29.089,18.977,-111.03,2.495,0.363,-29.447,19.034,0.1545,0.1627,0.044,0.000,0.197,0.025,100.089
909,4225.306,3690.2217,-29.123,18.856,-110.60,2.509,0.367,-29.489,18.882,0.1644,0.1148,0.040,0.000,0.198,0.023,50.258
910,4229.206,3701.9498,-29.156,18.734,-110.18,2.526,0.364,-29.489,18.882,0.1746,0.1066,0.039,0.000,0.198,0.023,50.153
911,4233.405,3942.5701,-29.188,18.610,-109.74,2.541,0.362,-29.529,18.730,0.1806,0.0662,0.036,0.000,0.198,0.027,100.036
912,4237.406,3794.6184,-29.218,18.485,-109.27,2.557,0.361,-29.567,18.578,0.1765,0.0488,0.034,0.000,0.198,0.037,100.013
913,4241.655,3993.4889,-29.247,18.359,-108.75,2.570,0.363,-29.604,18.425,0.1724,0.0432,0.034,0.000,0.197,0.035,99.999
914,4246.056,4176.0844,-29.275,18.232,-108.24,2.577,0.366,-29.639,18.272,0.1778,0.0388,0.034,0.000,0.197,0.027,100.196
915,4250.506,4153.4008,-29.302,18.106,-107.74,2.585,0.370,-29.672,18.119,0.1691,0.0349,0.033,0.000,0.197,0.014,100.158
916,4254.656,3903.9121,-29.328,17.978,-107.24,2.590,0.372,-29.672,18.119,0.1710,0.0526,0.035,0.000,0.197,-0.006,100.016
917,4258.956,4065.9148,-29.353,17.850,-106.75,2.596,0.369,-29.704,17.965,0.1742,0.0541,0.035,0.000,0.197,-0.014,50.223
918,4263.256,4077.9777,-29.378,17.722,-106.26,2.605,0.367,-29.734,17.811,0.1811,0.0746,0.037,0.000,0.197,-0.029,99.937
919,4267.605,4085.9946,-29.401,17.593,-105.76,2.608,0.368,-29.763,17.656,0.1732,0.0196,0.032,0.000,0.197,-0.035,100.155
920,4271.755,3985.7787,-29.422,17.464,-105.25,2.618,0.370,-29.790,17.502,0.1738,-0.0032,0.030,0.000,0.197,-0.030,50.183
921,4276.056,4081.5353,-29.443,17.334,-104.73,2.626,0.373,-29.815,17.347,0.1832,0.0120,0.032,0.000,0.197,-0.026,49.991
922,4280.356,4130.9090,-29.462,17.204,-104.23,2.625,0.377,-29.839,17.191,0.1817,0.0269,0.033,0.000,0.197,-0.027,49.953
923,4284.706,4066.1580,-29.480,17.073,-103.72,2.630,0.378,-29.839,17.191,0.1698,-0.0066,0.030,0.000,0.197,-0.015,99.992
924,4288.956,4033.9191,-29.497,16.942,-103.19,2.630,0.376,-29.861,17.036,0.1594,0.0250,0.033,0.000,0.197,0.002,99.861
925,4293.506,4266.7695,-29.513,16.811,-102.67,2.626,0.375,-29.882,16.880,0.1627,-0.0490,0.026,0.000,0.197,0.014,100.169
926,4297.856,4159.9839,-29.529,16.680,-102.19,2.619,0.375,-29.901,16.724,0.1630,-0.0818,0.023,0.000,0.198,0.016,50.172
927,4302.455,4305.2330,-29.543,16.550,-101.74,2.611,0.375,-29.918,16.568,0.1588,-0.0802,0.023,0.000,0.198,0.018,100.157
928,4306.656,4024.3646,-29.557,16.419,-101.28,2.599,0.376,-29.933,16.412,0.1724,-0.0873,0.023,0.000,0.198,0.011,50.137
929,4310.906,4003.1853,-29.570,16.289,-100.81,2.592,0.379,-29.947,16.255,0.1739,-0.1124,0.020,0.000,0.197,0.001,50.042
930,4315.206,4065.9192,-29.581,16.160,-100.35,2.580,0.379,-29.947,16.255,0.1467,-0.1168,0.020,0.000,0.197,-0.013,100.199
931,4319.606,4124.2399,-29.591,16.031,-99.86,2.560,0.375,-29.960,16.099,0.1536,-0.1012,0.021,0.000,0.197,-0.010,100.141
932,4323.756,3981.3531,-29.600,15.903,-99.39,2.544,0.372,-29.970,15.942,0.1594,-0.0189,0.028,0.000,0.197,-0.004,50.118
933,4328.056,4014.1164,-29.609,15.775,-98.96,2.532,0.371,-29.979,15.785,0.1582,-0.0181,0.028,0.000,0.197,-0.011,100.247
934,4332.107,3894.9835,-29.616,15.648,-98.54,2.533,0.371,-29.987,15.628,0.1644,-0.0303,0.027,0.000,0.197,-0.015,50.309
935,4336.406,4026.8433,-29.622,15.521,-98.09,2.535,0.373,-29.993,15.471,0.1700,-0.0872,0.022,0.000,0.197,-0.013,99.897
936,4340.706,4084.1155,-29.628,15.393,-97.63,2.533,0.373,-29.993,15.471,0.1683,-0.0264,0.027,0.000,0.197,-0.020,100.084
937,4345.207,4220.6537,-29.632,15.266,-97.16,2.528,0.368,-29.997,15.314,0.1792,-0.0368,0.026,0.000,0.197,-0.024,100.045
938,4349.557,4101.6238,-29.634,15.140,-96.68,2.526,0.366,-29.999,15.157,0.1689,-0.0288,0.027,0.000,0.196,-0.031,99.870
939,4353.757,3958.5939,-29.635,15.013,-96.20,2.525,0.365,-30.000,15.000,0.1494,-0.0669,0.023,0.000,0.196,-0.036,50.073
940,4358.156,4155.7702,-29.635,14.887,-95.72,2.523,0.366,-29.999,14.843,0.1363,-0.0460,0.025,0.000,0.196,-0.031,100.060
941,4362.556,4119.9027,-29.636,14.761,-95.27,2.511,0.369,-29.997,14.686,0.1536,-0.0824,0.022,0.000,0.197,-0.028,100.113
942,4366.857,4062.3248,-29.636,14.636,-94.88,2.496,0.364,-29.997,14.686,0.1587,-0.0751,0.023,0.000,0.197,-0.036,100.191
943,4371.206,4141.4414,-29.635,14.511,-94.51,2.482,0.358,-29.993,14.529,0.1560,0.0163,0.031,0.000,0.197,-0.042,50.235
944,4375.407,4025.8672,-29.633,14.386,-94.11,2.477,0.354,-29.987,14.372,0.1607,0.0177,0.031,0.000,0.197,-0.034,50.215
945,4379.657,3988.6396,-29.631,14.262,-93.68,2.480,0.352,-29.979,14.215,0.1636,0.0281,0.032,0.000,0.197,-0.024,100.004
946,4384.107,4222.1703,-29.627,14.137,-93.24,2.486,0.353,-29.970,14.058,0.1653,0.0605,0.035,0.000,0.197,-0.012,100.245
947,4388.457,4062.9729,-29.621,14.013,-92.80,2.495,0.352,-29.970,14.058,0.1732,0.0576,0.034,0.000,0.197,-0.001,100.105
948,4392.857,4150.1869,-29.614,13.888,-92.35,2.503,0.346,-29.960,13.901,0.1785,0.0231,0.031,0.000,0.197,0.012,100.071
949,4397.257,4138.5381,-29.606,13.762,-91.88,2.512,0.341,-29.947,13.745,0.1855,0.0061,0.030,0.000,0.197,0.017,100.092
950,4401.657,4235.5877,-29.597,13.637,-91.39,2.519,0.340,-29.933,13.588,0.1782,-0.0445,0.025,0.000,0.197,0.016,50.222
951,4406.007,4082.0309,-29.586,13.511,-90.88,2.516,0.341,-29.918,13.432,0.1903,-0.0108,0.028,0.000,0.196,0.025,100.207
952,4410.457,4262.0451,-29.573,13.385,-90.37,2.504,0.345,-29.901,13.276,0.1924,-0.0319,0.026,0.000,0.197,0.022,50.286
953,4414.858,4156.7966,-29.560,13.260,-89.86,2.491,0.341,-29.901,13.276,0.1966,-0.0471,0.025,0.000,0.196,0.014,49.991
954,4419.357,4259.7357,-29.544,13.136,-89.35,2.482,0.338,-29.882,13.120,0.1872,-0.0245,0.027,0.000,0.196,0.013,100.081
955,4423.708,4077.4095,-29.528,13.011,-88.81,2.479,0.337,-29.861,12.964,0.1887,-0.0530,0.024,0.000,0.196,0.014,100.055
956,4427.957,4073.9961,-29.511,12.887,-88.28,2.473,0.338,-29.839,12.809,0.1900,-0.0093,0.028,0.000,0.196,0.014,50.123
957,4432.458,4252.3164,-29.492,12.764,-87.76,2.471,0.341,-29.815,12.653,0.1830,0.0120,0.030,0.000,0.196,0.022,50.197
958,4436.857,4188.7689,-29.473,12.640,-87.25,2.475,0.343,-29.815,12.653,0.1707,0.0241,0.031,0.000,0.196,0.031,99.995
959,4441.258,4146.4049,-29.453,12.517,-86.73,2.481,0.338,-29.790,12.498,0.1692,0.0432,0.033,0.000,0.196,0.041,99.986
960,4445.658,4215.5344,-29.432,12.394,-86.24,2.484,0.334,-29.763,12.344,0.1816,0.0409,0.033,0.000,0.197,0.049,50.163
961,4449.907,4007.9664,-29.411,12.271,-85.78,2.492,0.333,-29.734,12.189,0.1796,0.0729,0.036,0.000,0.197,0.037,50.141
962,4454.058,3975.7039,-29.388,12.148,-85.31,2.502,0.335,-29.704,12.035,0.1879,0.1213,0.040,0.000,0.197,0.026,50.578
963,4458.457,4147.3714,-29.364,12.025,-84.82,2.511,0.340,-29.672,11.881,0.1903,0.0763,0.036,0.000,0.197,0.020,99.949
964,4463.157,4544.3270,-29.339,11.901,-84.31,2.522,0.334,-29.672,11.881,0.1809,0.0634,0.035,0.000,0.197,0.008,50.145
965,4467.708,4336.7238,-29.311,11.777,-83.78,2.524,0.331,-29.639,11.728,0.1854,0.0287,0.032,0.000,0.196,0.001,50.163
966,4472.357,4443.1341,-29.283,11.652,-83.26,2.525,0.330,-29.604,11.575,0.1935,0.0038,0.030,0.000,0.197,-0.005,100.881
967,4476.958,4320.2075,-29.254,11.528,-82.75,2.526,0.330,-29.567,11.422,0.1897,-0.0018,0.030,0.000,0.197,-0.015,100.411
968,4481.308,4146.8159,-29.223,11.404,-82.23,2.527,0.334,-29.529,11.270,0.1923,-0.0876,0.022,0.000,0.197,-0.017,99.880
969,4485.808,4263.2766,-29.191,11.280,-81.68,2.526,0.338,-29.529,11.270,0.1971,-0.0427,0.026,0.000,0.197,-0.011,50.354
970,4490.459,4445.7880,-29.158,11.157,-81.14,2.521,0.333,-29.489,11.118,0.1872,-0.0358,0.026,0.000,0.196,-0.012,99.997
971,4494.958,4279.6666,-29.123,11.035,-80.60,2.516,0.331,-29.447,10.966,0.1787,-0.0266,0.027,0.000,0.196,-0.007,49.600
972,4499.508,4345.2843,-29.088,10.913,-80.06,2.518,0.331,-29.404,10.815,0.1865,-0.0672,0.023,0.000,0.196,-0.002,100.087
973,4504.108,4334.4398,-29.052,10.792,-79.55,2.517,0.333,-29.360,10.665,0.1909,-0.0200,0.028,0.000,0.196,-0.004,100.545
974,4508.858,4530.8161,-29.015,10.672,-79.05,2.511,0.337,-29.314,10.514,0.1733,0.0253,0.032,0.000,0.196,-0.007,99.850
975,4513.358,4296.3064,-28.977,10.553,-78.54,2.511,0.338,-29.314,10.514,0.1962,-0.0147,0.028,0.000,0.196,0.001,50.427
976,4517.759,4175.6719,-28.939,10.433,-78.03,2.507,0.334,-29.266,10.365,0.1988,-0.0435,0.025,0.000,0.196,0.009,100.224
977,4522.259,4285.1585,-28.900,10.314,-77.54,2.501,0.332,-29.217,10.216,0.1989,-0.0374,0.026,0.000,0.196,-0.006,49.798
978,4526.859,4360.5584,-28.859,10.196,-77.03,2.490,0.333,-29.166,10.067,0.1959,0.0244,0.031,0.000,0.196,-0.009,100.089
979,4531.359,4275.8142,-28.816,10.078,-76.49,2.486,0.337,-29.113,9.919,0.1975,0.0004,0.029,0.000,0.196,-0.006,49.848
980,4535.859,4294.6011,-28.772,9.960,-75.94,2.488,0.344,-29.113,9.919,0.1995,-0.0146,0.028,0.000,0.196,0.003,100.017
981,4540.559,4417.0787,-28.727,9.844,-75.39,2.484,0.340,-29.059,9.771,0.1946,-0.0036,0.029,0.000,0.196,0.012,99.998
982,4545.059,4320.7981,-28.681,9.727,-74.85,2.482,0.339,-29.004,9.624,0.1877,0.0460,0.033,0.000,0.196,0.015,50.202
983,4549.659,4303.1528,-28.634,9.611,-74.32,2.486,0.340,-28.947,9.478,0.1986,0.0224,0.031,0.000,0.196,0.025,100.172
984,4554.308,4400.6921,-28.586,9.496,-73.79,2.492,0.343,-28.888,9.332,0.2096,0.0429,0.033,0.000,0.196,0.020,100.371
985,4558.909,4330.5904,-28.537,9.381,-73.27,2.492,0.349,-28.828,9.187,0.1945,0.0262,0.032,0.000,0.196,0.020,100.018
986,4563.459,4314.6130,-28.486,9.266,-72.72,2.499,0.350,-28.828,9.187,0.1910,0.0699,0.036,0.000,0.196,0.030,100.701
987,4568.159,4426.8795,-28.435,9.151,-72.16,2.499,0.349,-28.766,9.043,0.1964,0.0577,0.035,0.000,0.196,0.037,100.114
988,4572.809,4476.8658,-28.382,9.036,-71.62,2.505,0.349,-28.703,8.899,0.2006,0.0491,0.034,0.000,0.197,0.036,50.011
989,4577.609,4588.1138,-28.328,8.922,-71.09,2.512,0.352,-28.639,8.756,0.2011,-0.0022,0.029,0.000,0.197,0.021,49.997
990,4582.109,4317.2910,-28.272,8.808,-70.54,2.518,0.358,-28.572,8.613,0.1932,-0.0069,0.029,0.000,0.197,0.012,50.102
991,4586.759,4371.7078,-28.215,8.694,-69.98,2.520,0.365,-28.505,8.472,0.1900,0.0024,0.030,0.000,0.197,0.006,99.678
992,4591.559,4569.1144,-28.158,8.581,-69.42,2.522,0.364,-28.505,8.472,0.1775,0.0100,0.031,0.000,0.197,-0.000,100.635
993,4596.109,4316.9541,-28.100,8.468,-68.89,2.521,0.363,-28.436,8.330,0.1696,0.0299,0.032,0.000,0.197,-0.008,49.920
994,4600.609,4308.5899,-28.041,8.356,-68.39,2.525,0.364,-28.365,8.190,0.1653,0.0177,0.031,0.000,0.197,-0.012,49.992
995,4605.359,4450.7262,-27.982,8.243,-67.91,2.527,0.366,-28.293,8.051,0.1720,-0.0192,0.028,0.000,0.197,-0.027,100.235
996,4609.909,4308.5149,-27.922,8.131,-67.45,2.531,0.369,-28.220,7.912,0.1581,-0.0476,0.025,0.000,0.197,-0.045,99.837
997,4614.460,4284.9196,-27.862,8.020,-66.98,2.526,0.374,-28.220,7.912,0.1589,-0.0453,0.026,0.000,0.197,-0.045,99.719
998,4619.160,4450.2791,-27.801,7.909,-66.51,2.519,0.370,-28.145,7.774,0.1759,-0.0413,0.026,0.000,0.197,-0.043,100.088
999,4623.810,4358.2650,-27.739,7.799,-66.07,2.506,0.367,-28.068,7.636,0.1620,-0.0041,0.029,0.000,0.197,-0.044,99.678
1000,4628.459,4415.2782,-27.676,7.689,-65.62,2.502,0.367,-27.990,7.500,0.1491,0.0106,0.030,0.000,0.197,-0.044,100.216
1001,4633.160,4402.2403,-27.613,7.580,-65.17,2.505,0.368,-27.911,7.364,0.1460,0.0140,0.031,0.000,0.197,-0.033,100.257
1002,4637.709,4323.0405,-27.549,7.471,-64.73,2.507,0.371,-27.830,7.230,0.1456,-0.0672,0.024,0.000,0.197,-0.023,100.145
1003,4642.260,4302.6260,-27.485,7.363,-64.32,2.505,0.370,-27.830,7.230,0.1454,-0.0864,0.022,0.000,0.198,-0.021,50.260
1004,4646.760,4281.8080,-27.421,7.255,-63.93,2.501,0.364,-27.748,7.096,0.1601,-0.0719,0.023,0.000,0.198,-0.020,100.377
1005,4651.311,4261.0481,-27.356,7.148,-63.53,2.492,0.360,-27.665,6.963,0.1551,-0.0586,0.024,0.000,0.197,-0.019,100.206
1006,4655.759,4276.7843,-27.290,7.042,-63.11,2.485,0.359,-27.580,6.830,0.1576,-0.0589,0.024,0.000,0.197,-0.020,49.846
1007,4660.260,4274.4613,-27.224,6.937,-62.69,2.483,0.360,-27.494,6.699,0.1553,-0.0297,0.026,0.000,0.197,-0.018,50.081
1008,4664.659,4248.2737,-27.156,6.832,-62.25,2.480,0.363,-27.494,6.699,0.1598,-0.0135,0.028,0.000,0.197,-0.024,50.325
1009,4669.161,4259.8869,-27.088,6.729,-61.82,2.476,0.356,-27.406,6.569,0.1714,0.0212,0.031,0.000,0.197,-0.028,50.271
1010,4673.761,4350.9375,-27.019,6.626,-61.40,2.476,0.352,-27.317,6.439,0.1824,0.0216,0.031,0.000,0.197,-0.040,100.116
1011,4678.310,4291.5696,-26.949,6.524,-60.96,2.480,0.350,-27.227,6.311,0.1789,-0.0133,0.028,0.000,0.197,-0.037,100.051
1012,4682.811,4264.5375,-26.877,6.422,-60.48,2.477,0.352,-27.135,6.183,0.1852,-0.0018,0.029,0.000,0.197,-0.026,100.144
1013,4687.360,4256.2420,-26.804,6.322,-59.99,2.476,0.356,-27.042,6.057,0.1919,0.0614,0.035,0.000,0.197,-0.027,100.147
1014,4692.161,4550.4504,-26.730,6.222,-59.49,2.478,0.353,-27.042,6.057,0.2021,0.0261,0.031,0.000,0.197,-0.016,100.121
1015,4696.760,4336.3792,-26.655,6.122,-58.98,2.484,0.350,-26.948,5.931,0.1910,-0.0033,0.029,0.000,0.196,-0.004,99.908
1016,4701.161,4235.7444,-26.578,6.024,-58.43,2.492,0.350,-26.852,5.806,0.1973,-0.0135,0.028,0.000,0.196,0.006,50.631
1017,4705.961,4581.6133,-26.500,5.926,-57.88,2.492,0.353,-26.755,5.683,0.1966,-0.0076,0.029,0.000,0.196,0.017,50.045
1018,4710.560,4356.1810,-26.421,5.828,-57.34,2.489,0.357,-26.657,5.560,0.2013,-0.0210,0.027,0.000,0.196,0.020,100.364
1019,4715.310,4518.8641,-26.341,5.732,-56.80,2.487,0.360,-26.657,5.560,0.1980,-0.0326,0.026,0.000,0.196,0.019,49.963
1020,4720.060,4518.0965,-26.260,5.637,-56.26,2.480,0.358,-26.558,5.439,0.2059,-0.0321,0.026,0.000,0.196,0.012,100.442
1021,4724.710,4350.1064,-26.179,5.543,-55.71,2.466,0.358,-26.457,5.318,0.1938,-0.0180,0.027,0.000,0.196,0.007,100.092
1022,4729.360,4429.9783,-26.096,5.449,-55.16,2.462,0.360,-26.355,5.199,0.1820,0.0032,0.029,0.000,0.196,0.018,99.912
1023,4734.161,4508.7151,-26.013,5.357,-54.61,2.462,0.365,-26.252,5.080,0.1862,0.0259,0.031,0.000,0.196,0.025,100.184
1024,4738.561,4187.4100,-25.930,5.264,-54.09,2.461,0.371,-26.252,5.080,0.1910,0.0492,0.033,0.000,0.197,0.039,100.410
1025,4743.261,4418.9821,-25.846,5.173,-53.60,2.469,0.367,-26.147,4.963,0.1930,0.1307,0.041,0.000,0.197,0.039,100.352
1026,4747.911,4466.0199,-25.760,5.081,-53.09,2.485,0.366,-26.041,4.847,0.1902,0.1284,0.041,0.000,0.197,0.044,49.865
1027,4752.661,4449.4875,-25.674,4.991,-52.55,2.507,0.367,-25.935,4.732,0.1891,0.0472,0.034,0.000,0.197,0.048,100.757
1028,4757.261,4435.8450,-25.586,4.900,-52.01,2.522,0.371,-25.826,4.618,0.1813,0.0141,0.031,0.000,0.197,0.046,49.753
1029,4761.961,4486.8141,-25.496,4.810,-51.48,2.527,0.376,-25.717,4.505,0.1866,0.0126,0.031,0.000,0.197,0.033,50.846
1030,4766.611,4447.2006,-25.407,4.720,-50.97,2.523,0.378,-25.717,4.505,0.1940,-0.0020,0.029,0.000,0.197,0.020,100.113
1031,4771.411,4539.7047,-25.316,4.631,-50.47,2.523,0.376,-25.607,4.393,0.1945,0.0689,0.036,0.000,0.197,0.006,100.135
1032,4776.061,4479.3825,-25.224,4.544,-49.94,2.520,0.376,-25.495,4.283,0.1885,0.0136,0.031,0.000,0.197,-0.009,50.066
1033,4780.861,4503.1823,-25.131,4.457,-49.40,2.524,0.379,-25.382,4.174,0.1770,0.0266,0.032,0.000,0.196,-0.012,100.082
1034,4785.611,4562.5347,-25.037,4.370,-48.85,2.525,0.383,-25.268,4.065,0.1820,-0.0342,0.027,0.000,0.197,-0.014,49.911
1035,4790.261,4395.3981,-24.943,4.284,-48.34,2.526,0.388,-25.153,3.959,0.1761,-0.0458,0.026,0.000,0.197,-0.016,99.979
1036,4795.212,4759.7772,-24.848,4.199,-47.84,2.524,0.389,-25.153,3.959,0.1704,0.0210,0.031,0.000,0.197,-0.007,50.200
1037,4799.861,4386.7922,-24.753,4.115,-47.34,2.523,0.387,-25.037,3.853,0.1800,0.0678,0.036,0.000,0.197,0.001,99.952
1038,4804.612,4594.0258,-24.657,4.031,-46.86,2.527,0.386,-24.920,3.748,0.1963,-0.0002,0.030,0.000,0.197,-0.002,49.937
1039,4809.411,4502.2925,-24.561,3.948,-46.37,2.538,0.387,-24.801,3.645,0.1857,-0.0220,0.028,0.000,0.197,-0.010,99.859
1040,4814.162,4510.6858,-24.463,3.867,-45.87,2.547,0.391,-24.682,3.543,0.1778,-0.0755,0.023,0.000,0.196,-0.008,99.919
1041,4818.962,4556.3294,-24.364,3.786,-45.34,2.545,0.396,-24.561,3.442,0.1807,-0.0777,0.023,0.000,0.196,0.002,50.037
1042,4823.512,4310.7392,-24.265,3.706,-44.82,2.533,0.397,-24.561,3.442,0.1802,-0.0669,0.024,0.000,0.196,0.003,99.948
1043,4828.462,4679.0708,-24.166,3.628,-44.33,2.522,0.395,-24.440,3.343,0.1897,-0.0462,0.025,0.000,0.196,-0.003,99.938
1044,4833.012,4344.3163,-24.067,3.551,-43.83,2.508,0.395,-24.317,3.245,0.1718,-0.0487,0.025,0.000,0.196,-0.010,100.199
1045,4837.812,4551.2287,-23.967,3.475,-43.32,2.500,0.398,-24.194,3.148,0.1745,-0.0114,0.028,0.000,0.196,-0.014,50.168
1046,4842.812,4802.7613,-23.867,3.399,-42.82,2.492,0.402,-24.069,3.052,0.1726,-0.0023,0.029,0.000,0.196,-0.008,49.655
1047,4847.562,4465.4595,-23.767,3.324,-42.34,2.485,0.407,-24.069,3.052,0.1703,0.0486,0.034,0.000,0.196,-0.011,100.342
1048,4852.262,4527.7106,-23.666,3.251,-41.88,2.484,0.404,-23.943,2.958,0.1604,0.0415,0.033,0.000,0.196,0.006,50.093
1049,4856.912,4372.8279,-23.564,3.177,-41.41,2.488,0.402,-23.817,2.865,0.1701,0.0342,0.032,0.000,0.197,0.019,100.326
1050,4861.563,4436.0744,-23.462,3.105,-40.96,2.494,0.402,-23.689,2.773,0.1708,0.0255,0.032,0.000,0.197,0.021,100.028
1051,4866.112,4324.4497,-23.360,3.033,-40.51,2.501,0.403,-23.561,2.683,0.1585,-0.0156,0.028,0.000,0.197,0.020,49.984
1052,4870.862,4501.3345,-23.256,2.961,-40.05,2.506,0.407,-23.431,2.594,0.1514,-0.0260,0.027,0.000,0.197,0.035,100.501
1053,4875.762,4625.2904,-23.152,2.890,-39.59,2.503,0.407,-23.431,2.594,0.1613,0.0026,0.030,0.000,0.197,0.033,100.140
1054,4880.613,4651.9595,-23.048,2.820,-39.15,2.493,0.403,-23.301,2.506,0.1734,0.0228,0.031,0.000,0.197,0.032,50.006
1055,4885.413,4544.6926,-22.944,2.751,-38.73,2.491,0.401,-23.170,2.420,0.1871,0.0232,0.031,0.000,0.197,0.028,100.075
1056,4890.063,4451.1944,-22.839,2.683,-38.28,2.497,0.401,-23.037,2.335,0.1646,0.0727,0.036,0.000,0.197,0.024,49.853
1057,4895.113,4782.1686,-22.732,2.616,-37.79,2.504,0.403,-22.904,2.252,0.1756,0.0864,0.037,0.000,0.197,0.027,100.068
1058,4899.912,4552.9323,-22.625,2.550,-37.30,2.510,0.407,-22.770,2.170,0.1821,0.0749,0.036,0.000,0.197,0.014,99.849
1059,4904.913,4707.4335,-22.516,2.484,-36.83,2.516,0.404,-22.770,2.170,0.1862,-0.0077,0.029,0.000,0.197,0.002,100.247
1060,4909.713,4550.7364,-22.407,2.420,-36.35,2.527,0.402,-22.636,2.089,0.1933,-0.0062,0.029,0.000,0.197,-0.008,100.100
1061,4914.513,4580.9981,-22.296,2.356,-35.84,2.531,0.402,-22.500,2.010,0.1857,-0.0354,0.027,0.000,0.197,-0.015,50.061
1062,4919.462,4706.3372,-22.185,2.294,-35.31,2.527,0.404,-22.364,1.932,0.1961,0.0109,0.031,0.000,0.197,-0.015,99.988
1063,4924.363,4625.7920,-22.073,2.233,-34.78,2.528,0.408,-22.226,1.855,0.1748,-0.0088,0.029,0.000,0.197,-0.017,100.457
1064,4929.213,4622.1698,-21.961,2.173,-34.25,2.523,0.413,-22.088,1.780,0.1709,-0.0148,0.028,0.000,0.197,-0.012,99.830
1065,4934.063,4588.3393,-21.848,2.114,-33.72,2.528,0.411,-22.088,1.780,0.1676,-0.0004,0.030,0.000,0.197,-0.013,99.808
1066,4938.563,4295.8863,-21.736,2.055,-33.23,2.530,0.409,-21.949,1.707,0.1890,-0.0179,0.028,0.000,0.197,-0.017,100.195
1067,4943.464,4680.1141,-21.623,1.997,-32.77,2.526,0.408,-21.810,1.635,0.1809,-0.0416,0.026,0.000,0.197,-0.028,49.969
1068,4948.264,4647.5154,-21.510,1.941,-32.29,2.522,0.409,-21.670,1.564,0.1677,-0.0447,0.026,0.000,0.197,-0.031,49.904
1069,4953.064,4549.3640,-21.396,1.885,-31.79,2.517,0.412,-21.528,1.495,0.1620,-0.0454,0.026,0.000,0.196,-0.028,49.876
1070,4957.664,4395.4933,-21.282,1.831,-31.30,2.507,0.416,-21.528,1.495,0.1693,0.0132,0.031,0.000,0.197,-0.023,100.134
1071,4962.513,4618.8444,-21.169,1.776,-30.84,2.498,0.411,-21.387,1.428,0.1733,-0.0088,0.029,0.000,0.197,-0.028,50.062
1072,4967.264,4520.2156,-21.055,1.723,-30.41,2.498,0.409,-21.244,1.361,0.1751,-0.0379,0.026,0.000,0.197,-0.032,99.879
1073,4971.963,4474.2726,-20.940,1.671,-29.95,2.500,0.408,-21.101,1.297,0.1823,-0.0659,0.024,0.000,0.196,-0.030,50.060
1074,4976.763,4576.6867,-20.825,1.620,-29.46,2.495,0.409,-20.957,1.234,0.1780,-0.1037,0.020,0.000,0.196,-0.026,100.406
1075,4981.614,4564.6675,-20.710,1.571,-28.96,2.491,0.412,-20.813,1.172,0.1825,-0.0752,0.023,0.000,0.196,-0.023,100.660
1076,4986.264,4481.1740,-20.595,1.523,-28.46,2.480,0.414,-20.813,1.172,0.1834,-0.0395,0.026,0.000,0.196,-0.015,50.302
1077,4991.013,4477.7235,-20.479,1.477,-27.97,2.473,0.411,-20.668,1.112,0.1864,-0.0766,0.022,0.000,0.196,-0.014,99.752
1078,4995.664,4445.3151,-20.364,1.432,-27.47,2.474,0.410,-20.522,1.053,0.1935,-0.0521,0.024,0.000,0.196,-0.010,100.023
1079,5000.364,4417.3566,-20.249,1.388,-26.96,2.461,0.411,-20.376,0.996,0.2013,0.0118,0.030,0.000,0.196,-0.002,100.108
1080,5005.014,4474.2225,-20.133,1.345,-26.45,2.451,0.415,-20.229,0.941,0.1987,0.0136,0.030,0.000,0.196,-0.006,49.966
1081,5009.514,4215.8644,-20.017,1.304,-25.92,2.453,0.420,-20.229,0.941,0.1908,0.0479,0.033,0.000,0.196,0.002,100.011
1082,5013.914,4245.8191,-19.900,1.264,-25.38,2.455,0.418,-20.081,0.887,0.1904,0.0482,0.033,0.000,0.196,0.010,50.129
1083,5018.414,4281.6984,-19.783,1.224,-24.85,2.460,0.418,-19.933,0.834,0.1703,0.0670,0.035,0.000,0.196,0.011,50.001
1084,5023.064,4427.4391,-19.665,1.186,-24.33,2.468,0.420,-19.784,0.783,0.1653,0.0513,0.034,0.000,0.196,0.014,100.344
1085,5027.614,4339.5405,-19.547,1.147,-23.84,2.480,0.422,-19.635,0.734,0.1816,0.0857,0.037,0.000,0.197,0.017,49.564
1086,5032.114,4292.7742,-19.429,1.109,-23.38,2.489,0.427,-19.486,0.686,0.1836,0.0876,0.037,0.000,0.197,0.015,101.094
1087,5036.764,4426.8741,-19.309,1.072,-22.92,2.497,0.424,-19.486,0.686,0.1744,0.0850,0.037,0.000,0.197,0.011,50.275
1088,5041.514,4546.4826,-19.189,1.036,-22.43,2.510,0.422,-19.335,0.640,0.1642,0.0520,0.034,0.000,0.197,0.015,99.956
1089,5046.214,4477.2019,-19.067,1.001,-21.92,2.519,0.422,-19.185,0.596,0.1681,0.0306,0.032,0.000,0.197,0.021,50.198
1090,5050.664,4222.1220,-18.945,0.966,-21.44,2.521,0.423,-19.034,0.553,0.1782,-0.0224,0.028,0.000,0.197,0.030,99.992
1091,5055.214,4262.9096,-18.823,0.932,-20.99,2.515,0.425,-18.882,0.511,0.1922,-0.0087,0.029,0.000,0.197,0.034,99.927
1092,5059.814,4394.7516,-18.700,0.900,-20.52,2.514,0.429,-18.882,0.511,0.1910,-0.0303,0.027,0.000,0.197,0.037,99.961
1093,5064.315,4244.8564,-18.577,0.869,-20.01,2.520,0.427,-18.730,0.471,0.1844,-0.0299,0.027,0.000,0.197,0.030,100.154
1094,5068.664,4108.6200,-18.453,0.840,-19.46,2.517,0.426,-18.578,0.433,0.1779,-0.0703,0.023,0.000,0.197,0.036,100.121
1095,5073.465,4500.8275,-18.330,0.812,-18.93,2.510,0.426,-18.425,0.396,0.1819,-0.0846,0.022,0.000,0.197,0.038,100.151
1096,5077.915,4236.9181,-18.207,0.784,-18.42,2.502,0.428,-18.272,0.361,0.1794,-0.0567,0.024,0.000,0.197,0.035,100.579
1097,5082.565,4405.7727,-18.084,0.758,-17.93,2.493,0.432,-18.119,0.328,0.1847,-0.0730,0.023,0.000,0.197,0.028,49.755
1098,5086.965,4169.6119,-17.961,0.733,-17.44,2.489,0.435,-18.119,0.328,0.1819,-0.0464,0.025,0.000,0.197,0.023,100.061
1099,5091.615,4386.6119,-17.838,0.710,-16.94,2.482,0.433,-17.965,0.296,0.1832,-0.0355,0.026,0.000,0.196,0.012,100.281
1100,5096.116,4253.3822,-17.716,0.687,-16.43,2.476,0.432,-17.811,0.266,0.1581,-0.0105,0.028,0.000,0.196,0.000,99.801
1101,5100.865,4491.5422,-17.594,0.666,-15.93,2.466,0.433,-17.656,0.237,0.1458,-0.0123,0.028,0.000,0.196,-0.000,99.515
1102,5105.315,4262.5317,-17.471,0.644,-15.46,2.459,0.435,-17.502,0.210,0.1455,0.0359,0.032,0.000,0.197,-0.003,50.209
1103,5109.765,4236.0802,-17.350,0.623,-15.03,2.458,0.438,-17.347,0.185,0.1279,0.0122,0.030,0.000,0.197,0.002,50.122
1104,5114.215,4291.8563,-17.227,0.602,-14.65,2.461,0.434,-17.347,0.185,0.1309,0.0057,0.030,0.000,0.198,0.004,49.957
1105,5118.665,4149.1873,-17.105,0.581,-14.28,2.464,0.428,-17.191,0.161,0.1526,-0.0081,0.028,0.000,0.198,0.004,100.653
1106,5123.265,4385.7665,-16.983,0.560,-13.93,2.468,0.424,-17.036,0.139,0.1501,0.0004,0.029,0.000,0.198,0.001,99.982
1107,5127.716,4222.1606,-16.861,0.540,-13.56,2.468,0.422,-16.880,0.118,0.1559,0.0095,0.030,0.000,0.198,-0.002,50.072
1108,5132.315,4385.7110,-16.738,0.522,-13.17,2.473,0.423,-16.724,0.099,0.1752,0.0115,0.030,0.000,0.197,-0.002,99.687
1109,5136.865,4320.9756,-16.615,0.505,-12.75,2.476,0.420,-16.724,0.099,0.1776,0.0167,0.031,0.000,0.197,0.004,50.454
1110,5141.315,4242.4090,-16.492,0.490,-12.30,2.474,0.415,-16.568,0.082,0.1809,0.0526,0.034,0.000,0.197,0.004,100.738
1111,5145.765,4236.6972,-16.368,0.477,-11.84,2.479,0.413,-16.412,0.067,0.1977,0.0322,0.032,0.000,0.196,-0.001,50.516
1112,5150.215,4279.4311,-16.243,0.465,-11.35,2.483,0.413,-16.255,0.053,0.1789,-0.0063,0.029,0.000,0.196,-0.005,50.310
1113,5154.766,4315.0339,-16.119,0.455,-10.84,2.490,0.415,-16.099,0.040,0.1816,-0.0070,0.029,0.000,0.196,-0.008,49.988
1114,5159.215,4239.3114,-15.993,0.446,-10.32,2.490,0.419,-16.099,0.040,0.1850,0.0135,0.030,0.000,0.196,-0.012,99.805
1115,5163.865,4429.5836,-15.868,0.437,-9.82,2.487,0.414,-15.942,0.030,0.1707,0.0233,0.031,0.000,0.197,-0.018,50.253
1116,5168.465,4360.3171,-15.743,0.430,-9.32,2.487,0.412,-15.785,0.021,0.1660,0.0537,0.034,0.000,0.197,-0.009,100.078
1117,5172.816,4074.1050,-15.618,0.423,-8.83,2.495,0.410,-15.628,0.013,0.1622,0.0548,0.034,0.000,0.197,-0.003,100.421
1118,5177.215,4191.5575,-15.492,0.417,-8.36,2.503,0.410,-15.471,0.007,0.1484,-0.0002,0.029,0.000,0.197,0.001,100.352
1119,5181.466,4010.2267,-15.367,0.412,-7.91,2.512,0.412,-15.314,0.003,0.1466,-0.0154,0.028,0.000,0.197,0.002,50.331
1120,5185.916,4199.7210,-15.241,0.406,-7.49,2.514,0.410,-15.314,0.003,0.1349,-0.0049,0.029,0.000,0.197,0.006,100.146
1121,5190.416,4240.4023,-15.115,0.401,-7.08,2.515,0.403,-15.157,0.001,0.1235,-0.0541,0.025,0.000,0.197,0.006,100.003
1122,5194.716,4136.4921,-14.990,0.397,-6.70,2.514,0.397,-15.000,0.000,0.1270,-0.0341,0.026,0.000,0.197,0.004,50.091
1123,5199.066,4071.7883,-14.865,0.392,-6.34,2.505,0.394,-14.900,0.000,0.1157,-0.0444,0.025,0.000,0.197,-0.001,100.091
1124,5203.417,4191.6210,-14.740,0.388,-6.00,2.496,0.390,-14.700,0.000,0.1153,-0.0379,0.026,0.000,0.197,-0.005,49.958
1125,5207.916,4241.0727,-14.615,0.384,-5.67,2.489,0.385,-14.600,0.000,0.1166,0.0077,0.030,0.000,0.197,-0.008,99.857
1126,5212.117,4033.1996,-14.491,0.381,-5.35,2.482,0.381,-14.500,0.000,0.1116,0.0032,0.029,0.000,0.197,-0.015,50.016
1127,5216.566,4162.1019,-14.367,0.378,-5.03,2.481,0.380,-14.400,0.000,0.0972,0.0672,0.035,0.000,0.197,-0.015,99.956
1128,5220.866,4078.1459,-14.243,0.376,-4.72,2.482,0.379,-14.200,0.000,0.0901,0.1054,0.039,0.000,0.198,-0.007,100.240
1129,5225.066,3941.6830,-14.119,0.374,-4.43,2.488,0.374,-14.100,0.000,0.0763,0.0745,0.036,0.000,0.198,-0.003,100.101
1130,5229.466,4154.9873,-13.994,0.371,-4.18,2.499,0.371,-14.000,0.000,0.0751,0.0727,0.036,0.000,0.199,0.006,99.738
1131,5233.716,4047.8839,-13.868,0.369,-3.95,2.512,0.370,-13.900,0.000,0.0606,0.1115,0.040,0.000,0.199,0.014,50.118
1132,5237.966,4055.3541,-13.742,0.366,-3.74,2.523,0.368,-13.700,0.000,0.0441,0.0794,0.037,0.000,0.199,0.020,50.434
1133,5242.317,4071.1819,-13.615,0.363,-3.55,2.537,0.363,-13.600,0.000,0.0346,0.0667,0.036,0.000,0.200,0.024,100.091
1134,5246.517,3982.2700,-13.488,0.359,-3.40,2.545,0.359,-13.500,0.000,0.0206,0.0460,0.034,0.000,0.200,0.024,99.552
1135,5250.717,3967.0990,-13.361,0.355,-3.29,2.551,0.357,-13.400,0.000,0.0265,0.0371,0.033,0.000,0.200,0.022,50.031
1136,5254.817,3938.6087,-13.234,0.350,-3.22,2.555,0.352,-13.200,0.000,0.0292,0.0337,0.033,0.000,0.200,0.017,50.853
1137,5259.068,4026.1799,-13.106,0.345,-3.16,2.562,0.345,-13.100,0.000,0.0392,-0.0259,0.028,0.000,0.200,0.012,50.282
1138,5263.167,3930.1008,-12.978,0.341,-3.08,2.567,0.342,-13.000,0.000,0.0320,-0.0764,0.023,0.000,0.200,0.006,50.509
1139,5267.467,4019.0834,-12.850,0.337,-2.99,2.565,0.341,-12.900,0.000,0.0298,-0.0872,0.022,0.000,0.199,0.005,99.840
1140,5271.367,3705.0605,-12.723,0.333,-2.88,2.554,0.334,-12.700,0.000,0.0366,-0.0919,0.022,0.000,0.199,0.003,49.798
1141,5275.567,3931.9201,-12.596,0.329,-2.79,2.539,0.329,-12.600,0.000,0.0484,-0.1138,0.020,0.000,0.199,0.001,100.051
1142,5279.717,3926.1754,-12.470,0.326,-2.71,2.528,0.328,-12.500,0.000,0.0394,-0.1017,0.021,0.000,0.199,-0.001,100.210
1143,5283.817,3807.9334,-12.344,0.324,-2.60,2.516,0.327,-12.300,0.000,0.0288,-0.0870,0.022,0.000,0.198,0.002,99.857
1144,5287.817,3789.0752,-12.219,0.322,-2.47,2.503,0.322,-12.200,0.000,0.0273,-0.0615,0.024,0.000,0.198,0.006,99.965
1145,5291.917,3837.8115,-12.094,0.319,-2.37,2.490,0.319,-12.100,0.000,0.0280,-0.0858,0.022,0.000,0.198,0.002,100.115
1146,5295.968,3818.7696,-11.970,0.316,-2.30,2.481,0.318,-12.000,0.000,0.0343,-0.0384,0.026,0.000,0.199,-0.004,99.924
1147,5300.017,3779.9584,-11.847,0.314,-2.23,2.474,0.317,-11.800,0.000,0.0370,-0.0441,0.025,0.000,0.199,-0.008,99.853
1148,5303.917,3656.1412,-11.724,0.312,-2.14,2.471,0.313,-11.700,0.000,0.0284,-0.0072,0.028,0.000,0.199,-0.010,100.009
1149,5307.867,3661.9707,-11.601,0.310,-2.04,2.468,0.310,-11.600,0.000,0.0290,-0.0461,0.025,0.000,0.199,-0.008,100.195
1150,5311.817,3738.4709,-11.478,0.308,-1.94,2.464,0.309,-11.500,0.000,0.0285,-0.0388,0.026,0.000,0.199,-0.009,99.960
1151,5315.717,3692.4239,-11.355,0.306,-1.86,2.456,0.309,-11.400,0.000,0.0372,-0.0122,0.028,0.000,0.199,-0.008,50.154
1152,5319.667,3733.6310,-11.233,0.305,-1.79,2.449,0.306,-11.200,0.000,0.0424,-0.0430,0.025,0.000,0.199,-0.010,100.060
1153,5323.867,3943.7539,-11.111,0.304,-1.70,2.444,0.304,-11.100,0.000,0.0331,-0.0209,0.027,0.000,0.199,-0.011,100.158
1154,5327.817,3770.2448,-10.989,0.303,-1.59,2.440,0.303,-11.000,0.000,0.0353,0.0169,0.030,0.000,0.199,-0.007,50.451
1155,5331.718,3612.1172,-10.867,0.302,-1.48,2.435,0.304,-10.900,0.000,0.0317,0.0191,0.031,0.000,0.199,-0.011,100.526
1156,5335.517,3574.6075,-10.745,0.302,-1.39,2.434,0.305,-10.700,0.000,0.0343,0.0058,0.029,0.000,0.199,-0.010,99.709
1157,5339.318,3540.0145,-10.622,0.302,-1.30,2.435,0.302,-10.600,0.000,0.0209,0.0339,0.032,0.000,0.199,-0.008,99.922
1158,5343.118,3623.6114,-10.500,0.301,-1.21,2.435,0.301,-10.500,0.000,-0.0043,0.0609,0.034,0.000,0.199,-0.004,49.912
1159,5347.017,3629.7872,-10.377,0.301,-1.13,2.438,0.302,-10.400,0.000,-0.0079,0.0852,0.037,0.000,0.200,0.001,100.131
1160,5350.768,3529.6170,-10.255,0.299,-1.09,2.447,0.302,-10.300,0.000,-0.0159,0.0891,0.037,0.000,0.200,0.015,99.808
1161,5354.418,3446.4646,-10.132,0.296,-1.10,2.455,0.298,-10.100,0.000,-0.0177,0.0636,0.035,0.000,0.200,0.017,49.733
1162,5358.168,3582.6203,-10.009,0.293,-1.14,2.467,0.293,-10.000,0.000,-0.0176,0.0755,0.036,0.000,0.201,0.011,50.109
1163,5362.018,3569.3063,-9.885,0.290,-1.18,2.478,0.290,-9.900,0.000,-0.0217,0.0275,0.032,0.000,0.201,0.011,100.671
1164,5365.818,3564.8481,-9.760,0.286,-1.23,2.488,0.288,-9.800,0.000,-0.0261,0.0136,0.031,0.000,0.200,0.010,100.753
1165,5369.668,3591.4615,-9.636,0.281,-1.27,2.491,0.284,-9.600,0.000,-0.0314,0.0184,0.031,0.000,0.200,0.009,99.830
1166,5373.368,3508.9069,-9.511,0.277,-1.34,2.491,0.277,-9.500,0.000,-0.0167,0.0405,0.033,0.000,0.200,0.005,50.120
1167,5377.218,3586.3463,-9.387,0.272,-1.42,2.492,0.272,-9.400,0.000,-0.0356,0.0323,0.032,0.000,0.200,0.003,100.409
1168,5380.968,3530.2554,-9.262,0.267,-1.49,2.502,0.270,-9.300,0.000,-0.0319,0.0230,0.032,0.000,0.200,0.003,100.519
1169,5384.668,3441.8279,-9.137,0.262,-1.54,2.508,0.264,-9.100,0.000,-0.0318,-0.0097,0.029,0.000,0.200,0.005,100.347
1170,5388.468,3577.6784,-9.011,0.256,-1.61,2.507,0.256,-9.000,0.000,-0.0242,-0.0144,0.028,0.000,0.200,0.003,100.659
1171,5392.370,3626.5943,-8.886,0.250,-1.70,2.502,0.251,-8.900,0.000,-0.0270,-0.0114,0.029,0.000,0.200,-0.004,100.171
1172,5395.820,3223.0693,-8.761,0.244,-1.79,2.504,0.248,-8.800,0.000,-0.0245,-0.0297,0.027,0.000,0.200,-0.003,100.255
1173,5399.519,3440.4556,-8.636,0.239,-1.86,2.503,0.241,-8.600,0.000,-0.0149,0.0097,0.030,0.000,0.200,-0.002,100.280
1174,5403.120,3403.0948,-8.511,0.233,-1.92,2.501,0.233,-8.500,0.000,-0.0051,-0.0261,0.027,0.000,0.200,-0.002,50.243
1175,5406.770,3354.7968,-8.386,0.227,-1.98,2.504,0.228,-8.400,0.000,-0.0042,-0.0319,0.027,0.000,0.199,-0.001,99.536
1176,5410.470,3493.4089,-8.261,0.222,-2.01,2.507,0.226,-8.300,0.000,-0.0053,-0.0531,0.025,0.000,0.199,0.004,100.079
1177,5414.271,3517.8217,-8.136,0.217,-2.02,2.503,0.220,-8.100,0.000,0.0154,-0.0376,0.026,0.000,0.199,0.008,100.366
1178,5418.069,3576.5156,-8.011,0.213,-2.03,2.496,0.213,-8.000,0.000,0.0140,-0.0503,0.025,0.000,0.199,0.003,100.065
1179,5421.720,3430.3709,-7.886,0.209,-2.02,2.495,0.210,-7.900,0.000,0.0182,-0.0517,0.025,0.000,0.199,0.002,49.914
1180,5425.471,3527.6841,-7.762,0.206,-1.99,2.492,0.209,-7.800,0.000,0.0281,-0.0630,0.024,0.000,0.199,0.001,100.363
1181,5428.870,3164.4297,-7.638,0.203,-1.94,2.488,0.206,-7.600,0.000,0.0159,-0.0476,0.025,0.000,0.199,-0.009,49.939
1182,5432.220,3173.6896,-7.514,0.201,-1.87,2.481,0.201,-7.500,0.000,0.0136,-0.0299,0.026,0.000,0.199,-0.008,50.156
1183,5435.670,3180.2437,-7.390,0.198,-1.81,2.475,0.199,-7.400,0.000,0.0102,-0.0324,0.026,0.000,0.199,-0.004,99.994
1184,5439.320,3419.7983,-7.267,0.196,-1.77,2.472,0.198,-7.300,0.000,0.0025,-0.0322,0.026,0.000,0.199,-0.005,100.139
1185,5443.070,3454.0435,-7.144,0.193,-1.73,2.467,0.198,-7.100,0.000,-0.0014,-0.0132,0.028,0.000,0.199,-0.004,100.282
1186,5446.620,3325.0854,-7.021,0.190,-1.71,2.461,0.191,-7.000,0.000,0.0012,-0.0184,0.027,0.000,0.199,-0.004,99.620
1187,5450.220,3316.8266,-6.899,0.186,-1.71,2.455,0.186,-6.900,0.000,-0.0200,0.0016,0.029,0.000,0.200,-0.007,99.969
1188,5453.671,3204.1166,-6.776,0.183,-1.71,2.458,0.184,-6.800,0.000,-0.0147,0.0081,0.030,0.000,0.200,-0.007,100.059
1189,5457.070,3160.4571,-6.654,0.178,-1.73,2.453,0.184,-6.700,0.000,0.0071,0.0237,0.031,0.000,0.200,-0.001,49.520
1190,5460.420,3129.7431,-6.532,0.173,-1.78,2.451,0.176,-6.500,0.000,0.0087,0.0416,0.033,0.000,0.200,-0.013,100.217
1191,5463.970,3286.3992,-6.410,0.170,-1.80,2.457,0.170,-6.400,0.000,0.0164,0.0295,0.032,0.000,0.200,-0.006,100.082
1192,5467.470,3254.4898,-6.287,0.166,-1.78,2.468,0.167,-6.300,0.000,0.0112,0.0259,0.031,0.000,0.199,0.004,99.942
1193,5470.970,3211.4483,-6.163,0.163,-1.73,2.471,0.168,-6.200,0.000,0.0028,-0.0345,0.026,0.000,0.199,0.004,100.032
1194,5474.320,3124.4401,-6.040,0.161,-1.69,2.468,0.166,-6.000,0.000,0.0127,0.0360,0.032,0.000,0.199,0.004,100.594
1195,5477.670,3062.2319,-5.916,0.158,-1.67,2.463,0.159,-5.900,0.000,0.0207,0.0644,0.035,0.000,0.200,0.001,99.997
1196,5480.970,3088.8625,-5.793,0.155,-1.66,2.468,0.155,-5.800,0.000,0.0161,0.0973,0.038,0.000,0.200,0.001,100.342
1197,5484.371,3149.2827,-5.669,0.153,-1.62,2.481,0.156,-5.700,0.000,0.0156,0.1054,0.039,0.000,0.200,0.006,49.781
1198,5487.771,3151.9917,-5.544,0.151,-1.56,2.493,0.157,-5.500,0.000,0.0133,0.0137,0.031,0.000,0.200,0.010,99.636
1199,5491.220,3242.6891,-5.419,0.148,-1.51,2.500,0.150,-5.400,0.000,0.0072,-0.0318,0.027,0.000,0.200,0.008,49.790
1200,5494.620,3171.8528,-5.293,0.146,-1.47,2.499,0.146,-5.300,0.000,-0.0028,-0.0429,0.026,0.000,0.200,0.005,100.330
1201,5497.970,3050.4699,-5.168,0.144,-1.44,2.490,0.147,-5.200,0.000,-0.0001,-0.0673,0.023,0.000,0.200,0.007,99.894
1202,5501.320,3154.5995,-5.043,0.141,-1.43,2.480,0.147,-5.000,0.000,0.0066,-0.0907,0.021,0.000,0.200,0.007,50.138
