step,t,solve_ms,mx,my,myaw_deg,v,min_dist,ref_x,ref_y,steer_rad,accel_cmd,throttle,brake,z,vz
0,0.307,280.9588,-0.002,0.000,0.00,0.000,0.002,0.000,0.000,-0.0034,0.3440,0.031,0.000,0.198,0.000
1,0.347,2.6429,-0.002,0.000,0.00,0.000,0.002,0.000,0.000,-0.0030,0.6999,0.063,0.000,0.198,0.002
2,0.386,2.5514,-0.005,-0.000,0.01,0.000,0.005,0.000,0.000,0.0030,0.9677,0.087,0.000,0.198,0.009
3,0.426,1.9255,-0.005,-0.000,0.01,0.000,0.005,0.000,0.000,0.0010,1.2133,0.110,0.000,0.199,0.015
4,0.466,2.0512,0.002,0.000,-0.00,0.209,0.002,0.000,0.000,0.0011,1.4264,0.131,0.000,0.200,0.042
5,0.506,2.1134,0.016,0.000,-0.01,0.341,0.016,0.000,0.000,0.0026,1.6100,0.149,0.000,0.203,0.057
6,0.548,1.8891,0.036,0.000,-0.00,0.484,0.036,0.000,0.000,0.0048,1.7066,0.159,0.000,0.206,0.061
7,0.587,2.0791,0.062,0.000,0.00,0.632,0.038,0.100,0.000,-0.0045,1.8159,0.171,0.000,0.208,0.009
8,0.626,2.0329,0.095,0.000,0.01,0.780,0.005,0.100,0.000,-0.0094,1.8781,0.179,0.000,0.208,0.023
9,0.667,1.9966,0.133,0.000,0.01,0.914,0.033,0.100,0.000,-0.0095,1.8411,0.178,0.000,0.209,0.005
10,0.706,2.1212,0.176,0.000,0.01,1.036,0.024,0.200,0.000,-0.0120,1.8394,0.180,0.000,0.210,0.032
11,0.746,1.9011,0.225,-0.000,0.00,1.173,0.025,0.200,0.000,-0.0075,1.8213,0.181,0.000,0.211,-0.004
12,0.786,1.9282,0.278,-0.000,-0.02,1.290,0.022,0.300,0.000,-0.0127,1.7496,0.177,0.000,0.210,0.001
13,0.827,2.0509,0.336,-0.001,-0.05,1.413,0.036,0.300,0.000,-0.0141,1.7164,0.176,0.000,0.211,-0.031
14,0.865,1.9767,0.398,-0.002,-0.08,1.537,0.003,0.400,0.000,-0.0101,1.6523,0.172,0.000,0.210,-0.014
15,0.906,1.9265,0.466,-0.003,-0.10,1.647,0.034,0.500,0.000,-0.0171,1.5563,0.166,0.000,0.210,-0.023
16,0.945,1.9529,0.537,-0.004,-0.13,1.758,0.037,0.500,0.000,-0.0177,1.4560,0.159,0.000,0.209,-0.002
17,0.986,1.9007,0.612,-0.005,-0.17,1.864,0.013,0.600,0.000,-0.0126,1.3254,0.149,0.000,0.209,-0.028
18,1.026,2.1347,0.692,-0.006,-0.21,1.960,0.010,0.700,0.000,-0.0114,1.1869,0.139,0.000,0.208,0.009
19,1.065,1.9527,0.774,-0.008,-0.26,2.074,0.027,0.800,0.000,-0.0047,1.1000,0.132,0.000,0.208,-0.007
20,1.106,1.9701,0.861,-0.009,-0.31,2.166,0.040,0.900,0.000,-0.0004,1.0030,0.125,0.000,0.207,-0.027
21,1.145,1.9294,0.951,-0.011,-0.35,2.257,0.050,1.000,0.000,0.0096,0.8754,0.115,0.000,0.207,0.003
22,1.185,2.1164,1.046,-0.012,-0.38,2.348,0.047,1.000,0.000,0.0115,0.7932,0.109,0.000,0.206,0.000
23,1.226,1.9940,1.143,-0.012,-0.38,2.451,0.044,1.100,0.000,0.0169,0.6952,0.101,0.000,0.205,-0.022
24,1.264,1.8869,1.243,-0.012,-0.36,2.523,0.045,1.200,0.000,0.0169,0.5998,0.094,0.000,0.205,-0.036
25,1.305,2.1157,1.347,-0.012,-0.33,2.598,0.048,1.300,0.000,0.0200,0.4849,0.084,0.000,0.205,-0.018
26,1.345,1.8779,1.453,-0.011,-0.27,2.664,0.049,1.500,0.000,0.0116,0.4159,0.079,0.000,0.204,0.001
27,1.385,1.9916,1.562,-0.009,-0.20,2.723,0.039,1.600,0.000,0.0109,0.2857,0.068,0.000,0.203,0.021
28,1.425,1.9215,1.673,-0.007,-0.11,2.790,0.028,1.700,0.000,0.0057,0.2114,0.061,0.000,0.203,0.004
29,1.465,1.9364,1.786,-0.006,-0.04,2.833,0.015,1.800,0.000,0.0112,0.0877,0.051,0.000,0.203,-0.002
30,1.506,2.5607,1.900,-0.004,0.01,2.862,0.004,1.900,0.000,0.0120,-0.0052,0.042,0.000,0.203,-0.027
31,1.546,3.9825,2.016,-0.003,0.04,2.884,0.016,2.000,0.000,0.0147,-0.0891,0.035,0.000,0.202,-0.043
32,1.586,2.1488,2.132,-0.002,0.07,2.898,0.032,2.100,0.000,0.0090,-0.1271,0.032,0.000,0.202,-0.042
33,1.627,2.2281,2.248,0.000,0.12,2.905,0.048,2.200,0.000,-0.0005,-0.2240,0.023,0.000,0.201,-0.030
34,1.665,2.0703,2.364,0.002,0.19,2.903,0.036,2.400,0.000,0.0001,-0.2928,0.016,0.000,0.200,-0.005
35,1.704,1.9931,2.480,0.004,0.24,2.886,0.020,2.500,0.000,0.0011,-0.3206,0.014,0.000,0.200,0.011
36,1.745,1.9654,2.595,0.004,0.26,2.865,0.006,2.600,0.000,0.0056,-0.3200,0.013,0.000,0.200,0.014
37,1.785,1.8953,2.711,0.005,0.26,2.845,0.012,2.700,0.000,0.0044,-0.3540,0.010,0.000,0.199,0.003
38,1.826,1.9404,2.825,0.006,0.25,2.829,0.026,2.800,0.000,-0.0001,-0.3240,0.012,0.000,0.199,-0.005
39,1.865,2.0066,2.938,0.008,0.27,2.814,0.038,2.900,0.000,-0.0032,-0.3656,0.008,0.000,0.198,-0.009
40,1.905,2.0293,3.049,0.009,0.29,2.791,0.050,3.000,0.000,-0.0025,-0.3503,0.009,0.000,0.198,-0.019
41,1.946,2.0680,3.160,0.009,0.31,2.767,0.041,3.200,0.000,-0.0039,-0.2778,0.015,0.000,0.198,-0.031
42,1.985,1.9339,3.270,0.010,0.30,2.734,0.031,3.300,0.000,-0.0040,-0.2634,0.016,0.000,0.198,-0.024
43,2.026,1.9897,3.379,0.010,0.28,2.703,0.023,3.400,0.000,-0.0071,-0.3042,0.012,0.000,0.198,0.008
44,2.065,1.8837,3.487,0.010,0.26,2.683,0.017,3.500,0.000,-0.0096,-0.3232,0.010,0.000,0.198,0.036
45,2.105,1.9608,3.594,0.010,0.24,2.670,0.012,3.600,0.000,-0.0126,-0.2825,0.013,0.000,0.198,0.033
46,2.145,1.9070,3.701,0.010,0.22,2.652,0.010,3.700,0.000,-0.0064,-0.2457,0.016,0.000,0.198,0.009
47,2.186,1.9541,3.806,0.009,0.18,2.629,0.011,3.800,0.000,-0.0040,-0.1896,0.021,0.000,0.198,-0.025
48,2.225,1.9331,3.911,0.009,0.13,2.611,0.014,3.900,0.000,-0.0029,-0.1765,0.021,0.000,0.199,-0.040
49,2.266,2.0543,4.014,0.008,0.09,2.592,0.017,4.000,0.000,-0.0015,-0.1549,0.023,0.000,0.199,-0.004
50,2.306,3.7744,4.118,0.008,0.07,2.580,0.020,4.100,0.000,-0.0019,-0.0963,0.028,0.000,0.198,0.045
51,2.345,1.9516,4.222,0.008,0.06,2.580,0.023,4.200,0.000,0.0027,-0.1209,0.026,0.000,0.198,0.032
52,2.386,1.9704,4.325,0.008,0.06,2.581,0.026,4.300,0.000,-0.0038,-0.1199,0.026,0.000,0.198,0.001
53,2.425,1.9553,4.426,0.008,0.06,2.578,0.028,4.400,0.000,-0.0031,-0.1319,0.025,0.000,0.199,-0.036
54,2.466,2.0314,4.529,0.009,0.06,2.574,0.030,4.500,0.000,0.0025,-0.1028,0.027,0.000,0.199,-0.009
55,2.505,2.3018,4.632,0.009,0.05,2.559,0.033,4.600,0.000,-0.0052,-0.0559,0.031,0.000,0.200,0.031
56,2.545,2.1054,4.735,0.009,0.04,2.556,0.036,4.700,0.000,-0.0056,-0.0999,0.027,0.000,0.199,0.039
57,2.585,2.0675,4.837,0.009,0.04,2.565,0.038,4.800,0.000,-0.0152,-0.1314,0.024,0.000,0.199,0.006
58,2.626,1.9960,4.939,0.009,0.04,2.564,0.040,4.900,0.000,-0.0125,-0.1618,0.021,0.000,0.200,-0.030
59,2.665,2.2641,5.042,0.008,0.02,2.557,0.042,5.000,0.000,-0.0182,-0.1792,0.020,0.000,0.200,-0.021
60,2.706,2.3295,5.144,0.007,-0.01,2.535,0.044,5.100,0.000,-0.0232,-0.2582,0.012,0.000,0.200,0.022
61,2.744,2.1981,5.245,0.006,-0.07,2.523,0.045,5.200,0.000,-0.0325,-0.3362,0.005,0.000,0.200,0.041
62,2.786,2.2926,5.346,0.004,-0.13,2.511,0.046,5.300,0.000,-0.0399,-0.3870,0.000,0.000,0.200,0.010
63,2.826,2.1830,5.446,0.002,-0.21,2.488,0.046,5.400,0.000,-0.0576,-0.4241,0.000,0.004,0.200,-0.040
64,2.866,2.2590,5.544,-0.001,-0.30,2.448,0.044,5.500,0.000,-0.0631,-0.3884,0.000,0.001,0.200,-0.020
65,2.906,2.1253,5.640,-0.005,-0.41,2.399,0.040,5.600,0.000,-0.0741,-0.4332,0.000,0.005,0.200,0.017
66,2.945,2.3541,5.735,-0.009,-0.54,2.361,0.036,5.700,0.000,-0.0816,-0.3784,0.000,0.001,0.200,0.020
67,2.986,2.0008,5.829,-0.014,-0.69,2.323,0.032,5.800,0.000,-0.0852,-0.3611,0.000,0.000,0.199,-0.017
68,3.025,2.2628,5.921,-0.020,-0.86,2.280,0.029,5.900,0.000,-0.0868,-0.3318,0.002,0.000,0.199,-0.025
69,3.064,2.1464,6.011,-0.027,-1.05,2.244,0.029,6.000,0.000,-0.0935,-0.2694,0.007,0.000,0.199,0.011
70,3.105,4.0339,6.100,-0.034,-1.27,2.202,0.034,6.100,0.000,-0.0970,-0.1974,0.013,0.000,0.199,0.003
71,3.145,1.9831,6.187,-0.043,-1.50,2.158,0.045,6.200,0.000,-0.0954,-0.1193,0.020,0.000,0.199,-0.007
72,3.186,2.1165,6.272,-0.052,-1.75,2.140,0.059,6.300,0.000,-0.0984,-0.0918,0.022,0.000,0.199,-0.003
73,3.225,2.0335,6.357,-0.062,-2.01,2.113,0.075,6.400,0.000,-0.0946,-0.0064,0.030,0.000,0.199,0.004
74,3.265,1.9230,6.441,-0.073,-2.30,2.103,0.083,6.400,0.000,-0.0957,0.1143,0.040,0.000,0.199,0.010
75,3.305,2.0899,6.525,-0.084,-2.60,2.110,0.088,6.500,0.000,-0.0920,0.1310,0.042,0.000,0.199,0.013
76,3.345,2.0152,6.608,-0.097,-2.92,2.113,0.097,6.600,0.000,-0.0867,0.1816,0.047,0.000,0.200,-0.001
77,3.387,1.9847,6.693,-0.110,-3.26,2.126,0.110,6.700,0.000,-0.0737,0.2304,0.051,0.000,0.200,0.019
78,3.427,1.9547,6.777,-0.123,-3.58,2.162,0.126,6.800,0.000,-0.0655,0.2336,0.052,0.000,0.200,0.013
79,3.465,2.0153,6.863,-0.137,-3.89,2.192,0.142,6.900,0.000,-0.0516,0.2338,0.052,0.000,0.200,-0.014
80,3.506,2.0134,6.950,-0.151,-4.18,2.218,0.159,7.000,0.000,-0.0434,0.2469,0.054,0.000,0.201,0.011
81,3.545,2.4704,7.039,-0.164,-4.43,2.262,0.169,7.000,0.000,-0.0306,0.2402,0.053,0.000,0.201,0.026
82,3.586,1.9521,7.130,-0.177,-4.65,2.305,0.179,7.100,0.000,-0.0310,0.2495,0.054,0.000,0.201,-0.010
83,3.626,1.9142,7.222,-0.190,-4.84,2.335,0.191,7.200,0.000,-0.0224,0.1955,0.050,0.000,0.201,-0.008
84,3.665,2.6010,7.316,-0.201,-5.00,2.370,0.202,7.300,0.000,-0.0097,0.1836,0.049,0.000,0.201,0.019
85,3.706,3.7243,7.411,-0.213,-5.12,2.412,0.213,7.400,0.000,0.0061,0.0848,0.041,0.000,0.201,0.025
86,3.746,1.9779,7.507,-0.224,-5.22,2.443,0.224,7.500,0.000,0.0180,0.0855,0.041,0.000,0.201,-0.017
87,3.786,2.1418,7.605,-0.234,-5.28,2.471,0.234,7.600,0.000,0.0183,0.0559,0.038,0.000,0.201,-0.023
88,3.827,2.0006,7.703,-0.244,-5.31,2.485,0.244,7.700,0.000,0.0187,0.0477,0.038,0.000,0.201,0.005
89,3.865,2.2134,7.803,-0.252,-5.29,2.496,0.252,7.800,0.000,0.0293,0.0360,0.037,0.000,0.200,0.024
90,3.906,2.7919,7.903,-0.260,-5.25,2.518,0.260,7.900,0.000,0.0395,0.0002,0.033,0.000,0.200,-0.004
91,3.945,1.8531,8.003,-0.268,-5.20,2.526,0.268,8.000,0.000,0.0505,-0.0183,0.032,0.000,0.200,-0.038
92,3.986,1.9937,8.103,-0.275,-5.13,2.539,0.275,8.100,0.000,0.0593,-0.0502,0.029,0.000,0.200,-0.028
93,4.026,1.9507,8.204,-0.281,-5.04,2.535,0.281,8.200,0.000,0.0711,-0.0606,0.028,0.000,0.200,0.024
94,4.066,1.9816,8.306,-0.287,-4.93,2.539,0.287,8.300,0.000,0.0772,-0.0700,0.027,0.000,0.199,0.029
95,4.105,2.0148,8.408,-0.291,-4.78,2.553,0.291,8.400,0.000,0.0681,-0.0993,0.024,0.000,0.199,-0.022
96,4.145,2.0396,8.510,-0.295,-4.61,2.546,0.295,8.500,0.000,0.0638,-0.0904,0.025,0.000,0.199,-0.050
97,4.189,2.0084,8.612,-0.298,-4.43,2.539,0.298,8.600,0.000,0.0711,-0.0774,0.026,0.000,0.199,-0.027
98,4.228,2.4971,8.714,-0.300,-4.21,2.541,0.300,8.700,0.000,0.0695,-0.1064,0.023,0.000,0.198,0.017
99,4.265,2.4911,8.815,-0.300,-3.98,2.528,0.301,8.800,0.000,0.0806,-0.1168,0.022,0.000,0.198,0.038
100,4.305,2.2398,8.917,-0.300,-3.72,2.541,0.301,8.900,0.000,0.0770,-0.1414,0.020,0.000,0.197,-0.004
101,4.345,2.0040,9.018,-0.299,-3.45,2.530,0.299,9.000,0.000,0.0774,-0.1207,0.022,0.000,0.197,-0.053
102,4.386,2.0475,9.119,-0.297,-3.17,2.502,0.298,9.100,0.000,0.0705,-0.0969,0.024,0.000,0.197,-0.030
103,4.425,2.2269,9.220,-0.294,-2.87,2.507,0.295,9.200,0.000,0.0651,-0.1033,0.023,0.000,0.197,0.013
104,4.466,2.0571,9.319,-0.291,-2.56,2.505,0.292,9.300,0.000,0.0548,-0.0899,0.024,0.000,0.197,0.049
105,4.505,2.0722,9.419,-0.287,-2.27,2.493,0.288,9.400,0.000,0.0502,-0.0838,0.024,0.000,0.197,0.021
106,4.545,2.0640,9.519,-0.284,-2.02,2.479,0.285,9.500,0.000,0.0414,-0.0634,0.026,0.000,0.198,-0.027
107,4.585,2.1418,9.618,-0.282,-1.80,2.474,0.282,9.600,0.000,0.0323,-0.0676,0.026,0.000,0.198,-0.014
108,4.625,2.3007,9.717,-0.279,-1.60,2.469,0.280,9.700,0.000,0.0214,-0.0440,0.028,0.000,0.199,0.019
109,4.665,2.1255,9.816,-0.277,-1.42,2.464,0.278,9.800,0.000,0.0102,-0.0623,0.026,0.000,0.199,0.038
110,4.706,2.0382,9.915,-0.276,-1.29,2.452,0.276,9.900,0.000,0.0077,-0.0647,0.026,0.000,0.199,0.012
111,4.746,1.9777,10.013,-0.276,-1.19,2.453,0.276,10.000,0.000,0.0071,-0.1025,0.022,0.000,0.199,-0.006
112,4.786,1.9671,10.111,-0.276,-1.12,2.450,0.276,10.100,0.000,0.0085,-0.1306,0.020,0.000,0.200,-0.026
113,4.826,1.9364,10.208,-0.277,-1.08,2.434,0.277,10.200,0.000,0.0208,-0.1493,0.018,0.000,0.200,0.014
114,4.865,2.0802,10.306,-0.278,-1.06,2.419,0.278,10.300,0.000,0.0283,-0.0998,0.022,0.000,0.200,0.015
115,4.905,2.3023,10.402,-0.279,-1.04,2.417,0.279,10.400,0.000,0.0417,-0.0962,0.022,0.000,0.199,-0.007
116,4.945,2.0089,10.499,-0.279,-0.99,2.407,0.279,10.500,0.000,0.0520,-0.0515,0.026,0.000,0.199,-0.027
117,4.987,2.1335,10.595,-0.279,-0.92,2.408,0.279,10.600,0.000,0.0628,-0.1267,0.019,0.000,0.199,-0.011
118,5.025,1.9291,10.691,-0.278,-0.83,2.387,0.278,10.700,0.000,0.0757,-0.2334,0.010,0.000,0.199,0.018
119,5.066,2.1745,10.787,-0.276,-0.74,2.399,0.277,10.800,0.000,0.0964,-0.2575,0.007,0.000,0.198,-0.008
120,5.105,2.0490,10.881,-0.274,-0.61,2.387,0.275,10.900,0.000,0.1183,-0.2532,0.007,0.000,0.198,-0.031
121,5.146,1.9493,10.976,-0.271,-0.45,2.361,0.272,11.000,0.000,0.1228,-0.3115,0.002,0.000,0.198,-0.013
122,5.187,2.0000,11.070,-0.266,-0.28,2.326,0.268,11.100,0.000,0.1343,-0.3111,0.002,0.000,0.198,0.012
123,5.225,1.9222,11.163,-0.260,-0.07,2.308,0.263,11.200,0.000,0.1507,-0.2720,0.005,0.000,0.197,-0.001
124,5.265,2.0287,11.255,-0.254,0.18,2.281,0.258,11.300,0.000,0.1608,-0.1823,0.012,0.000,0.197,-0.050
125,5.305,1.8945,11.345,-0.246,0.44,2.241,0.250,11.300,0.000,0.1700,-0.1631,0.014,0.000,0.196,-0.014
126,5.345,2.0024,11.434,-0.236,0.75,2.212,0.239,11.400,0.000,0.1716,-0.0927,0.020,0.000,0.196,0.010
127,5.386,1.9493,11.522,-0.225,1.09,2.205,0.227,11.500,0.000,0.1691,-0.0244,0.026,0.000,0.195,-0.015
128,5.425,2.2670,11.610,-0.213,1.46,2.176,0.214,11.600,0.000,0.1694,0.0660,0.034,0.000,0.195,-0.033
129,5.465,2.0037,11.697,-0.200,1.87,2.188,0.200,11.700,0.000,0.1703,0.1563,0.042,0.000,0.195,0.001
130,5.506,2.0773,11.783,-0.185,2.31,2.184,0.186,11.800,0.000,0.1617,0.1641,0.043,0.000,0.195,0.016
131,5.546,2.0004,11.870,-0.168,2.76,2.201,0.171,11.900,0.000,0.1639,0.1835,0.045,0.000,0.195,-0.007
132,5.585,2.1119,11.958,-0.151,3.26,2.219,0.156,12.000,0.000,0.1621,0.1948,0.046,0.000,0.195,-0.004
133,5.626,2.0054,12.046,-0.131,3.78,2.237,0.139,12.000,0.000,0.1664,0.2530,0.051,0.000,0.195,-0.003
134,5.666,2.1496,12.135,-0.110,4.31,2.260,0.115,12.100,0.000,0.1630,0.2100,0.048,0.000,0.195,0.017
135,5.705,1.9652,12.224,-0.087,4.89,2.289,0.090,12.200,0.000,0.1701,0.1879,0.046,0.000,0.195,0.016
136,5.744,2.0273,12.314,-0.062,5.50,2.307,0.064,12.300,0.000,0.1843,0.2258,0.050,0.000,0.195,-0.022
137,5.787,1.8836,12.404,-0.037,6.10,2.348,0.037,12.400,0.000,0.2030,0.1451,0.043,0.000,0.196,-0.001
138,5.827,2.0792,12.495,-0.010,6.73,2.357,0.011,12.500,0.000,0.2133,0.0726,0.036,0.000,0.196,0.032
139,5.865,2.0551,12.587,0.020,7.37,2.363,0.024,12.600,0.000,0.2392,-0.0025,0.030,0.000,0.196,0.010
140,5.906,3.0604,12.679,0.051,8.05,2.398,0.055,12.700,0.000,0.2578,-0.0526,0.025,0.000,0.196,-0.028
141,5.946,2.1790,12.771,0.084,8.78,2.391,0.089,12.800,0.000,0.2681,-0.0954,0.022,0.000,0.196,-0.028
142,5.985,1.9566,12.862,0.119,9.52,2.369,0.125,12.900,0.000,0.2904,-0.1347,0.018,0.000,0.195,-0.034
143,6.025,1.9561,12.952,0.157,10.30,2.388,0.164,13.000,0.000,0.3000,-0.1808,0.014,0.000,0.195,-0.006
144,6.065,2.0050,13.041,0.197,11.14,2.357,0.201,13.000,0.000,0.3000,-0.1828,0.013,0.000,0.194,0.014
145,6.105,1.9003,13.127,0.238,11.99,2.321,0.240,13.100,0.000,0.3000,-0.1858,0.013,0.000,0.193,0.002
146,6.146,1.8684,13.212,0.282,12.90,2.319,0.282,13.200,0.000,0.3000,-0.1910,0.012,0.000,0.193,0.000
147,6.187,2.5917,13.295,0.328,13.83,2.286,0.328,13.300,0.000,0.3000,-0.2568,0.006,0.000,0.193,-0.023
148,6.227,2.1720,13.377,0.376,14.79,2.248,0.376,13.400,0.000,0.3000,-0.2484,0.006,0.000,0.193,-0.013
149,6.265,2.0298,13.456,0.425,15.78,2.227,0.428,13.500,0.000,0.3000,-0.2699,0.004,0.000,0.193,-0.001
150,6.306,2.1686,13.533,0.477,16.80,2.197,0.478,13.500,0.000,0.3000,-0.2600,0.005,0.000,0.193,0.027
151,6.346,2.0070,13.608,0.530,17.84,2.166,0.530,13.600,0.000,0.3000,-0.3103,0.000,0.000,0.194,0.025
152,6.386,2.0043,13.680,0.584,18.90,2.137,0.585,13.700,0.000,0.3000,-0.2426,0.006,0.000,0.194,0.011
153,6.426,1.9863,13.751,0.641,19.97,2.122,0.643,13.800,0.000,0.2810,-0.3331,0.000,0.003,0.194,-0.005
154,6.466,1.9969,13.819,0.698,21.07,2.092,0.699,13.800,0.000,0.2467,-0.2658,0.003,0.000,0.195,0.003
155,6.506,2.0954,13.886,0.757,22.18,2.087,0.758,13.900,0.000,0.1951,-0.2994,0.000,0.000,0.195,0.008
156,6.546,2.0179,13.950,0.816,23.24,2.084,0.817,14.000,0.000,0.1553,-0.3549,0.000,0.006,0.196,0.035
157,6.586,2.0111,14.016,0.875,24.24,2.089,0.875,14.000,0.000,0.1073,-0.3434,0.000,0.005,0.197,0.055
158,6.627,1.9312,14.082,0.933,25.14,2.095,0.933,14.100,0.000,0.0652,-0.2822,0.000,0.000,0.198,0.048
159,6.666,2.4466,14.147,0.989,25.95,2.112,0.990,14.100,0.000,0.0078,-0.2729,0.000,0.000,0.199,-0.035
160,6.705,3.8394,14.214,1.044,26.65,2.092,1.044,14.200,0.000,-0.0609,-0.2670,0.000,0.000,0.200,-0.013
161,6.746,2.2493,14.282,1.096,27.25,2.077,1.096,14.300,0.000,-0.1245,-0.3295,0.000,0.005,0.200,0.065
162,6.785,2.1183,14.350,1.145,27.72,2.073,1.147,14.300,0.000,-0.1863,-0.3212,0.000,0.005,0.200,0.026
163,6.826,4.7101,14.419,1.192,28.04,2.067,1.192,14.400,0.000,-0.2301,-0.3137,0.000,0.005,0.200,-0.043
164,6.865,2.0012,14.489,1.234,28.23,2.016,1.234,14.500,0.000,-0.2688,-0.2252,0.003,0.000,0.201,0.005
165,6.917,2.1138,14.559,1.272,28.25,1.993,1.273,14.600,0.000,-0.2990,-0.2347,0.002,0.000,0.200,0.024
166,6.957,2.5476,14.630,1.307,28.14,1.965,1.308,14.600,0.000,-0.3000,-0.1945,0.005,0.000,0.201,-0.006
167,6.997,2.2992,14.701,1.340,27.96,1.933,1.340,14.700,0.000,-0.3000,-0.1915,0.005,0.000,0.201,-0.009
168,7.037,2.2312,14.773,1.370,27.71,1.933,1.370,14.800,0.000,-0.3000,-0.1483,0.008,0.000,0.201,-0.021
169,7.077,2.5350,14.845,1.398,27.41,1.899,1.398,14.800,0.000,-0.3000,-0.1641,0.007,0.000,0.201,-0.004
170,7.116,2.2380,14.917,1.423,27.02,1.876,1.423,14.900,0.000,-0.3000,-0.1091,0.012,0.000,0.201,0.004
171,7.157,2.0932,14.988,1.445,26.56,1.853,1.445,15.000,0.000,-0.3000,-0.0172,0.020,0.000,0.201,-0.017
172,7.197,2.1626,15.060,1.465,26.04,1.831,1.466,15.000,0.000,-0.3000,0.0375,0.024,0.000,0.201,0.015
173,7.236,2.0002,15.133,1.483,25.45,1.798,1.482,15.157,0.001,-0.3000,0.1112,0.031,0.000,0.201,-0.033
174,7.277,1.9917,15.205,1.497,24.82,1.795,1.497,15.157,0.001,-0.3000,0.1315,0.033,0.000,0.201,0.026
175,7.316,2.0239,15.277,1.510,24.11,1.761,1.507,15.314,0.003,-0.3000,0.1803,0.037,0.000,0.201,-0.024
176,7.358,2.0894,15.350,1.519,23.35,1.739,1.516,15.314,0.003,-0.3000,0.2574,0.044,0.000,0.202,0.037
177,7.396,4.5601,15.422,1.526,22.54,1.746,1.519,15.471,0.007,-0.3000,0.2773,0.047,0.000,0.203,-0.012
178,7.437,2.2727,15.496,1.530,21.68,1.731,1.523,15.628,0.013,-0.3000,0.3165,0.050,0.000,0.204,0.055
179,7.477,2.0930,15.569,1.532,20.77,1.723,1.520,15.628,0.013,-0.2979,0.3734,0.056,0.000,0.204,0.017
180,7.516,2.2772,15.643,1.531,19.80,1.725,1.517,15.785,0.021,-0.2962,0.4554,0.064,0.000,0.206,0.038
181,7.556,2.7907,15.716,1.527,18.76,1.727,1.508,15.785,0.021,-0.2928,0.4836,0.067,0.000,0.207,0.009
182,7.597,1.9645,15.792,1.521,17.69,1.750,1.499,15.942,0.030,-0.2938,0.5325,0.072,0.000,0.208,0.036
183,7.637,4.0697,15.868,1.513,16.60,1.790,1.486,15.942,0.030,-0.2862,0.5805,0.077,0.000,0.209,-0.004
184,7.677,1.9902,15.946,1.505,15.51,1.838,1.473,16.099,0.040,-0.2825,0.5933,0.078,0.000,0.209,0.047
185,7.716,2.0825,16.026,1.495,14.42,1.887,1.457,16.099,0.040,-0.2858,0.7538,0.093,0.000,0.209,-0.030
186,7.756,2.0421,16.107,1.484,13.34,1.934,1.439,16.255,0.053,-0.2823,0.7645,0.095,0.000,0.210,-0.001
187,7.796,2.0114,16.190,1.472,12.23,1.991,1.421,16.255,0.053,-0.2806,0.8159,0.101,0.000,0.210,0.014
188,7.837,2.0521,16.275,1.459,11.11,2.035,1.399,16.412,0.067,-0.2783,0.8183,0.102,0.000,0.211,0.006
189,7.877,2.4682,16.362,1.444,9.97,2.097,1.377,16.568,0.082,-0.2689,0.7904,0.101,0.000,0.211,0.014
190,7.916,4.8284,16.450,1.426,8.80,2.134,1.349,16.568,0.082,-0.2576,0.7946,0.102,0.000,0.212,-0.002
191,7.957,2.1675,16.540,1.408,7.65,2.202,1.321,16.724,0.099,-0.2513,0.7969,0.103,0.000,0.212,0.045
192,7.998,2.1046,16.633,1.388,6.48,2.290,1.292,16.724,0.099,-0.2355,0.7489,0.100,0.000,0.211,-0.016
193,8.036,2.0440,16.728,1.367,5.35,2.352,1.258,16.880,0.118,-0.2250,0.7505,0.101,0.000,0.211,-0.037
194,8.076,2.3394,16.826,1.345,4.24,2.417,1.225,17.036,0.139,-0.2168,0.7071,0.098,0.000,0.211,0.005
195,8.116,2.2023,16.926,1.323,3.16,2.500,1.189,17.036,0.139,-0.2027,0.6455,0.093,0.000,0.210,-0.005
196,8.156,2.0914,17.029,1.300,2.12,2.580,1.150,17.191,0.161,-0.1771,0.5493,0.086,0.000,0.209,-0.024
197,8.196,2.0967,17.134,1.275,1.10,2.648,1.111,17.347,0.185,-0.1569,0.4467,0.077,0.000,0.209,-0.035
198,8.237,2.1009,17.242,1.251,0.14,2.729,1.071,17.347,0.185,-0.1266,0.3348,0.068,0.000,0.208,-0.016
199,8.276,2.1566,17.352,1.227,-0.76,2.798,1.028,17.502,0.210,-0.1064,0.2583,0.062,0.000,0.207,0.003
200,8.316,2.3327,17.464,1.203,-1.58,2.858,0.985,17.656,0.237,-0.0842,0.1234,0.050,0.000,0.206,-0.004
201,8.357,4.4628,17.579,1.181,-2.29,2.916,0.944,17.811,0.266,-0.0548,-0.0005,0.039,0.000,0.204,-0.034
202,8.397,2.1153,17.694,1.160,-2.89,2.957,0.902,17.811,0.266,-0.0280,-0.0492,0.035,0.000,0.203,-0.050
203,8.436,2.5512,17.811,1.140,-3.40,2.979,0.858,17.965,0.296,-0.0087,-0.1542,0.025,0.000,0.202,-0.036
204,8.476,2.1715,17.930,1.122,-3.81,2.992,0.816,18.119,0.328,0.0165,-0.2747,0.014,0.000,0.201,-0.019
205,8.518,2.1903,18.050,1.106,-4.12,2.997,0.777,18.272,0.361,0.0429,-0.3233,0.010,0.000,0.199,-0.013
206,8.558,2.2659,18.169,1.092,-4.32,2.997,0.738,18.272,0.361,0.0690,-0.3578,0.006,0.000,0.198,-0.003
207,8.596,2.1683,18.289,1.081,-4.42,2.987,0.698,18.425,0.396,0.0923,-0.3820,0.004,0.000,0.197,0.000
208,8.637,2.1782,18.408,1.072,-4.41,2.973,0.662,18.578,0.433,0.1160,-0.4203,0.000,0.000,0.196,0.001
209,8.677,2.2151,18.527,1.065,-4.33,2.950,0.628,18.730,0.471,0.1346,-0.4491,0.000,0.003,0.195,0.004
210,8.717,2.6740,18.643,1.060,-4.21,2.923,0.596,18.730,0.471,0.1462,-0.4980,0.000,0.008,0.195,-0.001
211,8.756,3.7373,18.759,1.057,-4.03,2.889,0.560,18.882,0.511,0.1673,-0.5060,0.000,0.009,0.194,-0.008
212,8.796,2.6733,18.874,1.056,-3.81,2.845,0.528,19.034,0.553,0.1756,-0.5022,0.000,0.010,0.194,-0.010
213,8.837,3.5664,18.988,1.057,-3.54,2.807,0.502,19.185,0.596,0.1847,-0.4965,0.000,0.010,0.194,-0.026
214,8.877,2.5210,19.100,1.059,-3.21,2.775,0.472,19.185,0.596,0.1971,-0.4718,0.000,0.008,0.194,-0.025
215,8.917,2.3859,19.210,1.064,-2.83,2.740,0.442,19.335,0.640,0.2077,-0.4769,0.000,0.009,0.194,0.003
216,8.956,2.2881,19.319,1.071,-2.39,2.697,0.419,19.486,0.686,0.2163,-0.4974,0.000,0.012,0.193,0.002
217,8.996,2.2327,19.427,1.080,-1.89,2.658,0.398,19.486,0.686,0.2192,-0.4878,0.000,0.012,0.193,0.003
218,9.036,2.0329,19.532,1.092,-1.34,2.609,0.372,19.635,0.734,0.2115,-0.5043,0.000,0.014,0.193,0.010
219,9.078,2.1663,19.636,1.105,-0.77,2.550,0.354,19.784,0.783,0.2118,-0.4177,0.000,0.007,0.192,-0.004
220,9.116,4.2693,19.736,1.120,-0.17,2.513,0.340,19.784,0.783,0.2126,-0.3918,0.000,0.005,0.192,-0.009
221,9.158,5.1006,19.836,1.138,0.49,2.476,0.319,19.933,0.834,0.2203,-0.3595,0.000,0.002,0.192,-0.013
222,9.197,2.3208,19.934,1.158,1.17,2.420,0.309,20.081,0.887,0.2197,-0.2803,0.004,0.000,0.192,-0.031
223,9.238,2.7671,20.029,1.179,1.87,2.394,0.297,20.081,0.887,0.2163,-0.2478,0.007,0.000,0.192,-0.013
224,9.277,2.1023,20.123,1.203,2.60,2.363,0.282,20.229,0.941,0.2110,-0.2177,0.009,0.000,0.192,0.030
225,9.317,2.1292,20.216,1.228,3.34,2.310,0.281,20.376,0.996,0.2135,-0.1494,0.015,0.000,0.191,0.012
226,9.357,2.1733,20.306,1.255,4.11,2.290,0.267,20.376,0.996,0.2045,-0.1046,0.019,0.000,0.191,-0.032
227,9.397,2.2346,20.395,1.283,4.91,2.267,0.262,20.522,1.053,0.2027,-0.0375,0.024,0.000,0.192,-0.015
228,9.436,2.1039,20.483,1.312,5.70,2.240,0.262,20.522,1.053,0.2020,-0.0159,0.026,0.000,0.192,0.020
229,9.476,2.0461,20.570,1.342,6.45,2.243,0.250,20.668,1.112,0.2038,0.0190,0.029,0.000,0.193,0.031
230,9.516,2.2393,20.657,1.372,7.16,2.229,0.254,20.813,1.172,0.2030,0.0598,0.033,0.000,0.194,0.039
231,9.556,2.6138,20.743,1.404,7.87,2.240,0.242,20.813,1.172,0.2095,0.1032,0.037,0.000,0.194,0.013
232,9.597,2.0755,20.829,1.437,8.60,2.246,0.240,20.957,1.234,0.2027,0.0975,0.037,0.000,0.195,-0.023
233,9.636,2.2461,20.914,1.470,9.34,2.251,0.240,20.957,1.234,0.2015,0.0989,0.037,0.000,0.195,-0.013
234,9.676,2.9142,21.000,1.505,10.10,2.262,0.232,21.101,1.297,0.1978,0.1079,0.038,0.000,0.196,0.024
235,9.717,3.3291,21.084,1.541,10.82,2.267,0.240,21.244,1.361,0.1951,0.1587,0.042,0.000,0.196,0.038
236,9.757,3.0603,21.170,1.578,11.55,2.282,0.229,21.244,1.361,0.1900,0.1808,0.045,0.000,0.196,0.009
237,9.796,3.8137,21.255,1.616,12.28,2.301,0.230,21.387,1.428,0.1895,0.1714,0.044,0.000,0.196,-0.020
238,9.838,2.3786,21.341,1.656,12.98,2.312,0.232,21.387,1.428,0.1913,0.1778,0.045,0.000,0.197,-0.030
239,9.876,2.0093,21.427,1.696,13.68,2.342,0.224,21.528,1.495,0.1884,0.1677,0.044,0.000,0.197,0.029
240,9.918,2.0383,21.514,1.737,14.39,2.355,0.233,21.670,1.564,0.1862,0.1426,0.042,0.000,0.197,0.032
241,9.958,4.1268,21.600,1.780,15.12,2.375,0.227,21.670,1.564,0.1945,0.1196,0.040,0.000,0.197,-0.002
242,9.998,2.0537,21.687,1.825,15.85,2.403,0.226,21.810,1.635,0.1886,0.1443,0.043,0.000,0.197,-0.021
243,10.038,2.0708,21.774,1.870,16.57,2.398,0.238,21.810,1.635,0.1936,0.1507,0.043,0.000,0.197,-0.028
244,10.077,2.5846,21.861,1.917,17.29,2.421,0.228,21.949,1.707,0.1953,0.1306,0.042,0.000,0.197,-0.021
245,10.117,2.0007,21.947,1.965,18.02,2.442,0.233,22.088,1.780,0.1982,0.1402,0.043,0.000,0.197,0.022
246,10.157,2.0075,22.032,2.015,18.76,2.445,0.241,22.088,1.780,0.1999,0.1128,0.040,0.000,0.196,0.032
247,10.196,2.0142,22.118,2.067,19.53,2.461,0.237,22.226,1.855,0.1984,0.0758,0.037,0.000,0.196,-0.011
248,10.236,1.9872,22.204,2.121,20.33,2.482,0.247,22.364,1.932,0.1902,0.0749,0.037,0.000,0.196,-0.031
249,10.277,2.0890,22.289,2.176,21.14,2.485,0.255,22.364,1.932,0.1941,0.0204,0.033,0.000,0.196,-0.009
250,10.338,7.5128,22.374,2.232,21.93,2.498,0.256,22.500,2.010,0.1932,-0.0111,0.030,0.000,0.196,-0.013
251,10.378,2.1823,22.501,2.319,23.09,2.507,0.266,22.636,2.089,0.1908,-0.0234,0.029,0.000,0.196,-0.006
252,10.417,2.0485,22.583,2.377,23.86,2.512,0.280,22.770,2.170,0.1758,-0.0119,0.030,0.000,0.196,-0.037
253,10.458,2.1118,22.665,2.437,24.62,2.494,0.287,22.770,2.170,0.1669,-0.0282,0.028,0.000,0.196,-0.016
254,10.498,2.0205,22.746,2.497,25.39,2.497,0.292,22.904,2.252,0.1601,-0.0493,0.026,0.000,0.196,0.023
255,10.538,2.3743,22.827,2.558,26.14,2.502,0.307,23.037,2.335,0.1547,-0.0101,0.030,0.000,0.196,0.022
256,10.580,2.2220,22.908,2.619,26.83,2.495,0.312,23.037,2.335,0.1442,0.0328,0.034,0.000,0.197,-0.005
257,10.617,2.1583,22.987,2.680,27.47,2.499,0.317,23.170,2.420,0.1392,-0.0013,0.031,0.000,0.197,0.002
258,10.658,3.2087,23.068,2.741,28.08,2.509,0.330,23.301,2.506,0.1262,0.0067,0.031,0.000,0.197,0.002
259,10.697,2.1311,23.148,2.801,28.65,2.502,0.332,23.301,2.506,0.1219,-0.0232,0.029,0.000,0.197,0.001
260,10.738,2.8183,23.227,2.862,29.18,2.506,0.337,23.431,2.594,0.1212,0.0089,0.031,0.000,0.197,-0.021
261,10.778,2.4648,23.308,2.923,29.70,2.501,0.349,23.561,2.683,0.1113,0.0548,0.036,0.000,0.197,0.001
262,10.819,2.0221,23.387,2.983,30.18,2.497,0.347,23.561,2.683,0.1032,0.0441,0.035,0.000,0.197,0.017
263,10.859,2.1023,23.467,3.045,30.64,2.504,0.351,23.689,2.773,0.1031,0.0436,0.035,0.000,0.196,0.012
264,10.899,2.2034,23.546,3.106,31.07,2.521,0.362,23.689,2.773,0.1029,0.0897,0.039,0.000,0.196,-0.012
265,10.939,2.1110,23.626,3.167,31.50,2.526,0.358,23.817,2.865,0.1021,0.0533,0.036,0.000,0.197,-0.011
266,10.980,2.1615,23.705,3.229,31.90,2.521,0.361,23.943,2.958,0.1015,0.0382,0.034,0.000,0.197,0.001
267,11.019,2.0405,23.785,3.292,32.29,2.524,0.370,23.943,2.958,0.0976,0.0402,0.035,0.000,0.197,-0.014
268,11.058,2.0612,23.865,3.355,32.68,2.532,0.366,24.069,3.052,0.0986,0.0409,0.035,0.000,0.197,0.026
269,11.099,2.1171,23.943,3.419,33.08,2.548,0.369,24.194,3.148,0.0967,0.0239,0.033,0.000,0.197,0.007
270,11.139,2.3627,24.023,3.483,33.48,2.552,0.377,24.194,3.148,0.0988,0.0161,0.033,0.000,0.197,0.010
271,11.180,2.2461,24.102,3.549,33.87,2.546,0.373,24.317,3.245,0.0979,0.0276,0.034,0.000,0.197,-0.008
272,11.218,2.2995,24.180,3.614,34.25,2.552,0.375,24.440,3.343,0.0976,0.0135,0.032,0.000,0.197,-0.013
273,11.260,2.1443,24.258,3.680,34.65,2.565,0.383,24.440,3.343,0.1000,0.0182,0.033,0.000,0.197,-0.008
274,11.299,2.2442,24.336,3.748,35.04,2.555,0.380,24.561,3.442,0.1067,0.0615,0.037,0.000,0.197,0.019
275,11.339,1.9943,24.414,3.815,35.43,2.561,0.382,24.682,3.543,0.0989,-0.0004,0.031,0.000,0.197,0.017
276,11.378,2.0940,24.490,3.883,35.83,2.575,0.391,24.682,3.543,0.0972,-0.0220,0.029,0.000,0.197,-0.003
277,11.419,2.1025,24.566,3.953,36.26,2.582,0.388,24.801,3.645,0.0944,-0.0466,0.027,0.000,0.197,-0.008
278,11.459,2.8068,24.642,4.023,36.67,2.567,0.390,24.920,3.748,0.0920,-0.0782,0.024,0.000,0.197,-0.011
279,11.499,2.3756,24.719,4.093,37.06,2.566,0.399,25.037,3.853,0.0912,-0.0811,0.024,0.000,0.197,-0.005
280,11.539,2.8252,24.795,4.164,37.43,2.565,0.394,25.037,3.853,0.0927,-0.0349,0.028,0.000,0.197,0.022
281,11.579,2.6606,24.869,4.233,37.80,2.565,0.396,25.153,3.959,0.0886,-0.0839,0.024,0.000,0.197,0.005
282,11.618,2.4548,24.943,4.304,38.16,2.555,0.404,25.268,4.065,0.0850,-0.0794,0.024,0.000,0.197,0.009
283,11.659,2.3328,25.017,4.375,38.53,2.543,0.399,25.268,4.065,0.0948,-0.0557,0.026,0.000,0.197,0.006
284,11.698,2.7767,25.090,4.446,38.89,2.542,0.399,25.382,4.174,0.0872,-0.0389,0.027,0.000,0.197,-0.014
285,11.739,2.1602,25.163,4.517,39.24,2.539,0.406,25.495,4.283,0.0926,-0.0310,0.028,0.000,0.197,-0.035
286,11.779,2.1590,25.235,4.588,39.57,2.524,0.401,25.495,4.283,0.0866,-0.0536,0.026,0.000,0.197,0.009
287,11.820,2.7664,25.306,4.660,39.92,2.522,0.401,25.607,4.393,0.0777,-0.0225,0.029,0.000,0.197,0.037
288,11.859,2.3598,25.378,4.732,40.28,2.536,0.409,25.717,4.505,0.0772,-0.0414,0.027,0.000,0.196,0.011
289,11.898,2.5007,25.448,4.805,40.64,2.531,0.403,25.717,4.505,0.0804,-0.0116,0.029,0.000,0.197,-0.024
290,11.939,3.5620,25.519,4.878,40.96,2.514,0.403,25.826,4.618,0.0800,-0.0454,0.026,0.000,0.197,-0.032
291,11.979,2.2544,25.590,4.950,41.26,2.517,0.408,25.826,4.618,0.0774,-0.0455,0.026,0.000,0.198,0.007
292,12.019,2.4710,25.659,5.022,41.56,2.515,0.401,25.935,4.732,0.0890,-0.0728,0.024,0.000,0.197,0.035
293,12.059,2.7446,25.728,5.096,41.88,2.523,0.401,26.041,4.847,0.0933,0.0101,0.031,0.000,0.197,0.009
294,12.099,2.7232,25.797,5.169,42.19,2.509,0.405,26.041,4.847,0.0783,0.0022,0.031,0.000,0.198,-0.012
295,12.139,3.1986,25.865,5.243,42.51,2.499,0.398,26.147,4.963,0.0792,-0.0014,0.030,0.000,0.198,-0.019
296,12.180,2.5502,25.933,5.318,42.84,2.510,0.397,26.252,5.080,0.0770,0.0384,0.034,0.000,0.198,-0.015
297,12.218,2.4914,26.001,5.393,43.17,2.511,0.401,26.252,5.080,0.0843,0.0770,0.037,0.000,0.198,0.009
298,12.259,2.8393,26.068,5.468,43.48,2.509,0.393,26.355,5.199,0.0920,0.0464,0.035,0.000,0.198,0.030
299,12.299,2.2709,26.134,5.542,43.78,2.526,0.393,26.457,5.318,0.0939,0.0820,0.038,0.000,0.198,0.015
300,12.339,3.2061,26.201,5.619,44.09,2.535,0.395,26.457,5.318,0.1001,0.0525,0.035,0.000,0.197,-0.027
301,12.379,2.3951,26.267,5.696,44.42,2.541,0.388,26.558,5.439,0.1054,0.0474,0.035,0.000,0.198,-0.049
302,12.419,2.3916,26.333,5.775,44.78,2.554,0.389,26.657,5.560,0.1102,0.0044,0.031,0.000,0.198,-0.010
303,12.459,2.3786,26.398,5.854,45.16,2.553,0.392,26.657,5.560,0.1096,0.0316,0.034,0.000,0.197,0.053
304,12.500,2.5621,26.462,5.934,45.56,2.562,0.386,26.755,5.683,0.1140,-0.0386,0.027,0.000,0.197,0.028
305,12.540,2.9136,26.525,6.016,45.98,2.576,0.388,26.852,5.806,0.1169,0.0125,0.032,0.000,0.197,-0.023
306,12.579,2.3579,26.588,6.098,46.41,2.563,0.394,26.852,5.806,0.1153,-0.0294,0.028,0.000,0.197,-0.032
307,12.619,2.2332,26.650,6.181,46.86,2.555,0.389,26.948,5.931,0.1151,-0.0532,0.026,0.000,0.197,-0.012
308,12.659,2.6627,26.710,6.264,47.32,2.574,0.392,27.042,6.057,0.1138,-0.0578,0.026,0.000,0.197,-0.008
309,12.699,2.2870,26.769,6.348,47.80,2.566,0.399,27.042,6.057,0.1077,-0.0645,0.025,0.000,0.197,0.010
310,12.738,2.2736,26.829,6.432,48.26,2.545,0.395,27.135,6.183,0.1146,-0.0436,0.027,0.000,0.197,0.044
311,12.778,2.9354,26.887,6.517,48.72,2.554,0.397,27.227,6.311,0.1090,-0.0494,0.026,0.000,0.196,0.026
312,12.819,2.5937,26.945,6.602,49.16,2.556,0.405,27.227,6.311,0.1027,-0.0866,0.023,0.000,0.196,-0.022
313,12.859,2.2085,27.002,6.687,49.59,2.537,0.400,27.317,6.439,0.0975,-0.0833,0.023,0.000,0.197,-0.051
314,12.899,3.0491,27.058,6.771,50.02,2.527,0.402,27.406,6.569,0.0945,-0.0540,0.025,0.000,0.197,-0.008
315,12.939,2.3147,27.115,6.856,50.44,2.527,0.409,27.406,6.569,0.0978,0.0123,0.031,0.000,0.197,0.044
316,12.979,3.2365,27.171,6.940,50.84,2.521,0.403,27.494,6.699,0.0992,0.0146,0.031,0.000,0.197,0.039
317,13.019,2.7316,27.226,7.025,51.20,2.516,0.404,27.580,6.830,0.0989,-0.0463,0.026,0.000,0.197,-0.009
318,13.059,2.9846,27.280,7.109,51.57,2.523,0.410,27.580,6.830,0.0930,-0.0788,0.023,0.000,0.197,-0.030
319,13.099,2.2792,27.334,7.195,51.96,2.523,0.404,27.665,6.963,0.1012,-0.0583,0.025,0.000,0.197,-0.016
320,13.140,4.1262,27.388,7.281,52.36,2.521,0.405,27.748,7.096,0.1057,-0.1184,0.019,0.000,0.197,-0.019
321,13.179,3.5818,27.441,7.367,52.75,2.505,0.410,27.748,7.096,0.1027,-0.1101,0.020,0.000,0.197,0.018
322,13.219,3.1223,27.492,7.452,53.11,2.489,0.405,27.830,7.230,0.1029,-0.0714,0.023,0.000,0.197,0.039
323,13.259,2.2686,27.543,7.538,53.51,2.497,0.407,27.911,7.364,0.1044,-0.0176,0.028,0.000,0.196,-0.002
324,13.300,2.3380,27.593,7.625,53.90,2.482,0.411,27.911,7.364,0.0997,0.0039,0.030,0.000,0.196,-0.054
325,13.338,2.6838,27.642,7.711,54.31,2.465,0.407,27.990,7.500,0.1009,-0.0519,0.025,0.000,0.197,-0.028
326,13.380,3.1589,27.691,7.797,54.71,2.474,0.410,28.068,7.636,0.1030,-0.0101,0.029,0.000,0.197,0.037
327,13.419,2.8504,27.739,7.884,55.11,2.472,0.412,28.068,7.636,0.1047,0.0336,0.032,0.000,0.196,0.048
328,13.459,2.7442,27.786,7.971,55.49,2.468,0.409,28.145,7.774,0.1020,0.0551,0.034,0.000,0.196,-0.010
329,13.498,2.7337,27.833,8.059,55.88,2.475,0.414,28.220,7.912,0.0983,0.0654,0.035,0.000,0.197,-0.026
330,13.539,4.0514,27.879,8.146,56.28,2.481,0.414,28.220,7.912,0.0991,0.0580,0.035,0.000,0.197,-0.006
331,13.579,2.8059,27.924,8.235,56.69,2.487,0.412,28.293,8.051,0.0983,0.0749,0.036,0.000,0.197,0.007
332,13.621,2.7093,27.970,8.324,57.08,2.483,0.417,28.365,8.190,0.0992,0.0940,0.038,0.000,0.197,0.016
333,13.661,2.6903,28.015,8.414,57.46,2.497,0.415,28.365,8.190,0.0990,0.0745,0.037,0.000,0.197,0.030
334,13.701,2.4620,28.060,8.504,57.85,2.522,0.414,28.436,8.330,0.1013,0.0438,0.034,0.000,0.197,-0.011
335,13.741,4.5580,28.104,8.594,58.23,2.524,0.419,28.505,8.472,0.0978,0.0374,0.033,0.000,0.197,-0.042
336,13.781,5.6511,28.147,8.685,58.63,2.520,0.416,28.505,8.472,0.1017,0.0255,0.032,0.000,0.197,-0.017
337,13.820,3.5037,28.191,8.778,59.03,2.534,0.415,28.572,8.613,0.1001,0.0000,0.030,0.000,0.197,0.031
338,13.859,2.4961,28.234,8.870,59.43,2.537,0.421,28.639,8.756,0.1066,0.0391,0.034,0.000,0.197,0.043
339,13.899,2.2719,28.275,8.962,59.81,2.532,0.418,28.639,8.756,0.1087,0.0101,0.031,0.000,0.197,-0.021
340,13.940,2.7706,28.316,9.055,60.21,2.545,0.417,28.703,8.899,0.1079,0.0316,0.033,0.000,0.197,-0.035
341,13.979,2.0261,28.357,9.149,60.62,2.545,0.423,28.766,9.043,0.1057,0.0002,0.030,0.000,0.197,-0.014
342,14.021,2.0790,28.396,9.244,61.05,2.547,0.421,28.766,9.043,0.1017,-0.0205,0.028,0.000,0.197,0.009
343,14.060,2.4363,28.435,9.339,61.48,2.542,0.421,28.828,9.187,0.1137,0.0112,0.031,0.000,0.196,-0.007
344,14.099,2.9673,28.473,9.432,61.90,2.538,0.427,28.888,9.332,0.1164,0.0115,0.031,0.000,0.196,0.021
345,14.139,3.1048,28.511,9.528,62.31,2.547,0.425,28.888,9.332,0.1101,-0.0317,0.027,0.000,0.196,0.013
346,14.181,2.7046,28.547,9.623,62.73,2.557,0.425,28.947,9.478,0.1092,-0.0343,0.027,0.000,0.196,-0.024
347,14.220,2.2292,28.583,9.719,63.17,2.545,0.431,29.004,9.624,0.1097,-0.0042,0.030,0.000,0.196,-0.039
348,14.259,2.1546,28.618,9.816,63.61,2.538,0.431,29.004,9.624,0.1006,-0.0139,0.029,0.000,0.196,-0.001
349,14.299,2.2944,28.652,9.912,64.07,2.546,0.431,29.059,9.771,0.0985,-0.0432,0.026,0.000,0.196,0.031
350,14.340,2.6635,28.686,10.009,64.51,2.541,0.437,29.113,9.919,0.0963,-0.0378,0.027,0.000,0.196,0.025
351,14.379,2.6723,28.719,10.105,64.91,2.531,0.436,29.113,9.919,0.1017,-0.0195,0.028,0.000,0.196,-0.012
352,14.420,2.2002,28.752,10.201,65.29,2.538,0.435,29.166,10.067,0.1070,-0.0449,0.026,0.000,0.197,-0.009
353,14.460,2.0571,28.784,10.297,65.68,2.535,0.440,29.217,10.216,0.1041,-0.0299,0.027,0.000,0.197,0.002
354,14.500,2.4762,28.815,10.394,66.07,2.519,0.439,29.217,10.216,0.1008,0.0046,0.030,0.000,0.196,-0.010
355,14.540,2.1796,28.846,10.491,66.47,2.508,0.438,29.266,10.365,0.1020,-0.0202,0.028,0.000,0.196,-0.033
356,14.580,2.2589,28.876,10.588,66.88,2.516,0.444,29.314,10.514,0.1043,0.0239,0.032,0.000,0.196,0.027
357,14.620,2.4318,28.906,10.684,67.30,2.525,0.442,29.314,10.514,0.1019,0.0279,0.032,0.000,0.196,0.019
358,14.660,2.4445,28.934,10.782,67.70,2.526,0.442,29.360,10.665,0.0975,0.0182,0.032,0.000,0.196,-0.011
359,14.700,2.8470,28.961,10.879,68.11,2.515,0.448,29.404,10.815,0.1140,0.0272,0.032,0.000,0.196,-0.020
360,14.739,2.4713,28.989,10.976,68.51,2.522,0.446,29.404,10.815,0.1180,0.0388,0.033,0.000,0.196,0.009
361,14.779,2.1801,29.015,11.074,68.91,2.539,0.445,29.447,10.966,0.1079,0.0186,0.032,0.000,0.196,0.012
362,14.819,2.1578,29.041,11.172,69.31,2.519,0.451,29.489,11.118,0.1081,0.0394,0.034,0.000,0.196,0.013
363,14.860,2.1178,29.066,11.271,69.71,2.526,0.450,29.489,11.118,0.1097,0.0433,0.034,0.000,0.196,0.003
364,14.899,2.3324,29.090,11.371,70.15,2.548,0.451,29.529,11.270,0.1106,0.0862,0.038,0.000,0.196,0.002
365,14.940,2.1341,29.113,11.470,70.60,2.550,0.457,29.567,11.422,0.1006,0.0486,0.035,0.000,0.196,0.001
366,14.979,2.7616,29.135,11.570,71.03,2.530,0.457,29.567,11.422,0.0925,0.0384,0.034,0.000,0.196,-0.019
367,15.019,2.3507,29.157,11.671,71.46,2.552,0.457,29.604,11.575,0.0874,0.0371,0.034,0.000,0.196,-0.011
368,15.060,2.5602,29.179,11.771,71.88,2.558,0.462,29.639,11.728,0.0828,-0.0098,0.030,0.000,0.197,0.036
369,15.100,2.4450,29.200,11.872,72.27,2.571,0.461,29.639,11.728,0.0841,-0.0476,0.026,0.000,0.197,0.023
370,15.141,2.3524,29.222,11.971,72.61,2.564,0.459,29.672,11.881,0.0761,-0.0958,0.022,0.000,0.197,0.008
371,15.180,2.2207,29.244,12.072,72.94,2.554,0.462,29.704,12.035,0.0780,-0.0697,0.024,0.000,0.197,-0.008
372,15.220,2.2721,29.265,12.172,73.27,2.553,0.460,29.704,12.035,0.0789,-0.0699,0.024,0.000,0.198,-0.010
373,15.259,2.4736,29.286,12.272,73.59,2.545,0.456,29.734,12.189,0.0763,-0.0372,0.027,0.000,0.198,-0.014
374,15.300,2.1698,29.306,12.372,73.90,2.526,0.458,29.763,12.344,0.0776,-0.0748,0.023,0.000,0.197,0.010
375,15.340,2.3361,29.326,12.472,74.21,2.527,0.455,29.763,12.344,0.0819,-0.0693,0.024,0.000,0.197,0.019
376,15.379,2.6661,29.345,12.571,74.52,2.535,0.451,29.790,12.498,0.0857,-0.0856,0.022,0.000,0.197,0.000
377,15.421,2.3868,29.363,12.671,74.83,2.520,0.452,29.815,12.653,0.0919,-0.0686,0.024,0.000,0.197,-0.020
378,15.460,2.5890,29.381,12.770,75.14,2.499,0.450,29.815,12.653,0.0869,-0.0682,0.024,0.000,0.197,-0.041
379,15.499,2.2042,29.398,12.868,75.46,2.495,0.445,29.839,12.809,0.0849,-0.0244,0.027,0.000,0.197,0.003
380,15.539,2.3169,29.413,12.967,75.81,2.494,0.448,29.861,12.964,0.0838,0.0333,0.033,0.000,0.196,0.032
381,15.580,2.8333,29.428,13.066,76.16,2.498,0.445,29.861,12.964,0.0856,0.0341,0.033,0.000,0.196,0.013
382,15.619,2.3207,29.443,13.165,76.50,2.487,0.441,29.882,13.120,0.0837,0.0192,0.031,0.000,0.196,-0.015
383,15.660,2.0908,29.458,13.264,76.82,2.488,0.443,29.901,13.276,0.0822,0.0247,0.032,0.000,0.197,-0.025
384,15.699,2.4452,29.472,13.363,77.14,2.501,0.438,29.901,13.276,0.0860,-0.0269,0.027,0.000,0.197,-0.002
385,15.741,2.8408,29.485,13.462,77.47,2.498,0.434,29.918,13.432,0.0906,-0.0808,0.023,0.000,0.197,0.033
386,15.781,2.6348,29.498,13.562,77.80,2.499,0.437,29.933,13.588,0.0960,-0.0726,0.023,0.000,0.197,0.023
387,15.820,2.1952,29.510,13.662,78.13,2.498,0.430,29.933,13.588,0.1007,-0.0029,0.029,0.000,0.197,-0.011
388,15.860,2.8168,29.520,13.761,78.48,2.497,0.427,29.947,13.745,0.1008,0.0075,0.030,0.000,0.197,-0.028
389,15.901,2.3269,29.530,13.861,78.85,2.484,0.432,29.960,13.901,0.1043,0.0431,0.033,0.000,0.197,-0.032
390,15.939,2.3393,29.539,13.959,79.22,2.482,0.425,29.960,13.901,0.1042,0.0174,0.031,0.000,0.197,0.016
391,15.980,2.0586,29.547,14.059,79.62,2.483,0.424,29.970,14.058,0.1058,0.0809,0.037,0.000,0.196,0.025
392,16.019,2.7122,29.553,14.159,80.03,2.505,0.429,29.970,14.058,0.0995,0.0840,0.037,0.000,0.196,0.005
393,16.060,2.1919,29.559,14.259,80.45,2.501,0.423,29.979,14.215,0.1039,0.0723,0.036,0.000,0.196,-0.022
394,16.100,2.3415,29.565,14.360,80.85,2.504,0.422,29.987,14.372,0.1083,0.0307,0.033,0.000,0.197,-0.026
395,16.140,2.0688,29.570,14.461,81.25,2.528,0.426,29.987,14.372,0.1199,0.0125,0.031,0.000,0.197,0.002
396,16.181,2.2421,29.574,14.563,81.65,2.525,0.420,29.993,14.529,0.1233,0.1038,0.039,0.000,0.197,0.031
397,16.219,2.1456,29.577,14.664,82.07,2.524,0.421,29.997,14.686,0.1131,0.0344,0.033,0.000,0.197,0.029
398,16.260,2.8959,29.579,14.766,82.51,2.533,0.426,29.997,14.686,0.1136,0.0943,0.038,0.000,0.196,-0.009
399,16.301,2.0554,29.579,14.869,82.99,2.549,0.421,29.999,14.843,0.1081,0.1618,0.045,0.000,0.196,-0.032
400,16.340,2.1380,29.579,14.971,83.46,2.547,0.422,30.000,15.000,0.1092,0.0891,0.038,0.000,0.197,-0.024
401,16.380,2.1648,29.578,15.074,83.91,2.560,0.428,30.000,15.000,0.1059,0.0701,0.037,0.000,0.197,0.002
402,16.420,2.2788,29.577,15.178,84.35,2.573,0.423,29.999,15.157,0.0992,0.0673,0.037,0.000,0.197,0.041
403,16.459,2.1673,29.575,15.282,84.79,2.584,0.423,29.997,15.314,0.0953,0.0593,0.036,0.000,0.197,0.033
404,16.499,2.1064,29.572,15.386,85.21,2.598,0.429,29.993,15.471,0.0947,0.0275,0.033,0.000,0.197,0.012
405,16.540,2.1127,29.570,15.490,85.62,2.598,0.423,29.993,15.471,0.1010,-0.0027,0.031,0.000,0.197,-0.009
406,16.580,2.2673,29.567,15.595,86.01,2.604,0.421,29.987,15.628,0.1021,0.0083,0.032,0.000,0.198,-0.028
407,16.619,2.3983,29.563,15.698,86.39,2.608,0.425,29.979,15.785,0.0959,-0.0520,0.026,0.000,0.198,-0.038
408,16.659,2.3736,29.559,15.803,86.79,2.609,0.421,29.979,15.785,0.1085,-0.0687,0.025,0.000,0.198,-0.002
409,16.700,2.5896,29.553,15.908,87.20,2.598,0.419,29.970,15.942,0.1074,-0.0849,0.023,0.000,0.197,0.046
410,16.740,2.1903,29.547,16.012,87.61,2.591,0.421,29.960,16.099,0.1132,-0.1076,0.021,0.000,0.197,0.030
411,16.779,1.9496,29.540,16.116,88.02,2.597,0.420,29.960,16.099,0.1168,-0.0764,0.024,0.000,0.196,-0.020
412,16.820,2.2438,29.532,16.220,88.44,2.589,0.417,29.947,16.255,0.1163,-0.0798,0.023,0.000,0.196,-0.060
413,16.860,2.5726,29.522,16.323,88.87,2.561,0.421,29.933,16.412,0.1177,-0.0962,0.022,0.000,0.196,-0.030
414,16.899,2.2669,29.512,16.426,89.33,2.559,0.422,29.933,16.412,0.1215,-0.0703,0.024,0.000,0.196,-0.000
415,16.939,2.3526,29.500,16.528,89.81,2.563,0.420,29.918,16.568,0.1149,-0.0578,0.025,0.000,0.196,0.017
416,16.978,2.5600,29.487,16.629,90.28,2.541,0.424,29.901,16.724,0.1084,-0.0221,0.028,0.000,0.195,0.030
417,17.020,2.0757,29.473,16.731,90.76,2.535,0.427,29.901,16.724,0.1149,-0.0532,0.025,0.000,0.195,0.015
418,17.060,2.7028,29.459,16.832,91.23,2.546,0.425,29.882,16.880,0.1128,-0.0619,0.024,0.000,0.196,-0.002
419,17.103,2.0868,29.445,16.933,91.67,2.539,0.429,29.861,17.036,0.1076,-0.0923,0.022,0.000,0.196,-0.034
420,17.140,2.1929,29.429,17.034,92.11,2.521,0.432,29.861,17.036,0.1144,-0.0792,0.023,0.000,0.197,-0.018
421,17.180,3.0717,29.413,17.134,92.55,2.515,0.430,29.839,17.191,0.1046,-0.0757,0.023,0.000,0.197,0.027
422,17.222,2.0283,29.397,17.234,92.99,2.505,0.433,29.815,17.347,0.1032,-0.0935,0.021,0.000,0.196,0.051
423,17.259,2.0719,29.380,17.333,93.43,2.503,0.436,29.815,17.347,0.1017,-0.1217,0.019,0.000,0.196,0.007
424,17.300,2.0475,29.362,17.431,93.83,2.493,0.434,29.790,17.502,0.0924,-0.1026,0.020,0.000,0.196,-0.029
425,17.340,2.7305,29.344,17.529,94.24,2.477,0.437,29.763,17.656,0.0948,-0.1011,0.020,0.000,0.197,-0.012
426,17.379,1.9385,29.326,17.627,94.64,2.468,0.438,29.763,17.656,0.0936,-0.1366,0.017,0.000,0.197,0.005
427,17.419,2.0314,29.307,17.724,95.01,2.449,0.436,29.734,17.811,0.0945,-0.1194,0.018,0.000,0.197,0.008
428,17.459,1.9979,29.289,17.821,95.36,2.429,0.439,29.704,17.965,0.0900,-0.0844,0.021,0.000,0.197,0.023
429,17.499,2.0678,29.270,17.915,95.71,2.431,0.437,29.704,17.965,0.0914,-0.0689,0.022,0.000,0.196,-0.001
430,17.539,2.1638,29.251,18.011,96.08,2.424,0.435,29.672,18.119,0.0889,0.0024,0.029,0.000,0.196,-0.031
431,17.579,2.1199,29.231,18.105,96.43,2.401,0.441,29.639,18.272,0.0842,0.0021,0.029,0.000,0.196,-0.022
432,17.619,2.2464,29.211,18.200,96.77,2.400,0.434,29.639,18.272,0.0923,0.0324,0.031,0.000,0.197,0.023
433,17.659,2.2043,29.190,18.294,97.11,2.406,0.434,29.604,18.425,0.0910,0.0406,0.032,0.000,0.196,0.035
434,17.703,2.1653,29.169,18.389,97.42,2.408,0.436,29.604,18.425,0.1014,0.0145,0.030,0.000,0.197,-0.009
435,17.740,2.5845,29.147,18.483,97.74,2.404,0.430,29.567,18.578,0.0997,0.0342,0.032,0.000,0.197,-0.021
436,17.779,2.0897,29.125,18.576,98.08,2.422,0.432,29.529,18.730,0.1018,0.0668,0.035,0.000,0.197,-0.000
437,17.819,2.0650,29.102,18.670,98.44,2.417,0.431,29.529,18.730,0.0980,0.0664,0.035,0.000,0.197,0.015
438,17.859,2.3309,29.077,18.764,98.81,2.418,0.429,29.489,18.882,0.0961,0.0827,0.036,0.000,0.197,0.008
439,17.899,2.0470,29.052,18.859,99.19,2.437,0.433,29.447,19.034,0.0934,0.0966,0.037,0.000,0.197,0.002
440,17.940,2.3618,29.026,18.952,99.58,2.444,0.429,29.447,19.034,0.1003,0.1148,0.039,0.000,0.197,-0.003
441,17.978,2.1627,28.999,19.046,99.94,2.443,0.428,29.404,19.185,0.1066,0.0962,0.038,0.000,0.197,-0.003
442,18.020,1.9618,28.972,19.141,100.29,2.454,0.433,29.360,19.335,0.1055,0.1342,0.041,0.000,0.197,0.020
443,18.059,2.0452,28.944,19.237,100.66,2.472,0.427,29.360,19.335,0.1103,0.1215,0.040,0.000,0.197,0.016
444,18.100,2.0415,28.915,19.332,101.06,2.494,0.427,29.314,19.486,0.1047,0.1191,0.040,0.000,0.197,-0.015
445,18.140,2.5247,28.884,19.428,101.48,2.494,0.433,29.314,19.486,0.1047,0.1406,0.042,0.000,0.197,-0.024
446,18.180,2.4056,28.853,19.522,101.91,2.506,0.428,29.266,19.635,0.1006,0.1295,0.041,0.000,0.197,0.006
447,18.219,2.6024,28.821,19.619,102.34,2.534,0.429,29.217,19.784,0.1044,0.0758,0.037,0.000,0.197,0.032
448,18.260,2.4910,28.788,19.715,102.75,2.535,0.434,29.217,19.784,0.0961,0.0451,0.034,0.000,0.197,0.017
449,18.300,2.1287,28.755,19.812,103.15,2.551,0.428,29.166,19.933,0.0957,0.0201,0.032,0.000,0.197,-0.020
450,18.339,4.2897,28.720,19.909,103.55,2.562,0.429,29.113,20.081,0.1035,-0.0094,0.029,0.000,0.198,-0.001
451,18.380,2.5516,28.685,20.005,103.96,2.567,0.434,29.113,20.081,0.0968,-0.0353,0.027,0.000,0.197,0.013
452,18.420,2.4978,28.650,20.102,104.35,2.547,0.428,29.059,20.229,0.0951,-0.0408,0.027,0.000,0.197,-0.019
453,18.461,2.6381,28.614,20.198,104.73,2.545,0.428,29.004,20.376,0.0917,-0.0481,0.026,0.000,0.197,-0.017
454,18.502,2.5640,28.578,20.293,105.10,2.545,0.433,29.004,20.376,0.0933,-0.1081,0.020,0.000,0.197,0.022
455,18.541,2.9075,28.542,20.389,105.49,2.561,0.426,28.947,20.522,0.0975,-0.0981,0.021,0.000,0.197,0.009
456,18.583,4.1913,28.504,20.484,105.87,2.544,0.425,28.888,20.668,0.0990,-0.1556,0.016,0.000,0.197,-0.018
457,18.620,2.6274,28.467,20.579,106.23,2.517,0.431,28.828,20.813,0.0984,-0.1123,0.020,0.000,0.197,-0.034
458,18.660,2.8571,28.428,20.672,106.61,2.511,0.424,28.828,20.813,0.0928,-0.1340,0.018,0.000,0.196,-0.002
459,18.700,2.2032,28.389,20.765,107.01,2.504,0.423,28.766,20.957,0.0993,-0.1235,0.018,0.000,0.196,0.012
460,18.739,2.6708,28.350,20.857,107.40,2.478,0.428,28.766,20.957,0.0993,-0.0793,0.022,0.000,0.196,0.005
461,18.780,2.4530,28.311,20.948,107.76,2.471,0.421,28.703,21.101,0.1008,-0.0282,0.027,0.000,0.196,-0.009
462,18.822,2.8944,28.271,21.038,108.13,2.466,0.421,28.639,21.244,0.0949,-0.0243,0.027,0.000,0.196,-0.005
463,18.860,2.0957,28.230,21.128,108.51,2.449,0.425,28.639,21.244,0.0915,0.0355,0.032,0.000,0.196,-0.014
464,18.900,2.2150,28.189,21.217,108.89,2.442,0.419,28.572,21.387,0.0970,0.1106,0.039,0.000,0.196,-0.026
465,18.940,2.5926,28.148,21.307,109.26,2.445,0.420,28.505,21.528,0.1003,0.1219,0.040,0.000,0.196,0.048
466,18.981,2.3661,28.106,21.396,109.62,2.468,0.420,28.505,21.528,0.1017,0.0888,0.037,0.000,0.196,0.029
467,19.020,2.9254,28.063,21.485,109.98,2.473,0.416,28.436,21.670,0.0992,0.1163,0.040,0.000,0.196,-0.014
468,19.060,2.4944,28.020,21.574,110.34,2.472,0.418,28.365,21.810,0.0943,0.0897,0.038,0.000,0.196,-0.043
469,19.101,3.0354,27.975,21.664,110.73,2.496,0.416,28.365,21.810,0.0999,0.0974,0.038,0.000,0.197,0.004
470,19.141,2.1890,27.930,21.753,111.13,2.506,0.413,28.293,21.949,0.1057,0.1310,0.041,0.000,0.197,0.046
471,19.181,3.4375,27.884,21.843,111.51,2.513,0.416,28.220,22.088,0.1057,0.0726,0.036,0.000,0.197,0.018
472,19.220,3.4763,27.837,21.933,111.89,2.526,0.413,28.220,22.088,0.1023,0.0696,0.036,0.000,0.197,-0.014
473,19.260,2.1715,27.788,22.023,112.29,2.540,0.410,28.145,22.226,0.1108,0.0831,0.038,0.000,0.197,-0.012
474,19.302,2.0338,27.740,22.111,112.70,2.549,0.414,28.068,22.364,0.1077,0.0262,0.033,0.000,0.197,-0.019
475,19.341,2.2802,27.690,22.201,113.12,2.552,0.412,28.068,22.364,0.1027,-0.0077,0.030,0.000,0.197,-0.010
476,19.381,2.3378,27.639,22.290,113.54,2.551,0.409,27.990,22.500,0.1083,-0.0536,0.026,0.000,0.197,0.031
477,19.421,2.0771,27.587,22.380,113.97,2.565,0.413,27.911,22.636,0.1187,-0.0591,0.025,0.000,0.197,0.027
478,19.461,2.4848,27.535,22.468,114.39,2.568,0.412,27.911,22.636,0.1111,-0.0933,0.022,0.000,0.197,0.003
479,19.499,2.0946,27.482,22.556,114.80,2.536,0.409,27.830,22.770,0.1194,-0.1062,0.021,0.000,0.197,-0.041
480,19.541,2.3659,27.429,22.642,115.22,2.535,0.413,27.748,22.904,0.1090,-0.1099,0.020,0.000,0.197,-0.038
481,19.581,2.1165,27.374,22.729,115.68,2.540,0.413,27.748,22.904,0.1096,-0.1089,0.020,0.000,0.196,0.000
482,19.620,2.0612,27.319,22.814,116.14,2.523,0.411,27.665,23.037,0.1096,-0.0940,0.021,0.000,0.196,0.028
483,19.660,2.0331,27.264,22.899,116.58,2.500,0.416,27.580,23.170,0.1117,-0.0678,0.023,0.000,0.196,0.016
484,19.700,2.3328,27.208,22.983,117.01,2.499,0.416,27.580,23.170,0.1101,-0.1157,0.019,0.000,0.196,-0.007
485,19.741,2.0067,27.152,23.066,117.45,2.496,0.414,27.494,23.301,0.1135,-0.0784,0.022,0.000,0.196,-0.024
486,19.780,3.0026,27.097,23.148,117.87,2.469,0.420,27.406,23.431,0.1121,-0.0266,0.027,0.000,0.196,-0.028
487,19.821,2.0348,27.040,23.230,118.29,2.464,0.418,27.406,23.431,0.1057,-0.0055,0.029,0.000,0.196,-0.002
488,19.860,2.1542,26.983,23.311,118.73,2.455,0.417,27.317,23.561,0.1061,-0.0096,0.028,0.000,0.196,0.047
489,19.900,2.1479,26.925,23.391,119.17,2.467,0.424,27.227,23.689,0.1039,0.0410,0.033,0.000,0.195,0.029
490,19.940,2.2700,26.867,23.471,119.58,2.456,0.420,27.227,23.689,0.1075,0.0370,0.032,0.000,0.196,-0.022
491,19.980,2.0264,26.809,23.551,119.97,2.460,0.420,27.135,23.817,0.1057,0.0385,0.033,0.000,0.196,-0.038
492,20.020,2.0742,26.750,23.631,120.37,2.473,0.428,27.135,23.817,0.0999,0.0204,0.031,0.000,0.197,-0.002
493,20.060,2.0235,26.691,23.709,120.78,2.466,0.422,27.042,23.943,0.0999,0.0045,0.030,0.000,0.197,0.056
494,20.101,2.1390,26.631,23.789,121.19,2.469,0.423,26.948,24.069,0.0946,0.0147,0.031,0.000,0.196,0.032
495,20.141,4.0676,26.570,23.868,121.59,2.484,0.428,26.948,24.069,0.0979,0.0413,0.033,0.000,0.197,-0.018
496,20.181,2.1616,26.509,23.946,121.98,2.479,0.423,26.852,24.194,0.1032,0.0025,0.030,0.000,0.197,-0.036
497,20.220,2.0867,26.448,24.025,122.35,2.473,0.424,26.755,24.317,0.1056,0.0104,0.030,0.000,0.197,-0.018
498,20.260,2.3703,26.386,24.103,122.72,2.478,0.427,26.755,24.317,0.1085,0.0431,0.033,0.000,0.197,0.027
499,20.300,2.0250,26.323,24.181,123.11,2.485,0.423,26.657,24.440,0.1070,0.0470,0.034,0.000,0.197,0.023
500,20.340,1.9344,26.259,24.257,123.52,2.494,0.426,26.558,24.561,0.1028,0.0295,0.032,0.000,0.196,-0.010
501,20.380,2.8259,26.194,24.334,123.95,2.489,0.429,26.558,24.561,0.0987,0.0315,0.032,0.000,0.197,-0.033
502,20.420,2.0034,26.129,24.411,124.37,2.499,0.425,26.457,24.682,0.0938,0.0626,0.035,0.000,0.197,-0.016
503,20.460,2.9186,26.064,24.487,124.78,2.504,0.429,26.355,24.801,0.0921,0.1348,0.042,0.000,0.197,0.018
504,20.500,1.9991,25.997,24.563,125.17,2.498,0.430,26.355,24.801,0.0943,0.1080,0.039,0.000,0.197,0.051
505,20.541,2.1794,25.931,24.639,125.53,2.511,0.426,26.252,24.920,0.0979,0.0537,0.035,0.000,0.197,0.021
506,20.581,2.2252,25.865,24.714,125.89,2.538,0.429,26.147,25.037,0.0915,0.0680,0.036,0.000,0.197,-0.031
507,20.621,2.4343,25.797,24.790,126.26,2.541,0.428,26.147,25.037,0.0952,0.0910,0.038,0.000,0.198,-0.040
508,20.660,2.0660,25.728,24.866,126.65,2.543,0.425,26.041,25.153,0.0964,0.0544,0.035,0.000,0.198,-0.009
509,20.700,2.1907,25.659,24.942,127.03,2.556,0.427,25.935,25.268,0.0927,0.0504,0.035,0.000,0.198,0.036
510,20.740,2.1277,25.589,25.017,127.41,2.561,0.427,25.935,25.268,0.0817,0.0409,0.034,0.000,0.197,0.039
511,20.780,2.4002,25.518,25.092,127.79,2.570,0.423,25.826,25.382,0.0877,0.0433,0.034,0.000,0.197,0.001
512,20.820,2.0104,25.447,25.167,128.17,2.579,0.425,25.717,25.495,0.0936,0.0516,0.035,0.000,0.197,-0.028
513,20.860,2.1364,25.376,25.242,128.52,2.577,0.425,25.717,25.495,0.1044,0.0669,0.036,0.000,0.198,-0.017
514,20.901,2.0729,25.304,25.317,128.87,2.586,0.419,25.607,25.607,0.0955,0.0256,0.033,0.000,0.198,-0.013
515,20.940,2.0705,25.231,25.390,129.23,2.603,0.420,25.495,25.717,0.0969,0.0493,0.035,0.000,0.198,0.001
516,20.980,1.9462,25.156,25.464,129.62,2.591,0.423,25.495,25.717,0.1054,0.0458,0.035,0.000,0.197,0.030
517,21.021,2.3927,25.082,25.537,130.01,2.596,0.417,25.382,25.826,0.1012,-0.0228,0.029,0.000,0.197,0.027
518,21.061,1.9893,25.006,25.610,130.42,2.615,0.417,25.268,25.935,0.1057,-0.0781,0.024,0.000,0.197,-0.012
519,21.100,1.9931,24.930,25.682,130.84,2.622,0.422,25.268,25.935,0.1083,-0.0992,0.022,0.000,0.197,-0.051
520,21.139,2.0063,24.853,25.753,131.26,2.598,0.416,25.153,26.041,0.1037,-0.0642,0.025,0.000,0.197,-0.025
521,21.180,1.9884,24.777,25.822,131.68,2.584,0.416,25.037,26.147,0.1023,-0.0841,0.023,0.000,0.197,0.020
522,21.219,2.5273,24.699,25.892,132.12,2.586,0.422,24.920,26.252,0.0965,-0.1006,0.021,0.000,0.196,0.025
523,21.260,2.0870,24.621,25.960,132.55,2.577,0.417,24.920,26.252,0.0880,-0.0879,0.022,0.000,0.196,0.012
524,21.301,3.2973,24.543,26.028,132.96,2.565,0.417,24.801,26.355,0.0945,-0.0622,0.025,0.000,0.196,-0.003
525,21.339,2.0300,24.465,26.096,133.35,2.562,0.421,24.682,26.457,0.1068,-0.0852,0.022,0.000,0.197,0.000
526,21.380,3.0576,24.387,26.163,133.71,2.553,0.416,24.682,26.457,0.1129,-0.1128,0.020,0.000,0.197,-0.018
527,21.421,1.9937,24.310,26.229,134.08,2.541,0.414,24.561,26.558,0.1162,-0.1179,0.019,0.000,0.197,-0.023
528,21.463,2.2029,24.231,26.295,134.45,2.529,0.418,24.440,26.657,0.1161,-0.0801,0.022,0.000,0.197,0.004
529,21.500,3.6557,24.152,26.359,134.85,2.517,0.414,24.440,26.657,0.1130,-0.0349,0.026,0.000,0.196,0.026
530,21.541,2.3142,24.073,26.422,135.28,2.502,0.413,24.317,26.755,0.1110,0.0007,0.030,0.000,0.195,0.013
531,21.580,2.0659,23.993,26.484,135.73,2.510,0.419,24.194,26.852,0.1193,-0.0011,0.029,0.000,0.195,-0.034
532,21.620,2.1974,23.913,26.545,136.18,2.503,0.416,24.194,26.852,0.1089,0.0036,0.030,0.000,0.196,-0.028
533,21.660,1.9737,23.833,26.605,136.63,2.492,0.416,24.069,26.948,0.1188,0.0147,0.031,0.000,0.196,0.016
534,21.702,2.1742,23.751,26.665,137.07,2.504,0.423,23.943,27.042,0.1207,-0.0056,0.029,0.000,0.196,0.012
535,21.740,1.9665,23.671,26.723,137.49,2.501,0.420,23.943,27.042,0.1165,0.0264,0.032,0.000,0.196,-0.001
536,21.780,2.1674,23.588,26.782,137.92,2.497,0.421,23.817,27.135,0.1146,-0.0004,0.029,0.000,0.196,0.010
537,21.821,2.0324,23.506,26.839,138.38,2.512,0.429,23.689,27.227,0.1066,-0.0179,0.028,0.000,0.196,0.006
538,21.860,2.4221,23.422,26.896,138.85,2.514,0.425,23.689,27.227,0.1014,-0.0252,0.027,0.000,0.196,-0.013
539,21.900,2.0665,23.338,26.953,139.31,2.497,0.427,23.561,27.317,0.1006,-0.0297,0.027,0.000,0.196,-0.015
540,21.940,1.9945,23.255,27.009,139.74,2.497,0.434,23.561,27.317,0.0972,0.0003,0.029,0.000,0.197,0.015
541,21.981,2.0411,23.171,27.065,140.15,2.496,0.429,23.431,27.406,0.1000,-0.0214,0.028,0.000,0.197,0.041
542,22.020,2.1407,23.087,27.121,140.54,2.500,0.430,23.301,27.494,0.1057,-0.0295,0.027,0.000,0.197,-0.001
543,22.060,2.1438,23.003,27.176,140.91,2.499,0.436,23.301,27.494,0.1052,-0.0546,0.025,0.000,0.197,-0.019
544,22.100,2.0828,22.920,27.229,141.30,2.491,0.430,23.170,27.580,0.0991,-0.0786,0.022,0.000,0.197,-0.008
545,22.139,1.9339,22.836,27.283,141.70,2.486,0.432,23.037,27.665,0.1040,-0.0404,0.026,0.000,0.197,-0.013
546,22.180,2.0448,22.751,27.335,142.11,2.475,0.437,23.037,27.665,0.1068,-0.0108,0.028,0.000,0.197,-0.011
547,22.220,2.0696,22.666,27.388,142.50,2.463,0.432,22.904,27.748,0.1121,0.0095,0.030,0.000,0.196,0.019
548,22.260,1.9858,22.581,27.439,142.89,2.471,0.435,22.770,27.830,0.1200,-0.0370,0.026,0.000,0.196,0.010
549,22.300,2.1096,22.495,27.489,143.30,2.474,0.439,22.770,27.830,0.1245,-0.0330,0.026,0.000,0.196,-0.019
550,22.340,2.0219,22.409,27.538,143.72,2.456,0.437,22.636,27.911,0.1215,-0.0070,0.028,0.000,0.196,-0.043
551,22.381,2.6255,22.322,27.587,144.16,2.469,0.441,22.500,27.990,0.1170,-0.0000,0.029,0.000,0.196,-0.011
552,22.419,1.9988,22.234,27.634,144.64,2.464,0.445,22.500,27.990,0.1135,-0.0087,0.028,0.000,0.196,0.044
553,22.461,2.1821,22.146,27.680,145.13,2.464,0.445,22.364,28.068,0.1168,0.0239,0.031,0.000,0.195,0.017
554,22.500,2.0621,22.058,27.726,145.59,2.464,0.451,22.226,28.145,0.1155,0.0111,0.030,0.000,0.196,-0.003
555,22.541,2.1167,21.970,27.771,146.03,2.461,0.453,22.226,28.145,0.1141,0.0412,0.033,0.000,0.196,-0.005
556,22.581,2.0094,21.883,27.815,146.47,2.460,0.454,22.088,28.220,0.1089,0.0500,0.034,0.000,0.196,-0.018
557,22.620,2.1110,21.794,27.859,146.90,2.455,0.461,21.949,28.293,0.0992,0.0119,0.030,0.000,0.197,0.006
558,22.660,1.9695,21.704,27.903,147.34,2.464,0.461,21.949,28.293,0.0897,-0.0352,0.026,0.000,0.197,0.036
559,22.700,2.1352,21.615,27.947,147.77,2.486,0.462,21.810,28.365,0.0781,0.0162,0.031,0.000,0.197,0.029
560,22.741,2.3637,21.525,27.990,148.17,2.475,0.469,21.670,28.436,0.0759,0.0565,0.034,0.000,0.197,-0.022
561,22.781,2.1872,21.436,28.034,148.52,2.458,0.465,21.670,28.436,0.0712,0.0342,0.032,0.000,0.198,-0.037
562,22.822,1.9801,21.347,28.078,148.83,2.463,0.464,21.528,28.505,0.0649,0.0040,0.030,0.000,0.198,0.023
563,22.861,2.2241,21.259,28.122,149.12,2.474,0.468,21.387,28.572,0.0725,-0.0258,0.027,0.000,0.198,0.045
564,22.901,2.2343,21.170,28.166,149.40,2.481,0.461,21.387,28.572,0.0687,-0.0167,0.028,0.000,0.198,0.020
565,22.940,2.2406,21.081,28.210,149.65,2.470,0.458,21.244,28.639,0.0748,0.0108,0.030,0.000,0.198,-0.026
566,22.980,2.1453,20.992,28.254,149.91,2.474,0.460,21.244,28.639,0.0778,0.0081,0.030,0.000,0.198,-0.034
567,23.020,2.1179,20.903,28.297,150.18,2.480,0.452,21.101,28.703,0.0855,-0.0152,0.028,0.000,0.198,-0.008
568,23.060,2.1527,20.813,28.340,150.45,2.462,0.451,20.957,28.766,0.0859,-0.0156,0.028,0.000,0.198,0.029
569,23.100,2.0061,20.722,28.381,150.75,2.482,0.451,20.957,28.766,0.0904,0.0552,0.034,0.000,0.197,0.004
570,23.141,2.9527,20.632,28.422,151.06,2.488,0.444,20.813,28.828,0.0908,0.0714,0.036,0.000,0.197,-0.023
571,23.180,2.0022,20.541,28.462,151.40,2.476,0.445,20.668,28.888,0.0949,0.1065,0.039,0.000,0.197,-0.027
572,23.220,2.3853,20.450,28.500,151.73,2.486,0.445,20.668,28.888,0.0903,0.0831,0.037,0.000,0.197,-0.021
573,23.261,2.1123,20.357,28.539,152.09,2.494,0.440,20.522,28.947,0.0988,0.0671,0.036,0.000,0.197,0.044
574,23.301,7.2933,20.264,28.577,152.46,2.518,0.441,20.376,29.004,0.0940,0.0228,0.032,0.000,0.197,0.040
575,23.341,2.7936,20.170,28.614,152.82,2.522,0.440,20.376,29.004,0.0961,0.0012,0.030,0.000,0.197,-0.020
576,23.384,2.6889,20.076,28.651,153.17,2.513,0.436,20.229,29.059,0.0952,0.0510,0.034,0.000,0.197,-0.051
577,23.421,2.6674,19.981,28.687,153.54,2.525,0.437,20.081,29.113,0.1006,0.0313,0.033,0.000,0.198,-0.010
578,23.460,2.3840,19.886,28.723,153.93,2.536,0.436,20.081,29.113,0.1013,-0.0012,0.030,0.000,0.197,0.030
579,23.500,1.9861,19.790,28.758,154.32,2.524,0.432,19.933,29.166,0.1037,0.0148,0.031,0.000,0.197,0.034
580,23.540,2.0124,19.694,28.792,154.70,2.527,0.434,19.784,29.217,0.1039,0.0353,0.033,0.000,0.197,-0.006
581,23.580,2.4398,19.598,28.825,155.11,2.543,0.434,19.784,29.217,0.1121,0.0149,0.031,0.000,0.197,-0.016
582,23.620,1.9961,19.501,28.857,155.52,2.540,0.430,19.635,29.266,0.1098,-0.0225,0.028,0.000,0.197,-0.024
583,23.660,2.0087,19.405,28.888,155.93,2.535,0.433,19.486,29.314,0.1157,-0.0067,0.029,0.000,0.197,-0.033
584,23.701,2.1222,19.308,28.919,156.36,2.537,0.433,19.486,29.314,0.1155,-0.0016,0.030,0.000,0.197,0.006
585,23.743,2.6976,19.210,28.948,156.80,2.536,0.430,19.335,29.360,0.1058,-0.0134,0.029,0.000,0.196,0.045
586,23.784,3.3820,19.111,28.977,157.26,2.548,0.434,19.185,29.404,0.1131,0.0164,0.031,0.000,0.196,0.014
587,23.821,3.3253,19.013,29.004,157.71,2.541,0.436,19.185,29.404,0.1051,0.0119,0.031,0.000,0.196,-0.037
588,23.860,2.2847,18.915,29.032,158.15,2.529,0.433,19.034,29.447,0.1091,0.0472,0.034,0.000,0.196,-0.035
589,23.901,2.0469,18.816,29.059,158.58,2.539,0.435,18.882,29.489,0.1007,-0.0065,0.029,0.000,0.197,0.002
590,23.940,2.2442,18.718,29.084,159.00,2.546,0.437,18.882,29.489,0.0990,0.0019,0.030,0.000,0.197,0.036
591,23.979,2.0227,18.619,29.109,159.43,2.536,0.434,18.730,29.529,0.1119,-0.0028,0.030,0.000,0.196,0.038
592,24.020,2.0655,18.520,29.135,159.84,2.545,0.436,18.578,29.567,0.1024,0.0062,0.030,0.000,0.197,0.009
593,24.063,3.0527,18.420,29.159,160.25,2.555,0.437,18.578,29.567,0.0953,0.0091,0.031,0.000,0.197,-0.020
594,24.103,2.6831,18.321,29.183,160.65,2.547,0.434,18.425,29.604,0.0932,-0.0120,0.029,0.000,0.197,-0.035
595,24.142,2.6972,18.222,29.206,161.05,2.535,0.436,18.272,29.639,0.0942,-0.0062,0.029,0.000,0.197,-0.022
596,24.180,2.0124,18.123,29.229,161.44,2.542,0.436,18.272,29.639,0.0932,0.0074,0.031,0.000,0.197,0.030
597,24.223,3.1199,18.023,29.251,161.82,2.543,0.432,18.119,29.672,0.0895,0.0062,0.031,0.000,0.197,0.053
598,24.260,2.0937,17.923,29.273,162.19,2.545,0.433,17.965,29.704,0.0922,0.0111,0.031,0.000,0.197,0.007
599,24.299,2.2191,17.823,29.294,162.55,2.543,0.434,17.965,29.704,0.0914,0.0073,0.031,0.000,0.197,-0.033
600,24.341,5.0938,17.724,29.315,162.90,2.544,0.428,17.811,29.734,0.0963,0.0071,0.031,0.000,0.197,-0.028
601,24.380,2.6444,17.624,29.336,163.27,2.555,0.429,17.656,29.763,0.0991,-0.0149,0.029,0.000,0.197,-0.004
602,24.421,2.6167,17.523,29.355,163.64,2.553,0.429,17.656,29.763,0.0979,0.0261,0.032,0.000,0.197,0.024
603,24.463,2.5585,17.423,29.373,164.02,2.533,0.424,17.502,29.790,0.0999,0.0473,0.034,0.000,0.197,0.028
604,24.503,2.6605,17.322,29.391,164.41,2.547,0.425,17.347,29.815,0.1004,0.0498,0.034,0.000,0.196,0.003
605,24.541,2.5845,17.222,29.408,164.81,2.568,0.426,17.347,29.815,0.0975,0.0540,0.035,0.000,0.196,-0.034
606,24.581,2.1008,17.120,29.424,165.22,2.560,0.422,17.191,29.839,0.0956,0.0229,0.032,0.000,0.197,-0.024
607,24.624,2.6235,17.018,29.439,165.62,2.552,0.422,17.036,29.861,0.0963,0.0395,0.034,0.000,0.197,0.001
608,24.664,2.4688,16.916,29.454,166.01,2.569,0.424,17.036,29.861,0.0984,0.0026,0.030,0.000,0.197,0.028
609,24.703,3.1405,16.814,29.469,166.40,2.576,0.418,16.880,29.882,0.0989,0.0177,0.032,0.000,0.197,0.036
610,24.742,2.6006,16.712,29.482,166.78,2.575,0.419,16.724,29.901,0.1084,0.0545,0.035,0.000,0.197,-0.003
611,24.779,2.2070,16.610,29.495,167.17,2.578,0.422,16.724,29.901,0.1092,0.0469,0.035,0.000,0.197,-0.023
612,24.821,2.3195,16.507,29.507,167.57,2.580,0.416,16.568,29.918,0.1110,0.0711,0.037,0.000,0.197,-0.027
613,24.862,2.2358,16.403,29.517,167.99,2.591,0.416,16.412,29.933,0.1074,0.0713,0.037,0.000,0.197,-0.008
614,24.901,2.1338,16.300,29.527,168.43,2.596,0.422,16.412,29.933,0.1119,0.0349,0.034,0.000,0.196,0.003
615,24.939,2.1076,16.197,29.536,168.87,2.594,0.416,16.255,29.947,0.1184,0.0335,0.034,0.000,0.196,0.018
616,24.979,2.3841,16.092,29.544,169.31,2.597,0.416,16.099,29.960,0.1158,-0.0083,0.030,0.000,0.196,0.029
617,25.019,1.9563,15.987,29.551,169.77,2.620,0.422,15.942,29.970,0.1074,-0.0442,0.027,0.000,0.196,-0.025
618,25.059,2.2484,15.882,29.556,170.24,2.621,0.418,15.942,29.970,0.1100,-0.0914,0.023,0.000,0.196,-0.028
619,25.099,2.1459,15.779,29.561,170.71,2.609,0.418,15.785,29.979,0.1079,-0.1188,0.020,0.000,0.196,0.009
620,25.140,2.7300,15.674,29.566,171.17,2.593,0.423,15.628,29.987,0.1071,-0.1487,0.017,0.000,0.197,0.018
621,25.179,2.2293,15.569,29.569,171.62,2.587,0.422,15.628,29.987,0.0938,-0.1778,0.014,0.000,0.197,0.000
622,25.219,2.2610,15.465,29.572,172.05,2.567,0.421,15.471,29.993,0.0883,-0.1688,0.015,0.000,0.196,0.001
623,25.259,2.1599,15.362,29.574,172.48,2.547,0.425,15.314,29.997,0.0852,-0.1575,0.016,0.000,0.196,0.020
624,25.300,2.1410,15.261,29.577,172.88,2.542,0.423,15.314,29.997,0.0704,-0.0780,0.023,0.000,0.196,-0.000
625,25.339,2.8125,15.160,29.579,173.26,2.526,0.420,15.157,29.999,0.0683,-0.0668,0.024,0.000,0.197,-0.024
626,25.379,2.6419,15.059,29.581,173.60,2.504,0.423,15.000,30.000,0.0504,-0.0133,0.028,0.000,0.197,-0.007
627,25.419,2.3088,14.959,29.584,173.90,2.478,0.418,15.000,30.000,0.0445,-0.0016,0.029,0.000,0.197,0.015
628,25.459,2.2766,14.859,29.588,174.17,2.482,0.414,14.900,30.000,0.0443,0.0302,0.032,0.000,0.197,0.033
629,25.500,2.2645,14.760,29.591,174.40,2.491,0.411,14.800,30.000,0.0384,0.0077,0.030,0.000,0.198,0.010
630,25.540,3.0119,14.662,29.596,174.60,2.485,0.406,14.700,30.000,0.0387,0.0521,0.034,0.000,0.198,-0.003
631,25.578,2.1139,14.562,29.600,174.77,2.480,0.401,14.600,30.000,0.0312,0.0571,0.035,0.000,0.198,0.005
632,25.619,2.8741,14.463,29.605,174.92,2.487,0.397,14.500,30.000,0.0306,0.0691,0.036,0.000,0.199,0.016
633,25.659,2.4565,14.364,29.610,175.07,2.494,0.392,14.400,30.000,0.0234,0.0922,0.038,0.000,0.199,0.003
634,25.700,3.4972,14.264,29.615,175.20,2.497,0.387,14.300,30.000,0.0269,0.1306,0.041,0.000,0.199,0.003
635,25.740,2.6476,14.164,29.620,175.31,2.505,0.382,14.200,30.000,0.0271,0.0766,0.037,0.000,0.199,0.007
636,25.780,2.5593,14.063,29.625,175.42,2.521,0.377,14.100,30.000,0.0257,0.0578,0.035,0.000,0.199,0.009
637,25.820,2.8523,13.964,29.630,175.52,2.535,0.372,14.000,30.000,0.0335,0.0539,0.035,0.000,0.200,0.003
638,25.859,2.1364,13.862,29.635,175.62,2.534,0.367,13.900,30.000,0.0266,0.0295,0.033,0.000,0.200,-0.007
639,25.900,2.7586,13.761,29.639,175.71,2.542,0.363,13.800,30.000,0.0302,0.0198,0.032,0.000,0.200,-0.002
640,25.940,3.2706,13.659,29.644,175.82,2.552,0.358,13.700,30.000,0.0255,0.0339,0.033,0.000,0.200,0.012
641,25.981,3.5061,13.557,29.648,175.94,2.558,0.355,13.600,30.000,0.0236,-0.0036,0.030,0.000,0.199,0.004
642,26.020,6.2213,13.454,29.652,176.06,2.559,0.351,13.500,30.000,0.0195,-0.0458,0.026,0.000,0.199,-0.004
643,26.060,4.7417,13.352,29.656,176.15,2.551,0.347,13.400,30.000,0.0137,-0.0306,0.027,0.000,0.199,-0.010
644,26.100,2.0686,13.250,29.660,176.23,2.546,0.343,13.200,30.000,0.0188,-0.0662,0.024,0.000,0.199,0.000
645,26.141,2.2066,13.148,29.665,176.31,2.554,0.339,13.100,30.000,0.0153,-0.0756,0.023,0.000,0.199,0.000
646,26.180,2.0464,13.046,29.669,176.38,2.550,0.334,13.000,30.000,0.0154,-0.0489,0.026,0.000,0.199,-0.005
647,26.221,3.2154,12.946,29.673,176.44,2.533,0.330,12.900,30.000,0.0098,0.0180,0.031,0.000,0.199,-0.003
648,26.260,2.0346,12.845,29.678,176.49,2.518,0.325,12.800,30.000,0.0117,-0.0053,0.029,0.000,0.199,-0.011
649,26.300,2.3996,12.744,29.683,176.54,2.521,0.320,12.700,30.000,0.0100,-0.0059,0.029,0.000,0.199,0.001
650,26.341,2.1928,12.643,29.687,176.59,2.536,0.316,12.600,30.000,0.0107,-0.0438,0.026,0.000,0.199,0.000
651,26.381,2.1934,12.542,29.692,176.64,2.536,0.311,12.500,30.000,0.0134,-0.0508,0.025,0.000,0.199,-0.003
652,26.420,2.0921,12.441,29.696,176.68,2.521,0.306,12.400,30.000,0.0166,-0.0083,0.029,0.000,0.199,0.003
653,26.461,2.1649,12.341,29.701,176.71,2.511,0.302,12.300,30.000,0.0145,0.0161,0.031,0.000,0.199,-0.003
654,26.500,2.0026,12.241,29.705,176.75,2.513,0.298,12.200,30.000,0.0129,0.0254,0.032,0.000,0.198,0.006
655,26.540,2.2301,12.140,29.709,176.82,2.528,0.294,12.100,30.000,0.0116,0.0129,0.031,0.000,0.198,-0.002
656,26.580,2.2240,12.041,29.713,176.89,2.530,0.290,12.000,30.000,0.0080,0.0036,0.030,0.000,0.198,0.002
657,26.620,1.9966,11.940,29.717,176.94,2.517,0.286,11.900,30.000,0.0043,0.0316,0.033,0.000,0.199,0.009
658,26.661,2.1675,11.839,29.721,176.97,2.515,0.282,11.800,30.000,0.0065,0.0001,0.030,0.000,0.199,0.006
659,26.700,2.1518,11.739,29.726,176.99,2.525,0.277,11.700,30.000,0.0025,-0.0500,0.025,0.000,0.199,0.006
660,26.741,2.2055,11.638,29.730,177.02,2.534,0.273,11.600,30.000,-0.0024,-0.0489,0.025,0.000,0.199,-0.007
661,26.780,1.9519,11.538,29.735,177.05,2.525,0.268,11.500,30.000,0.0081,-0.0309,0.027,0.000,0.199,0.001
662,26.820,1.9246,11.437,29.739,177.06,2.500,0.263,11.400,30.000,0.0001,-0.0727,0.023,0.000,0.199,0.003
663,26.860,2.1053,11.338,29.745,177.05,2.498,0.258,11.300,30.000,0.0064,-0.0561,0.025,0.000,0.199,0.003
664,26.900,2.0556,11.238,29.750,177.05,2.510,0.253,11.200,30.000,-0.0022,-0.0390,0.026,0.000,0.199,-0.012
665,26.940,2.2318,11.138,29.755,177.06,2.503,0.248,11.100,30.000,0.0051,0.0173,0.031,0.000,0.199,-0.015
666,26.980,2.2237,11.040,29.759,177.08,2.492,0.244,11.000,30.000,0.0133,0.0521,0.034,0.000,0.199,-0.000
667,27.022,3.9269,10.940,29.764,177.07,2.481,0.239,10.900,30.000,0.0129,0.0899,0.038,0.000,0.199,-0.004
668,27.059,2.1322,10.840,29.769,177.07,2.492,0.234,10.800,30.000,0.0113,0.0770,0.037,0.000,0.199,0.006
669,27.100,2.1584,10.740,29.773,177.09,2.515,0.230,10.700,30.000,0.0185,0.0641,0.035,0.000,0.198,-0.005
670,27.140,2.2352,10.641,29.777,177.14,2.526,0.227,10.600,30.000,0.0149,0.0608,0.035,0.000,0.198,-0.000
671,27.179,2.3041,10.540,29.781,177.19,2.524,0.223,10.500,30.000,0.0051,0.0419,0.034,0.000,0.199,0.003
672,27.219,2.1627,10.439,29.784,177.25,2.527,0.219,10.400,30.000,0.0018,0.0048,0.030,0.000,0.199,0.009
673,27.260,2.1688,10.337,29.788,177.30,2.541,0.216,10.300,30.000,0.0074,0.0020,0.030,0.000,0.199,0.014
674,27.300,2.4302,10.236,29.792,177.35,2.552,0.211,10.200,30.000,0.0061,0.0105,0.031,0.000,0.199,0.002
675,27.340,2.3478,10.135,29.796,177.37,2.543,0.207,10.100,30.000,0.0121,-0.0346,0.027,0.000,0.199,-0.004
676,27.379,2.7638,10.035,29.799,177.38,2.528,0.204,10.000,30.000,0.0083,-0.0635,0.024,0.000,0.199,0.004
677,27.419,2.0456,9.933,29.803,177.39,2.530,0.199,9.900,30.000,0.0059,-0.0953,0.021,0.000,0.199,0.013
678,27.459,2.0884,9.832,29.807,177.42,2.536,0.195,9.800,30.000,0.0051,-0.1509,0.016,0.000,0.199,-0.001
679,27.499,1.9711,9.731,29.811,177.47,2.536,0.192,9.700,30.000,0.0071,-0.0907,0.022,0.000,0.199,-0.019
680,27.540,2.2592,9.630,29.815,177.51,2.513,0.188,9.600,30.000,0.0137,-0.0893,0.022,0.000,0.199,-0.008
681,27.580,2.1076,9.530,29.818,177.53,2.484,0.184,9.500,30.000,0.0179,-0.0603,0.024,0.000,0.199,0.003
682,27.619,2.2992,9.432,29.822,177.54,2.477,0.181,9.400,30.000,0.0235,-0.0356,0.026,0.000,0.198,0.015
683,27.660,2.5899,9.332,29.825,177.58,2.487,0.178,9.300,30.000,0.0243,-0.0175,0.028,0.000,0.198,-0.011
684,27.700,1.9738,9.233,29.827,177.64,2.486,0.176,9.200,30.000,0.0145,-0.0382,0.026,0.000,0.198,-0.022
685,27.740,1.9590,9.134,29.829,177.73,2.478,0.174,9.100,30.000,0.0109,-0.0769,0.022,0.000,0.198,-0.009
686,27.781,2.0029,9.035,29.831,177.81,2.470,0.173,9.000,30.000,0.0132,-0.0700,0.023,0.000,0.198,0.008
687,27.819,2.0096,8.936,29.833,177.88,2.469,0.171,8.900,30.000,0.0108,-0.0711,0.023,0.000,0.198,0.029
688,27.861,1.9720,8.839,29.835,177.94,2.469,0.169,8.800,30.000,0.0110,-0.0671,0.023,0.000,0.198,-0.006
689,27.900,2.2691,8.741,29.837,177.99,2.451,0.168,8.700,30.000,0.0156,-0.1091,0.019,0.000,0.198,-0.008
690,27.941,1.8955,8.643,29.839,178.02,2.432,0.166,8.600,30.000,0.0269,-0.1208,0.018,0.000,0.199,0.003
691,27.980,1.9814,8.545,29.841,178.06,2.429,0.165,8.500,30.000,0.0375,-0.1481,0.015,0.000,0.199,0.020
692,28.020,1.9558,8.448,29.843,178.12,2.429,0.164,8.400,30.000,0.0560,-0.2194,0.009,0.000,0.198,-0.010
693,28.059,2.1792,8.353,29.844,178.20,2.415,0.163,8.400,30.000,0.0647,-0.3076,0.001,0.000,0.198,-0.022
694,28.099,2.5330,8.257,29.844,178.29,2.386,0.162,8.300,30.000,0.0791,-0.2989,0.001,0.000,0.198,-0.017
695,28.140,2.2389,8.162,29.844,178.40,2.362,0.160,8.200,30.000,0.0921,-0.3134,0.000,0.000,0.198,0.008
696,28.180,2.2450,8.068,29.843,178.53,2.335,0.160,8.100,30.000,0.0976,-0.3054,0.000,0.000,0.197,0.007
697,28.220,2.5869,7.975,29.841,178.70,2.298,0.161,8.000,30.000,0.1061,-0.2775,0.002,0.000,0.196,-0.027
698,28.260,2.0630,7.884,29.838,178.87,2.260,0.163,7.900,30.000,0.1072,-0.2100,0.008,0.000,0.196,-0.026
699,28.300,1.9957,7.795,29.834,179.07,2.227,0.166,7.800,30.000,0.1122,-0.1758,0.010,0.000,0.196,0.009
700,28.341,2.1452,7.706,29.828,179.30,2.203,0.172,7.700,30.000,0.1089,-0.0693,0.020,0.000,0.195,0.016
701,28.380,2.0373,7.618,29.822,179.56,2.173,0.179,7.600,30.000,0.1048,-0.0003,0.026,0.000,0.195,-0.022
702,28.420,2.3662,7.532,29.815,179.82,2.162,0.187,7.500,30.000,0.1105,0.0647,0.031,0.000,0.195,-0.017
703,28.460,1.9061,7.445,29.807,-179.89,2.153,0.198,7.400,30.000,0.1077,0.0625,0.031,0.000,0.195,0.025
704,28.500,4.6041,7.359,29.798,-179.58,2.160,0.206,7.400,30.000,0.1001,0.0978,0.034,0.000,0.195,0.012
705,28.540,2.6918,7.273,29.788,-179.24,2.176,0.213,7.300,30.000,0.0966,0.1870,0.043,0.000,0.196,-0.020
706,28.581,2.4579,7.186,29.777,-178.89,2.176,0.223,7.200,30.000,0.0918,0.2225,0.046,0.000,0.196,0.017
707,28.619,2.8104,7.099,29.766,-178.54,2.194,0.234,7.100,30.000,0.0856,0.2218,0.046,0.000,0.197,0.040
708,28.663,2.1659,7.011,29.754,-178.19,2.223,0.246,7.000,30.000,0.0699,0.1803,0.043,0.000,0.197,-0.005
709,28.701,2.1148,6.922,29.743,-177.88,2.240,0.258,6.900,30.000,0.0563,0.2279,0.047,0.000,0.198,0.001
710,28.740,2.2656,6.832,29.731,-177.58,2.268,0.271,6.800,30.000,0.0450,0.2390,0.048,0.000,0.199,0.041
711,28.782,2.0637,6.742,29.719,-177.30,2.294,0.284,6.700,30.000,0.0387,0.1789,0.043,0.000,0.199,0.019
712,28.820,2.4363,6.651,29.708,-177.05,2.311,0.296,6.700,30.000,0.0260,0.1591,0.042,0.000,0.200,-0.003
713,28.861,2.2807,6.559,29.698,-176.85,2.329,0.305,6.600,30.000,0.0195,0.0703,0.034,0.000,0.201,0.010
714,28.901,2.2428,6.466,29.688,-176.68,2.354,0.314,6.500,30.000,0.0049,0.0663,0.034,0.000,0.201,0.019
715,28.944,2.5569,6.372,29.679,-176.54,2.360,0.322,6.400,30.000,-0.0002,0.0579,0.033,0.000,0.201,0.009
716,28.981,2.1745,6.278,29.670,-176.44,2.356,0.330,6.300,30.000,-0.0070,0.0637,0.034,0.000,0.201,-0.004
717,29.020,2.1563,6.183,29.663,-176.37,2.365,0.337,6.200,30.000,-0.0096,0.0810,0.035,0.000,0.202,-0.002
718,29.060,2.3819,6.090,29.656,-176.34,2.368,0.344,6.100,30.000,-0.0138,0.0615,0.034,0.000,0.202,0.001
719,29.101,2.2091,5.995,29.650,-176.35,2.368,0.350,6.000,30.000,-0.0199,0.0933,0.037,0.000,0.201,0.011
720,29.141,2.2208,5.900,29.645,-176.37,2.374,0.355,5.900,30.000,-0.0255,0.0834,0.036,0.000,0.201,-0.011
721,29.180,2.3642,5.805,29.640,-176.41,2.392,0.360,5.800,30.000,-0.0310,0.0549,0.034,0.000,0.201,-0.015
722,29.220,2.0871,5.710,29.636,-176.46,2.396,0.365,5.700,30.000,-0.0405,0.0621,0.034,0.000,0.201,-0.003
723,29.260,2.4892,5.614,29.632,-176.52,2.397,0.369,5.600,30.000,-0.0533,0.0645,0.035,0.000,0.201,0.011
724,29.300,2.2115,5.519,29.628,-176.61,2.399,0.372,5.500,30.000,-0.0587,0.0410,0.033,0.000,0.201,-0.003
725,29.341,2.4264,5.423,29.626,-176.71,2.412,0.375,5.400,30.000,-0.0588,0.0853,0.037,0.000,0.201,-0.005
726,29.381,2.5042,5.326,29.624,-176.83,2.417,0.377,5.300,30.000,-0.0684,0.0455,0.033,0.000,0.201,-0.004
727,29.419,2.1306,5.230,29.623,-176.98,2.412,0.379,5.200,30.000,-0.0677,0.0460,0.033,0.000,0.201,0.019
728,29.460,2.2978,5.133,29.622,-177.15,2.408,0.379,5.100,30.000,-0.0705,0.0560,0.034,0.000,0.201,0.002
729,29.499,3.9921,5.037,29.623,-177.35,2.416,0.379,5.000,30.000,-0.0695,0.0642,0.035,0.000,0.201,-0.015
730,29.540,2.4218,4.940,29.625,-177.56,2.426,0.377,4.900,30.000,-0.0731,0.0820,0.037,0.000,0.201,-0.009
731,29.580,2.6563,4.843,29.627,-177.78,2.424,0.376,4.800,30.000,-0.0749,0.1132,0.039,0.000,0.201,0.019
732,29.620,2.5604,4.746,29.630,-178.04,2.418,0.373,4.700,30.000,-0.0770,0.1208,0.040,0.000,0.201,0.008
733,29.659,2.2883,4.649,29.635,-178.32,2.421,0.369,4.600,30.000,-0.0782,0.0836,0.037,0.000,0.201,-0.015
734,29.699,2.1460,4.551,29.640,-178.62,2.438,0.363,4.600,30.000,-0.0687,0.1026,0.039,0.000,0.201,-0.000
735,29.740,2.6176,4.453,29.646,-178.92,2.457,0.357,4.500,30.000,-0.0725,0.1097,0.040,0.000,0.201,0.006
736,29.780,2.2757,4.355,29.652,-179.23,2.469,0.351,4.400,30.000,-0.0694,0.1149,0.040,0.000,0.201,0.009
737,29.820,2.2713,4.258,29.659,-179.53,2.466,0.344,4.300,30.000,-0.0734,0.0741,0.037,0.000,0.201,-0.029
738,29.860,2.1476,4.158,29.666,-179.82,2.484,0.337,4.200,30.000,-0.0665,0.0487,0.035,0.000,0.201,-0.003
739,29.899,2.5885,4.059,29.674,179.90,2.495,0.329,4.100,30.000,-0.0609,0.0033,0.031,0.000,0.201,0.033
740,29.941,2.7773,3.959,29.681,179.61,2.508,0.321,4.000,30.000,-0.0475,-0.0367,0.027,0.000,0.201,0.010
741,29.981,2.2919,3.859,29.689,179.33,2.521,0.314,3.900,30.000,-0.0473,-0.0560,0.025,0.000,0.200,-0.040
742,30.019,2.3438,3.758,29.697,179.08,2.514,0.306,3.800,30.000,-0.0399,-0.0673,0.024,0.000,0.201,-0.039
743,30.060,2.3386,3.659,29.704,178.86,2.511,0.299,3.700,30.000,-0.0319,-0.0829,0.023,0.000,0.200,0.011
744,30.099,2.5152,3.558,29.711,178.67,2.511,0.292,3.600,30.000,-0.0265,-0.1203,0.019,0.000,0.200,0.031
745,30.139,2.2779,3.458,29.718,178.51,2.512,0.285,3.500,30.000,-0.0319,-0.1309,0.018,0.000,0.199,0.002
746,30.180,2.2059,3.358,29.724,178.37,2.510,0.279,3.400,30.000,-0.0204,-0.1161,0.019,0.000,0.199,-0.031
747,30.220,2.3298,3.258,29.730,178.26,2.506,0.273,3.300,30.000,-0.0223,-0.1350,0.018,0.000,0.199,-0.018
748,30.260,3.1474,3.160,29.736,178.17,2.481,0.267,3.200,30.000,-0.0209,-0.0423,0.026,0.000,0.199,0.018
749,30.300,2.2618,3.061,29.742,178.07,2.461,0.261,3.100,30.000,-0.0365,-0.0671,0.023,0.000,0.199,0.007
750,30.339,2.6919,2.962,29.748,177.98,2.459,0.255,3.000,30.000,-0.0447,-0.0404,0.026,0.000,0.199,0.003
751,30.379,2.5230,2.864,29.754,177.89,2.464,0.249,2.900,30.000,-0.0565,-0.0507,0.025,0.000,0.199,-0.014
752,30.420,2.8698,2.766,29.760,177.81,2.462,0.242,2.800,30.000,-0.0591,-0.0050,0.029,0.000,0.199,0.002
753,30.460,3.2640,2.668,29.767,177.70,2.437,0.235,2.700,30.000,-0.0703,-0.0030,0.029,0.000,0.199,0.012
754,30.499,2.6215,2.571,29.775,177.56,2.425,0.227,2.600,30.000,-0.0802,-0.0047,0.029,0.000,0.200,0.007
755,30.540,2.3773,2.475,29.783,177.39,2.432,0.218,2.500,30.000,-0.0844,-0.0178,0.028,0.000,0.200,-0.010
756,30.579,2.1833,2.378,29.793,177.22,2.436,0.208,2.400,30.000,-0.0914,-0.0001,0.029,0.000,0.200,0.006
757,30.620,2.6459,2.282,29.803,177.02,2.424,0.198,2.300,30.000,-0.1001,-0.0114,0.028,0.000,0.200,0.027
758,30.659,3.0702,2.185,29.814,176.79,2.403,0.186,2.200,30.000,-0.1043,0.0327,0.032,0.000,0.200,0.006
759,30.699,2.7425,2.089,29.827,176.52,2.404,0.173,2.100,30.000,-0.1168,-0.0028,0.029,0.000,0.201,-0.019
760,30.739,2.5254,1.994,29.841,176.24,2.404,0.159,2.000,30.000,-0.1286,0.0279,0.032,0.000,0.201,0.006
761,30.780,4.0838,1.900,29.855,175.94,2.409,0.145,1.900,30.000,-0.1375,0.0311,0.032,0.000,0.201,0.016
762,30.820,2.4978,1.805,29.871,175.61,2.392,0.129,1.800,30.000,-0.1469,0.0349,0.032,0.000,0.201,-0.013
763,30.859,2.2361,1.711,29.888,175.24,2.382,0.112,1.700,30.000,-0.1600,-0.0010,0.029,0.000,0.201,-0.025
764,30.901,2.7337,1.616,29.907,174.84,2.379,0.094,1.600,30.000,-0.1758,-0.0306,0.027,0.000,0.201,0.042
765,30.940,2.8820,1.523,29.927,174.42,2.381,0.076,1.500,30.000,-0.1866,-0.0399,0.026,0.000,0.201,0.009
766,30.980,2.5915,1.430,29.949,173.97,2.364,0.059,1.400,30.000,-0.2037,0.0312,0.032,0.000,0.201,-0.049
767,31.019,2.4934,1.337,29.972,173.48,2.358,0.047,1.300,30.000,-0.2101,-0.0076,0.029,0.000,0.202,-0.024
768,31.059,2.3195,1.247,29.997,172.96,2.333,0.047,1.200,30.000,-0.2240,-0.0082,0.029,0.000,0.201,0.052
769,31.100,2.3337,1.157,30.024,172.39,2.317,0.050,1.200,30.000,-0.2461,0.0233,0.031,0.000,0.201,0.006
770,31.139,2.8563,1.067,30.053,171.78,2.306,0.062,1.100,30.000,-0.2498,0.1012,0.038,0.000,0.201,-0.017
771,31.179,2.6710,0.978,30.084,171.14,2.302,0.086,1.000,30.000,-0.2589,0.0007,0.029,0.000,0.201,0.020
772,31.221,2.6124,0.891,30.116,170.46,2.294,0.116,0.900,30.000,-0.2609,-0.0638,0.024,0.000,0.201,-0.008
773,31.260,2.1542,0.804,30.151,169.73,2.274,0.151,0.800,30.000,-0.2601,-0.0787,0.022,0.000,0.202,-0.041
774,31.301,3.2266,0.719,30.188,168.95,2.258,0.189,0.700,30.000,-0.2604,-0.0365,0.026,0.000,0.202,0.030
775,31.340,2.5357,0.636,30.227,168.14,2.240,0.230,0.600,30.000,-0.2565,-0.0426,0.025,0.000,0.202,0.039
776,31.381,2.9952,0.554,30.268,167.28,2.206,0.272,0.600,30.000,-0.2338,-0.0150,0.028,0.000,0.202,-0.025
777,31.420,2.9276,0.474,30.311,166.39,2.184,0.312,0.500,30.000,-0.2084,-0.0740,0.023,0.000,0.202,0.028
778,31.460,2.9147,0.396,30.356,165.47,2.172,0.356,0.400,30.000,-0.1913,-0.0143,0.028,0.000,0.202,0.027
779,31.500,2.4163,0.318,30.403,164.53,2.167,0.404,0.300,30.000,-0.1622,-0.0500,0.025,0.000,0.202,-0.035
780,31.540,3.3208,0.241,30.451,163.61,2.180,0.452,0.200,30.000,-0.1174,-0.0524,0.024,0.000,0.202,-0.014
781,31.580,3.0915,0.163,30.497,162.77,2.205,0.499,0.200,30.000,-0.0603,-0.0705,0.023,0.000,0.201,-0.020
782,31.620,3.0191,0.086,30.543,162.01,2.238,0.543,0.100,30.000,-0.0164,-0.0916,0.021,0.000,0.200,-0.038
783,31.660,2.3340,0.007,30.589,161.34,2.262,0.589,0.000,30.000,0.0424,-0.0871,0.021,0.000,0.200,-0.045
784,31.700,2.9334,-0.074,30.632,160.78,2.268,0.633,-0.100,30.000,0.1017,-0.0814,0.021,0.000,0.198,-0.035
785,31.740,2.8965,-0.156,30.674,160.33,2.273,0.675,-0.200,30.000,0.1612,-0.0944,0.020,0.000,0.197,0.001
786,31.779,3.5829,-0.240,30.713,160.01,2.298,0.714,-0.200,30.000,0.1999,-0.0747,0.022,0.000,0.196,0.005
787,31.820,3.8670,-0.325,30.749,159.82,2.318,0.749,-0.300,30.000,0.2324,-0.0937,0.020,0.000,0.194,-0.039
788,31.860,2.9445,-0.410,30.781,159.79,2.326,0.781,-0.400,30.000,0.2607,-0.1003,0.019,0.000,0.194,-0.049
789,31.900,2.7218,-0.499,30.810,159.90,2.326,0.810,-0.500,30.000,0.2650,-0.1046,0.019,0.000,0.193,-0.019
790,31.940,2.7675,-0.588,30.837,160.08,2.317,0.837,-0.600,30.000,0.2694,-0.1646,0.013,0.000,0.194,0.010
791,31.980,2.6490,-0.676,30.862,160.33,2.313,0.862,-0.700,30.000,0.2744,-0.2397,0.006,0.000,0.194,0.024
792,32.020,2.8743,-0.766,30.884,160.64,2.301,0.885,-0.800,30.000,0.2787,-0.2180,0.008,0.000,0.194,0.015
793,32.060,2.6163,-0.856,30.903,161.03,2.275,0.904,-0.900,30.000,0.2768,-0.2156,0.008,0.000,0.194,-0.018
794,32.100,2.3825,-0.946,30.921,161.50,2.242,0.922,-0.900,30.000,0.2747,-0.1978,0.009,0.000,0.194,-0.019
795,32.140,3.4258,-1.034,30.935,162.02,2.223,0.935,-1.000,30.000,0.2731,-0.1892,0.010,0.000,0.193,-0.002
796,32.180,2.6079,-1.123,30.946,162.61,2.188,0.947,-1.100,30.000,0.2793,-0.1504,0.013,0.000,0.193,0.009
797,32.219,3.1677,-1.211,30.955,163.26,2.161,0.955,-1.200,30.000,0.2789,-0.1673,0.011,0.000,0.192,-0.015
798,32.259,2.8142,-1.299,30.962,163.94,2.134,0.962,-1.300,30.000,0.2718,-0.1132,0.016,0.000,0.192,-0.025
799,32.300,2.6047,-1.386,30.966,164.65,2.111,0.966,-1.400,30.000,0.2618,-0.0550,0.021,0.000,0.192,0.010
800,32.340,6.1505,-1.471,30.967,165.41,2.088,0.967,-1.500,30.000,0.2736,-0.0330,0.023,0.000,0.192,0.039
801,32.380,3.6482,-1.557,30.966,166.21,2.081,0.967,-1.600,30.000,0.2762,0.0390,0.029,0.000,0.191,-0.000
802,32.420,2.7064,-1.644,30.962,167.07,2.070,0.963,-1.600,30.000,0.2696,0.0886,0.034,0.000,0.192,-0.024
803,32.459,2.8315,-1.729,30.957,167.95,2.069,0.957,-1.700,30.000,0.2627,0.1893,0.043,0.000,0.193,0.013
804,32.500,4.0608,-1.815,30.948,168.89,2.049,0.948,-1.800,30.000,0.2615,0.2550,0.049,0.000,0.193,0.048
805,32.540,2.1750,-1.901,30.938,169.84,2.079,0.938,-1.900,30.000,0.2569,0.2434,0.048,0.000,0.194,0.032
806,32.579,2.2544,-1.986,30.927,170.77,2.100,0.927,-2.000,30.000,0.2556,0.3037,0.054,0.000,0.195,0.001
807,32.620,2.3343,-2.074,30.915,171.67,2.119,0.915,-2.100,30.000,0.2623,0.3518,0.058,0.000,0.197,0.012
808,32.660,2.4269,-2.162,30.902,172.57,2.161,0.903,-2.200,30.000,0.2495,0.4133,0.064,0.000,0.198,0.049
809,32.700,2.9897,-2.251,30.887,173.48,2.174,0.888,-2.300,30.000,0.2483,0.3766,0.061,0.000,0.198,0.030
810,32.739,2.8556,-2.342,30.871,174.42,2.224,0.872,-2.300,30.000,0.2448,0.3462,0.059,0.000,0.198,0.015
811,32.779,2.5836,-2.433,30.853,175.37,2.264,0.854,-2.400,30.000,0.2391,0.3395,0.059,0.000,0.199,-0.005
812,32.819,2.3260,-2.526,30.835,176.32,2.301,0.835,-2.500,30.000,0.2327,0.3519,0.061,0.000,0.199,-0.019
813,32.860,2.6015,-2.620,30.815,177.23,2.330,0.815,-2.600,30.000,0.2270,0.3274,0.059,0.000,0.200,-0.001
814,32.901,3.9803,-2.715,30.794,178.13,2.373,0.794,-2.700,30.000,0.2258,0.3211,0.059,0.000,0.200,0.044
815,32.941,3.6469,-2.811,30.772,179.02,2.424,0.772,-2.800,30.000,0.2134,0.2717,0.055,0.000,0.200,0.001
816,32.980,2.9503,-2.908,30.748,179.91,2.447,0.748,-2.900,30.000,0.2050,0.2476,0.053,0.000,0.200,0.001
817,33.021,2.4842,-3.007,30.724,-179.19,2.478,0.724,-3.000,30.000,0.1917,0.2491,0.053,0.000,0.200,0.006
818,33.061,2.7491,-3.106,30.698,-178.31,2.522,0.698,-3.100,30.000,0.1793,0.2100,0.050,0.000,0.200,-0.003
819,33.100,2.8138,-3.207,30.671,-177.47,2.548,0.672,-3.200,30.000,0.1726,0.2105,0.051,0.000,0.200,-0.049
820,33.141,3.2373,-3.308,30.645,-176.70,2.565,0.645,-3.300,30.000,0.1636,0.1839,0.048,0.000,0.201,-0.021
821,33.181,2.2775,-3.410,30.619,-175.97,2.591,0.619,-3.400,30.000,0.1440,0.1192,0.043,0.000,0.201,-0.003
822,33.221,2.3101,-3.512,30.592,-175.28,2.610,0.592,-3.500,30.000,0.1294,0.1107,0.042,0.000,0.200,0.021
823,33.259,2.4034,-3.614,30.565,-174.63,2.631,0.566,-3.600,30.000,0.1235,0.0974,0.041,0.000,0.200,0.024
824,33.300,2.2944,-3.718,30.538,-173.99,2.663,0.539,-3.700,30.000,0.1049,0.0200,0.035,0.000,0.199,0.004
825,33.340,2.4969,-3.821,30.512,-173.42,2.665,0.513,-3.800,30.000,0.0807,-0.0495,0.028,0.000,0.199,-0.013
826,33.379,3.0188,-3.924,30.486,-172.93,2.657,0.487,-3.900,30.000,0.0671,-0.0827,0.025,0.000,0.199,-0.026
827,33.420,2.4359,-4.028,30.461,-172.48,2.661,0.462,-4.000,30.000,0.0543,-0.1067,0.023,0.000,0.199,-0.020
828,33.460,3.0357,-4.132,30.437,-172.09,2.662,0.438,-4.100,30.000,0.0504,-0.1368,0.020,0.000,0.199,-0.017
829,33.500,2.4030,-4.236,30.413,-171.76,2.640,0.415,-4.200,30.000,0.0307,-0.1570,0.018,0.000,0.199,-0.007
830,33.539,4.5560,-4.338,30.392,-171.52,2.604,0.394,-4.300,30.000,0.0233,-0.1636,0.018,0.000,0.199,0.027
831,33.580,3.2352,-4.441,30.371,-171.32,2.600,0.373,-4.400,30.000,0.0161,-0.1490,0.019,0.000,0.199,0.037
832,33.622,3.5427,-4.542,30.352,-171.17,2.584,0.354,-4.500,30.000,0.0111,-0.1359,0.020,0.000,0.198,0.009
833,33.661,2.9570,-4.644,30.333,-171.06,2.569,0.336,-4.600,30.000,0.0055,-0.1551,0.018,0.000,0.199,-0.029
834,33.702,3.1710,-4.744,30.315,-170.98,2.559,0.318,-4.700,30.000,0.0006,-0.1910,0.014,0.000,0.199,-0.050
835,33.740,3.2517,-4.844,30.298,-170.94,2.523,0.301,-4.800,30.000,0.0013,-0.1290,0.020,0.000,0.199,0.006
836,33.782,2.5383,-4.943,30.282,-170.93,2.501,0.285,-4.900,30.000,0.0031,-0.1042,0.022,0.000,0.199,0.051
837,33.820,2.3146,-5.042,30.266,-170.93,2.500,0.269,-5.000,30.000,0.0036,-0.0921,0.023,0.000,0.198,0.009
838,33.860,3.2008,-5.140,30.250,-170.92,2.495,0.253,-5.100,30.000,0.0061,-0.0804,0.024,0.000,0.198,-0.043
839,33.900,2.3645,-5.238,30.234,-170.91,2.485,0.237,-5.200,30.000,0.0056,-0.0192,0.029,0.000,0.199,-0.037
840,33.940,3.3200,-5.335,30.218,-170.89,2.473,0.221,-5.300,30.000,0.0019,-0.0152,0.029,0.000,0.199,0.030
841,33.980,2.8935,-5.433,30.202,-170.87,2.472,0.204,-5.400,30.000,0.0044,-0.0042,0.030,0.000,0.198,0.040
842,34.020,2.4542,-5.530,30.186,-170.85,2.482,0.188,-5.500,30.000,0.0102,-0.0004,0.031,0.000,0.199,-0.006
843,34.060,2.3966,-5.628,30.169,-170.83,2.484,0.172,-5.600,30.000,0.0111,0.0115,0.032,0.000,0.199,-0.033
844,34.100,2.9866,-5.725,30.153,-170.82,2.482,0.155,-5.700,30.000,0.0167,0.0286,0.033,0.000,0.200,-0.001
845,34.140,2.5364,-5.823,30.136,-170.79,2.480,0.138,-5.800,30.000,0.0049,-0.0005,0.031,0.000,0.199,0.039
846,34.181,3.0262,-5.921,30.119,-170.75,2.493,0.120,-5.900,30.000,0.0006,-0.0093,0.030,0.000,0.199,0.020
847,34.220,2.8438,-6.019,30.101,-170.68,2.511,0.103,-6.000,30.000,-0.0032,-0.0418,0.027,0.000,0.199,-0.020
848,34.260,2.3913,-6.117,30.084,-170.64,2.497,0.086,-6.100,30.000,-0.0135,-0.0084,0.030,0.000,0.200,-0.020
849,34.299,2.4952,-6.216,30.068,-170.63,2.477,0.070,-6.200,30.000,-0.0182,-0.0088,0.030,0.000,0.200,0.023
850,34.340,3.1453,-6.314,30.052,-170.65,2.486,0.054,-6.300,30.000,-0.0251,-0.0784,0.024,0.000,0.200,0.039
851,34.380,2.8491,-6.411,30.037,-170.69,2.491,0.039,-6.400,30.000,-0.0289,-0.1179,0.020,0.000,0.200,-0.002
852,34.420,2.4823,-6.509,30.022,-170.73,2.490,0.024,-6.500,30.000,-0.0338,-0.1210,0.020,0.000,0.201,-0.030
853,34.460,2.2254,-6.607,30.008,-170.80,2.462,0.011,-6.600,30.000,-0.0419,-0.1269,0.019,0.000,0.201,-0.007
854,34.499,2.6964,-6.705,29.995,-170.89,2.444,0.007,-6.700,30.000,-0.0600,-0.1080,0.020,0.000,0.201,0.031
855,34.539,2.6428,-6.802,29.983,-171.01,2.432,0.017,-6.800,30.000,-0.0617,-0.1111,0.020,0.000,0.200,0.018
856,34.579,2.7928,-6.898,29.971,-171.15,2.424,0.029,-6.900,30.000,-0.0617,-0.0979,0.021,0.000,0.200,-0.028
857,34.620,2.9973,-6.994,29.961,-171.30,2.414,0.039,-7.000,30.000,-0.0620,-0.1245,0.019,0.000,0.201,-0.024
858,34.659,2.2620,-7.090,29.951,-171.48,2.383,0.050,-7.100,30.000,-0.0608,-0.1118,0.019,0.000,0.201,0.018
859,34.700,2.3487,-7.185,29.943,-171.68,2.371,0.059,-7.200,30.000,-0.0509,-0.1081,0.020,0.000,0.200,0.024
860,34.741,4.4663,-7.279,29.935,-171.91,2.363,0.068,-7.300,30.000,-0.0554,-0.0736,0.023,0.000,0.200,-0.020
861,34.780,3.8067,-7.373,29.928,-172.13,2.354,0.077,-7.400,30.000,-0.0526,-0.0635,0.023,0.000,0.200,-0.021
862,34.820,2.7793,-7.467,29.921,-172.34,2.349,0.086,-7.500,30.000,-0.0476,-0.0177,0.027,0.000,0.200,0.003
863,34.859,2.8624,-7.560,29.914,-172.54,2.338,0.095,-7.600,30.000,-0.0403,-0.0265,0.027,0.000,0.200,-0.000
864,34.899,2.9129,-7.654,29.907,-172.74,2.343,0.104,-7.700,30.000,-0.0351,-0.0137,0.028,0.000,0.200,-0.010
865,34.939,2.4512,-7.747,29.900,-172.92,2.351,0.110,-7.700,30.000,-0.0273,-0.0097,0.028,0.000,0.200,-0.005
866,34.980,3.6124,-7.841,29.892,-173.07,2.356,0.115,-7.800,30.000,-0.0276,0.0353,0.032,0.000,0.199,0.009
867,35.020,2.9575,-7.935,29.884,-173.21,2.346,0.121,-7.900,30.000,-0.0310,0.1067,0.038,0.000,0.199,0.002
868,35.060,2.3447,-8.029,29.877,-173.32,2.360,0.127,-8.000,30.000,-0.0238,0.0974,0.038,0.000,0.200,0.008
869,35.102,3.0811,-8.123,29.868,-173.41,2.372,0.134,-8.100,30.000,-0.0254,0.0589,0.034,0.000,0.200,0.013
870,35.140,3.2843,-8.218,29.860,-173.52,2.388,0.141,-8.200,30.000,-0.0294,0.0255,0.032,0.000,0.200,0.015
871,35.179,2.7299,-8.312,29.852,-173.62,2.384,0.148,-8.300,30.000,-0.0443,0.0728,0.036,0.000,0.200,-0.005
872,35.219,2.5678,-8.408,29.844,-173.73,2.399,0.156,-8.400,30.000,-0.0473,0.0780,0.036,0.000,0.201,0.007
873,35.260,2.2948,-8.503,29.837,-173.83,2.404,0.163,-8.500,30.000,-0.0404,0.0273,0.032,0.000,0.201,0.015
874,35.299,2.4047,-8.599,29.830,-173.95,2.418,0.170,-8.600,30.000,-0.0319,0.0312,0.032,0.000,0.201,0.011
875,35.340,2.9090,-8.696,29.823,-174.09,2.405,0.177,-8.700,30.000,-0.0375,0.0187,0.031,0.000,0.201,-0.008
876,35.380,3.0766,-8.792,29.817,-174.26,2.416,0.183,-8.800,30.000,-0.0371,0.0405,0.033,0.000,0.202,-0.011
877,35.420,2.5288,-8.889,29.811,-174.40,2.424,0.189,-8.900,30.000,-0.0403,0.0026,0.030,0.000,0.201,0.015
878,35.459,2.4684,-8.986,29.805,-174.53,2.436,0.195,-9.000,30.000,-0.0418,0.0107,0.031,0.000,0.201,-0.002
879,35.499,2.9080,-9.083,29.800,-174.66,2.434,0.201,-9.100,30.000,-0.0433,0.0179,0.031,0.000,0.201,-0.017
880,35.540,2.9511,-9.180,29.795,-174.82,2.425,0.206,-9.200,30.000,-0.0434,0.0094,0.030,0.000,0.201,-0.013
881,35.579,4.0418,-9.276,29.791,-174.98,2.426,0.211,-9.300,30.000,-0.0446,0.0373,0.033,0.000,0.201,0.028
882,35.619,2.9107,-9.374,29.787,-175.15,2.436,0.215,-9.400,30.000,-0.0353,0.0434,0.034,0.000,0.201,0.007
883,35.659,2.4495,-9.471,29.783,-175.32,2.442,0.219,-9.500,30.000,-0.0396,0.0236,0.032,0.000,0.201,-0.019
884,35.699,2.4375,-9.569,29.779,-175.50,2.448,0.223,-9.600,30.000,-0.0336,0.0164,0.031,0.000,0.201,-0.024
885,35.741,2.7531,-9.667,29.776,-175.65,2.447,0.227,-9.700,30.000,-0.0394,0.0185,0.031,0.000,0.201,0.015
886,35.779,2.3410,-9.764,29.772,-175.79,2.457,0.231,-9.800,30.000,-0.0447,0.0202,0.032,0.000,0.201,0.023
887,35.820,2.3666,-9.862,29.769,-175.93,2.467,0.234,-9.900,30.000,-0.0428,0.0068,0.030,0.000,0.200,-0.010
888,35.860,2.4363,-9.961,29.766,-176.08,2.469,0.237,-10.000,30.000,-0.0397,0.0018,0.030,0.000,0.201,-0.029
889,35.899,2.8819,-10.059,29.764,-176.23,2.463,0.240,-10.100,30.000,-0.0440,-0.0514,0.025,0.000,0.201,0.003
890,35.940,3.3863,-10.158,29.762,-176.40,2.460,0.242,-10.200,30.000,-0.0460,-0.0921,0.022,0.000,0.201,0.027
891,35.980,2.5976,-10.255,29.760,-176.56,2.462,0.244,-10.300,30.000,-0.0570,-0.0548,0.025,0.000,0.201,0.015
892,36.019,2.2395,-10.354,29.759,-176.73,2.457,0.246,-10.400,30.000,-0.0649,-0.0754,0.023,0.000,0.201,-0.028
893,36.059,2.5450,-10.452,29.758,-176.90,2.448,0.247,-10.500,30.000,-0.0801,-0.0626,0.024,0.000,0.201,-0.017
894,36.099,2.4095,-10.550,29.758,-177.08,2.438,0.247,-10.500,30.000,-0.0779,-0.0762,0.023,0.000,0.201,0.005
895,36.139,2.4964,-10.646,29.759,-177.29,2.413,0.245,-10.600,30.000,-0.0823,-0.0685,0.023,0.000,0.200,0.013
896,36.180,3.0524,-10.743,29.761,-177.53,2.408,0.243,-10.700,30.000,-0.0418,-0.0763,0.022,0.000,0.200,-0.006
897,36.220,2.3583,-10.839,29.764,-177.78,2.403,0.239,-10.800,30.000,-0.0185,-0.0230,0.027,0.000,0.200,-0.022
898,36.260,3.5105,-10.935,29.767,-178.05,2.395,0.235,-10.900,30.000,-0.0177,-0.0266,0.027,0.000,0.200,-0.014
899,36.299,2.2290,-11.031,29.770,-178.30,2.392,0.232,-11.000,30.000,-0.0287,-0.0554,0.024,0.000,0.200,-0.015
900,36.341,3.8030,-11.126,29.772,-178.50,2.400,0.229,-11.100,30.000,-0.0424,-0.0551,0.024,0.000,0.199,-0.011
901,36.380,3.7301,-11.222,29.773,-178.63,2.421,0.228,-11.200,30.000,-0.0674,-0.0225,0.027,0.000,0.199,0.013
902,36.420,2.8384,-11.319,29.774,-178.73,2.415,0.226,-11.300,30.000,-0.0930,-0.0065,0.028,0.000,0.199,0.006
903,36.460,2.8502,-11.415,29.776,-178.83,2.407,0.225,-11.400,30.000,-0.1152,0.0011,0.029,0.000,0.199,0.008
904,36.499,2.6382,-11.511,29.778,-178.98,2.382,0.222,-11.500,30.000,-0.1323,-0.0480,0.025,0.000,0.200,-0.001
905,36.540,2.5016,-11.605,29.781,-179.16,2.379,0.219,-11.600,30.000,-0.1328,-0.0042,0.029,0.000,0.200,0.037
906,36.579,2.3649,-11.701,29.785,-179.38,2.387,0.215,-11.700,30.000,-0.1343,0.0434,0.033,0.000,0.201,0.006
907,36.619,2.6755,-11.796,29.791,-179.63,2.376,0.209,-11.800,30.000,-0.1503,0.0525,0.034,0.000,0.201,-0.011
908,36.660,2.5902,-11.890,29.798,-179.92,2.366,0.202,-11.900,30.000,-0.1600,0.0671,0.035,0.000,0.202,-0.012
909,36.700,2.9382,-11.985,29.807,179.77,2.341,0.194,-12.000,30.000,-0.1780,0.0613,0.035,0.000,0.202,0.009
910,36.739,4.7180,-12.078,29.817,179.41,2.356,0.184,-12.100,30.000,-0.1824,0.0364,0.032,0.000,0.201,0.024
911,36.779,2.4750,-12.171,29.829,179.00,2.353,0.173,-12.200,30.000,-0.1954,0.1254,0.040,0.000,0.201,-0.013
912,36.819,3.2511,-12.265,29.843,178.57,2.347,0.161,-12.300,30.000,-0.2004,0.1248,0.040,0.000,0.201,-0.037
913,36.859,2.3649,-12.358,29.858,178.09,2.347,0.148,-12.400,30.000,-0.2267,0.0667,0.035,0.000,0.202,-0.003
914,36.900,3.4444,-12.451,29.876,177.56,2.337,0.133,-12.500,30.000,-0.2406,0.0402,0.033,0.000,0.201,0.028
915,36.939,2.5360,-12.543,29.895,177.00,2.333,0.113,-12.500,30.000,-0.2497,0.0241,0.032,0.000,0.201,0.015
916,36.980,2.3748,-12.635,29.917,176.40,2.325,0.090,-12.600,30.000,-0.2670,0.0620,0.035,0.000,0.201,-0.023
917,37.019,2.9425,-12.727,29.941,175.74,2.321,0.065,-12.700,30.000,-0.2795,0.0742,0.036,0.000,0.201,-0.006
918,37.060,2.3796,-12.817,29.967,175.03,2.293,0.037,-12.800,30.000,-0.2944,0.0244,0.032,0.000,0.201,-0.004
919,37.102,2.7925,-12.907,29.995,174.29,2.281,0.008,-12.900,30.000,-0.2936,0.0399,0.033,0.000,0.201,-0.022
920,37.141,4.4939,-12.994,30.026,173.50,2.283,0.027,-13.000,30.000,-0.2990,0.0717,0.036,0.000,0.202,0.012
921,37.181,6.4944,-13.081,30.060,172.64,2.264,0.063,-13.100,30.000,-0.2994,0.0605,0.035,0.000,0.202,0.021
922,37.220,3.4334,-13.167,30.096,171.73,2.237,0.102,-13.200,30.000,-0.3000,0.0306,0.033,0.000,0.202,0.011
923,37.260,4.0707,-13.251,30.135,170.78,2.223,0.144,-13.300,30.000,-0.3000,-0.0042,0.030,0.000,0.203,0.025
924,37.301,2.4015,-13.334,30.176,169.77,2.199,0.180,-13.300,30.000,-0.2847,-0.0009,0.030,0.000,0.203,0.019
925,37.340,2.8867,-13.414,30.220,168.73,2.184,0.221,-13.400,30.000,-0.2699,-0.0157,0.029,0.000,0.204,0.022
926,37.380,2.2810,-13.493,30.267,167.64,2.167,0.267,-13.500,30.000,-0.2415,-0.0470,0.026,0.000,0.204,0.005
927,37.419,2.3006,-13.571,30.316,166.49,2.149,0.317,-13.600,30.000,-0.2090,-0.0140,0.029,0.000,0.205,-0.018
928,37.460,2.3592,-13.647,30.367,165.34,2.162,0.370,-13.600,30.000,-0.1708,-0.0335,0.027,0.000,0.205,0.004
929,37.499,2.7451,-13.723,30.418,164.24,2.195,0.418,-13.700,30.000,-0.1275,-0.0190,0.028,0.000,0.205,-0.052
930,37.540,2.0902,-13.799,30.469,163.22,2.214,0.469,-13.800,30.000,-0.0937,-0.0060,0.029,0.000,0.204,-0.068
931,37.580,2.5519,-13.876,30.518,162.32,2.242,0.519,-13.900,30.000,-0.0373,-0.0166,0.028,0.000,0.203,-0.005
932,37.619,2.5169,-13.956,30.567,161.51,2.267,0.569,-14.000,30.000,0.0182,-0.0660,0.024,0.000,0.201,-0.015
933,37.659,2.2838,-14.037,30.615,160.81,2.303,0.616,-14.000,30.000,0.0785,-0.1336,0.018,0.000,0.199,-0.032
934,37.699,2.4392,-14.119,30.660,160.23,2.344,0.661,-14.100,30.000,0.1424,-0.1858,0.013,0.000,0.198,-0.029
935,37.740,2.2644,-14.204,30.703,159.79,2.385,0.703,-14.200,30.000,0.1801,-0.2684,0.006,0.000,0.196,-0.069
936,37.779,2.5959,-14.290,30.743,159.50,2.381,0.743,-14.300,30.000,0.2255,-0.2768,0.005,0.000,0.195,-0.057
937,37.819,2.0692,-14.377,30.778,159.37,2.355,0.779,-14.400,30.000,0.2511,-0.3450,0.000,0.002,0.194,-0.006
938,37.859,2.3113,-14.466,30.811,159.39,2.353,0.812,-14.500,30.000,0.2807,-0.3739,0.000,0.005,0.193,-0.003
939,37.900,3.4779,-14.555,30.840,159.54,2.338,0.841,-14.600,30.000,0.2884,-0.4003,0.000,0.008,0.193,0.002
940,37.940,4.6712,-14.644,30.867,159.77,2.301,0.868,-14.600,30.000,0.2931,-0.3882,0.000,0.007,0.193,-0.015
941,37.980,2.1211,-14.732,30.890,160.06,2.242,0.891,-14.700,30.000,0.3000,-0.3698,0.000,0.006,0.193,-0.019
942,38.020,2.0471,-14.820,30.911,160.39,2.229,0.912,-14.800,30.000,0.2936,-0.3590,0.000,0.005,0.193,-0.011
943,38.060,2.1728,-14.906,30.929,160.83,2.180,0.929,-14.900,30.000,0.2928,-0.3824,0.000,0.008,0.192,0.009
944,38.100,2.2805,-14.992,30.945,161.32,2.133,0.945,-15.000,30.000,0.2926,-0.3743,0.000,0.008,0.192,0.003
945,38.139,2.2637,-15.078,30.957,161.89,2.114,0.960,-15.000,30.000,0.3000,-0.3198,0.000,0.003,0.192,-0.027
946,38.180,2.2637,-15.161,30.967,162.49,2.083,0.968,-15.157,29.999,0.3000,-0.3011,0.000,0.002,0.192,-0.024
947,38.220,1.9486,-15.246,30.974,163.13,2.055,0.979,-15.157,29.999,0.3000,-0.2661,0.001,0.000,0.192,0.027
948,38.260,2.1032,-15.330,30.979,163.84,2.045,0.983,-15.314,29.997,0.3000,-0.2047,0.006,0.000,0.191,0.008
949,38.300,2.1949,-15.414,30.982,164.59,2.032,0.990,-15.314,29.997,0.2961,-0.2461,0.002,0.000,0.191,-0.040
950,38.340,2.7505,-15.498,30.981,165.40,2.021,0.989,-15.471,29.993,0.2936,-0.2369,0.002,0.000,0.192,0.021
951,38.379,4.1911,-15.582,30.978,166.26,2.003,0.992,-15.471,29.993,0.2897,-0.2097,0.004,0.000,0.192,0.052
952,38.419,2.4784,-15.665,30.973,167.18,2.004,0.986,-15.628,29.987,0.2887,-0.1156,0.013,0.000,0.193,0.000
953,38.460,2.2965,-15.749,30.964,168.12,1.987,0.985,-15.628,29.987,0.2938,-0.1156,0.012,0.000,0.194,-0.001
954,38.500,2.2799,-15.832,30.954,169.10,1.993,0.975,-15.785,29.979,0.2886,-0.0699,0.016,0.000,0.195,0.036
955,38.541,2.2900,-15.915,30.941,170.11,1.977,0.970,-15.785,29.979,0.2792,-0.0193,0.021,0.000,0.195,0.040
956,38.580,2.0312,-15.998,30.925,171.14,1.985,0.957,-15.942,29.970,0.2747,0.0353,0.026,0.000,0.196,0.022
957,38.621,2.1088,-16.080,30.909,172.15,1.999,0.949,-15.942,29.970,0.2763,0.0961,0.031,0.000,0.197,0.014
958,38.660,2.2510,-16.163,30.893,173.13,2.016,0.935,-16.099,29.960,0.2713,0.1279,0.034,0.000,0.198,0.000
959,38.700,2.4049,-16.246,30.876,174.05,2.007,0.928,-16.099,29.960,0.2743,0.1671,0.038,0.000,0.199,0.028
960,38.740,2.4432,-16.329,30.858,174.97,2.023,0.913,-16.255,29.947,0.2737,0.2001,0.041,0.000,0.199,0.045
961,38.779,2.8874,-16.412,30.838,175.90,2.042,0.905,-16.255,29.947,0.2771,0.2342,0.044,0.000,0.199,-0.026
962,38.819,2.2907,-16.495,30.818,176.84,2.048,0.889,-16.412,29.933,0.2738,0.2532,0.046,0.000,0.200,-0.036
963,38.861,2.1544,-16.577,30.796,177.78,2.059,0.879,-16.568,29.918,0.2703,0.2721,0.048,0.000,0.199,0.027
964,38.900,2.2933,-16.660,30.772,178.75,2.065,0.859,-16.568,29.918,0.2625,0.3071,0.051,0.000,0.199,0.034
965,38.940,1.9821,-16.744,30.747,179.72,2.105,0.846,-16.724,29.901,0.2674,0.3398,0.055,0.000,0.199,-0.011
966,38.980,2.0906,-16.829,30.720,-179.31,2.130,0.826,-16.724,29.901,0.2689,0.3371,0.055,0.000,0.199,-0.031
967,39.020,2.1493,-16.914,30.692,-178.37,2.167,0.811,-16.880,29.882,0.2647,0.2908,0.051,0.000,0.200,0.002
968,39.060,2.0720,-17.000,30.662,-177.40,2.188,0.790,-16.880,29.882,0.2634,0.2994,0.052,0.000,0.200,0.044
969,39.101,2.2729,-17.086,30.630,-176.42,2.212,0.771,-17.036,29.861,0.2670,0.2811,0.051,0.000,0.200,0.013
970,39.139,2.2222,-17.174,30.596,-175.41,2.258,0.748,-17.036,29.861,0.2554,0.2606,0.050,0.000,0.200,-0.016
971,39.180,3.1186,-17.261,30.561,-174.38,2.276,0.725,-17.191,29.839,0.2436,0.2257,0.047,0.000,0.200,-0.024
972,39.220,5.0300,-17.349,30.524,-173.36,2.292,0.703,-17.191,29.839,0.2337,0.2213,0.047,0.000,0.200,-0.017
973,39.260,2.2664,-17.438,30.485,-172.35,2.326,0.676,-17.347,29.815,0.2268,0.2244,0.047,0.000,0.200,0.008
974,39.299,2.0430,-17.526,30.446,-171.40,2.358,0.656,-17.347,29.815,0.2208,0.1893,0.044,0.000,0.201,0.032
975,39.340,2.4073,-17.616,30.407,-170.49,2.388,0.627,-17.502,29.790,0.2161,0.1881,0.045,0.000,0.201,0.017
976,39.380,2.0978,-17.707,30.366,-169.63,2.414,0.605,-17.656,29.763,0.2132,0.1745,0.044,0.000,0.201,-0.008
977,39.419,2.6642,-17.797,30.325,-168.78,2.424,0.580,-17.656,29.763,0.2086,0.1787,0.044,0.000,0.201,0.008
978,39.460,2.1906,-17.888,30.283,-167.92,2.451,0.554,-17.811,29.734,0.2006,0.1628,0.043,0.000,0.200,-0.021
979,39.500,2.3415,-17.979,30.239,-167.08,2.454,0.532,-17.811,29.734,0.1841,0.1136,0.039,0.000,0.200,-0.053
980,39.541,2.1170,-18.070,30.195,-166.26,2.475,0.502,-17.965,29.704,0.1792,0.1154,0.039,0.000,0.199,-0.022
981,39.579,2.3397,-18.162,30.150,-165.45,2.494,0.480,-18.119,29.672,0.1636,0.0785,0.036,0.000,0.199,0.011
982,39.620,2.2049,-18.253,30.104,-164.69,2.506,0.452,-18.119,29.672,0.1594,0.0948,0.038,0.000,0.199,0.008
983,39.659,2.2914,-18.344,30.059,-163.98,2.527,0.426,-18.272,29.639,0.1515,0.0850,0.037,0.000,0.199,0.013
984,39.700,2.4650,-18.436,30.013,-163.31,2.535,0.408,-18.272,29.639,0.1440,0.0650,0.035,0.000,0.198,0.003
985,39.740,2.1745,-18.527,29.967,-162.68,2.535,0.377,-18.425,29.604,0.1494,0.0412,0.033,0.000,0.198,-0.006
986,39.779,2.1489,-18.619,29.921,-162.10,2.544,0.356,-18.578,29.567,0.1396,0.0685,0.036,0.000,0.198,-0.031
987,39.819,2.1448,-18.711,29.874,-161.52,2.548,0.335,-18.578,29.567,0.1272,0.0577,0.035,0.000,0.198,-0.036
988,39.860,2.7232,-18.803,29.827,-160.94,2.541,0.307,-18.730,29.529,0.1182,0.0568,0.035,0.000,0.198,-0.024
989,39.900,2.8413,-18.893,29.779,-160.37,2.547,0.291,-18.882,29.489,0.1056,0.0424,0.033,0.000,0.197,0.048
990,39.939,3.0197,-18.985,29.732,-159.84,2.564,0.264,-18.882,29.489,0.1019,0.0803,0.037,0.000,0.197,0.052
991,39.980,2.4179,-19.077,29.684,-159.36,2.580,0.241,-19.034,29.447,0.0948,0.0122,0.031,0.000,0.197,-0.005
992,40.021,2.8315,-19.169,29.637,-158.94,2.567,0.232,-19.034,29.447,0.0916,-0.0278,0.027,0.000,0.197,-0.039
993,40.061,2.1378,-19.261,29.589,-158.56,2.571,0.200,-19.185,29.404,0.0859,-0.0390,0.026,0.000,0.198,-0.031
994,40.099,2.9111,-19.353,29.542,-158.17,2.572,0.183,-19.335,29.360,0.0765,-0.0515,0.025,0.000,0.198,0.003
995,40.141,2.7305,-19.444,29.494,-157.80,2.567,0.173,-19.335,29.360,0.0722,-0.0537,0.025,0.000,0.198,0.019
996,40.181,2.9786,-19.534,29.447,-157.46,2.554,0.142,-19.486,29.314,0.0631,-0.0439,0.026,0.000,0.198,0.028
997,40.220,2.6938,-19.626,29.400,-157.15,2.550,0.134,-19.635,29.266,0.0618,-0.0887,0.022,0.000,0.198,0.013
998,40.261,2.4507,-19.717,29.353,-156.86,2.551,0.119,-19.635,29.266,0.0537,-0.1179,0.019,0.000,0.198,-0.016
999,40.300,4.4976,-19.807,29.306,-156.59,2.547,0.093,-19.784,29.217,0.0495,-0.1270,0.018,0.000,0.198,-0.043
1000,40.341,2.9178,-19.898,29.260,-156.34,2.522,0.101,-19.933,29.166,0.0498,-0.0787,0.022,0.000,0.198,-0.021
1001,40.381,2.2159,-19.988,29.214,-156.13,2.499,0.073,-19.933,29.166,0.0501,-0.1184,0.019,0.000,0.198,0.042
1002,40.421,2.4109,-20.077,29.169,-155.94,2.494,0.055,-20.081,29.113,0.0472,-0.0716,0.023,0.000,0.198,0.045
1003,40.462,2.3988,-20.165,29.123,-155.74,2.500,0.084,-20.081,29.113,0.0435,-0.1071,0.019,0.000,0.198,-0.018
1004,40.501,2.7335,-20.253,29.078,-155.55,2.478,0.030,-20.229,29.059,0.0364,-0.0659,0.023,0.000,0.198,-0.053
1005,40.542,4.0898,-20.341,29.032,-155.36,2.457,0.045,-20.376,29.004,0.0442,-0.0621,0.023,0.000,0.198,-0.000
1006,40.580,2.3676,-20.429,28.987,-155.19,2.454,0.056,-20.376,29.004,0.0422,-0.0590,0.023,0.000,0.198,0.056
1007,40.621,2.1367,-20.516,28.942,-155.04,2.457,0.008,-20.522,28.947,0.0427,-0.0272,0.026,0.000,0.198,0.023
1008,40.660,2.1462,-20.603,28.896,-154.90,2.446,0.066,-20.668,28.888,0.0472,0.0374,0.032,0.000,0.198,-0.035
1009,40.700,2.4212,-20.689,28.851,-154.75,2.434,0.043,-20.668,28.888,0.0493,0.0483,0.033,0.000,0.199,-0.029
1010,40.740,2.7358,-20.776,28.805,-154.58,2.446,0.044,-20.813,28.828,0.0500,0.0679,0.035,0.000,0.199,0.027
1011,40.780,2.1768,-20.861,28.759,-154.40,2.454,0.084,-20.813,28.828,0.0533,0.0594,0.034,0.000,0.198,0.033
1012,40.821,2.3554,-20.947,28.712,-154.22,2.463,0.056,-20.957,28.766,0.0505,0.0901,0.037,0.000,0.198,-0.014
1013,40.860,2.2422,-21.033,28.664,-154.03,2.461,0.078,-21.101,28.703,0.0552,0.0883,0.037,0.000,0.199,-0.034
1014,40.900,2.1499,-21.120,28.616,-153.83,2.475,0.089,-21.101,28.703,0.0567,0.0761,0.036,0.000,0.199,0.006
1015,40.941,2.1991,-21.206,28.567,-153.63,2.493,0.081,-21.244,28.639,0.0585,0.0890,0.037,0.000,0.199,0.030
1016,40.981,2.1278,-21.293,28.517,-153.42,2.490,0.109,-21.387,28.572,0.0558,0.0597,0.034,0.000,0.199,0.021
1017,41.020,3.0125,-21.379,28.467,-153.21,2.505,0.106,-21.387,28.572,0.0576,0.0039,0.030,0.000,0.199,-0.021
1018,41.060,3.4667,-21.466,28.416,-152.99,2.514,0.108,-21.528,28.505,0.0498,-0.0230,0.027,0.000,0.199,-0.014
1019,41.100,2.4108,-21.552,28.365,-152.75,2.526,0.137,-21.670,28.436,0.0448,-0.0068,0.029,0.000,0.199,-0.013
1020,41.140,3.9209,-21.639,28.313,-152.52,2.518,0.126,-21.670,28.436,0.0494,0.0183,0.031,0.000,0.199,0.021
1021,41.180,2.4112,-21.726,28.262,-152.32,2.503,0.133,-21.810,28.365,0.0486,0.0176,0.031,0.000,0.199,0.030
1022,41.220,2.1624,-21.813,28.211,-152.14,2.516,0.154,-21.810,28.365,0.0401,0.0147,0.031,0.000,0.199,0.002
1023,41.260,2.8576,-21.899,28.159,-151.95,2.520,0.143,-21.949,28.293,0.0432,-0.0413,0.026,0.000,0.199,-0.037
1024,41.300,2.3795,-21.985,28.107,-151.76,2.520,0.153,-22.088,28.220,0.0441,-0.0405,0.026,0.000,0.199,-0.036
1025,41.340,2.7510,-22.072,28.055,-151.58,2.511,0.165,-22.088,28.220,0.0533,-0.0403,0.026,0.000,0.199,0.018
1026,41.381,2.2911,-22.157,28.004,-151.42,2.505,0.157,-22.226,28.145,0.0519,-0.0289,0.027,0.000,0.199,0.043
1027,41.421,2.3959,-22.243,27.951,-151.24,2.516,0.168,-22.364,28.068,0.0494,-0.0049,0.029,0.000,0.198,-0.011
1028,41.461,2.0935,-22.328,27.898,-151.06,2.508,0.173,-22.364,28.068,0.0576,0.0395,0.033,0.000,0.198,-0.051
1029,41.500,2.6871,-22.413,27.845,-150.87,2.500,0.169,-22.500,27.990,0.0579,0.0388,0.033,0.000,0.199,-0.027
1030,41.541,2.6685,-22.498,27.792,-150.66,2.508,0.182,-22.636,27.911,0.0681,0.0437,0.033,0.000,0.199,0.031
1031,41.580,2.1401,-22.582,27.737,-150.45,2.510,0.182,-22.636,27.911,0.0708,0.0145,0.030,0.000,0.198,0.043
1032,41.620,2.5558,-22.667,27.682,-150.23,2.528,0.181,-22.770,27.830,0.0730,-0.0553,0.024,0.000,0.198,-0.009
1033,41.660,2.2563,-22.750,27.627,-150.00,2.525,0.197,-22.904,27.748,0.0805,-0.0789,0.022,0.000,0.198,-0.054
1034,41.700,2.4545,-22.834,27.570,-149.75,2.515,0.192,-22.904,27.748,0.0805,-0.0731,0.023,0.000,0.198,-0.012
1035,41.739,2.7200,-22.917,27.512,-149.47,2.525,0.194,-23.037,27.665,0.0809,-0.0714,0.023,0.000,0.198,0.020
1036,41.781,2.7439,-22.999,27.454,-149.17,2.511,0.212,-23.170,27.580,0.0855,-0.0640,0.023,0.000,0.197,0.024
1037,41.821,2.1464,-23.081,27.395,-148.87,2.493,0.205,-23.170,27.580,0.0826,0.0038,0.029,0.000,0.197,-0.013
1038,41.860,2.3699,-23.161,27.337,-148.56,2.493,0.211,-23.301,27.494,0.0780,0.0391,0.032,0.000,0.197,-0.028
1039,41.900,2.1716,-23.241,27.277,-148.23,2.489,0.225,-23.301,27.494,0.0697,0.0293,0.031,0.000,0.197,-0.012
1040,41.941,2.1737,-23.321,27.217,-147.90,2.495,0.219,-23.431,27.406,0.0711,0.0163,0.030,0.000,0.197,0.001
1041,41.980,2.3593,-23.401,27.157,-147.59,2.491,0.227,-23.561,27.317,0.0658,0.0321,0.032,0.000,0.198,0.026
1042,42.020,2.1647,-23.481,27.096,-147.31,2.494,0.235,-23.561,27.317,0.0604,0.0035,0.029,0.000,0.198,0.032
1043,42.060,2.1658,-23.561,27.036,-147.03,2.509,0.230,-23.689,27.227,0.0574,-0.0019,0.029,0.000,0.198,-0.004
1044,42.101,2.6958,-23.641,26.975,-146.76,2.511,0.238,-23.817,27.135,0.0616,-0.0196,0.027,0.000,0.198,-0.033
1045,42.140,2.1212,-23.721,26.915,-146.52,2.495,0.240,-23.817,27.135,0.0522,-0.0270,0.027,0.000,0.199,-0.019
1046,42.180,2.4720,-23.800,26.855,-146.29,2.492,0.236,-23.943,27.042,0.0579,-0.0106,0.028,0.000,0.199,0.037
1047,42.220,2.3947,-23.880,26.794,-146.07,2.500,0.244,-24.069,26.948,0.0622,-0.0227,0.027,0.000,0.198,0.038
1048,42.260,2.1576,-23.959,26.733,-145.85,2.505,0.241,-24.069,26.948,0.0692,-0.0431,0.025,0.000,0.198,-0.027
1049,42.299,2.6253,-24.038,26.672,-145.63,2.492,0.238,-24.194,26.852,0.0679,-0.0373,0.025,0.000,0.198,-0.055
1050,42.340,2.8939,-24.117,26.611,-145.40,2.483,0.247,-24.317,26.755,0.0765,-0.0404,0.025,0.000,0.198,-0.008
1051,42.380,2.3387,-24.195,26.548,-145.15,2.494,0.241,-24.317,26.755,0.0792,-0.0314,0.026,0.000,0.198,0.026
1052,42.420,2.8165,-24.272,26.485,-144.88,2.480,0.240,-24.440,26.657,0.0787,-0.0763,0.022,0.000,0.197,0.018
1053,42.459,2.5657,-24.348,26.422,-144.62,2.477,0.253,-24.440,26.657,0.0816,-0.0837,0.021,0.000,0.197,-0.032
1054,42.500,2.4639,-24.424,26.358,-144.33,2.476,0.242,-24.561,26.558,0.0839,-0.0681,0.022,0.000,0.197,-0.026
1055,42.541,2.9969,-24.499,26.294,-144.02,2.466,0.245,-24.682,26.457,0.0880,-0.0029,0.028,0.000,0.197,0.005
1056,42.581,2.7685,-24.573,26.229,-143.71,2.462,0.253,-24.682,26.457,0.0955,0.0442,0.032,0.000,0.197,0.008
1057,42.620,2.9383,-24.647,26.163,-143.39,2.442,0.246,-24.801,26.355,0.0923,0.0303,0.031,0.000,0.197,0.004
1058,42.660,2.9698,-24.720,26.097,-143.06,2.456,0.253,-24.920,26.252,0.0935,0.0495,0.033,0.000,0.197,-0.002
1059,42.700,2.8536,-24.792,26.030,-142.70,2.474,0.255,-24.920,26.252,0.0923,0.0090,0.029,0.000,0.196,-0.023
1060,42.741,3.9822,-24.864,25.964,-142.35,2.462,0.252,-25.037,26.147,0.0935,0.0358,0.032,0.000,0.197,-0.011
1061,42.780,2.2418,-24.936,25.895,-141.99,2.466,0.262,-25.153,26.041,0.1044,0.0830,0.036,0.000,0.197,0.008
1062,42.820,2.5971,-25.008,25.827,-141.63,2.472,0.259,-25.153,26.041,0.1121,0.0784,0.036,0.000,0.197,0.050
1063,42.859,2.7644,-25.079,25.757,-141.26,2.483,0.259,-25.268,25.935,0.1077,0.1047,0.038,0.000,0.196,0.002
1064,42.900,3.1825,-25.150,25.687,-140.89,2.487,0.271,-25.382,25.826,0.1059,0.0633,0.035,0.000,0.197,-0.043
1065,42.940,3.6913,-25.219,25.616,-140.50,2.488,0.266,-25.382,25.826,0.1034,0.0874,0.037,0.000,0.197,-0.000
1066,42.981,3.0002,-25.289,25.544,-140.07,2.510,0.269,-25.495,25.717,0.0955,0.0667,0.035,0.000,0.197,0.023
1067,43.022,2.3965,-25.358,25.470,-139.65,2.509,0.282,-25.495,25.717,0.0975,0.0600,0.035,0.000,0.197,0.017
1068,43.061,2.6750,-25.428,25.397,-139.25,2.511,0.276,-25.607,25.607,0.0973,0.0250,0.031,0.000,0.197,0.002
1069,43.100,2.8816,-25.497,25.322,-138.86,2.532,0.280,-25.717,25.495,0.0951,0.0007,0.029,0.000,0.197,-0.004
1070,43.141,2.7568,-25.565,25.249,-138.48,2.536,0.290,-25.717,25.495,0.0956,-0.0089,0.029,0.000,0.197,-0.001
1071,43.180,2.3987,-25.633,25.174,-138.10,2.523,0.284,-25.826,25.382,0.1012,-0.0153,0.028,0.000,0.197,-0.009
1072,43.222,3.4762,-25.701,25.098,-137.73,2.520,0.289,-25.935,25.268,0.0997,-0.0185,0.028,0.000,0.197,-0.022
1073,43.261,5.0088,-25.769,25.023,-137.35,2.521,0.296,-25.935,25.268,0.0973,-0.0812,0.022,0.000,0.197,0.029
1074,43.301,2.2126,-25.836,24.946,-136.95,2.526,0.292,-26.041,25.153,0.0973,-0.0512,0.025,0.000,0.196,0.006
1075,43.340,2.9218,-25.901,24.870,-136.56,2.522,0.297,-26.147,25.037,0.0988,-0.0667,0.023,0.000,0.196,-0.022
1076,43.381,2.8006,-25.967,24.794,-136.17,2.503,0.303,-26.147,25.037,0.1042,-0.0529,0.024,0.000,0.197,-0.022
1077,43.420,2.5858,-26.032,24.717,-135.78,2.499,0.299,-26.252,24.920,0.1058,-0.0093,0.028,0.000,0.197,0.004
1078,43.460,2.4033,-26.095,24.639,-135.39,2.501,0.306,-26.355,24.801,0.1048,-0.0076,0.028,0.000,0.196,0.008
1079,43.502,3.0288,-26.158,24.561,-135.00,2.473,0.310,-26.355,24.801,0.1034,-0.0273,0.026,0.000,0.196,0.008
1080,43.540,2.5971,-26.221,24.483,-134.60,2.486,0.309,-26.457,24.682,0.1007,-0.0583,0.024,0.000,0.196,0.001
1081,43.581,2.0523,-26.281,24.405,-134.18,2.495,0.317,-26.558,24.561,0.1019,-0.0057,0.028,0.000,0.196,0.003
1082,43.620,2.9546,-26.342,24.326,-133.77,2.479,0.319,-26.558,24.561,0.1046,0.0181,0.030,0.000,0.196,-0.004
1083,43.660,2.1032,-26.403,24.247,-133.39,2.463,0.319,-26.657,24.440,0.0974,0.0540,0.034,0.000,0.196,-0.031
1084,43.701,2.1572,-26.463,24.167,-133.01,2.471,0.329,-26.755,24.317,0.1024,0.0369,0.032,0.000,0.196,0.020
1085,43.740,2.8522,-26.522,24.087,-132.61,2.483,0.327,-26.755,24.317,0.1037,0.0367,0.032,0.000,0.196,0.033
1086,43.782,2.2443,-26.581,24.007,-132.21,2.486,0.329,-26.852,24.194,0.1002,0.0395,0.032,0.000,0.196,0.013
1087,43.822,2.4135,-26.640,23.926,-131.82,2.478,0.339,-26.948,24.069,0.0992,0.0411,0.033,0.000,0.196,-0.027
1088,43.861,2.4097,-26.698,23.845,-131.42,2.487,0.336,-26.948,24.069,0.1025,0.0149,0.030,0.000,0.197,-0.005
1089,43.901,2.1033,-26.756,23.763,-131.03,2.496,0.339,-27.042,23.943,0.0956,-0.0156,0.028,0.000,0.197,0.012
1090,43.941,2.3118,-26.813,23.680,-130.64,2.483,0.349,-27.042,23.943,0.0947,0.0529,0.034,0.000,0.197,0.026
1091,43.980,2.1497,-26.869,23.599,-130.25,2.496,0.344,-27.135,23.817,0.0946,0.0826,0.036,0.000,0.197,0.010
1092,44.021,2.6162,-26.925,23.515,-129.86,2.506,0.348,-27.227,23.689,0.0977,0.0540,0.034,0.000,0.197,0.000
1093,44.060,2.1842,-26.981,23.432,-129.48,2.498,0.356,-27.227,23.689,0.1024,0.0334,0.032,0.000,0.197,-0.018
1094,44.101,2.3585,-27.037,23.348,-129.13,2.499,0.352,-27.317,23.561,0.0987,0.0376,0.033,0.000,0.197,-0.033
1095,44.140,5.0832,-27.092,23.264,-128.76,2.511,0.356,-27.406,23.431,0.1024,0.0493,0.034,0.000,0.197,0.020
1096,44.180,2.2501,-27.147,23.178,-128.36,2.524,0.363,-27.406,23.431,0.1007,0.0215,0.031,0.000,0.197,0.021
1097,44.220,2.0392,-27.200,23.092,-127.96,2.528,0.360,-27.494,23.301,0.1044,0.0332,0.032,0.000,0.197,0.013
1098,44.261,2.6079,-27.254,23.006,-127.56,2.516,0.365,-27.580,23.170,0.0994,0.0310,0.032,0.000,0.197,-0.027
1099,44.302,2.5095,-27.307,22.919,-127.16,2.526,0.371,-27.580,23.170,0.0915,-0.0171,0.028,0.000,0.197,-0.027
1100,44.341,2.1322,-27.359,22.832,-126.75,2.533,0.369,-27.665,23.037,0.0866,0.0079,0.030,0.000,0.197,-0.001
1101,44.381,2.1218,-27.411,22.744,-126.35,2.528,0.374,-27.748,22.904,0.0890,0.0049,0.030,0.000,0.197,0.031
1102,44.420,2.0471,-27.462,22.657,-125.98,2.528,0.378,-27.748,22.904,0.0849,-0.0025,0.029,0.000,0.197,0.023
1103,44.460,2.1487,-27.513,22.570,-125.63,2.534,0.375,-27.830,22.770,0.0881,0.0345,0.033,0.000,0.197,-0.001
1104,44.500,2.0892,-27.564,22.482,-125.28,2.534,0.380,-27.911,22.636,0.0845,0.0395,0.033,0.000,0.197,-0.021
1105,44.540,2.1085,-27.614,22.394,-124.95,2.521,0.383,-27.911,22.636,0.0796,0.0050,0.030,0.000,0.198,-0.035
1106,44.580,2.6799,-27.665,22.306,-124.61,2.528,0.379,-27.990,22.500,0.0779,0.0037,0.030,0.000,0.198,0.004
1107,44.620,2.1154,-27.715,22.217,-124.27,2.535,0.382,-28.068,22.364,0.0906,-0.0053,0.029,0.000,0.198,0.036
1108,44.660,2.3238,-27.765,22.128,-123.95,2.549,0.384,-28.068,22.364,0.0939,0.0169,0.031,0.000,0.197,0.018
1109,44.700,2.3756,-27.814,22.039,-123.64,2.532,0.380,-28.145,22.226,0.0897,0.0078,0.030,0.000,0.197,-0.019
1110,44.740,4.5600,-27.863,21.950,-123.33,2.524,0.383,-28.220,22.088,0.0930,-0.0006,0.030,0.000,0.197,-0.034
1111,44.779,2.2098,-27.911,21.860,-123.00,2.542,0.384,-28.220,22.088,0.0900,0.0195,0.031,0.000,0.197,-0.022
1112,44.820,1.9695,-27.957,21.769,-122.63,2.544,0.381,-28.293,21.949,0.0873,0.0832,0.037,0.000,0.197,0.008
1113,44.860,2.0482,-28.004,21.678,-122.26,2.534,0.385,-28.365,21.810,0.0892,0.0409,0.033,0.000,0.197,0.032
1114,44.900,2.3667,-28.050,21.587,-121.90,2.546,0.386,-28.365,21.810,0.0859,0.1083,0.039,0.000,0.197,0.016
1115,44.940,1.9310,-28.095,21.495,-121.54,2.560,0.383,-28.436,21.670,0.0917,0.0365,0.033,0.000,0.197,-0.015
1116,44.980,2.3780,-28.140,21.403,-121.19,2.563,0.386,-28.505,21.528,0.0976,0.0200,0.032,0.000,0.197,-0.028
1117,45.020,2.0489,-28.185,21.310,-120.84,2.565,0.387,-28.505,21.528,0.0960,-0.0058,0.030,0.000,0.198,-0.019
1118,45.061,2.0785,-28.229,21.217,-120.49,2.571,0.383,-28.572,21.387,0.0977,-0.0604,0.025,0.000,0.198,0.023
1119,45.099,2.0618,-28.272,21.122,-120.11,2.570,0.386,-28.639,21.244,0.0944,-0.0696,0.024,0.000,0.197,0.032
1120,45.141,2.7930,-28.314,21.028,-119.71,2.579,0.390,-28.639,21.244,0.0973,-0.0256,0.028,0.000,0.197,0.003
1121,45.180,2.3631,-28.355,20.933,-119.32,2.567,0.386,-28.703,21.101,0.0976,0.0114,0.031,0.000,0.197,-0.022
1122,45.220,2.0305,-28.396,20.839,-118.93,2.547,0.388,-28.766,20.957,0.1014,0.0024,0.030,0.000,0.197,-0.025
1123,45.260,2.3444,-28.437,20.744,-118.56,2.555,0.392,-28.766,20.957,0.1027,-0.0262,0.028,0.000,0.197,-0.018
1124,45.300,2.2130,-28.475,20.650,-118.17,2.569,0.388,-28.828,20.813,0.1026,-0.0202,0.028,0.000,0.197,0.010
1125,45.340,2.3251,-28.513,20.555,-117.76,2.554,0.391,-28.888,20.668,0.1128,-0.0544,0.025,0.000,0.197,0.042
1126,45.382,2.1335,-28.551,20.459,-117.35,2.550,0.396,-28.888,20.668,0.1098,-0.0196,0.028,0.000,0.196,0.023
1127,45.421,4.2333,-28.588,20.363,-116.93,2.559,0.392,-28.947,20.522,0.0968,0.0044,0.030,0.000,0.196,-0.018
1128,45.461,2.4647,-28.623,20.267,-116.50,2.553,0.396,-29.004,20.376,0.0945,-0.0043,0.029,0.000,0.196,-0.041
1129,45.500,2.1805,-28.658,20.170,-116.06,2.544,0.402,-29.004,20.376,0.0969,0.0353,0.033,0.000,0.197,-0.021
1130,45.540,2.1162,-28.693,20.074,-115.65,2.546,0.398,-29.059,20.229,0.0995,0.0153,0.031,0.000,0.197,0.027
1131,45.580,2.0748,-28.727,19.977,-115.25,2.547,0.400,-29.113,20.081,0.1024,0.0280,0.032,0.000,0.197,0.047
1132,45.620,3.0179,-28.760,19.880,-114.88,2.553,0.406,-29.113,20.081,0.0989,-0.0225,0.028,0.000,0.197,0.018
1133,45.660,2.0485,-28.793,19.783,-114.49,2.558,0.402,-29.166,19.933,0.0950,-0.0363,0.027,0.000,0.197,-0.017
1134,45.701,2.1997,-28.825,19.686,-114.09,2.554,0.403,-29.217,19.784,0.0962,-0.0193,0.028,0.000,0.197,-0.019
1135,45.740,2.3230,-28.857,19.589,-113.69,2.559,0.409,-29.217,19.784,0.0947,0.0109,0.031,0.000,0.197,-0.023
1136,45.781,2.0914,-28.888,19.491,-113.29,2.555,0.404,-29.266,19.635,0.0998,0.0378,0.033,0.000,0.197,-0.004
1137,45.820,2.0365,-28.918,19.393,-112.91,2.538,0.406,-29.314,19.486,0.1006,-0.0013,0.030,0.000,0.197,0.041
1138,45.859,2.4281,-28.948,19.295,-112.53,2.541,0.412,-29.314,19.486,0.1028,-0.0182,0.028,0.000,0.197,0.033
1139,45.900,2.1827,-28.977,19.197,-112.14,2.563,0.407,-29.360,19.335,0.1034,-0.0594,0.025,0.000,0.196,-0.015
1140,45.941,2.7994,-29.005,19.098,-111.74,2.563,0.409,-29.404,19.185,0.1028,-0.0778,0.023,0.000,0.197,-0.055
1141,45.980,4.8312,-29.032,18.999,-111.32,2.541,0.416,-29.404,19.185,0.1037,-0.1150,0.019,0.000,0.197,-0.021
1142,46.021,2.4119,-29.059,18.900,-110.90,2.540,0.411,-29.447,19.034,0.0982,-0.0704,0.023,0.000,0.197,0.022
1143,46.060,2.5555,-29.084,18.802,-110.48,2.533,0.413,-29.489,18.882,0.1001,-0.0553,0.024,0.000,0.196,0.029
1144,46.100,3.0264,-29.108,18.704,-110.09,2.513,0.420,-29.489,18.882,0.0945,-0.0643,0.024,0.000,0.196,0.013
1145,46.140,2.1841,-29.132,18.606,-109.69,2.512,0.415,-29.529,18.730,0.0927,-0.0930,0.021,0.000,0.196,-0.013
1146,46.180,2.7992,-29.156,18.508,-109.30,2.510,0.417,-29.567,18.578,0.0900,-0.1012,0.020,0.000,0.197,-0.015
1147,46.220,2.2509,-29.179,18.410,-108.92,2.503,0.423,-29.567,18.578,0.0775,-0.0908,0.021,0.000,0.197,-0.021
1148,46.260,3.0327,-29.202,18.312,-108.55,2.480,0.418,-29.604,18.425,0.0840,-0.0216,0.027,0.000,0.197,0.006
1149,46.300,2.8663,-29.224,18.215,-108.20,2.469,0.418,-29.639,18.272,0.0859,-0.0000,0.029,0.000,0.197,0.039
1150,46.340,2.8453,-29.247,18.118,-107.87,2.472,0.421,-29.639,18.272,0.0892,0.0357,0.032,0.000,0.197,0.023
1151,46.379,2.4242,-29.268,18.022,-107.55,2.476,0.416,-29.672,18.119,0.0923,0.0461,0.033,0.000,0.197,-0.042
1152,46.421,2.3063,-29.289,17.925,-107.23,2.466,0.417,-29.704,17.965,0.0979,0.0388,0.032,0.000,0.197,-0.035
1153,46.460,2.1407,-29.309,17.829,-106.89,2.476,0.418,-29.704,17.965,0.0954,-0.0256,0.027,0.000,0.197,0.013
1154,46.500,2.6883,-29.328,17.731,-106.53,2.481,0.414,-29.734,17.811,0.0872,0.0346,0.032,0.000,0.197,0.035
1155,46.540,2.1970,-29.346,17.633,-106.16,2.477,0.417,-29.763,17.656,0.0949,0.0343,0.032,0.000,0.196,0.002
1156,46.580,2.4666,-29.364,17.535,-105.79,2.486,0.417,-29.763,17.656,0.0902,0.0304,0.032,0.000,0.197,-0.014
1157,46.620,2.2059,-29.382,17.436,-105.43,2.484,0.413,-29.790,17.502,0.0935,0.0108,0.030,0.000,0.197,-0.003
1158,46.660,2.2935,-29.399,17.338,-105.07,2.490,0.417,-29.815,17.347,0.0846,-0.0063,0.029,0.000,0.197,0.008
1159,46.700,2.2925,-29.414,17.239,-104.73,2.488,0.415,-29.815,17.347,0.0873,-0.0122,0.028,0.000,0.197,-0.002
1160,46.741,2.9662,-29.430,17.140,-104.38,2.487,0.412,-29.839,17.191,0.0912,-0.0071,0.028,0.000,0.197,0.021
1161,46.780,3.8336,-29.446,17.041,-104.03,2.501,0.416,-29.861,17.036,0.0890,-0.0099,0.028,0.000,0.197,0.002
1162,46.820,2.2636,-29.460,16.944,-103.68,2.498,0.411,-29.861,17.036,0.0937,0.0080,0.030,0.000,0.197,-0.031
1163,46.860,2.3181,-29.474,16.845,-103.33,2.483,0.409,-29.882,16.880,0.0984,0.0508,0.034,0.000,0.197,-0.016
1164,46.900,3.0986,-29.487,16.746,-102.98,2.488,0.414,-29.901,16.724,0.0971,0.0291,0.032,0.000,0.197,0.014
1165,46.940,3.0503,-29.500,16.646,-102.62,2.491,0.408,-29.901,16.724,0.1094,0.0074,0.030,0.000,0.197,0.040
1166,46.980,3.3086,-29.512,16.547,-102.25,2.496,0.407,-29.918,16.568,0.0947,-0.0494,0.025,0.000,0.196,-0.003
1167,47.020,2.3104,-29.522,16.447,-101.86,2.503,0.413,-29.933,16.412,0.0914,-0.0027,0.029,0.000,0.197,-0.035
1168,47.060,2.4262,-29.532,16.347,-101.46,2.496,0.406,-29.933,16.412,0.0929,0.0140,0.030,0.000,0.197,0.002
1169,47.100,2.7730,-29.542,16.247,-101.07,2.493,0.406,-29.947,16.255,0.0926,0.0224,0.031,0.000,0.197,0.014
1170,47.140,2.8281,-29.551,16.147,-100.71,2.489,0.411,-29.947,16.255,0.0931,0.0276,0.032,0.000,0.197,-0.006
1171,47.180,2.8627,-29.559,16.047,-100.37,2.481,0.404,-29.960,16.099,0.0951,-0.0166,0.028,0.000,0.197,0.009
1172,47.219,2.3348,-29.567,15.948,-100.02,2.503,0.403,-29.970,15.942,0.1051,0.0125,0.030,0.000,0.197,0.005
1173,47.260,2.8869,-29.574,15.848,-99.64,2.506,0.407,-29.970,15.942,0.0989,0.0226,0.031,0.000,0.197,-0.012
1174,47.300,2.3826,-29.580,15.747,-99.27,2.485,0.401,-29.979,15.785,0.0951,0.0543,0.034,0.000,0.197,-0.026
1175,47.340,2.6152,-29.586,15.647,-98.89,2.493,0.401,-29.987,15.628,0.1025,0.1009,0.038,0.000,0.197,-0.010
1176,47.380,3.0010,-29.591,15.548,-98.50,2.498,0.404,-29.987,15.628,0.0934,0.0712,0.036,0.000,0.197,0.048
1177,47.419,2.7589,-29.595,15.447,-98.11,2.512,0.398,-29.993,15.471,0.0958,0.0541,0.034,0.000,0.196,0.013
1178,47.460,3.1586,-29.599,15.346,-97.73,2.521,0.399,-29.997,15.314,0.1063,0.0525,0.034,0.000,0.197,-0.020
1179,47.500,2.4425,-29.602,15.245,-97.35,2.523,0.401,-29.997,15.314,0.1025,-0.0239,0.027,0.000,0.197,-0.003
1180,47.541,2.9064,-29.604,15.143,-96.97,2.534,0.395,-29.999,15.157,0.1133,-0.0386,0.026,0.000,0.197,0.006
1181,47.580,2.1225,-29.605,15.041,-96.58,2.536,0.397,-30.000,15.000,0.1016,-0.0156,0.028,0.000,0.197,-0.012
1182,47.620,2.5846,-29.606,14.939,-96.18,2.514,0.399,-30.000,15.000,0.1089,0.0131,0.031,0.000,0.197,0.000
1183,47.659,2.3858,-29.605,14.838,-95.76,2.527,0.394,-29.999,14.843,0.1179,0.0170,0.031,0.000,0.197,0.010
1184,47.700,2.6529,-29.604,14.736,-95.34,2.536,0.396,-29.997,14.686,0.1231,0.0470,0.034,0.000,0.196,0.007
1185,47.740,2.1927,-29.601,14.635,-94.93,2.519,0.399,-29.997,14.686,0.1194,0.0349,0.033,0.000,0.196,-0.019
1186,47.780,3.1848,-29.598,14.534,-94.52,2.520,0.395,-29.993,14.529,0.1181,-0.0543,0.025,0.000,0.196,-0.045
1187,47.819,2.5108,-29.593,14.432,-94.07,2.537,0.398,-29.987,14.372,0.1182,-0.0336,0.027,0.000,0.196,0.018
1188,47.859,2.6423,-29.587,14.331,-93.58,2.536,0.402,-29.987,14.372,0.1183,-0.0191,0.028,0.000,0.196,0.033
1189,47.900,2.7610,-29.580,14.229,-93.10,2.533,0.399,-29.979,14.215,0.1179,-0.0182,0.028,0.000,0.196,-0.006
1190,47.940,4.3657,-29.573,14.127,-92.62,2.524,0.404,-29.970,14.058,0.1152,-0.0126,0.028,0.000,0.196,-0.014
1191,47.981,3.0443,-29.564,14.026,-92.15,2.520,0.408,-29.970,14.058,0.1109,0.0125,0.031,0.000,0.196,0.008
1192,48.019,2.6228,-29.555,13.925,-91.68,2.519,0.405,-29.960,13.901,0.1108,-0.0457,0.025,0.000,0.196,-0.012
1193,48.059,2.3604,-29.545,13.824,-91.24,2.509,0.410,-29.947,13.745,0.1059,-0.0445,0.025,0.000,0.196,-0.021
1194,48.099,2.5235,-29.535,13.723,-90.81,2.506,0.413,-29.947,13.745,0.1029,-0.0564,0.024,0.000,0.197,0.030
1195,48.140,2.5366,-29.525,13.624,-90.38,2.516,0.410,-29.933,13.588,0.1052,-0.0727,0.023,0.000,0.196,0.035
1196,48.180,2.3697,-29.514,13.524,-89.96,2.511,0.414,-29.918,13.432,0.1023,-0.0741,0.023,0.000,0.196,0.004
1197,48.219,2.5506,-29.502,13.424,-89.56,2.486,0.416,-29.918,13.432,0.0901,-0.0441,0.025,0.000,0.196,-0.050
1198,48.260,2.4227,-29.491,13.324,-89.17,2.481,0.413,-29.901,13.276,0.0975,-0.0496,0.025,0.000,0.197,-0.020
1199,48.300,2.8476,-29.478,13.225,-88.77,2.482,0.417,-29.882,13.120,0.1002,0.0117,0.030,0.000,0.197,0.029
1200,48.342,2.6195,-29.466,13.126,-88.38,2.469,0.416,-29.882,13.120,0.0949,0.0039,0.029,0.000,0.197,0.031
1201,48.380,3.2101,-29.452,13.029,-88.02,2.468,0.414,-29.861,12.964,0.1028,0.0268,0.031,0.000,0.196,-0.007
1202,48.420,2.1994,-29.439,12.931,-87.64,2.476,0.419,-29.839,12.809,0.1036,-0.0030,0.029,0.000,0.196,-0.015
1203,48.460,2.3946,-29.424,12.832,-87.26,2.475,0.416,-29.839,12.809,0.1020,0.0149,0.030,0.000,0.197,-0.025
1204,48.500,2.7010,-29.409,12.734,-86.88,2.473,0.415,-29.815,12.653,0.0987,0.0098,0.030,0.000,0.197,-0.010
1205,48.540,2.7848,-29.392,12.636,-86.49,2.468,0.421,-29.790,12.498,0.1070,0.0348,0.032,0.000,0.197,0.040
1206,48.579,2.4584,-29.375,12.537,-86.09,2.485,0.416,-29.790,12.498,0.1083,0.0309,0.032,0.000,0.196,0.024
1207,48.619,2.4782,-29.358,12.439,-85.69,2.486,0.417,-29.763,12.344,0.1103,0.0055,0.030,0.000,0.196,-0.024
1208,48.661,2.4911,-29.339,12.342,-85.32,2.467,0.424,-29.763,12.344,0.1089,0.0780,0.036,0.000,0.197,-0.046
1209,48.700,2.6538,-29.320,12.244,-84.92,2.494,0.418,-29.734,12.189,0.1055,0.0696,0.035,0.000,0.197,-0.011
1210,48.740,2.9787,-29.299,12.146,-84.48,2.497,0.420,-29.704,12.035,0.1011,0.0635,0.035,0.000,0.197,0.044
1211,48.780,2.7838,-29.278,12.048,-84.05,2.496,0.426,-29.704,12.035,0.1032,0.0259,0.032,0.000,0.196,0.042
1212,48.820,2.9734,-29.256,11.950,-83.63,2.507,0.422,-29.672,11.881,0.0985,0.0103,0.030,0.000,0.197,-0.012
1213,48.860,2.8006,-29.234,11.851,-83.22,2.515,0.423,-29.639,11.728,0.1010,-0.0285,0.027,0.000,0.197,-0.026
1214,48.900,3.3779,-29.211,11.753,-82.82,2.513,0.429,-29.639,11.728,0.0983,-0.0088,0.029,0.000,0.197,-0.018
1215,48.941,2.6225,-29.187,11.655,-82.43,2.507,0.424,-29.604,11.575,0.1059,0.0080,0.030,0.000,0.197,0.004
1216,48.979,2.5843,-29.164,11.558,-82.05,2.500,0.426,-29.567,11.422,0.1022,0.0226,0.031,0.000,0.197,0.043
1217,49.020,3.0918,-29.139,11.460,-81.65,2.516,0.430,-29.567,11.422,0.0953,-0.0052,0.029,0.000,0.197,0.022
1218,49.061,3.0758,-29.113,11.363,-81.25,2.517,0.426,-29.529,11.270,0.0933,0.0107,0.030,0.000,0.197,-0.022
1219,49.101,2.4207,-29.087,11.265,-80.85,2.505,0.428,-29.489,11.118,0.0923,0.0196,0.031,0.000,0.197,-0.044
1220,49.141,3.8712,-29.061,11.167,-80.47,2.510,0.431,-29.489,11.118,0.0931,0.0352,0.033,0.000,0.197,-0.009
1221,49.180,2.9675,-29.034,11.070,-80.10,2.515,0.426,-29.447,10.966,0.0925,0.1139,0.040,0.000,0.197,0.036
1222,49.221,2.8950,-29.007,10.973,-79.74,2.512,0.428,-29.404,10.815,0.0963,0.0778,0.037,0.000,0.197,0.043
1223,49.261,3.4167,-28.979,10.875,-79.39,2.523,0.430,-29.404,10.815,0.0954,0.0619,0.035,0.000,0.197,-0.008
1224,49.302,2.1450,-28.950,10.778,-79.02,2.538,0.425,-29.360,10.665,0.0948,0.0669,0.036,0.000,0.197,-0.038
1225,49.342,2.2135,-28.921,10.680,-78.63,2.543,0.426,-29.314,10.514,0.0956,0.0545,0.035,0.000,0.197,-0.029
1226,49.382,2.6845,-28.890,10.582,-78.25,2.552,0.429,-29.314,10.514,0.0975,0.0532,0.035,0.000,0.197,-0.001
1227,49.421,2.9364,-28.859,10.486,-77.87,2.548,0.424,-29.266,10.365,0.0967,-0.0272,0.028,0.000,0.197,0.038
1228,49.461,3.2717,-28.827,10.388,-77.48,2.557,0.426,-29.217,10.216,0.0941,-0.0241,0.028,0.000,0.197,0.031
1229,49.501,2.5475,-28.794,10.290,-77.09,2.575,0.429,-29.217,10.216,0.0926,-0.0329,0.027,0.000,0.197,-0.005
1230,49.541,2.6901,-28.761,10.193,-76.70,2.563,0.424,-29.166,10.067,0.0958,-0.0226,0.028,0.000,0.197,-0.035
1231,49.582,1.9350,-28.727,10.096,-76.32,2.551,0.424,-29.113,9.919,0.0960,-0.0841,0.022,0.000,0.197,-0.023
1232,49.621,2.1869,-28.693,9.999,-75.95,2.556,0.428,-29.113,9.919,0.0989,-0.0992,0.021,0.000,0.197,0.002
1233,49.660,2.3567,-28.658,9.902,-75.57,2.554,0.422,-29.059,9.771,0.0983,-0.0598,0.024,0.000,0.197,0.030
1234,49.701,2.5399,-28.622,9.807,-75.19,2.528,0.423,-29.004,9.624,0.0968,-0.0180,0.028,0.000,0.197,0.028
1235,49.740,1.9499,-28.585,9.711,-74.80,2.530,0.427,-29.004,9.624,0.0968,-0.0123,0.029,0.000,0.196,-0.008
1236,49.781,2.1824,-28.549,9.616,-74.40,2.534,0.421,-28.947,9.478,0.0958,-0.0183,0.028,0.000,0.196,-0.029
1237,49.821,1.9998,-28.511,9.522,-74.00,2.528,0.422,-28.888,9.332,0.0975,-0.0417,0.026,0.000,0.197,-0.026
1238,49.861,2.5801,-28.473,9.428,-73.61,2.519,0.426,-28.888,9.332,0.0961,0.0212,0.031,0.000,0.197,0.003
1239,49.900,1.9054,-28.434,9.334,-73.23,2.514,0.420,-28.828,9.187,0.0931,0.0100,0.030,0.000,0.197,0.033
1240,49.941,2.2737,-28.395,9.241,-72.85,2.518,0.421,-28.766,9.043,0.0946,0.0618,0.035,0.000,0.196,0.035
1241,49.980,2.3563,-28.355,9.148,-72.47,2.530,0.424,-28.766,9.043,0.0894,0.0129,0.031,0.000,0.196,-0.017
1242,50.021,2.1219,-28.315,9.054,-72.10,2.529,0.418,-28.703,8.899,0.0916,0.0025,0.030,0.000,0.197,-0.030
1243,50.061,2.5293,-28.274,8.961,-71.73,2.527,0.418,-28.639,8.756,0.0922,-0.0340,0.027,0.000,0.197,-0.007
1244,50.101,1.9978,-28.233,8.868,-71.36,2.537,0.421,-28.639,8.756,0.0952,-0.0304,0.027,0.000,0.197,0.012
1245,50.141,2.0411,-28.190,8.776,-71.00,2.528,0.415,-28.572,8.613,0.0988,-0.0266,0.027,0.000,0.197,0.026
1246,50.181,2.1791,-28.148,8.685,-70.65,2.517,0.415,-28.505,8.472,0.0954,-0.0085,0.029,0.000,0.197,0.012
1247,50.221,3.3357,-28.105,8.593,-70.27,2.526,0.418,-28.505,8.472,0.0975,-0.0055,0.029,0.000,0.197,-0.007
1248,50.261,2.0026,-28.061,8.501,-69.88,2.534,0.412,-28.436,8.330,0.1025,-0.0006,0.029,0.000,0.197,-0.037
1249,50.300,2.0218,-28.016,8.410,-69.48,2.520,0.413,-28.365,8.190,0.1152,-0.0653,0.024,0.000,0.197,-0.007
1250,50.341,2.0317,-27.970,8.320,-69.09,2.516,0.416,-28.365,8.190,0.1170,-0.0404,0.026,0.000,0.197,0.010
1251,50.381,2.4313,-27.924,8.230,-68.69,2.515,0.410,-28.293,8.051,0.1044,-0.1087,0.020,0.000,0.197,0.026
1252,50.421,2.1211,-27.876,8.140,-68.28,2.507,0.412,-28.220,7.912,0.1079,-0.1149,0.019,0.000,0.196,-0.006
1253,50.460,2.2817,-27.828,8.051,-67.85,2.510,0.416,-28.220,7.912,0.1076,-0.0266,0.027,0.000,0.196,-0.028
1254,50.501,2.2369,-27.780,7.963,-67.41,2.492,0.411,-28.145,7.774,0.1075,0.0280,0.032,0.000,0.196,-0.011
1255,50.540,2.1259,-27.731,7.877,-66.99,2.480,0.414,-28.068,7.636,0.1066,0.0555,0.034,0.000,0.196,0.006
1256,50.581,2.3539,-27.681,7.790,-66.58,2.485,0.416,-28.068,7.636,0.1038,0.0249,0.031,0.000,0.196,-0.006
1257,50.620,2.4406,-27.631,7.704,-66.17,2.478,0.413,-27.990,7.500,0.1047,0.0240,0.031,0.000,0.196,0.022
1258,50.660,2.1827,-27.580,7.617,-65.76,2.495,0.416,-27.911,7.364,0.1074,0.0056,0.030,0.000,0.196,0.024
1259,50.700,1.9362,-27.529,7.531,-65.34,2.512,0.417,-27.911,7.364,0.1082,-0.0173,0.028,0.000,0.196,-0.012
1260,50.740,2.2770,-27.476,7.445,-64.92,2.503,0.415,-27.830,7.230,0.0984,-0.0123,0.028,0.000,0.196,-0.021
1261,50.780,2.0976,-27.424,7.361,-64.51,2.488,0.419,-27.748,7.096,0.1018,0.0100,0.030,0.000,0.197,-0.007
1262,50.820,1.9571,-27.371,7.276,-64.08,2.499,0.418,-27.748,7.096,0.1072,0.0547,0.034,0.000,0.197,0.026
1263,50.861,2.0226,-27.317,7.191,-63.68,2.494,0.416,-27.665,6.963,0.1071,0.0637,0.035,0.000,0.197,0.016
1264,50.900,1.9769,-27.263,7.106,-63.29,2.503,0.420,-27.580,6.830,0.1061,0.0669,0.035,0.000,0.197,-0.018
1265,50.940,1.9842,-27.208,7.022,-62.88,2.504,0.419,-27.580,6.830,0.1021,0.0380,0.033,0.000,0.197,-0.006
1266,50.981,2.0633,-27.152,6.938,-62.46,2.509,0.418,-27.494,6.699,0.0978,0.0314,0.032,0.000,0.197,0.004
1267,51.020,1.9002,-27.095,6.855,-62.04,2.513,0.423,-27.406,6.569,0.0931,-0.0083,0.029,0.000,0.197,-0.016
1268,51.060,2.1837,-27.038,6.772,-61.64,2.509,0.420,-27.406,6.569,0.0936,-0.0287,0.027,0.000,0.197,0.014
1269,51.100,1.8528,-26.981,6.688,-61.26,2.516,0.418,-27.317,6.439,0.0948,-0.0056,0.029,0.000,0.197,0.030
1270,51.141,1.9706,-26.924,6.605,-60.89,2.528,0.423,-27.227,6.311,0.0980,-0.0503,0.025,0.000,0.197,0.010
1271,51.180,1.9224,-26.865,6.523,-60.52,2.517,0.419,-27.227,6.311,0.0977,-0.0023,0.029,0.000,0.197,-0.025
1272,51.220,2.1049,-26.807,6.441,-60.16,2.501,0.417,-27.135,6.183,0.0946,-0.0002,0.029,0.000,0.197,-0.026
1273,51.260,1.8879,-26.748,6.360,-59.77,2.511,0.422,-27.042,6.057,0.0938,0.0001,0.029,0.000,0.197,0.008
1274,51.300,2.0029,-26.689,6.278,-59.38,2.506,0.417,-27.042,6.057,0.0974,-0.0003,0.029,0.000,0.197,0.032
1275,51.341,2.3219,-26.629,6.197,-59.00,2.512,0.416,-26.948,5.931,0.0907,-0.0056,0.029,0.000,0.197,-0.011
1276,51.380,2.1475,-26.568,6.117,-58.63,2.508,0.421,-26.852,5.806,0.0887,-0.0283,0.027,0.000,0.197,-0.009
1277,51.420,2.0262,-26.508,6.037,-58.27,2.508,0.415,-26.852,5.806,0.0939,-0.0044,0.029,0.000,0.197,0.010
1278,51.459,2.0851,-26.446,5.957,-57.90,2.509,0.414,-26.755,5.683,0.0876,0.0285,0.032,0.000,0.197,-0.016
1279,51.500,2.2982,-26.385,5.878,-57.55,2.494,0.419,-26.657,5.560,0.0931,0.0313,0.032,0.000,0.197,-0.012
1280,51.540,3.2038,-26.323,5.799,-57.21,2.498,0.411,-26.657,5.560,0.0953,-0.0086,0.029,0.000,0.197,0.027
1281,51.580,2.2178,-26.260,5.720,-56.86,2.517,0.409,-26.558,5.439,0.0993,0.0132,0.031,0.000,0.197,0.017
1282,51.620,2.2131,-26.197,5.642,-56.50,2.513,0.414,-26.558,5.439,0.1034,-0.0076,0.029,0.000,0.197,-0.023
1283,51.660,2.4874,-26.133,5.565,-56.14,2.501,0.407,-26.457,5.318,0.1053,-0.0422,0.026,0.000,0.197,-0.051
1284,51.700,2.1684,-26.068,5.487,-55.76,2.516,0.407,-26.355,5.199,0.1086,-0.0216,0.028,0.000,0.197,-0.002
1285,51.740,2.0675,-26.003,5.411,-55.34,2.512,0.411,-26.355,5.199,0.1069,-0.0533,0.025,0.000,0.196,0.041
1286,51.780,2.4286,-25.936,5.335,-54.92,2.508,0.406,-26.252,5.080,0.1086,-0.0135,0.028,0.000,0.196,0.008
1287,51.819,2.3088,-25.869,5.260,-54.49,2.504,0.407,-26.147,4.963,0.1116,-0.0286,0.027,0.000,0.196,-0.014
1288,51.860,2.6066,-25.801,5.185,-54.06,2.497,0.411,-26.147,4.963,0.1153,-0.0342,0.026,0.000,0.196,-0.007
1289,51.900,2.4763,-25.733,5.111,-53.63,2.497,0.407,-26.041,4.847,0.1214,-0.0174,0.028,0.000,0.196,-0.021
1290,51.940,2.1325,-25.665,5.039,-53.22,2.489,0.409,-25.935,4.732,0.1226,0.0271,0.032,0.000,0.196,-0.016
1291,51.980,2.4388,-25.595,4.967,-52.77,2.480,0.413,-25.935,4.732,0.1251,0.0719,0.036,0.000,0.196,0.027
1292,52.020,2.1616,-25.524,4.896,-52.30,2.495,0.410,-25.826,4.618,0.1281,0.0816,0.037,0.000,0.196,0.026
1293,52.060,2.4459,-25.453,4.825,-51.82,2.501,0.415,-25.717,4.505,0.1247,0.0700,0.036,0.000,0.195,-0.023
1294,52.100,2.2860,-25.380,4.755,-51.33,2.490,0.420,-25.717,4.505,0.1144,0.0722,0.036,0.000,0.196,-0.048
1295,52.140,2.2496,-25.307,4.686,-50.83,2.506,0.419,-25.607,4.393,0.1053,0.1270,0.041,0.000,0.196,-0.003
1296,52.180,2.3803,-25.233,4.616,-50.33,2.527,0.424,-25.495,4.283,0.1095,0.1525,0.043,0.000,0.196,0.044
1297,52.221,2.2820,-25.159,4.548,-49.86,2.533,0.428,-25.495,4.283,0.1084,0.1221,0.041,0.000,0.196,0.038
1298,52.260,2.4826,-25.084,4.478,-49.43,2.540,0.426,-25.382,4.174,0.1121,0.0681,0.036,0.000,0.197,0.003
1299,52.300,2.0856,-25.009,4.409,-49.01,2.562,0.430,-25.268,4.065,0.1029,0.0207,0.032,0.000,0.197,-0.005
1300,52.340,2.3309,-24.933,4.339,-48.57,2.572,0.433,-25.268,4.065,0.0904,0.0164,0.032,0.000,0.197,-0.026
1301,52.380,2.0794,-24.855,4.271,-48.13,2.566,0.431,-25.153,3.959,0.0843,-0.0254,0.028,0.000,0.197,-0.039
1302,52.419,2.3895,-24.778,4.201,-47.70,2.563,0.434,-25.037,3.853,0.0894,-0.0006,0.030,0.000,0.198,0.017
1303,52.460,2.8921,-24.702,4.133,-47.31,2.570,0.437,-25.037,3.853,0.0834,0.0290,0.033,0.000,0.198,0.059
1304,52.501,2.2650,-24.625,4.065,-46.95,2.576,0.432,-24.920,3.748,0.0916,-0.0243,0.028,0.000,0.197,0.029
1305,52.540,2.6442,-24.548,3.996,-46.62,2.568,0.433,-24.801,3.645,0.0980,-0.0170,0.029,0.000,0.197,-0.028
1306,52.580,2.4196,-24.470,3.928,-46.30,2.562,0.436,-24.801,3.645,0.1001,-0.0776,0.023,0.000,0.198,-0.055
1307,52.620,2.2394,-24.392,3.861,-45.95,2.569,0.430,-24.682,3.543,0.0996,-0.1146,0.020,0.000,0.198,-0.018
1308,52.660,2.3562,-24.314,3.794,-45.58,2.576,0.430,-24.561,3.442,0.1018,-0.0849,0.022,0.000,0.197,0.008
1309,52.700,2.2767,-24.235,3.729,-45.19,2.546,0.434,-24.561,3.442,0.0980,-0.0376,0.027,0.000,0.197,0.028
1310,52.740,2.9417,-24.156,3.665,-44.79,2.529,0.429,-24.440,3.343,0.0977,-0.0028,0.030,0.000,0.196,0.004
1311,52.780,2.7631,-24.076,3.601,-44.38,2.541,0.430,-24.317,3.245,0.1041,-0.0163,0.028,0.000,0.196,0.002
1312,52.821,2.6683,-23.997,3.539,-43.98,2.540,0.435,-24.317,3.245,0.1008,-0.0104,0.029,0.000,0.196,-0.024
1313,52.860,2.1142,-23.916,3.476,-43.59,2.524,0.430,-24.194,3.148,0.1001,-0.0111,0.029,0.000,0.196,-0.035
1314,52.901,2.4082,-23.835,3.415,-43.21,2.527,0.431,-24.069,3.052,0.1065,-0.0284,0.027,0.000,0.197,0.004
1315,52.940,2.4904,-23.755,3.354,-42.81,2.528,0.436,-24.069,3.052,0.1127,-0.0323,0.027,0.000,0.196,0.064
1316,52.981,2.2621,-23.673,3.294,-42.40,2.537,0.431,-23.943,2.958,0.1079,-0.0190,0.028,0.000,0.196,0.022
1317,53.019,2.2549,-23.591,3.234,-42.00,2.525,0.433,-23.817,2.865,0.1032,0.0195,0.031,0.000,0.196,-0.039
1318,53.060,3.1437,-23.508,3.175,-41.58,2.516,0.438,-23.817,2.865,0.1009,-0.0200,0.028,0.000,0.196,-0.034
1319,53.099,2.5169,-23.426,3.117,-41.15,2.525,0.434,-23.689,2.773,0.0968,-0.0412,0.026,0.000,0.196,0.004
1320,53.141,2.5677,-23.342,3.060,-40.72,2.527,0.436,-23.561,2.683,0.0965,-0.0135,0.028,0.000,0.197,0.039
1321,53.180,3.2016,-23.258,3.002,-40.33,2.506,0.440,-23.561,2.683,0.0957,0.0375,0.033,0.000,0.197,0.032
1322,53.220,2.1766,-23.174,2.945,-39.95,2.516,0.435,-23.431,2.594,0.1024,0.0223,0.032,0.000,0.197,-0.002
1323,53.261,2.4023,-23.092,2.889,-39.58,2.529,0.437,-23.301,2.506,0.0993,-0.0057,0.029,0.000,0.197,-0.030
1324,53.300,2.1631,-23.007,2.834,-39.19,2.521,0.440,-23.301,2.506,0.1028,-0.0013,0.030,0.000,0.197,-0.032
1325,53.340,2.2194,-22.922,2.778,-38.81,2.512,0.435,-23.170,2.420,0.1056,0.0061,0.030,0.000,0.197,-0.011
1326,53.380,2.2022,-22.837,2.723,-38.41,2.524,0.437,-23.037,2.335,0.1005,-0.0159,0.028,0.000,0.197,0.024
1327,53.420,2.5890,-22.751,2.669,-38.00,2.524,0.440,-23.037,2.335,0.0939,-0.0184,0.028,0.000,0.196,0.031
1328,53.461,2.1582,-22.665,2.617,-37.59,2.526,0.437,-22.904,2.252,0.0969,-0.0251,0.027,0.000,0.196,-0.008
1329,53.501,2.4885,-22.579,2.564,-37.19,2.524,0.439,-22.770,2.170,0.0924,-0.0053,0.029,0.000,0.196,-0.030
1330,53.540,2.7079,-22.492,2.512,-36.81,2.517,0.441,-22.770,2.170,0.0944,0.0007,0.030,0.000,0.197,-0.014
1331,53.580,2.3431,-22.405,2.460,-36.43,2.521,0.437,-22.636,2.089,0.0905,-0.0164,0.028,0.000,0.197,0.020
1332,53.621,2.4328,-22.318,2.409,-36.06,2.506,0.439,-22.500,2.010,0.0848,-0.0149,0.028,0.000,0.197,0.033
1333,53.660,2.2278,-22.230,2.358,-35.70,2.509,0.440,-22.500,2.010,0.0844,-0.0028,0.029,0.000,0.197,0.012
1334,53.700,2.1046,-22.144,2.307,-35.34,2.522,0.435,-22.364,1.932,0.0855,0.0071,0.030,0.000,0.197,-0.019
1335,53.741,2.7755,-22.057,2.257,-34.98,2.519,0.436,-22.226,1.855,0.0889,-0.0102,0.029,0.000,0.197,-0.025
1336,53.780,2.4480,-21.969,2.207,-34.65,2.505,0.436,-22.226,1.855,0.0949,-0.0112,0.029,0.000,0.197,-0.006
1337,53.820,2.2328,-21.881,2.158,-34.32,2.508,0.430,-22.088,1.780,0.0992,-0.0468,0.025,0.000,0.197,0.014
1338,53.860,2.1389,-21.793,2.109,-33.98,2.514,0.432,-21.949,1.707,0.1013,0.0012,0.030,0.000,0.197,0.030
1339,53.900,3.1225,-21.704,2.062,-33.61,2.514,0.431,-21.949,1.707,0.0972,0.0206,0.031,0.000,0.196,-0.010
1340,53.941,3.6155,-21.614,2.015,-33.23,2.509,0.427,-21.810,1.635,0.0982,0.0151,0.031,0.000,0.196,-0.034
1341,53.981,2.5911,-21.525,1.969,-32.84,2.505,0.430,-21.670,1.564,0.1006,0.0470,0.034,0.000,0.196,-0.015
1342,54.021,3.4080,-21.434,1.924,-32.43,2.517,0.429,-21.670,1.564,0.0940,0.0654,0.035,0.000,0.196,0.006
1343,54.062,4.9878,-21.344,1.879,-32.04,2.516,0.426,-21.528,1.495,0.1013,0.0739,0.036,0.000,0.196,0.018
1344,54.101,2.2515,-21.254,1.836,-31.66,2.512,0.429,-21.387,1.428,0.1025,0.0810,0.037,0.000,0.197,0.019
1345,54.140,2.1965,-21.162,1.792,-31.29,2.532,0.428,-21.387,1.428,0.0978,0.1125,0.040,0.000,0.197,-0.003
1346,54.181,2.2631,-21.070,1.748,-30.89,2.551,0.424,-21.244,1.361,0.1007,0.0733,0.036,0.000,0.197,-0.027
1347,54.220,2.9378,-20.977,1.706,-30.49,2.547,0.428,-21.101,1.297,0.1004,0.0514,0.035,0.000,0.197,0.004
1348,54.260,2.2499,-20.883,1.663,-30.09,2.547,0.426,-21.101,1.297,0.0975,0.0684,0.036,0.000,0.197,0.005
1349,54.300,2.2064,-20.789,1.622,-29.69,2.565,0.423,-20.957,1.234,0.0923,0.0290,0.033,0.000,0.197,0.016
1350,54.340,2.2195,-20.694,1.580,-29.28,2.568,0.425,-20.813,1.172,0.0942,0.0067,0.031,0.000,0.197,0.008
1351,54.380,2.1541,-20.599,1.540,-28.89,2.579,0.425,-20.813,1.172,0.1062,-0.0032,0.030,0.000,0.197,-0.012
1352,54.420,2.2851,-20.505,1.499,-28.52,2.579,0.420,-20.668,1.112,0.1043,-0.0350,0.027,0.000,0.197,-0.010
1353,54.460,2.2544,-20.410,1.460,-28.14,2.572,0.421,-20.522,1.053,0.0994,-0.0414,0.027,0.000,0.197,-0.004
1354,54.499,2.0250,-20.314,1.421,-27.75,2.576,0.423,-20.522,1.053,0.0993,-0.0014,0.030,0.000,0.197,-0.017
1355,54.540,2.2261,-20.217,1.384,-27.34,2.568,0.418,-20.376,0.996,0.1102,-0.0191,0.028,0.000,0.197,-0.004
1356,54.581,2.1463,-20.121,1.346,-26.93,2.559,0.419,-20.229,0.941,0.1079,-0.0566,0.025,0.000,0.197,0.022
1357,54.620,3.0534,-20.024,1.310,-26.53,2.564,0.422,-20.229,0.941,0.1046,-0.1004,0.021,0.000,0.196,0.006
1358,54.660,2.2833,-19.927,1.275,-26.11,2.577,0.417,-20.081,0.887,0.1057,-0.1336,0.018,0.000,0.196,-0.023
1359,54.700,2.2193,-19.830,1.240,-25.67,2.558,0.419,-19.933,0.834,0.1066,-0.1282,0.018,0.000,0.196,-0.004
1360,54.741,2.6521,-19.733,1.207,-25.25,2.527,0.422,-19.933,0.834,0.1086,-0.0866,0.022,0.000,0.196,0.004
1361,54.779,2.2943,-19.637,1.174,-24.82,2.527,0.417,-19.784,0.783,0.1077,-0.0994,0.021,0.000,0.196,0.002
1362,54.820,2.1703,-19.541,1.142,-24.40,2.514,0.419,-19.635,0.734,0.1084,-0.1015,0.020,0.000,0.196,0.002
1363,54.860,2.0160,-19.446,1.112,-23.99,2.498,0.423,-19.635,0.734,0.1069,-0.1116,0.019,0.000,0.196,0.004
1364,54.900,2.0489,-19.350,1.082,-23.56,2.494,0.419,-19.486,0.686,0.1052,-0.0618,0.024,0.000,0.196,0.009
1365,54.940,2.0144,-19.254,1.054,-23.13,2.487,0.421,-19.335,0.640,0.0977,-0.0347,0.026,0.000,0.196,-0.012
1366,54.980,2.2480,-19.158,1.026,-22.71,2.468,0.424,-19.335,0.640,0.0943,-0.0374,0.026,0.000,0.196,-0.029
1367,55.020,2.0081,-19.063,0.998,-22.30,2.456,0.421,-19.185,0.596,0.1009,0.0328,0.032,0.000,0.196,-0.001
1368,55.060,2.2628,-18.968,0.970,-21.92,2.457,0.423,-19.034,0.553,0.0946,0.0212,0.031,0.000,0.196,0.052
1369,55.100,2.1558,-18.872,0.943,-21.55,2.468,0.423,-19.034,0.553,0.0943,0.0507,0.034,0.000,0.196,0.011
1370,55.140,2.8402,-18.777,0.917,-21.18,2.465,0.420,-18.882,0.511,0.0995,0.0633,0.035,0.000,0.197,-0.004
1371,55.181,2.7155,-18.681,0.891,-20.82,2.463,0.423,-18.730,0.471,0.1008,0.0456,0.033,0.000,0.197,-0.014
1372,55.220,2.2158,-18.585,0.865,-20.45,2.478,0.420,-18.730,0.471,0.0997,0.0221,0.031,0.000,0.197,-0.005
1373,55.260,2.1200,-18.490,0.841,-20.08,2.476,0.417,-18.578,0.433,0.1018,0.0132,0.030,0.000,0.197,0.017
1374,55.300,2.1164,-18.393,0.817,-19.70,2.482,0.422,-18.425,0.396,0.0972,0.0561,0.034,0.000,0.197,0.017
1375,55.341,2.4811,-18.296,0.794,-19.30,2.492,0.418,-18.425,0.396,0.1003,0.0921,0.038,0.000,0.197,0.005
1376,55.381,3.2350,-18.199,0.771,-18.90,2.494,0.417,-18.272,0.361,0.1068,0.1434,0.042,0.000,0.197,-0.022
1377,55.422,2.1163,-18.101,0.749,-18.52,2.496,0.422,-18.119,0.328,0.1092,0.1480,0.043,0.000,0.197,-0.041
1378,55.460,2.7525,-18.002,0.728,-18.13,2.508,0.417,-18.119,0.328,0.1114,0.1255,0.041,0.000,0.197,0.010
1379,55.500,2.2477,-17.903,0.708,-17.73,2.522,0.416,-17.965,0.296,0.1164,0.1683,0.045,0.000,0.197,0.035
1380,55.541,2.1951,-17.803,0.688,-17.30,2.552,0.423,-17.811,0.266,0.1170,0.0943,0.039,0.000,0.197,0.007
1381,55.581,2.0224,-17.702,0.670,-16.84,2.567,0.419,-17.811,0.266,0.1211,0.0651,0.036,0.000,0.197,-0.027
1382,55.621,1.9936,-17.600,0.653,-16.38,2.568,0.419,-17.656,0.237,0.1212,0.0069,0.031,0.000,0.197,-0.025
1383,55.661,2.0878,-17.498,0.636,-15.91,2.579,0.426,-17.502,0.210,0.1235,-0.0224,0.028,0.000,0.197,-0.010
1384,55.700,2.0889,-17.395,0.621,-15.42,2.591,0.425,-17.502,0.210,0.1151,0.0181,0.032,0.000,0.197,-0.001
1385,55.741,2.3163,-17.292,0.607,-14.92,2.580,0.426,-17.347,0.185,0.1138,0.0148,0.032,0.000,0.197,0.013
1386,55.781,1.9808,-17.189,0.594,-14.42,2.578,0.433,-17.191,0.161,0.1115,-0.0212,0.029,0.000,0.197,0.038
1387,55.821,2.0415,-17.085,0.581,-13.94,2.590,0.433,-17.191,0.161,0.1099,-0.0974,0.022,0.000,0.197,0.026
1388,55.860,2.0460,-16.982,0.569,-13.47,2.591,0.433,-17.036,0.139,0.1128,-0.0935,0.022,0.000,0.197,-0.026
1389,55.901,2.0738,-16.879,0.557,-13.03,2.571,0.439,-16.880,0.118,0.1114,-0.1066,0.021,0.000,0.197,-0.053
1390,55.941,1.9923,-16.777,0.546,-12.60,2.562,0.440,-16.880,0.118,0.1042,-0.0880,0.022,0.000,0.197,-0.010
1391,55.981,2.5290,-16.674,0.536,-12.14,2.559,0.439,-16.724,0.099,0.0971,-0.1045,0.021,0.000,0.197,0.029
1392,56.021,2.1314,-16.572,0.527,-11.69,2.547,0.445,-16.568,0.082,0.0983,-0.0805,0.023,0.000,0.196,0.028
1393,56.061,2.1551,-16.470,0.518,-11.26,2.529,0.446,-16.568,0.082,0.0982,-0.0170,0.028,0.000,0.196,0.005
1394,56.101,1.9065,-16.369,0.508,-10.87,2.527,0.444,-16.412,0.067,0.0883,0.0132,0.031,0.000,0.197,-0.008
1395,56.142,2.1870,-16.268,0.500,-10.48,2.523,0.448,-16.255,0.053,0.0853,0.0314,0.032,0.000,0.196,-0.024
1396,56.182,2.8888,-16.168,0.493,-10.10,2.517,0.448,-16.255,0.053,0.0746,0.0279,0.032,0.000,0.197,-0.039
1397,56.220,2.0139,-16.067,0.484,-9.74,2.510,0.445,-16.099,0.040,0.0806,0.0106,0.031,0.000,0.197,0.013
1398,56.259,2.2878,-15.966,0.476,-9.40,2.524,0.447,-15.942,0.030,0.0711,0.0782,0.037,0.000,0.197,0.068
1399,56.300,2.2417,-15.865,0.468,-9.09,2.539,0.446,-15.942,0.030,0.0728,0.0536,0.035,0.000,0.197,0.022
1400,56.340,2.1440,-15.764,0.461,-8.78,2.537,0.441,-15.785,0.021,0.0755,0.0413,0.034,0.000,0.197,-0.043
1401,56.381,1.9955,-15.662,0.454,-8.50,2.530,0.442,-15.628,0.013,0.0761,0.0298,0.033,0.000,0.198,-0.041
1402,56.420,2.0337,-15.562,0.447,-8.22,2.548,0.439,-15.628,0.013,0.0706,0.0506,0.034,0.000,0.198,0.018
1403,56.460,2.3208,-15.460,0.441,-7.91,2.553,0.433,-15.471,0.007,0.0660,0.0602,0.035,0.000,0.198,0.051
1404,56.500,2.1377,-15.358,0.435,-7.61,2.555,0.434,-15.314,0.003,0.0599,0.0324,0.033,0.000,0.198,0.024
1405,56.539,2.3188,-15.255,0.429,-7.33,2.557,0.430,-15.314,0.003,0.0636,0.0040,0.031,0.000,0.198,-0.016
1406,56.580,2.2595,-15.152,0.423,-7.06,2.565,0.422,-15.157,0.001,0.0639,-0.0544,0.025,0.000,0.198,-0.015
1407,56.619,1.9885,-15.050,0.417,-6.81,2.570,0.420,-15.000,0.000,0.0595,-0.0357,0.027,0.000,0.199,-0.016
1408,56.661,2.0818,-14.947,0.413,-6.56,2.569,0.415,-14.900,0.000,0.0514,-0.0957,0.022,0.000,0.199,0.000
1409,56.700,1.9990,-14.844,0.408,-6.30,2.550,0.410,-14.800,0.000,0.0573,-0.1313,0.018,0.000,0.198,0.030
1410,56.739,2.2235,-14.743,0.403,-6.07,2.550,0.405,-14.700,0.000,0.0523,-0.0644,0.024,0.000,0.198,0.027
1411,56.781,2.0686,-14.641,0.398,-5.84,2.545,0.400,-14.600,0.000,0.0473,-0.1087,0.020,0.000,0.198,-0.015
1412,56.819,2.0412,-14.540,0.394,-5.62,2.532,0.396,-14.500,0.000,0.0386,-0.0894,0.022,0.000,0.198,-0.050
1413,56.861,2.7792,-14.439,0.390,-5.42,2.511,0.392,-14.400,0.000,0.0392,-0.0667,0.024,0.000,0.199,-0.017
1414,56.899,2.1188,-14.338,0.385,-5.23,2.497,0.387,-14.300,0.000,0.0386,-0.0659,0.024,0.000,0.199,0.045
1415,56.940,1.9646,-14.238,0.381,-5.06,2.497,0.383,-14.200,0.000,0.0289,-0.0470,0.025,0.000,0.198,0.042
1416,56.981,1.9148,-14.140,0.377,-4.91,2.501,0.379,-14.100,0.000,0.0255,-0.0535,0.024,0.000,0.198,-0.026
1417,57.020,2.1833,-14.040,0.372,-4.76,2.487,0.374,-14.000,0.000,0.0317,-0.0713,0.023,0.000,0.199,-0.046
1418,57.060,1.9534,-13.941,0.367,-4.64,2.469,0.369,-13.900,0.000,0.0295,-0.0881,0.021,0.000,0.199,0.013
1419,57.100,1.9658,-13.842,0.362,-4.53,2.466,0.365,-13.800,0.000,0.0208,-0.0943,0.021,0.000,0.199,0.054
1420,57.140,2.2037,-13.745,0.358,-4.43,2.471,0.361,-13.700,0.000,0.0207,-0.0938,0.021,0.000,0.199,0.008
1421,57.180,2.2479,-13.647,0.353,-4.32,2.458,0.356,-13.600,0.000,0.0167,-0.0574,0.024,0.000,0.199,-0.033
1422,57.219,2.0346,-13.549,0.348,-4.23,2.435,0.352,-13.500,0.000,0.0244,-0.0234,0.027,0.000,0.199,-0.020
1423,57.260,1.9995,-13.451,0.343,-4.15,2.428,0.347,-13.500,0.000,0.0235,-0.0059,0.028,0.000,0.200,0.039
1424,57.300,2.3771,-13.354,0.338,-4.08,2.431,0.341,-13.400,0.000,0.0239,0.0321,0.031,0.000,0.199,0.021
1425,57.339,2.8947,-13.259,0.334,-4.02,2.433,0.337,-13.300,0.000,0.0180,0.0405,0.032,0.000,0.199,-0.020
1426,57.380,2.0728,-13.161,0.330,-3.94,2.428,0.332,-13.200,0.000,0.0231,0.0489,0.033,0.000,0.199,-0.028
1427,57.420,2.0453,-13.064,0.325,-3.85,2.440,0.327,-13.100,0.000,0.0133,0.0573,0.034,0.000,0.200,0.026
1428,57.460,2.3797,-12.966,0.321,-3.76,2.447,0.323,-13.000,0.000,0.0122,0.0270,0.031,0.000,0.200,0.034
1429,57.500,2.5007,-12.868,0.317,-3.68,2.458,0.319,-12.900,0.000,0.0165,0.0494,0.033,0.000,0.200,0.003
1430,57.540,2.0711,-12.770,0.312,-3.63,2.447,0.314,-12.800,0.000,0.0149,0.0584,0.034,0.000,0.200,-0.032
1431,57.580,2.1920,-12.673,0.308,-3.58,2.457,0.309,-12.700,0.000,0.0187,0.1160,0.039,0.000,0.201,0.010
1432,57.621,2.7271,-12.575,0.303,-3.53,2.468,0.304,-12.600,0.000,0.0149,0.0876,0.037,0.000,0.200,0.027
1433,57.661,2.1611,-12.476,0.299,-3.47,2.482,0.300,-12.500,0.000,0.0123,0.0493,0.034,0.000,0.200,0.011
1434,57.700,2.1125,-12.377,0.295,-3.40,2.485,0.296,-12.400,0.000,0.0112,0.0253,0.032,0.000,0.200,-0.023
1435,57.740,2.1192,-12.277,0.291,-3.34,2.495,0.292,-12.300,0.000,0.0117,0.0190,0.031,0.000,0.201,-0.011
1436,57.780,2.5434,-12.177,0.286,-3.29,2.502,0.287,-12.200,0.000,0.0156,0.0355,0.033,0.000,0.201,0.018
1437,57.820,2.1532,-12.077,0.282,-3.24,2.508,0.283,-12.100,0.000,0.0254,0.0148,0.031,0.000,0.201,0.022
1438,57.860,2.1518,-11.978,0.278,-3.20,2.506,0.279,-12.000,0.000,0.0223,0.0029,0.030,0.000,0.200,-0.005
1439,57.899,2.5613,-11.878,0.274,-3.16,2.504,0.275,-11.900,0.000,0.0256,0.0298,0.032,0.000,0.200,-0.036
1440,57.941,2.3531,-11.777,0.271,-3.09,2.517,0.272,-11.800,0.000,0.0258,-0.0018,0.029,0.000,0.200,-0.015
1441,57.980,2.6141,-11.677,0.268,-2.99,2.527,0.269,-11.700,0.000,0.0129,0.0228,0.032,0.000,0.200,0.006
1442,58.019,2.3977,-11.576,0.265,-2.88,2.525,0.266,-11.600,0.000,0.0139,0.0168,0.031,0.000,0.200,0.020
1443,58.059,2.8208,-11.475,0.263,-2.79,2.519,0.264,-11.500,0.000,0.0134,0.0385,0.033,0.000,0.200,-0.001
1444,58.100,2.3796,-11.374,0.260,-2.71,2.518,0.261,-11.400,0.000,0.0165,0.0121,0.031,0.000,0.200,-0.012
1445,58.140,2.4211,-11.273,0.257,-2.66,2.526,0.258,-11.300,0.000,0.0126,-0.0088,0.029,0.000,0.200,-0.012
1446,58.181,2.2064,-11.172,0.254,-2.60,2.532,0.255,-11.200,0.000,0.0093,0.0273,0.032,0.000,0.200,0.005
1447,58.221,2.5996,-11.072,0.251,-2.55,2.531,0.253,-11.100,0.000,0.0059,-0.0165,0.028,0.000,0.200,0.025
1448,58.261,2.1709,-10.971,0.248,-2.50,2.525,0.250,-11.000,0.000,-0.0001,-0.0702,0.023,0.000,0.200,0.002
1449,58.302,2.2842,-10.870,0.244,-2.45,2.526,0.246,-10.900,0.000,0.0057,-0.0139,0.028,0.000,0.200,-0.018
1450,58.340,3.8518,-10.769,0.240,-2.43,2.524,0.242,-10.800,0.000,0.0096,-0.0559,0.025,0.000,0.200,-0.020
1451,58.380,2.0218,-10.668,0.237,-2.41,2.519,0.239,-10.700,0.000,0.0093,-0.0668,0.024,0.000,0.200,0.003
1452,58.420,2.5299,-10.568,0.233,-2.40,2.510,0.236,-10.600,0.000,0.0106,-0.0831,0.022,0.000,0.200,0.015
1453,58.460,1.9255,-10.467,0.230,-2.38,2.508,0.232,-10.500,0.000,0.0127,-0.0618,0.024,0.000,0.200,-0.004
1454,58.501,2.0176,-10.367,0.227,-2.33,2.501,0.229,-10.400,0.000,0.0144,-0.0669,0.023,0.000,0.200,-0.020
1455,58.541,2.0705,-10.267,0.224,-2.29,2.502,0.226,-10.300,0.000,0.0079,-0.0261,0.027,0.000,0.200,-0.018
1456,58.580,2.5414,-10.168,0.221,-2.23,2.493,0.224,-10.200,0.000,0.0134,0.0225,0.031,0.000,0.199,0.015
1457,58.620,2.2235,-10.069,0.219,-2.18,2.481,0.221,-10.100,0.000,0.0183,-0.0417,0.025,0.000,0.199,0.021
1458,58.660,2.6186,-9.970,0.216,-2.15,2.483,0.218,-10.000,0.000,0.0204,-0.0156,0.028,0.000,0.199,0.001
1459,58.700,2.0859,-9.870,0.214,-2.11,2.487,0.216,-9.900,0.000,0.0189,0.0278,0.031,0.000,0.200,-0.021
1460,58.740,2.6881,-9.771,0.212,-2.05,2.496,0.214,-9.800,0.000,0.0078,0.0275,0.031,0.000,0.200,-0.008
1461,58.782,2.6569,-9.672,0.211,-1.98,2.486,0.213,-9.700,0.000,0.0129,0.0474,0.033,0.000,0.199,0.030
1462,58.821,2.9688,-9.572,0.209,-1.90,2.488,0.211,-9.600,0.000,0.0152,0.0141,0.030,0.000,0.199,0.016
1463,58.862,2.8909,-9.472,0.207,-1.85,2.497,0.209,-9.500,0.000,0.0143,0.0246,0.031,0.000,0.200,-0.011
1464,58.900,2.8087,-9.372,0.205,-1.80,2.504,0.207,-9.400,0.000,0.0067,0.0137,0.030,0.000,0.200,-0.028
1465,58.941,2.2327,-9.272,0.204,-1.75,2.505,0.205,-9.300,0.000,0.0035,0.0128,0.030,0.000,0.200,0.008
1466,58.981,3.5854,-9.173,0.202,-1.69,2.501,0.204,-9.200,0.000,0.0020,-0.0154,0.028,0.000,0.200,0.031
1467,59.020,2.2177,-9.073,0.200,-1.66,2.502,0.202,-9.100,0.000,0.0018,-0.0144,0.028,0.000,0.200,0.017
1468,59.061,2.4557,-8.973,0.197,-1.64,2.502,0.199,-9.000,0.000,0.0012,-0.0015,0.029,0.000,0.200,-0.024
1469,59.101,2.2053,-8.873,0.195,-1.63,2.503,0.197,-8.900,0.000,0.0041,-0.0136,0.028,0.000,0.201,-0.022
1470,59.141,2.2290,-8.773,0.192,-1.62,2.499,0.194,-8.800,0.000,0.0035,-0.0155,0.028,0.000,0.200,0.015
1471,59.180,2.0909,-8.673,0.190,-1.62,2.495,0.192,-8.700,0.000,0.0006,0.0155,0.031,0.000,0.200,0.024
1472,59.221,2.3082,-8.573,0.187,-1.60,2.499,0.189,-8.600,0.000,-0.0017,0.0018,0.029,0.000,0.200,-0.002
1473,59.260,2.0973,-8.473,0.184,-1.59,2.501,0.186,-8.500,0.000,-0.0001,-0.0099,0.028,0.000,0.200,-0.034
1474,59.300,2.3542,-8.373,0.182,-1.57,2.503,0.184,-8.400,0.000,0.0008,-0.0203,0.027,0.000,0.200,-0.008
1475,59.341,3.1595,-8.275,0.179,-1.57,2.494,0.181,-8.300,0.000,0.0055,0.0014,0.029,0.000,0.200,0.028
1476,59.383,3.4399,-8.175,0.176,-1.58,2.493,0.178,-8.200,0.000,0.0040,-0.0293,0.027,0.000,0.200,0.013
1477,59.421,3.0085,-8.075,0.174,-1.58,2.496,0.176,-8.100,0.000,0.0017,-0.0202,0.027,0.000,0.200,-0.017
1478,59.460,1.9339,-7.975,0.171,-1.57,2.504,0.173,-8.000,0.000,-0.0059,0.0064,0.030,0.000,0.200,-0.034
1479,59.500,3.3933,-7.875,0.169,-1.54,2.498,0.171,-7.900,0.000,-0.0077,-0.0145,0.028,0.000,0.200,0.010
1480,59.541,2.8214,-7.775,0.166,-1.53,2.486,0.168,-7.800,0.000,-0.0084,-0.0178,0.027,0.000,0.200,0.029
1481,59.580,3.5687,-7.676,0.163,-1.55,2.488,0.165,-7.700,0.000,-0.0030,-0.0168,0.028,0.000,0.200,0.013
1482,59.620,3.6964,-7.576,0.160,-1.58,2.489,0.161,-7.600,0.000,-0.0060,-0.0426,0.025,0.000,0.200,-0.027
1483,59.660,2.9312,-7.477,0.156,-1.61,2.491,0.158,-7.500,0.000,0.0003,-0.0325,0.026,0.000,0.200,-0.020
1484,59.701,1.9789,-7.378,0.153,-1.63,2.486,0.155,-7.400,0.000,0.0106,-0.0489,0.025,0.000,0.200,0.019
1485,59.739,3.1412,-7.278,0.150,-1.65,2.479,0.152,-7.300,0.000,0.0102,0.0081,0.030,0.000,0.200,0.015
1486,59.779,1.9400,-7.179,0.147,-1.65,2.477,0.148,-7.200,0.000,0.0092,-0.0290,0.026,0.000,0.199,-0.016
1487,59.820,2.1539,-7.081,0.144,-1.64,2.485,0.146,-7.100,0.000,0.0173,-0.0285,0.026,0.000,0.199,-0.032
1488,59.861,2.0108,-6.982,0.142,-1.61,2.489,0.144,-7.000,0.000,0.0208,-0.0396,0.025,0.000,0.200,0.002
1489,59.901,2.1357,-6.883,0.141,-1.56,2.475,0.142,-6.900,0.000,0.0225,-0.0799,0.022,0.000,0.199,0.022
1490,59.942,2.1500,-6.784,0.140,-1.52,2.476,0.141,-6.800,0.000,0.0243,-0.0542,0.024,0.000,0.199,-0.001
1491,59.980,2.7187,-6.685,0.139,-1.46,2.472,0.140,-6.700,0.000,0.0238,-0.0336,0.026,0.000,0.199,-0.026
1492,60.021,2.7636,-6.586,0.139,-1.38,2.472,0.139,-6.600,0.000,0.0200,0.0097,0.029,0.000,0.199,-0.019
1493,60.060,1.9637,-6.487,0.139,-1.28,2.462,0.139,-6.500,0.000,0.0138,0.0209,0.030,0.000,0.199,0.025
1494,60.101,1.9215,-6.388,0.139,-1.18,2.455,0.140,-6.400,0.000,0.0225,0.0437,0.032,0.000,0.199,0.030
1495,60.141,3.2562,-6.290,0.139,-1.11,2.466,0.139,-6.300,0.000,0.0165,-0.0012,0.029,0.000,0.199,-0.000
1496,60.181,2.5061,-6.191,0.139,-1.04,2.471,0.139,-6.200,0.000,0.0091,-0.0188,0.027,0.000,0.200,-0.028
1497,60.220,2.2267,-6.093,0.139,-0.98,2.471,0.139,-6.100,0.000,0.0063,-0.0055,0.028,0.000,0.200,0.003
1498,60.259,2.1433,-5.994,0.139,-0.92,2.464,0.139,-6.000,0.000,0.0078,-0.0018,0.028,0.000,0.200,0.038
1499,60.300,1.9686,-5.895,0.138,-0.88,2.466,0.139,-5.900,0.000,0.0049,0.0007,0.029,0.000,0.200,0.016
1500,60.341,1.9978,-5.796,0.138,-0.84,2.466,0.138,-5.800,0.000,-0.0003,0.0676,0.035,0.000,0.200,-0.037
1501,60.380,2.2332,-5.698,0.137,-0.82,2.467,0.137,-5.700,0.000,0.0008,0.0612,0.034,0.000,0.200,-0.023
1502,60.420,2.2699,-5.601,0.136,-0.80,2.459,0.136,-5.600,0.000,-0.0027,0.0710,0.035,0.000,0.200,0.025
1503,60.461,2.5665,-5.502,0.135,-0.80,2.469,0.135,-5.500,0.000,-0.0044,0.0925,0.037,0.000,0.200,0.030
1504,60.500,1.8326,-5.403,0.133,-0.80,2.482,0.133,-5.400,0.000,-0.0001,0.0899,0.037,0.000,0.200,-0.012
1505,60.540,1.9323,-5.303,0.132,-0.81,2.494,0.132,-5.300,0.000,0.0039,0.0566,0.034,0.000,0.200,-0.040
1506,60.581,2.7908,-5.204,0.130,-0.82,2.500,0.130,-5.200,0.000,0.0046,0.0793,0.036,0.000,0.201,-0.002
1507,60.620,1.9582,-5.104,0.129,-0.82,2.503,0.129,-5.100,0.000,-0.0027,0.0894,0.037,0.000,0.200,0.033
1508,60.661,2.0528,-5.003,0.128,-0.81,2.519,0.128,-5.000,0.000,-0.0022,0.1092,0.039,0.000,0.200,0.016
