x,y,yaw,ref_v
0.0,0.0,0.0,4.0
0.1,0.0,0.0,4.0
0.2,0.0,0.0,4.0
0.30000000000000004,0.0,0.0,4.0
0.4,0.0,0.0,4.0
0.5,0.0,0.0,4.0
0.6000000000000001,0.0,0.0,4.0
0.7000000000000001,0.0,0.0,4.0
0.8,0.0,0.0,4.0
0.9,0.0,0.0,4.0
1.0,0.0,0.0,4.0
1.1,0.0,0.0,4.0
1.2000000000000002,0.0,0.0,4.0
1.3,0.0,0.0,4.0
1.4000000000000001,0.0,0.0,4.0
1.5,0.0,0.0,4.0
1.6,0.0,0.0,4.0
1.7000000000000002,0.0,0.0,4.0
1.8,0.0,0.0,4.0
1.9000000000000001,0.0,0.0,4.0
2.0,0.0,0.0,4.0
2.1,0.0,0.0,4.0
2.2,0.0,0.0,4.0
2.3000000000000003,0.0,0.0,4.0
2.4000000000000004,0.0,0.0,4.0
2.5,0.0,0.0,4.0
2.6,0.0,0.0,4.0
2.7,0.0,0.0,4.0
2.8000000000000003,0.0,0.0,4.0
2.9000000000000004,0.0,0.0,4.0
3.0,0.0,0.0,4.0
3.1,0.0,0.0,4.0
3.2,0.0,0.0,4.0
3.3000000000000003,0.0,0.0,4.0
3.4000000000000004,0.0,0.0,4.0
3.5,0.0,0.0,4.0
3.6,0.0,0.0,4.0
3.7,0.0,0.0,4.0
3.8000000000000003,0.0,0.0,4.0
3.9000000000000004,0.0,0.0,4.0
4.0,0.0,0.0,4.0
4.1000000000000005,0.0,0.0,4.0
4.2,0.0,0.0,4.0
4.3,0.0,0.0,4.0
4.4,0.0,0.0,4.0
4.5,0.0,0.0,4.0
4.6000000000000005,0.0,0.0,4.0
4.7,0.0,0.0,4.0
4.800000000000001,0.0,0.0,4.0
4.9,0.0,0.0,4.0
5.0,0.0,0.0,4.0
5.1000000000000005,0.0,0.0,4.0
5.2,0.0,0.0,4.0
5.300000000000001,0.0,0.0,4.0
5.4,0.0,0.0,4.0
5.5,0.0,0.0,4.0
5.6000000000000005,0.0,0.0,4.0
5.7,0.0,0.0,4.0
5.800000000000001,0.0,0.0,4.0
5.9,0.0,0.0,4.0
6.0,0.0,0.0,4.0
6.1000000000000005,0.0,0.0,4.0
6.2,0.0,0.0,4.0
6.300000000000001,0.0,0.0,4.0
6.4,0.0,0.0,4.0
6.5,0.0,0.0,4.0
6.6000000000000005,0.0,0.0,4.0
6.7,0.0,0.0,4.0
6.800000000000001,0.0,0.0,4.0
6.9,0.0,0.0,4.0
7.0,0.0,0.0,4.0
7.1000000000000005,0.0,0.0,4.0
7.2,0.0,0.0,4.0
7.300000000000001,0.0,0.0,4.0
7.4,0.0,0.0,4.0
7.5,0.0,0.0,4.0
7.6000000000000005,0.0,0.0,4.0
7.7,0.0,0.0,4.0
7.800000000000001,0.0,0.0,4.0
7.9,0.0,0.0,4.0
8.0,0.0,0.0,4.0
8.1,0.0,0.0,4.0
8.200000000000001,0.0,0.0,4.0
8.3,0.0,0.0,4.0
8.4,0.0,0.0,4.0
8.5,0.0,0.0,4.0
8.6,0.0,0.0,4.0
8.700000000000001,0.0,0.0,4.0
8.8,0.0,0.0,4.0
8.9,0.0,0.0,4.0
9.0,0.0,0.0,4.0
9.1,0.0,0.0,4.0
9.200000000000001,0.0,0.0,4.0
9.3,0.0,0.0,4.0
9.4,0.0,0.0,4.0
9.5,0.0,0.0,4.0
9.600000000000001,0.0,0.0,4.0
9.700000000000001,0.0,0.0,4.0
9.8,0.0,0.0,4.0
9.9,0.0,0.0,4.0
10.0,0.0,0.0,4.0
10.100000000000001,0.0,0.0,4.0
10.200000000000001,0.0,0.0,4.0
10.3,0.0,0.0,4.0
10.4,0.0,0.0,4.0
10.5,0.0,0.0,4.0
10.600000000000001,0.0,0.0,4.0
10.700000000000001,0.0,0.0,4.0
10.8,0.0,0.0,4.0
10.9,0.0,0.0,4.0
11.0,0.0,0.0,4.0
11.100000000000001,0.0,0.0,4.0
11.200000000000001,0.0,0.0,4.0
11.3,0.0,0.0,4.0
11.4,0.0,0.0,4.0
11.5,0.0,0.0,4.0
11.600000000000001,0.0,0.0,4.0
11.700000000000001,0.0,0.0,4.0
11.8,0.0,0.0,4.0
11.9,0.0,0.0,4.0
12.0,0.0,0.0,4.0
12.100000000000001,0.0,0.0,4.0
12.200000000000001,0.0,0.0,4.0
12.3,0.0,0.0,4.0
12.4,0.0,0.0,4.0
12.5,0.0,0.0,4.0
12.600000000000001,0.0,0.0,4.0
12.700000000000001,0.0,0.0,4.0
12.8,0.0,0.0,4.0
12.9,0.0,0.0,4.0
13.0,0.0,0.0,4.0
13.100000000000001,0.0,0.0,4.0
13.200000000000001,0.0,0.0,4.0
13.3,0.0,0.0,4.0
13.4,0.0,0.0,4.0
13.5,0.0,0.0,4.0
13.600000000000001,0.0,0.0,4.0
13.700000000000001,0.0,0.0,4.0
13.8,0.0,0.0,4.0
13.9,0.0,0.0,4.0
14.0,0.0,0.0,4.0
14.100000000000001,0.0,0.0,4.0
14.200000000000001,0.0,0.0,4.0
14.3,0.0,0.0,4.0
14.4,0.0,0.0,4.0
14.5,0.0,0.0,4.0
14.600000000000001,0.0,0.0,4.0
14.700000000000001,0.0,0.0,4.0
14.8,0.0,0.0,4.0
14.9,0.0,0.0,4.0
15.0,0.0,0.0,4.0
15.100000000000001,0.0,0.0,4.0
15.200000000000001,0.0,0.0,4.0
15.3,0.0,0.0,4.0
15.4,0.0,0.0,4.0
15.5,0.0,0.0,4.0
15.600000000000001,0.0,0.0,4.0
15.700000000000001,0.0,0.0,4.0
15.8,0.0,0.0,4.0
15.9,0.0,0.0,4.0
16.0,0.0,0.0,4.0
16.1,0.0,0.0,4.0
16.2,0.0,0.0,4.0
16.3,0.0,0.0,4.0
16.400000000000002,0.0,0.0,4.0
16.5,0.0,0.0,4.0
16.6,0.0,0.0,4.0
16.7,0.0,0.0,4.0
16.8,0.0,0.0,4.0
16.900000000000002,0.0,0.0,4.0
17.0,0.0,0.0,4.0
17.1,0.0,0.0,4.0
17.2,0.0,0.0,4.0
17.3,0.0,0.0,4.0
17.400000000000002,0.0,0.0,4.0
17.5,0.0,0.0,4.0
17.6,0.0,0.0,4.0
17.7,0.0,0.0,4.0
17.8,0.0,0.0,4.0
17.900000000000002,0.0,0.0,4.0
18.0,0.0,0.0,4.0
18.1,0.0,0.0,4.0
18.2,0.0,0.0,4.0
18.3,0.0,0.0,4.0
18.400000000000002,0.0,0.0,4.0
18.5,0.0,0.0,4.0
18.6,0.0,0.0,4.0
18.7,0.0,0.0,4.0
18.8,0.0,0.0,4.0
18.900000000000002,0.0,0.0,4.0
19.0,0.0,0.0,4.0
19.1,0.0,0.0,4.0
19.200000000000003,0.0,0.0,4.0
19.3,0.0,0.0,4.0
19.400000000000002,0.0,0.0,4.0
19.5,0.0,0.0,4.0
19.6,0.0,0.0,4.0
19.700000000000003,0.0,0.0,4.0
19.8,0.0,0.0,4.0
19.900000000000002,0.0,0.0,4.0
20.0,0.0,0.0,4.0
20.1,0.0,0.0,4.0
20.200000000000003,0.0,0.0,4.0
20.3,0.0,0.0,4.0
20.400000000000002,0.0,0.0,4.0
20.5,0.0,0.0,4.0
20.6,0.0,0.0,4.0
20.700000000000003,0.0,0.0,4.0
20.8,0.0,0.0,4.0
20.900000000000002,0.0,0.0,4.0
21.0,0.0,0.0,4.0
21.1,0.0,0.0,4.0
21.200000000000003,0.0,0.0,4.0
21.3,0.0,0.0,4.0
21.400000000000002,0.0,0.0,4.0
21.5,0.0,0.0,4.0
21.6,0.0,0.0,4.0
21.700000000000003,0.0,0.0,4.0
21.8,0.0,0.0,4.0
21.900000000000002,0.0,0.0,4.0
22.0,0.0,0.0,4.0
22.1,0.0,0.0,4.0
22.200000000000003,0.0,0.0,4.0
22.3,0.0,0.0,4.0
22.400000000000002,0.0,0.0,4.0
22.5,0.0,0.0,4.0
22.6,0.0,0.0,4.0
22.700000000000003,0.0,0.0,4.0
22.8,0.0,0.0,4.0
22.900000000000002,0.0,0.0,4.0
23.0,0.0,0.0,4.0
23.1,0.0,0.0,4.0
23.200000000000003,0.0,0.0,4.0
23.3,0.0,0.0,4.0
23.400000000000002,0.0,0.0,4.0
23.5,0.0,0.0,4.0
23.6,0.0,0.0,4.0
23.700000000000003,0.0,0.0,4.0
23.8,0.0,0.0,4.0
23.900000000000002,0.0,0.0,4.0
24.0,0.0,0.0,4.0
24.1,0.0,0.0,4.0
24.200000000000003,0.0,0.0,4.0
24.3,0.0,0.0,4.0
24.400000000000002,0.0,0.0,4.0
24.5,0.0,0.0,4.0
24.6,0.0,0.0,4.0
24.700000000000003,0.0,0.0,4.0
24.8,0.0,0.0,4.0
24.900000000000002,0.0,0.0,4.0
25.0,0.0,0.0,4.0
25.1,0.0,0.0,4.0
25.200000000000003,0.0,0.0,4.0
25.3,0.0,0.0,4.0
25.400000000000002,0.0,0.0,4.0
25.5,0.0,0.0,4.0
25.6,0.0,0.0,4.0
25.700000000000003,0.0,0.0,4.0
25.8,0.0,0.0,4.0
25.900000000000002,0.0,0.0,4.0
26.0,0.0,0.0,4.0
26.1,0.0,0.0,4.0
26.200000000000003,0.0,0.0,4.0
26.3,0.0,0.0,4.0
26.400000000000002,0.0,0.0,4.0
26.5,0.0,0.0,4.0
26.6,0.0,0.0,4.0
26.700000000000003,0.0,0.0,4.0
26.8,0.0,0.0,4.0
26.900000000000002,0.0,0.0,4.0
27.0,0.0,0.0,4.0
27.1,0.0,0.0,4.0
27.200000000000003,0.0,0.0,4.0
27.3,0.0,0.0,4.0
27.400000000000002,0.0,0.0,4.0
27.5,0.0,0.0,4.0
27.6,0.0,0.0,4.0
27.700000000000003,0.0,0.0,4.0
27.8,0.0,0.0,4.0
27.900000000000002,0.0,0.0,4.0
28.0,0.0,0.0,4.0
28.1,0.0,0.0,4.0
28.200000000000003,0.0,0.0,4.0
28.3,0.0,0.0,4.0
28.400000000000002,0.0,0.0,4.0
28.5,0.0,0.0,4.0
28.6,0.0,0.0,4.0
28.700000000000003,0.0,0.0,4.0
28.8,0.0,0.0,4.0
28.900000000000002,0.0,0.0,4.0
29.0,0.0,0.0,4.0
29.1,0.0,0.0,4.0
29.200000000000003,0.0,0.0,4.0
29.3,0.0,0.0,4.0
29.400000000000002,0.0,0.0,4.0
29.5,0.0,0.0,4.0
29.6,0.0,0.0,4.0
29.700000000000003,0.0,0.0,4.0
29.8,0.0,0.0,4.0
29.900000000000002,0.0,0.0,4.0
30.0,0.0,0.0,4.0
30.1,0.0,0.0,4.0
30.200000000000003,0.0,0.0,4.0
30.3,0.0,0.0,4.0
30.400000000000002,0.0,0.0,4.0
30.5,0.0,0.0,4.0
30.6,0.0,0.0,4.0
30.700000000000003,0.0,0.0,4.0
30.8,0.0,0.0,4.0
30.900000000000002,0.0,0.0,4.0
31.0,0.0,0.0,4.0
31.1,0.0,0.0,4.0
31.200000000000003,0.0,0.0,4.0
31.3,0.0,0.0,4.0
31.400000000000002,0.0,0.0,4.0
31.5,0.0,0.0,4.0
31.6,0.0,0.0,4.0
31.700000000000003,0.0,0.0,4.0
31.8,0.0,0.0,4.0
31.900000000000002,0.0,0.0,4.0
32.0,0.0,0.0,4.0
32.1,0.0,0.0,4.0
32.2,0.0,0.0,4.0
32.300000000000004,0.0,0.0,4.0
32.4,0.0,0.0,4.0
32.5,0.0,0.0,4.0
32.6,0.0,0.0,4.0
32.7,0.0,0.0,4.0
32.800000000000004,0.0,0.0,4.0
32.9,0.0,0.0,4.0
33.0,0.0,0.0,4.0
33.1,0.0,0.0,4.0
33.2,0.0,0.0,4.0
33.300000000000004,0.0,0.0,4.0
33.4,0.0,0.0,4.0
33.5,0.0,0.0,4.0
33.6,0.0,0.0,4.0
33.7,0.0,0.0,4.0
33.800000000000004,0.0,0.0,4.0
33.9,0.0,0.0,4.0
34.0,0.0,0.0,4.0
34.1,0.0,0.0,4.0
34.2,0.0,0.0,4.0
34.300000000000004,0.0,0.0,4.0
34.4,0.0,0.0,4.0
34.5,0.0,0.0,4.0
34.6,0.0,0.0,4.0
34.7,0.0,0.0,4.0
34.800000000000004,0.0,0.0,4.0
34.9,0.0,0.0,4.0
35.0,0.0,0.0,4.0
35.1,0.0,0.0,4.0
35.2,0.0,0.0,4.0
35.300000000000004,0.0,0.0,4.0
35.4,0.0,0.0,4.0
35.5,0.0,0.0,4.0
35.6,0.0,0.0,4.0
35.7,0.0,0.0,4.0
35.800000000000004,0.0,0.0,4.0
35.9,0.0,0.0,4.0
36.0,0.0,0.0,4.0
36.1,0.0,0.0,4.0
36.2,0.0,0.0,4.0
36.300000000000004,0.0,0.0,4.0
36.4,0.0,0.0,4.0
36.5,0.0,0.0,4.0
36.6,0.0,0.0,4.0
36.7,0.0,0.0,4.0
36.800000000000004,0.0,0.0,4.0
36.9,0.0,0.0,4.0
37.0,0.0,0.0,4.0
37.1,0.0,0.0,4.0
37.2,0.0,0.0,4.0
37.300000000000004,0.0,0.0,4.0
37.4,0.0,0.0,4.0
37.5,0.0,0.0,4.0
37.6,0.0,0.0,4.0
37.7,0.0,0.0,4.0
37.800000000000004,0.0,0.0,4.0
37.9,0.0,0.0,4.0
38.0,0.0,0.0,4.0
38.1,0.0,0.0,4.0
38.2,0.0,0.0,4.0
38.300000000000004,0.0,0.0,4.0
38.400000000000006,0.0,0.0,4.0
38.5,0.0,0.0,4.0
38.6,0.0,0.0,4.0
38.7,0.0,0.0,4.0
38.800000000000004,0.0,0.0,4.0
38.900000000000006,0.0,0.0,4.0
39.0,0.0,0.0,4.0
39.1,0.0,0.0,4.0
39.2,0.0,0.0,4.0
39.300000000000004,0.0,0.0,4.0
39.400000000000006,0.0,0.0,4.0
39.5,0.0,0.0,4.0
39.6,0.0,0.0,4.0
39.7,0.0,0.0,4.0
39.800000000000004,0.0,0.0,4.0
39.900000000000006,0.0,0.0,4.0
40.0,0.0,0.0,4.0
40.1,0.0,0.0,4.0
40.2,0.0,0.0,4.0
40.300000000000004,0.0,0.0,4.0
40.400000000000006,0.0,0.0,4.0
40.5,0.0,0.0,4.0
40.6,0.0,0.0,4.0
40.7,0.0,0.0,4.0
40.800000000000004,0.0,0.0,4.0
40.900000000000006,0.0,0.0,4.0
41.0,0.0,0.0,4.0
41.1,0.0,0.0,4.0
41.2,0.0,0.0,4.0
41.300000000000004,0.0,0.0,4.0
41.400000000000006,0.0,0.0,4.0
41.5,0.0,0.0,4.0
41.6,0.0,0.0,4.0
41.7,0.0,0.0,4.0
41.800000000000004,0.0,0.0,4.0
41.900000000000006,0.0,0.0,4.0
42.0,0.0,0.0,4.0
42.1,0.0,0.0,4.0
42.2,0.0,0.0,4.0
42.300000000000004,0.0,0.0,4.0
42.400000000000006,0.0,0.0,4.0
42.5,0.0,0.0,4.0
42.6,0.0,0.0,4.0
42.7,0.0,0.0,4.0
42.800000000000004,0.0,0.0,4.0
42.900000000000006,0.0,0.0,4.0
43.0,0.0,0.0,4.0
43.1,0.0,0.0,4.0
43.2,0.0,0.0,4.0
43.300000000000004,0.0,0.0,4.0
43.400000000000006,0.0,0.0,4.0
43.5,0.0,0.0,4.0
43.6,0.0,0.0,4.0
43.7,0.0,0.0,4.0
43.800000000000004,0.0,0.0,4.0
43.900000000000006,0.0,0.0,4.0
44.0,0.0,0.0,4.0
44.1,0.0,0.0,4.0
44.2,0.0,0.0,4.0
44.300000000000004,0.0,0.0,4.0
44.400000000000006,0.0,0.0,4.0
44.5,0.0,0.0,4.0
44.6,0.0,0.0,4.0
44.7,0.0,0.0,4.0
44.800000000000004,0.0,0.0,4.0
44.900000000000006,0.0,0.0,4.0
45.0,0.0,0.0,4.0
45.1,0.0,0.0,4.0
45.2,0.0,0.0,4.0
45.300000000000004,0.0,0.0,4.0
45.400000000000006,0.0,0.0,4.0
45.5,0.0,0.0,4.0
45.6,0.0,0.0,4.0
45.7,0.0,0.0,4.0
45.800000000000004,0.0,0.0,4.0
45.900000000000006,0.0,0.0,4.0
46.0,0.0,0.0,4.0
46.1,0.0,0.0,4.0
46.2,0.0,0.0,4.0
46.300000000000004,0.0,0.0,4.0
46.400000000000006,0.0,0.0,4.0
46.5,0.0,0.0,4.0
46.6,0.0,0.0,4.0
46.7,0.0,0.0,4.0
46.800000000000004,0.0,0.0,4.0
46.900000000000006,0.0,0.0,4.0
47.0,0.0,0.0,4.0
47.1,0.0,0.0,4.0
47.2,0.0,0.0,4.0
47.300000000000004,0.0,0.0,4.0
47.400000000000006,0.0,0.0,4.0
47.5,0.0,0.0,4.0
47.6,0.0,0.0,4.0
47.7,0.0,0.0,4.0
47.800000000000004,0.0,0.0,4.0
47.900000000000006,0.0,0.0,4.0
48.0,0.0,0.0,4.0
48.1,0.0,0.0,4.0
48.2,0.0,0.0,4.0
48.300000000000004,0.0,0.0,4.0
48.400000000000006,0.0,0.0,4.0
48.5,0.0,0.0,4.0
48.6,0.0,0.0,4.0
48.7,0.0,0.0,4.0
48.800000000000004,0.0,0.0,4.0
48.900000000000006,0.0,0.0,4.0
49.0,0.0,0.0,4.0
49.1,0.0,0.0,4.0
49.2,0.0,0.0,4.0
49.300000000000004,0.0,0.0,4.0
49.400000000000006,0.0,0.0,4.0
49.5,0.0,0.0,4.0
49.6,0.0,0.0,4.0
49.7,0.0,0.0,4.0
49.800000000000004,0.0,0.0,4.0
49.900000000000006,0.0,0.0,4.0
50.0,0.0,0.0,4.0
50.1,0.0,0.0,4.0
50.2,0.0,0.0,4.0
50.300000000000004,0.0,0.0,4.0
50.400000000000006,0.0,0.0,4.0
50.5,0.0,0.0,4.0
50.6,0.0,0.0,4.0
50.7,0.0,0.0,4.0
50.800000000000004,0.0,0.0,4.0
50.900000000000006,0.0,0.0,4.0
51.0,0.0,0.0,4.0
51.1,0.0,0.0,4.0
51.2,0.0,0.0,4.0
51.300000000000004,0.0,0.0,4.0
51.400000000000006,0.0,0.0,4.0
51.5,0.0,0.0,4.0
51.6,0.0,0.0,4.0
51.7,0.0,0.0,4.0
51.800000000000004,0.0,0.0,4.0
51.900000000000006,0.0,0.0,4.0
52.0,0.0,0.0,4.0
52.1,0.0,0.0,4.0
52.2,0.0,0.0,4.0
52.300000000000004,0.0,0.0,4.0
52.400000000000006,0.0,0.0,4.0
52.5,0.0,0.0,4.0
52.6,0.0,0.0,4.0
52.7,0.0,0.0,4.0
52.800000000000004,0.0,0.0,4.0
52.900000000000006,0.0,0.0,4.0
53.0,0.0,0.0,4.0
53.1,0.0,0.0,4.0
53.2,0.0,0.0,4.0
53.300000000000004,0.0,0.0,4.0
53.400000000000006,0.0,0.0,4.0
53.5,0.0,0.0,4.0
53.6,0.0,0.0,4.0
53.7,0.0,0.0,4.0
53.800000000000004,0.0,0.0,4.0
53.900000000000006,0.0,0.0,4.0
54.0,0.0,0.0,4.0
54.1,0.0,0.0,4.0
54.2,0.0,0.0,4.0
54.300000000000004,0.0,0.0,4.0
54.400000000000006,0.0,0.0,4.0
54.5,0.0,0.0,4.0
54.6,0.0,0.0,4.0
54.7,0.0,0.0,4.0
54.800000000000004,0.0,0.0,4.0
54.900000000000006,0.0,0.0,4.0
55.0,0.0,0.0,4.0
55.1,0.0,0.0,4.0
55.2,0.0,0.0,4.0
55.300000000000004,0.0,0.0,4.0
55.400000000000006,0.0,0.0,4.0
55.5,0.0,0.0,4.0
55.6,0.0,0.0,4.0
55.7,0.0,0.0,4.0
55.800000000000004,0.0,0.0,4.0
55.900000000000006,0.0,0.0,4.0
56.0,0.0,0.0,4.0
56.1,0.0,0.0,4.0
56.2,0.0,0.0,4.0
56.300000000000004,0.0,0.0,4.0
56.400000000000006,0.0,0.0,4.0
56.5,0.0,0.0,4.0
56.6,0.0,0.0,4.0
56.7,0.0,0.0,4.0
56.800000000000004,0.0,0.0,4.0
56.900000000000006,0.0,0.0,4.0
57.0,0.0,0.0,4.0
57.1,0.0,0.0,4.0
57.2,0.0,0.0,4.0
57.300000000000004,0.0,0.0,4.0
57.400000000000006,0.0,0.0,4.0
57.5,0.0,0.0,4.0
57.6,0.0,0.0,4.0
57.7,0.0,0.0,4.0
57.800000000000004,0.0,0.0,4.0
57.900000000000006,0.0,0.0,4.0
58.0,0.0,0.0,4.0
58.1,0.0,0.0,4.0
58.2,0.0,0.0,4.0
58.300000000000004,0.0,0.0,4.0
58.400000000000006,0.0,0.0,4.0
58.5,0.0,0.0,4.0
58.6,0.0,0.0,4.0
58.7,0.0,0.0,4.0
58.800000000000004,0.0,0.0,4.0
58.900000000000006,0.0,0.0,4.0
59.0,0.0,0.0,4.0
59.1,0.0,0.0,4.0
59.2,0.0,0.0,4.0
59.300000000000004,0.0,0.0,4.0
59.400000000000006,0.0,0.0,4.0
59.5,0.0,0.0,4.0
59.6,0.0,0.0,4.0
59.7,0.0,0.0,4.0
59.800000000000004,0.0,0.0,4.0
59.900000000000006,0.0,0.0,4.0
60.0,0.0,0.0,4.0
60.1,0.0,0.0,4.0
60.2,0.0,0.0,4.0
60.300000000000004,0.0,0.0,4.0
60.400000000000006,0.0,0.0,4.0
60.5,0.0,0.0,4.0
60.6,0.0,0.0,4.0
60.7,0.0,0.0,4.0
60.800000000000004,0.0,0.0,4.0
60.900000000000006,0.0,0.0,4.0
61.0,0.0,0.0,4.0
61.1,0.0,0.0,4.0
61.2,0.0,0.0,4.0
61.300000000000004,0.0,0.0,4.0
61.400000000000006,0.0,0.0,4.0
61.5,0.0,0.0,4.0
61.6,0.0,0.0,4.0
61.7,0.0,0.0,4.0
61.800000000000004,0.0,0.0,4.0
61.900000000000006,0.0,0.0,4.0
62.0,0.0,0.0,4.0
62.1,0.0,0.0,4.0
62.2,0.0,0.0,4.0
62.300000000000004,0.0,0.0,4.0
62.400000000000006,0.0,0.0,4.0
62.5,0.0,0.0,4.0
62.6,0.0,0.0,4.0
62.7,0.0,0.0,4.0
62.800000000000004,0.0,0.0,4.0
62.900000000000006,0.0,0.0,4.0
63.0,0.0,0.0,4.0
63.1,0.0,0.0,4.0
63.2,0.0,0.0,4.0
63.300000000000004,0.0,0.0,4.0
63.400000000000006,0.0,0.0,4.0
63.5,0.0,0.0,4.0
63.6,0.0,0.0,4.0
63.7,0.0,0.0,4.0
63.800000000000004,0.0,0.0,4.0
63.900000000000006,0.0,0.0,4.0
64.0,0.0,0.0,4.0
64.10000000000001,0.0,0.0,4.0
64.2,0.0,0.0,4.0
64.3,0.0,0.0,4.0
64.4,0.0,0.0,4.0
64.5,0.0,0.0,4.0
64.60000000000001,0.0,0.0,4.0
64.7,0.0,0.0,4.0
64.8,0.0,0.0,4.0
64.9,0.0,0.0,4.0
65.0,0.0,0.0,4.0
65.10000000000001,0.0,0.0,4.0
65.2,0.0,0.0,4.0
65.3,0.0,0.0,4.0
65.4,0.0,0.0,4.0
65.5,0.0,0.0,4.0
65.60000000000001,0.0,0.0,4.0
65.7,0.0,0.0,4.0
65.8,0.0,0.0,4.0
65.9,0.0,0.0,4.0
66.0,0.0,0.0,4.0
66.10000000000001,0.0,0.0,4.0
66.2,0.0,0.0,4.0
66.3,0.0,0.0,4.0
66.4,0.0,0.0,4.0
66.5,0.0,0.0,4.0
66.60000000000001,0.0,0.0,4.0
66.7,0.0,0.0,4.0
66.8,0.0,0.0,4.0
66.9,0.0,0.0,4.0
67.0,0.0,0.0,4.0
67.10000000000001,0.0,0.0,4.0
67.2,0.0,0.0,4.0
67.3,0.0,0.0,4.0
67.4,0.0,0.0,4.0
67.5,0.0,0.0,4.0
67.60000000000001,0.0,0.0,4.0
67.7,0.0,0.0,4.0
67.8,0.0,0.0,4.0
67.9,0.0,0.0,4.0
68.0,0.0,0.0,4.0
68.10000000000001,0.0,0.0,4.0
68.2,0.0,0.0,4.0
68.3,0.0,0.0,4.0
68.4,0.0,0.0,4.0
68.5,0.0,0.0,4.0
68.60000000000001,0.0,0.0,4.0
68.7,0.0,0.0,4.0
68.8,0.0,0.0,4.0
68.9,0.0,0.0,4.0
69.0,0.0,0.0,4.0
69.10000000000001,0.0,0.0,4.0
69.2,0.0,0.0,4.0
69.3,0.0,0.0,4.0
69.4,0.0,0.0,4.0
69.5,0.0,0.0,4.0
69.60000000000001,0.0,0.0,4.0
69.7,0.0,0.0,4.0
69.8,0.0,0.0,4.0
69.9,0.0,0.0,4.0
70.0,0.0,0.0,4.0
70.1000506171267,0.00012512677055553922,0.002501268036297606,4.0
70.20010060830283,0.0005005062993674869,0.005002536072595212,4.0
70.30014934758185,0.0011261362379570983,0.007503804108892818,4.0
70.40019620902494,0.002002012672157605,0.010005072145190424,4.0
70.50024056670506,0.003128130122192374,0.01250634018148803,4.0
70.60028179471085,0.0045044815426891205,0.015007608217785635,4.0
70.70031926715052,0.006131058322729643,0.01750887625408324,4.0
70.80035235815578,0.00800785028589246,0.02001014429038085,4.0
70.90038044188574,0.010134845690345173,0.022511412326678453,4.0
71.00040289253086,0.012512031228865794,0.02501268036297606,4.0
71.10041908431681,0.015139392028999055,0.027513948399273666,4.0
71.20042839150845,0.018016911653063516,0.03001521643557127,4.0
71.3004301884137,0.02114457209833631,0.032516484471868876,4.0
71.40042384938747,0.024522353797109986,0.03501775250816648,4.0
71.50040874883553,0.028150235616841712,0.03751902054446409,4.0
71.60038426121854,0.032028194860274084,0.0400202885807617,4.0
71.70034976105585,0.03615620726557722,0.0425215566170593,4.0
71.80030462292942,0.04053424700651931,0.045022824653356906,4.0
71.90024822148783,0.04516228669258737,0.04752409268965451,4.0
72.00017993145008,0.050040297369207565,0.05002536072595212,4.0
72.10009912760954,0.055168248517887264,0.05252662876224973,4.0
72.20000518483793,0.06054610805642824,0.05502789679854733,4.0
72.29989747808914,0.0661738423391327,0.05752916483484494,4.0
72.39977538240312,0.07205141615698096,0.06003043287114254,4.0
72.49963827290993,0.07817879273788009,0.06253170090744015,4.0
72.59948552483351,0.0845559337468842,0.06503296894373775,4.0
72.69931651349565,0.09118279928645023,0.06753423698003536,4.0
72.79913061431989,0.09805934789665827,0.07003550501633296,4.0
72.89892720283541,0.10518553655549567,0.07253677305263057,4.0
72.998705654681,0.11256132067911295,0.07503804108892818,4.0
73.09846534560886,0.12018665412210083,0.07753930912522579,4.0
73.1982056514886,0.1280614891778029,0.0800405771615234,4.0
73.29792594831112,0.13618577657857855,0.082541845197821,4.0
73.39762561219244,0.14455946549612975,0.0850431132341186,4.0
73.49730401937776,0.15318250354183505,0.08754438127041621,4.0
73.5969605462452,0.16205483676705512,0.09004564930671381,4.0
73.69659456930978,0.17117640966344538,0.09254691734301142,4.0
73.79620546522735,0.18054716516338232,0.09504818537930902,4.0
73.89579261079841,0.19016704464023348,0.09754945341560663,4.0
73.99535538297205,0.20003598790877675,0.10005072145190425,4.0
74.09489315884989,0.21015393322557685,0.10255198948820185,4.0
74.19440531568988,0.22052081728931228,0.10505325752449945,4.0
74.2938912309103,0.23113657524128683,0.10755452556079706,4.0
74.39335028209358,0.24200114066569256,0.11005579359709466,4.0
74.49278184699021,0.2531144455901426,0.11255706163339227,4.0
74.5921853035227,0.2644764204860337,0.11505832966968987,4.0
74.69156002978934,0.27608699426902206,0.11755959770598748,4.0
74.7909054040682,0.2879460942994001,0.12006086574228508,4.0
74.89022080482101,0.30005364638265064,0.12256213377858269,4.0
74.989505610697,0.31240957476980924,0.1250634018148803,4.0
75.08875920053678,0.32501380215801134,0.1275646698511779,4.0
75.18798095337634,0.33786624969094703,0.1300659378874755,4.0
75.28717024845076,0.35096683695935127,0.1325672059237731,4.0
75.38632646519827,0.36431548200151553,0.1350684739600707,4.0
75.48544898326398,0.3779121013037994,0.13756974199636832,4.0
75.58453718250388,0.391756609801142,0.14007101003266592,4.0
75.68359044298865,0.4058489208776166,0.14257227806896353,4.0
75.78260814500754,0.420188946366963,0.14507354610526113,4.0
75.88158966907233,0.43477659655310674,0.14757481414155876,4.0
75.98053439592105,0.44961178017079106,0.15007608217785637,4.0
76.07944170652203,0.46469440440607457,0.15257735021415397,4.0
76.17831098207762,0.48002437489694927,0.15507861825045158,4.0
76.27714160402817,0.4956015957339446,0.15757988628674918,4.0
76.37593295405587,0.5114259694606815,0.1600811543230468,4.0
76.47468441408859,0.5274973970745265,0.1625824223593444,4.0
76.57339536630376,0.543815778027188,0.165083690395642,4.0
76.67206519313221,0.5603810102253419,0.1675849584319396,4.0
76.77069327726217,0.5771929900313069,0.1700862264682372,4.0
76.8692790016429,0.5942516122636263,0.1725874945045348,4.0
76.96782174948876,0.6115567701977938,0.17508876254083242,4.0
77.06632090428296,0.6291083555668777,0.17759003057713002,4.0
77.16477584978142,0.6469062585622254,0.18009129861342763,4.0
77.2631859700167,0.6649503678341304,0.18259256664972523,4.0
77.36155064930178,0.6832405704925293,0.18509383468602283,4.0
77.45986927223389,0.701776752107726,0.18759510272232044,4.0
77.55814122369847,0.7205587967111029,0.19009637075861804,4.0
77.65636588887291,0.7395865867958094,0.19259763879491565,4.0
77.75454265323046,0.7588600033175723,0.19509890683121325,4.0
77.85267090254405,0.7783789256953568,0.19760017486751089,4.0
77.95075002289012,0.7981432318121833,0.2001014429038085,4.0
78.0487794006525,0.8181527980158663,0.2026027109401061,4.0
78.14675842252623,0.838407499119775,0.2051039789764037,4.0
78.24468647552135,0.8589072084036502,0.2076052470127013,4.0
78.34256294696682,0.8796517976143718,0.2101065150489989,4.0
78.44038722451432,0.9006411369667688,0.21260778308529651,4.0
78.53815869614203,0.921875095144415,0.21510905112159412,4.0
78.63587675015854,0.9433535393004959,0.21761031915789172,4.0
78.73354077520663,0.9650763350585905,0.22011158719418933,4.0
78.83115016026707,0.9870433465135235,0.22261285523048693,4.0
78.92870429466252,1.009254436232247,0.22511412326678454,4.0
79.0262025680613,1.0317094652546572,0.22761539130308214,4.0
79.12364437048119,1.0544082930944967,0.23011665933937975,4.0
79.22102909229329,1.0773507777402074,0.23261792737567735,4.0
79.31835612422582,1.100536775655847,0.23511919541197496,4.0
79.4156248573679,1.1239661417819562,0.23762046344827256,4.0
79.51283468317344,1.1476387295364958,0.24012173148457017,4.0
79.60998499346485,1.1715543908157429,0.24262299952086777,4.0
79.70707518043689,1.1957129759952139,0.24512426755716538,4.0
79.80410463666048,1.2201143339306313,0.24762553559346298,4.0
79.90107275508652,1.244758311958833,0.2501268036297606,4.0
79.9979789290496,1.2696447558987671,0.2526280716660582,4.0
80.09482255227192,1.2947735100523872,0.2551293397023558,4.0
80.19160301886697,1.320144417205725,0.2576306077386534,4.0
80.28831972334339,1.3457573186297793,0.260131875774951,4.0
80.38497206060876,1.3716120540815808,0.26263314381124864,4.0
80.4815594259733,1.397708461805145,0.2651344118475462,4.0
80.57808121515379,1.424046378532509,0.26763567988384385,4.0
80.67453682427721,1.4506256394847625,0.2701369479201414,4.0
80.77092564988465,1.4774460783730348,0.27263821595643906,4.0
80.86724708893495,1.5045075273995892,0.27513948399273663,4.0
80.96350053880862,1.5318098172588392,0.27764075202903427,4.0
81.05968539731145,1.5593527771384146,0.28014202006533184,4.0
81.15580106267844,1.5871362347202407,0.2826432881016295,4.0
81.25184693357743,1.6151600161815978,0.28514455613792705,4.0
81.34782240911295,1.643423946196215,0.2876458241742247,4.0
81.44372688882991,1.671927847935379,0.29014709221052226,4.0
81.53955977271745,1.700671543069049,0.2926483602468199,4.0
81.63532046121259,1.7296548517669095,0.2951496282831175,4.0
81.73100835520405,1.758877592699605,0.29765089631941516,4.0
81.82662285603597,1.7883395830397433,0.30015216435571274,4.0
81.92216336551166,1.8180406384631524,0.30265343239201037,4.0
82.01762928589736,1.847980573149968,0.30515470042830795,4.0
82.11302001992594,1.8781591997858342,0.3076559684646056,4.0
82.20833497080069,1.90857632956304,0.31015723650090316,4.0
82.303573542199,1.939231772181735,0.3126585045372008,4.0
82.39873513827614,1.9701253358510726,0.31515977257349836,4.0
82.49381916366893,2.001256827290476,0.317661040609796,4.0
82.58882502349954,2.0326260517307873,0.3201623086460936,4.0
82.68375212337912,2.0642328129155203,0.3226635766823912,4.0
82.77859986941164,2.096076913102081,0.3251648447186888,4.0
82.87336766819746,2.128158153063005,0.3276661127549864,4.0
82.96805492683715,2.1604763320871783,0.330167380791284,4.0
83.06266105293518,2.1930312479811462,0.3326686488275816,4.0
83.15718545460359,2.2258226970703205,0.3351699168638792,4.0
83.25162754046573,2.258850474200308,0.33767118490017684,4.0
83.34598671965993,2.2921143727381548,0.3401724529364744,4.0
83.44026240184324,2.325614184573638,0.34267372097277204,4.0
83.53445399719504,2.359349700120603,0.3451749890090696,4.0
83.62856091642087,2.3933207083182424,0.34767625704536725,4.0
83.72258257075595,2.42752699663243,0.35017752508166483,4.0
83.816518371969,2.4619683510570454,0.35267879311796246,4.0
83.91036773236584,2.4966445561153137,0.35518006115426004,4.0
84.0041300647931,2.531555394861158,0.3576813291905577,4.0
84.0978047826419,2.5667006488805626,0.36018259722685525,4.0
84.19139129985147,2.6020800982929018,0.3626838652631529,4.0
84.28488903091291,2.637693521752375,0.36518513329945046,4.0
84.37829739087273,2.6735406964493578,0.3676864013357481,4.0
84.47161579533662,2.7096213981117643,0.37018766937204567,4.0
84.56484366047306,2.745935401006541,0.3726889374083433,4.0
84.65798040301695,2.7824824779409667,0.3751902054446409,4.0
84.75102544027331,2.819262400264172,0.3776914734809385,4.0
84.84397819012091,2.8562749378685055,0.3801927415172361,4.0
84.93683807101584,2.8935198591910094,0.3826940095535337,4.0
85.02960450199525,2.9309969312148354,0.3851952775898313,4.0
85.12227690268098,2.968705919470743,0.38769654562612893,4.0
85.21485469328309,3.006646588038528,0.3901978136624265,4.0
85.3073372946036,3.0448186995485287,0.39269908169872414,4.0
85.39972412804003,3.0832220151830967,0.39520034973502177,4.0
85.49201461558908,3.121856294678082,0.39770161777131935,4.0
85.58420817985022,3.1607212963243683,0.400202885807617,4.0
85.67630424402931,3.199816776969321,0.40270415384391456,4.0
85.76830223194219,3.239142492018402,0.4052054218802122,4.0
85.8602015680183,3.2786981954366183,0.40770668991650977,4.0
85.95200167730428,3.3184836397500987,0.4102079579528074,4.0
86.04370198546758,3.35849857604763,0.412709225989105,4.0
86.13530191880002,3.3987427539822264,0.4152104940254026,4.0
86.2268009042214,3.4392159217726928,0.4177117620617002,4.0
86.31819836928312,3.479917826205188,0.4202130300979978,4.0
86.40949374217169,3.5208482126348244,0.4227142981342954,4.0
86.50068645171231,3.562006824987229,0.42521556617059303,4.0
86.59177592737258,3.603393405760201,0.4277168342068906,4.0
86.68276159926586,3.6450076960252957,0.43021810224318824,4.0
86.773642898155,3.6868494354294015,0.4327193702794858,4.0
86.86441925545584,3.7289183621964455,0.43522063831578345,4.0
86.95509010324074,3.771214213128978,0.437721906352081,4.0
87.04565487424219,3.8137367236098356,0.44022317438837866,4.0
87.13611300185632,3.8564856276037958,0.44272444242467623,4.0
87.22646392014646,3.8994606576592545,0.44522571046097387,4.0
87.31670706384669,3.9426615449098605,0.44772697849727144,4.0
87.40684186836535,3.9860880190762487,0.4502282465335691,4.0
87.49686776978857,4.0297398084676885,0.45272951456986665,4.0
87.58678420488386,4.073616639983811,0.4552307826061643,4.0
87.67659061110353,4.117718239116314,0.45773205064246186,4.0
87.76628642658835,4.162044329950646,0.4602333186787595,4.0
87.85587109017091,4.206594635167789,0.4627345867150571,4.0
87.9453440413792,4.251368876045952,0.4652358547513547,4.0
88.03470472044019,4.296366772462328,0.4677371227876523,4.0
88.1239525682832,4.341588042894827,0.4702383908239499,4.0
88.21308702654349,4.3870324044239055,0.4727396588602475,4.0
88.3021075375657,4.432699572734222,0.4752409268965451,4.0
88.3910135444074,4.478589262116522,0.4777421949328427,4.0
88.4798044908425,4.524701185469382,0.48024346296914033,4.0
88.56847982136476,4.571035054300985,0.4827447310054379,4.0
88.65703898119133,4.617590578730976,0.48524599904173554,4.0
88.74548141626612,4.664367467492227,0.4877472670780331,4.0
88.8338065732633,4.711365427932691,0.49024853511433075,4.0
88.92201389959078,4.758584166017208,0.49274980315062833,4.0
89.0101028433937,4.806023386329379,0.49525107118692596,4.0
89.09807285355778,4.853682792073371,0.4977523392232236,4.0
89.18592337971286,4.901562085075817,0.5002536072595212,4.0
89.27365387223632,4.9496609657876505,0.5027548752958187,4.0
89.36126378225649,4.9979791332859875,0.5052561433321164,4.0
89.44875256165611,5.046516285276013,0.507757411368414,4.0
89.53611966307577,5.095272118092879,0.5102586794047116,4.0
89.6233645399173,5.144246326703588,0.5127599474410092,4.0
89.71048664634722,5.193438604708916,0.5152612154773069,4.0
89.79748543730014,5.242848644345308,0.5177624835136044,4.0
89.88436036848216,5.29247613648684,0.520263751549902,4.0
89.97111089637431,5.342320770647106,0.5227650195861996,4.0
90.05773647823594,5.39238223498122,0.5252662876224973,4.0
90.14423657210806,5.442660216287706,0.5277675556587949,4.0
90.23061063681679,5.493154400010489,0.5302688236950924,4.0
90.31685813197676,5.5438644702408695,0.53277009173139,4.0
90.40297851799444,5.594790109719469,0.5352713597676877,4.0
90.48897125607155,5.6459309998382565,0.5377726278039853,4.0
90.57483580820839,5.6972868206425105,0.5402738958402828,4.0
90.66057163720727,5.748857250832835,0.5427751638765804,4.0
90.74617820667581,5.800641967767149,0.5452764319128781,4.0
90.83165498103034,5.852640647462735,0.5477776999491757,4.0
90.91700142549921,5.9048529645982555,0.5502789679854733,4.0
91.00221700612619,5.9572785925157845,0.5527802360217708,4.0
91.08730118977374,6.009917203222834,0.5552815040580685,4.0
91.17225344412643,6.062768467394449,0.5577827720943661,4.0
91.25707323769416,6.115832054375204,0.5602840401306637,4.0
91.34176003981561,6.169107632181358,0.5627853081669613,4.0
91.42631332066149,6.222594867502863,0.565286576203259,4.0
91.51073255123784,6.276293425705461,0.5677878442395565,4.0
91.59501720338938,6.3302029708327865,0.5702891122758541,4.0
91.67916674980276,6.384323165608478,0.5727903803121517,4.0
91.76318066400998,6.4386536714382885,0.5752916483484494,4.0
91.8470584203915,6.493194148412172,0.577792916384747,4.0
91.93079949417974,6.547944255306433,0.5802941844210445,4.0
92.01440336146214,6.602903649585883,0.5827954524573421,4.0
92.09786949918465,6.65807198740594,0.5852967204936398,4.0
92.18119738515483,6.713448923614806,0.5877979885299374,4.0
92.26438649804521,6.769034111755616,0.590299256566235,4.0
92.34743631739656,6.824827204068626,0.5928005246025326,4.0
92.4303463236211,6.880827851493365,0.5953017926388303,4.0
92.51311599800573,6.937035703670809,0.5978030606751279,4.0
92.59574482271535,6.99345040894562,0.6003043287114255,4.0
92.6782322807961,7.050071614368292,0.602805596747723,4.0
92.76057785617849,7.106898965697411,0.6053068647840207,4.0
92.84278103368072,7.163932107401827,0.6078081328203183,4.0
92.92484129901189,7.221170682662887,0.6103094008566159,4.0
93.00675813877521,7.2786143333767015,0.6128106688929135,4.0
93.0885310404712,7.3362627001563325,0.6153119369292112,4.0
93.17015949250087,7.394115422334089,0.6178132049655087,4.0
93.25164298416902,7.452172137963757,0.6203144730018063,4.0
93.33298100568736,7.510432483822861,0.6228157410381039,4.0
93.41417304817767,7.5688960954149636,0.6253170090744016,4.0
93.49521860367503,7.627562606971921,0.6278182771106992,4.0
93.57611716513104,7.686431651456175,0.6303195451469967,4.0
93.65686822641689,7.745502860563043,0.6328208131832943,4.0
93.73747128232662,7.804775864723055,0.635322081219592,4.0
93.81792582858021,7.864250293104227,0.6378233492558896,4.0
93.89823136182679,7.923925773614407,0.6403246172921871,4.0
93.97838737964777,7.983801932903582,0.6428258853284847,4.0
94.05839338055996,8.043878396366232,0.6453271533647824,4.0
94.13824886401872,8.104154788143664,0.64782842140108,4.0
94.21795333042112,8.164630731126362,0.6503296894373776,4.0
94.29750628110905,8.225305846956353,0.6528309574736751,4.0
94.37690721837231,8.286179756029583,0.6553322255099728,4.0
94.45615564545176,8.347252077498261,0.6578334935462704,4.0
94.5352510665424,8.408522429273269,0.660334761582568,4.0
94.61419298679651,8.469990428026545,0.6628360296188656,4.0
94.6929809123267,8.531655689193485,0.6653372976551633,4.0
94.77161435020906,8.593517826975337,0.6678385656914608,4.0
94.85009280848618,8.655576454341617,0.6703398337277584,4.0
94.92841579617024,8.717831183032555,0.672841101764056,4.0
95.00658282324612,8.78028162356149,0.6753423698003537,4.0
95.08459340067444,8.842927385217326,0.6778436378366512,4.0
95.16244704039461,8.905768076066963,0.6803449058729488,4.0
95.24014325532792,8.968803302957774,0.6828461739092464,4.0
95.31768155938055,9.032032671520042,0.6853474419455441,4.0
95.3950614674466,9.09545578616942,0.6878487099818417,4.0
95.47228249541118,9.159072250109443,0.6903499780181392,4.0
95.5493441601534,9.22288166533398,0.6928512460544369,4.0
95.6262459795494,9.286883632629717,0.6953525140907345,4.0
95.70298747247534,9.351077751578686,0.6978537821270321,4.0
95.77956815881052,9.415463620560747,0.7003550501633297,4.0
95.85598755944018,9.48004083675611,0.7028563181996274,4.0
95.9322451962587,9.544808996147843,0.7053575862359249,4.0
96.0083405921725,9.609767693524418,0.7078588542722225,4.0
96.08427327110302,9.674916522482235,0.7103601223085201,4.0
96.1600427579897,9.740255075428166,0.7128613903448178,4.0
96.23564857879299,9.805782943582102,0.7153626583811153,4.0
96.31109026049728,9.871499716979521,0.7178639264174129,4.0
96.38636733111387,9.937404984474036,0.7203651944537105,4.0
96.46147931968393,10.003498333739987,0.7228664624900082,4.0
96.53642575628142,10.06977935127501,0.7253677305263058,4.0
96.61120617201607,10.136247622402607,0.7278689985626033,4.0
96.68582009903628,10.20290273127479,0.7303702665989009,4.0
96.76026707053205,10.269744260874624,0.7328715346351986,4.0
96.83454662073797,10.336771793018869,0.7353728026714962,4.0
96.90865828493597,10.403984908360606,0.7378740707077938,4.0
96.98260159945842,10.471383186391815,0.7403753387440913,4.0
97.05637610169092,10.538966205446066,0.742876606780389,4.0
97.12998133007518,10.606733542701111,0.7453778748166866,4.0
97.203416824112,10.674684774181543,0.7478791428529842,4.0
97.27668212436407,10.74281947476145,0.7503804108892818,4.0
97.34977677245885,10.811137218167097,0.7528816789255794,4.0
97.42270031109149,10.879637576979533,0.755382946961877,4.0
97.49545228402765,10.948320122637337,0.7578842149981746,4.0
97.56803223610635,11.017184425439247,0.7603854830344722,4.0
97.64043971324284,11.086230054546881,0.7628867510707699,4.0
97.71267426243142,11.155456577987394,0.7653880191070674,4.0
97.78473543174833,11.224863562656232,0.767889287143365,4.0
97.85662277035446,11.294450574319796,0.7703905551796626,4.0
97.92833582849832,11.364217177618194,0.7728918232159603,4.0
97.99987415751872,11.434162936067928,0.7753930912522579,4.0
98.07123730984766,11.504287412064652,0.7778943592885554,4.0
98.1424248390131,11.574590166885919,0.780395627324853,4.0
98.21343629964176,11.64507076069389,0.7828968953611507,4.0
98.2842712474619,11.715728752538098,0.7853981633974483,4.0
98.35492923930612,11.786563700358244,0.787899431433746,4.0
98.42540983311409,11.857575160986904,0.7904006994700435,4.0
98.49571258793534,11.928762690152347,0.7929019675063412,4.0
98.56583706393208,12.000125842481282,0.7954032355426387,4.0
98.63578282238181,12.07166417150168,0.7979045035789364,4.0
98.7055494256802,12.143377229645537,0.800405771615234,4.0
98.77513643734378,12.215264568251676,0.8029070396515317,4.0
98.8445434220126,12.287325737568576,0.8054083076878291,4.0
98.91376994545313,12.359560286757166,0.8079095757241268,4.0
98.98281557456076,12.431967763893653,0.8104108437604244,4.0
99.05167987736266,12.504547715972354,0.8129121117967221,4.0
99.12036242302047,12.577299688908504,0.8154133798330195,4.0
99.18886278183291,12.65022322754115,0.8179146478693172,4.0
99.25718052523855,12.723317875635935,0.8204159159056148,4.0
99.32531522581846,12.796583175888003,0.8229171839419125,4.0
99.39326645729889,12.870018669924818,0.82541845197821,4.0
99.46103379455394,12.943623898309088,0.8279197200145076,4.0
99.52861681360818,13.01739840054158,0.8304209880508052,4.0
99.5960150916394,13.09134171506404,0.8329222560871029,4.0
99.66322820698113,13.16545337926204,0.8354235241234004,4.0
99.73025573912538,13.239732929467944,0.8379247921596981,4.0
99.79709726872521,13.314179900963726,0.8404260601959956,4.0
99.8637523775974,13.388793827983939,0.8429273282322933,4.0
99.930220648725,13.463574243718579,0.8454285962685908,4.0
99.99650166626002,13.538520680316072,0.8479298643048885,4.0
100.06259501552597,13.61363266888613,0.8504311323411861,4.0
100.12850028302049,13.688909739502726,0.8529324003774837,4.0
100.1942170564179,13.764351421207014,0.8554336684137812,4.0
100.25974492457183,13.839957242010307,0.8579349364500789,4.0
100.32508347751777,13.915726728896992,0.8604362044863765,4.0
100.39023230647558,13.991659407827505,0.8629374725226742,4.0
100.45519100385215,14.067754803741298,0.8654387405589716,4.0
100.5199591632439,14.144012440559827,0.8679400085952693,4.0
100.58453637943926,14.220431841189487,0.8704412766315669,4.0
100.64892224842131,14.297012527524654,0.8729425446678646,4.0
100.71311636737029,14.373754020450605,0.875443812704162,4.0
100.77711833466603,14.450655839846604,0.8779450807404597,4.0
100.84092774989055,14.527717504588825,0.8804463487767573,4.0
100.90454421383058,14.604938532553412,0.882947616813055,4.0
100.96796732847997,14.682318440619454,0.8854488848493525,4.0
101.03119669704222,14.759856744672078,0.8879501528856502,4.0
101.09423192393304,14.83755295960539,0.8904514209219477,4.0
101.15707261478268,14.915406599325571,0.8929526889582454,4.0
101.21971837643851,14.993417176753887,0.8954539569945429,4.0
101.28216881696744,15.071584203829769,0.8979552250308406,4.0
101.34442354565839,15.149907191513826,0.9004564930671382,4.0
101.40648217302467,15.228385649790933,0.9029577611034358,4.0
101.46834431080651,15.30701908767329,0.9054590291397333,4.0
101.53000957197345,15.385807013203493,0.907960297176031,4.0
101.59147757072674,15.464748933457603,0.9104615652123286,4.0
101.65274792250175,15.543844354548249,0.9129628332486263,4.0
101.71382024397042,15.623092781627687,0.9154641012849237,4.0
101.77469415304364,15.702493718890945,0.9179653693212214,4.0
101.83536926887365,15.782046669578875,0.920466637357519,4.0
101.89584521185634,15.861751135981287,0.9229679053938167,4.0
101.95612160363376,15.941606619440044,0.9254691734301141,4.0
102.01619806709643,16.02161262035223,0.9279704414664118,4.0
102.0760742263856,16.101768638173205,0.9304717095027094,4.0
102.13574970689578,16.182074171419796,0.9329729775390071,4.0
102.19522413527694,16.262528717673383,0.9354742455753046,4.0
102.25449713943696,16.343131773583114,0.9379755136116023,4.0
102.31356834854384,16.423882834868966,0.9404767816478998,4.0
102.37243739302808,16.504781396324972,0.9429780496841975,4.0
102.43110390458503,16.585826951822334,0.945479317720495,4.0
102.48956751617715,16.667018994312638,0.9479805857567927,4.0
102.54782786203626,16.74835701583097,0.9504818537930902,4.0
102.60588457766592,16.829840507499135,0.9529831218293879,4.0
102.66373729984366,16.911468959528815,0.9554843898656854,4.0
102.7213856666233,16.993241861224796,0.9579856579019831,4.0
102.77882931733711,17.075158700988112,0.9604869259382807,4.0
102.83606789259818,17.15721896631929,0.9629881939745784,4.0
102.89310103430259,17.23942214382152,0.9654894620108758,4.0
102.94992838563171,17.321767719203905,0.9679907300471735,4.0
103.00654959105438,17.404255177284647,0.9704919980834711,4.0
103.0629642963292,17.486884001994287,0.9729932661197688,4.0
103.11917214850664,17.56965367637891,0.9754945341560662,4.0
103.17517279593137,17.65256368260344,0.977995802192364,4.0
103.23096588824438,17.73561350195478,0.9804970702286615,4.0
103.2865510763852,17.818802614845172,0.9829983382649592,4.0
103.34192801259405,17.90213050081534,0.9854996063012567,4.0
103.39709635041412,17.98559663853785,0.9880008743375545,4.0
103.45205574469357,18.06920050582026,0.9905021423738519,4.0
103.50680585158783,18.15294157960849,0.9930034104101496,4.0
103.56134632856171,18.23681933599003,0.9955046784464472,4.0
103.61567683439152,18.320833250197243,0.9980059464827449,4.0
103.66979702916721,18.404982796610632,1.0005072145190423,4.0
103.72370657429454,18.489267448762163,1.00300848255534,4.0
103.77740513249714,18.5736866793385,1.0055097505916375,4.0
103.83089236781863,18.658239960184382,1.0080110186279352,4.0
103.8841679456248,18.742926762305846,1.0105122866642329,4.0
103.93723153260557,18.827746555873585,1.0130135547005306,4.0
103.99008279677716,18.912698810226264,1.015514822736828,4.0
104.04272140748421,18.99778299387382,1.0180160907731257,4.0
104.09514703540174,19.082998574500788,1.0205173588094232,4.0
104.14735935253726,19.168345018969667,1.0230186268457209,4.0
104.19935803223285,19.253821793324192,1.0255198948820183,4.0
104.25114274916717,19.339428362792734,1.028021162918316,4.0
104.30271317935748,19.425164191791616,1.0305224309546137,4.0
104.35406900016174,19.511028743928456,1.0330236989909114,4.0
104.40520989028053,19.59702148200556,1.0355249670272089,4.0
104.45613552975914,19.68314186802324,1.0380262350635066,4.0
104.5068455999895,19.769389363183212,1.040527503099804,4.0
104.5573397837123,19.855763427891947,1.0430287711361017,4.0
104.60761776501877,19.942263521764055,1.0455300391723992,4.0
104.6576792293529,20.028889103625676,1.0480313072086969,4.0
104.70752386351316,20.115639631517837,1.0505325752449945,4.0
104.7571513556547,20.202514562699864,1.0530338432812922,4.0
104.80656139529108,20.289513353652776,1.0555351113175897,4.0
104.85575367329642,20.3766354600827,1.0580363793538874,4.0
104.90472788190712,20.463880336924227,1.0605376473901849,4.0
104.95348371472399,20.55124743834389,1.0630389154264825,4.0
105.00202086671402,20.638736217743507,1.06554018346278,4.0
105.05033903421236,20.72634612776368,1.0680414514990777,4.0
105.09843791492418,20.81407662028714,1.0705427195353754,4.0
105.14631720792663,20.901927146442226,1.073043987571673,4.0
105.19397661367063,20.9898971566063,1.0755452556079705,4.0
105.2414158339828,21.077986100409216,1.0780465236442682,4.0
105.28863457206731,21.166193426736704,1.0805477916805657,4.0
105.33563253250777,21.254518583733887,1.0830490597168634,4.0
105.38240942126902,21.342961018808662,1.0855503277531608,4.0
105.42896494569902,21.431520178635235,1.0880515957894585,4.0
105.47529881453062,21.52019550915751,1.0905528638257562,4.0
105.52141073788349,21.608986455592607,1.093054131862054,4.0
105.56730042726579,21.697892462434293,1.0955553998983514,4.0
105.6129675955761,21.786912973456513,1.098056667934649,4.0
105.65841195710516,21.876047431716795,1.1005579359709465,4.0
105.70363322753767,21.965295279559808,1.1030592040072442,4.0
105.74863112395404,22.054655958620792,1.1055604720435417,4.0
105.79340536483221,22.144128909829096,1.1080617400798394,4.0
105.83795567004935,22.233713573411652,1.110563008116137,4.0
105.8822817608837,22.323409388896465,1.1130642761524348,4.0
105.92638336001619,22.413215795116148,1.1155655441887322,4.0
105.97026019153232,22.50313223021144,1.11806681222503,4.0
106.01391198092375,22.59315813163466,1.1205680802613274,4.0
106.05733845509013,22.68329293615331,1.123069348297625,4.0
106.10053934234074,22.773536079853535,1.1255706163339225,4.0
106.1435143723962,22.863886998143677,1.1280718843702202,4.0
106.18626327639016,22.95434512575781,1.130573152406518,4.0
106.22878578687101,23.04490989675926,1.1330744204428156,4.0
106.27108163780355,23.135580744544157,1.135575688479113,4.0
106.3131505645706,23.226357101844993,1.1380769565154107,4.0
106.35499230397471,23.31723840073413,1.1405782245517082,4.0
106.3966065942398,23.408224072627416,1.143079492588006,4.0
106.43799317501276,23.499313548287674,1.1455807606243034,4.0
106.47915178736518,23.590506257828313,1.148082028660601,4.0
106.5200821737948,23.681801630716876,1.1505832966968987,4.0
106.5607840782273,23.773199095778594,1.1530845647331964,4.0
106.60125724601778,23.86469808119998,1.155585832769494,4.0
106.64150142395238,23.956298014532422,1.1580871008057916,4.0
106.6815163602499,24.04799832269571,1.160588368842089,4.0
106.72130180456338,24.139798431981703,1.1630896368783867,4.0
106.7608575079816,24.231697768057803,1.1655909049146842,4.0
106.80018322303067,24.323695755970682,1.1680921729509819,4.0
106.83927870367563,24.415791820149774,1.1705934409872796,4.0
106.87814370532192,24.507985384410922,1.1730947090235773,4.0
106.9167779848169,24.600275871959973,1.1755959770598747,4.0
106.95518130045147,24.69266270539641,1.1780972450961724,4.0
106.99335341196146,24.785145306716917,1.18059851313247,4.0
107.03129408052926,24.87772309731902,1.1830997811687676,4.0
107.06900306878516,24.97039549800475,1.1856010492050653,4.0
107.106480140809,25.063161928984176,1.188102317241363,4.0
107.1437250621315,25.156021809879107,1.1906035852776606,4.0
107.18073759973583,25.248974559726683,1.193104853313958,4.0
107.21751752205904,25.34201959698305,1.1956061213502558,4.0
107.25406459899347,25.43515633952694,1.1981073893865533,4.0
107.29037860188824,25.528384204663382,1.200608657422851,4.0
107.32645930355065,25.621702609127272,1.2031099254591484,4.0
107.36230647824763,25.7151109690871,1.205611193495446,4.0
107.3979199017071,25.80860870014853,1.2081124615317438,4.0
107.43329935111944,25.902195217358113,1.2106137295680415,4.0
107.46844460513884,25.9958699352069,1.213114997604339,4.0
107.50335544388469,26.08963226763417,1.2156162656406366,4.0
107.53803164894296,26.183481628031004,1.218117533676934,4.0
107.57247300336758,26.277417429244053,1.2206188017132318,4.0
107.60667929168176,26.371439083579133,1.2231200697495292,4.0
107.64065029987941,26.465546002804956,1.225621337785827,4.0
107.67438581542636,26.559737598156772,1.2281226058221246,4.0
107.70788562726185,26.654013280340077,1.2306238738584223,4.0
107.7411495257997,26.748372459534274,1.2331251418947198,4.0
107.77417730292967,26.84281454539641,1.2356264099310175,4.0
107.80696875201886,26.937338947064816,1.238127677967315,4.0
107.83952366791283,27.03194507316285,1.2406289460036126,4.0
107.871841846937,27.12663233180254,1.24313021403991,4.0
107.90392308689792,27.22140013058836,1.2456314820762078,4.0
107.93576718708448,27.316247876620874,1.2481327501125055,4.0
107.96737394826921,27.41117497650047,1.2506340181488032,4.0
107.99874317270954,27.50618083633107,1.2531352861851006,4.0
108.02987466414893,27.60126486172387,1.2556365542213983,4.0
108.06076822781827,27.696426457800996,1.2581378222576958,4.0
108.09142367043697,27.791665029199315,1.2606390902939935,4.0
108.12184080021416,27.88697998007406,1.263140358330291,4.0
108.15201942685003,27.982370714102643,1.2656416263665886,4.0
108.18195936153685,28.077836634488342,1.2681428944028863,4.0
108.21166041696026,28.17337714396404,1.270644162439184,4.0
108.2411224073004,28.268991644795953,1.2731454304754815,4.0
108.27034514823309,28.364679538787414,1.2756466985117791,4.0
108.29932845693095,28.460440227282547,1.2781479665480766,4.0
108.32807215206462,28.55627311117009,1.2806492345843743,4.0
108.35657605380379,28.652177590887057,1.2831505026206718,4.0
108.38483998381841,28.748153066422574,1.2856517706569695,4.0
108.41286376527975,28.84419893732157,1.2881530386932671,4.0
108.44064722286159,28.940314602688556,1.2906543067295648,4.0
108.46819018274115,29.03649946119139,1.2931555747658623,4.0
108.4954924726004,29.13275291106505,1.29565684280216,4.0
108.52255392162697,29.229074350115354,1.2981581108384574,4.0
108.54937436051523,29.32546317572279,1.3006593788747551,4.0
108.57595362146749,29.421918784846213,1.3031606469110526,4.0
108.60229153819486,29.518440574026698,1.3056619149473503,4.0
108.62838794591842,29.615027939391247,1.308163182983648,4.0
108.65424268137022,29.711680276656608,1.3106644510199457,4.0
108.67985558279429,29.808396981133036,1.3131657190562431,4.0
108.70522648994762,29.90517744772809,1.3156669870925408,4.0
108.73035524410123,30.0020210709504,1.3181682551288383,4.0
108.75524168804117,30.09892724491349,1.320669523165136,4.0
108.77988566606936,30.195895363339517,1.3231707912014334,4.0
108.8042870240048,30.292924819563115,1.3256720592377311,4.0
108.82844560918426,30.390015006535158,1.3281733272740288,4.0
108.8523612704635,30.487165316826562,1.3306745953103265,4.0
108.87603385821805,30.584375142632098,1.333175863346624,4.0
108.89946322434416,30.681643875774192,1.3356771313829217,4.0
108.92264922225979,30.778970907706714,1.3381783994192191,4.0
108.9455917069055,30.87635562951882,1.3406796674555168,4.0
108.96829053474534,30.973797431938703,1.3431809354918143,4.0
108.99074556376776,31.07129570533748,1.345682203528112,4.0
109.01295665348647,31.168849839732935,1.3481834715644097,4.0
109.03492366494142,31.266459224793383,1.3506847396007073,4.0
109.05664646069951,31.364123249841455,1.3531860076370048,4.0
109.07812490485558,31.461841303857966,1.3556872756733025,4.0
109.09935886303323,31.559612775485675,1.3581885437096,4.0
109.12034820238563,31.657437053033178,1.3606898117458976,4.0
109.14109279159635,31.75531352447865,1.3631910797821951,4.0
109.16159250088023,31.853241577473774,1.3656923478184928,4.0
109.18184720198414,31.9512205993475,1.3681936158547905,4.0
109.20185676818781,32.04924997710988,1.3706948838910882,4.0
109.22162107430464,32.14732909745595,1.3731961519273856,4.0
109.24113999668242,32.24545734676954,1.3756974199636833,4.0
109.26041341320419,32.34363411112709,1.3781986879999808,4.0
109.2794412032889,32.44185877630153,1.3806999560362785,4.0
109.29822324789228,32.54013072776611,1.3832012240725762,4.0
109.31675942950747,32.63844935069823,1.3857024921088739,4.0
109.33504963216586,32.73681402998329,1.3882037601451713,4.0
109.35309374143777,32.83522415021858,1.390705028181469,4.0
109.37089164443313,32.933679095717046,1.3932062962177665,4.0
109.3884432298022,33.032178250511244,1.3957075642540642,4.0
109.40574838773637,33.1307209983571,1.3982088322903616,4.0
109.4228070099687,33.22930672273784,1.4007101003266593,4.0
109.43961898977466,33.32793480686779,1.403211368362957,4.0
109.45618422197282,33.42660463369626,1.4057126363992547,4.0
109.47250260292547,33.525315585911414,1.4082139044355522,4.0
109.48857403053933,33.62406704594413,1.4107151724718499,4.0
109.50439840426606,33.722858395971826,1.4132164405081473,4.0
109.51997562510306,33.82168901792239,1.415717708544445,4.0
109.53530559559393,33.920558293477974,1.4182189765807425,4.0
109.55038821982922,34.019465604078945,1.4207202446170402,4.0
109.5652234034469,34.118410330927674,1.4232215126533379,4.0
109.57981105363305,34.21739185499246,1.4257227806896355,4.0
109.59415107912238,34.316409557011355,1.428224048725933,4.0
109.60824339019885,34.41546281749612,1.4307253167622307,4.0
109.62208789869621,34.51455101673602,1.4332265847985282,4.0
109.63568451799848,34.61367353480174,1.4357278528348258,4.0
109.64903316304066,34.712829751549236,1.4382291208711233,4.0
109.66213375030905,34.81201904662367,1.440730388907421,4.0
109.67498619784199,34.911240799463215,1.4432316569437187,4.0
109.68759042523018,35.01049438930301,1.4457329249800164,4.0
109.69994635361735,35.10977919517899,1.4482341930163138,4.0
109.7120539057006,35.2090945959318,1.4507354610526115,4.0
109.72391300573099,35.308439970210664,1.453236729088909,4.0
109.73552357951397,35.4078146964773,1.4557379971252067,4.0
109.74688555440986,35.507218153009774,1.4582392651615042,4.0
109.75799885933431,35.60664971790642,1.4607405331978018,4.0
109.7688634247587,35.7061087690897,1.4632418012340995,4.0
109.77947918271069,35.80559468431013,1.4657430692703972,4.0
109.78984606677443,35.90510684115012,1.4682443373066947,4.0
109.79996401209122,36.00464461702796,1.4707456053429924,4.0
109.80983295535977,36.1042073892016,1.4732468733792898,4.0
109.81945283483662,36.203794534772655,1.4757481414155875,4.0
109.82882359033655,36.30340543069021,1.478249409451885,4.0
109.83794516323294,36.4030394537548,1.4807506774881827,4.0
109.84681749645816,36.50269598062224,1.4832519455244804,4.0
109.85544053450387,36.60237438780756,1.485753213560778,4.0
109.86381422342143,36.70207405168889,1.4882544815970755,4.0
109.87193851082219,36.8017943485114,1.4907557496333732,4.0
109.87981334587789,36.90153465439114,1.4932570176696707,4.0
109.8874386793209,37.001294345319,1.4957582857059684,4.0
109.8948144634445,37.10107279716458,1.4982595537422658,4.0
109.90194065210335,37.200869385680114,1.5007608217785635,4.0
109.90881720071354,37.300683486504354,1.5032620898148612,4.0
109.91544406625312,37.400514475166496,1.505763357851159,4.0
109.92182120726213,37.500361727090066,1.5082646258874564,4.0
109.92794858384302,37.60022461759688,1.510765893923754,4.0
109.93382615766086,37.700102521910864,1.5132671619600515,4.0
109.93945389194357,37.799994815162066,1.5157684299963492,4.0
109.94483175148211,37.899900872390454,1.5182696980326467,4.0
109.94995970263079,37.99982006854993,1.5207709660689444,4.0
109.95483771330741,38.09975177851218,1.523272234105242,4.0
109.95946575299348,38.19969537707058,1.5257735021415397,4.0
109.96384379273442,38.29965023894416,1.5282747701778372,4.0
109.96797180513973,38.39961573878146,1.5307760382141349,4.0
109.97184976438317,38.49959125116447,1.5332773062504323,4.0
109.97547764620289,38.59957615061254,1.53577857428673,4.0
109.97885542790166,38.699569811586294,1.5382798423230275,4.0
109.98198308834694,38.79957160849155,1.5407811103593252,4.0
109.984860607971,38.89958091568319,1.5432823783956229,4.0
109.98748796877113,38.99959710746915,1.5457836464319206,4.0
109.98986515430965,39.09961955811426,1.548284914468218,4.0
109.99199214971411,39.19964764184423,1.5507861825045157,4.0
109.99386894167728,39.29968073284948,1.5532874505408132,4.0
109.99549551845732,39.399718205289155,1.5557887185771109,4.0
109.99687186987781,39.49975943329494,1.5582899866134083,4.0
109.99799798732784,39.599803790975066,1.560791254649706,4.0
109.99887386376204,39.69985065241815,1.5632925226860037,4.0
109.99949949370063,39.79989939169716,1.5657937907223014,4.0
109.99987487322944,39.89994938287331,1.5682950587585989,4.0
110.0,40.0,1.5707963267948966,4.0
109.99987487322944,40.10005061712669,1.5732975948311942,4.0
109.99949949370063,40.20010060830285,1.575798862867492,4.0
109.99887386376204,40.30014934758184,1.5783001309037892,4.0
109.99799798732784,40.400196209024934,1.580801398940087,4.0
109.99687186987781,40.50024056670506,1.5833026669763848,4.0
109.99549551845732,40.60028179471085,1.5858039350126825,4.0
109.99386894167728,40.70031926715051,1.5883052030489797,4.0
109.99199214971411,40.80035235815577,1.5908064710852774,4.0
109.98986515430965,40.90038044188574,1.593307739121575,4.0
109.98748796877113,41.00040289253086,1.5958090071578728,4.0
109.984860607971,41.10041908431681,1.5983102751941702,4.0
109.98198308834694,41.20042839150845,1.600811543230468,4.0
109.97885542790166,41.300430188413706,1.6033128112667656,4.0
109.97547764620289,41.400423849387465,1.6058140793030633,4.0
109.97184976438317,41.500408748835525,1.6083153473393605,4.0
109.96797180513973,41.60038426121854,1.6108166153756582,4.0
109.96384379273442,41.70034976105584,1.613317883411956,4.0
109.95946575299348,41.800304622929424,1.6158191514482536,4.0
109.95483771330741,41.90024822148782,1.618320419484551,4.0
109.94995970263079,42.00017993145007,1.6208216875208488,4.0
109.94483175148211,42.100099127609546,1.6233229555571465,4.0
109.93945389194357,42.20000518483795,1.6258242235934441,4.0
109.93382615766086,42.29989747808912,1.6283254916297414,4.0
109.92794858384302,42.39977538240312,1.630826759666039,4.0
109.92182120726213,42.499638272909934,1.6333280277023368,4.0
109.91544406625312,42.59948552483352,1.6358292957386344,4.0
109.90881720071354,42.699316513495646,1.638330563774932,4.0
109.90194065210335,42.799130614319886,1.6408318318112296,4.0
109.8948144634445,42.89892720283542,1.6433330998475273,4.0
109.8874386793209,42.998705654681004,1.645834367883825,4.0
109.87981334587789,43.09846534560885,1.6483356359201222,4.0
109.87193851082219,43.1982056514886,1.65083690395642,4.0
109.86381422342143,43.29792594831111,1.6533381719927176,4.0
109.85544053450387,43.39762561219245,1.6558394400290153,4.0
109.84681749645816,43.49730401937776,1.6583407080653128,4.0
109.83794516323294,43.5969605462452,1.6608419761016104,4.0
109.82882359033655,43.69659456930979,1.6633432441379081,4.0
109.81945283483662,43.79620546522736,1.6658445121742058,4.0
109.80983295535977,43.895792610798395,1.668345780210503,4.0
109.79996401209122,43.99535538297204,1.6708470482468007,4.0
109.78984606677443,44.09489315884988,1.6733483162830984,4.0
109.77947918271067,44.19440531568988,1.6758495843193961,4.0
109.7688634247587,44.2938912309103,1.6783508523556936,4.0
109.75799885933431,44.39335028209358,1.6808521203919913,4.0
109.74688555440986,44.492781846990226,1.683353388428289,4.0
109.73552357951397,44.592185303522704,1.6858546564645867,4.0
109.72391300573099,44.69156002978933,1.688355924500884,4.0
109.7120539057006,44.7909054040682,1.6908571925371816,4.0
109.69994635361735,44.89022080482101,1.6933584605734793,4.0
109.68759042523018,44.989505610696995,1.695859728609777,4.0
109.67498619784199,45.088759200536785,1.6983609966460744,4.0
109.66213375030905,45.18798095337633,1.7008622646823721,4.0
109.64903316304066,45.287170248450764,1.7033635327186698,4.0
109.63568451799848,45.386326465198266,1.7058648007549675,4.0
109.62208789869621,45.48544898326397,1.7083660687912647,4.0
109.60824339019885,45.58453718250388,1.7108673368275624,4.0
109.59415107912238,45.683590442988645,1.7133686048638601,4.0
109.57981105363304,45.78260814500755,1.7158698729001578,4.0
109.5652234034469,45.881589669072326,1.7183711409364553,4.0
109.55038821982922,45.980534395921055,1.720872408972753,4.0
109.53530559559393,46.079441706522026,1.7233736770090506,4.0
109.51997562510306,46.17831098207762,1.7258749450453483,4.0
109.50439840426606,46.27714160402817,1.7283762130816456,4.0
109.48857403053933,46.37593295405587,1.7308774811179433,4.0
109.47250260292547,46.474684414088586,1.733378749154241,4.0
109.45618422197282,46.57339536630375,1.7358800171905386,4.0
109.43961898977466,46.67206519313221,1.738381285226836,4.0
109.4228070099687,46.77069327726216,1.7408825532631338,4.0
109.40574838773637,46.8692790016429,1.7433838212994315,4.0
109.3884432298022,46.96782174948876,1.7458850893357292,4.0
109.37089164443313,47.06632090428295,1.7483863573720264,4.0
109.35309374143777,47.16477584978142,1.750887625408324,4.0
109.33504963216586,47.26318597001671,1.7533888934446218,4.0
109.31675942950747,47.361550649301776,1.7558901614809195,4.0
109.29822324789228,47.45986927223389,1.758391429517217,4.0
109.2794412032889,47.55814122369847,1.7608926975535146,4.0
109.26041341320419,47.65636588887291,1.7633939655898123,4.0
109.24113999668242,47.754542653230466,1.76589523362611,4.0
109.22162107430464,47.85267090254404,1.7683965016624072,4.0
109.20185676818781,47.95075002289012,1.770897769698705,4.0
109.18184720198414,48.0487794006525,1.7733990377350026,4.0
109.16159250088023,48.146758422526226,1.7759003057713003,4.0
109.14109279159635,48.24468647552134,1.7784015738075978,4.0
109.12034820238563,48.34256294696682,1.7809028418438955,4.0
109.09935886303323,48.440387224514325,1.7834041098801932,4.0
109.07812490485558,48.53815869614204,1.7859053779164908,4.0
109.05664646069951,48.63587675015854,1.788406645952788,4.0
109.03492366494142,48.73354077520662,1.7909079139890858,4.0
109.01295665348647,48.831150160267065,1.7934091820253835,4.0
108.99074556376776,48.92870429466252,1.7959104500616812,4.0
108.96829053474535,49.02620256806129,1.7984117180979786,4.0
108.9455917069055,49.12364437048118,1.8009129861342763,4.0
108.92264922225979,49.221029092293286,1.803414254170574,4.0
108.89946322434415,49.318356124225815,1.8059155222068717,4.0
108.87603385821805,49.415624857367895,1.808416790243169,4.0
108.8523612704635,49.51283468317344,1.8109180582794666,4.0
108.82844560918426,49.60998499346484,1.8134193263157643,4.0
108.8042870240048,49.70707518043689,1.815920594352062,4.0
108.77988566606936,49.804104636660476,1.8184218623883595,4.0
108.75524168804117,49.90107275508651,1.8209231304246571,4.0
108.73035524410123,49.9979789290496,1.8234243984609548,4.0
108.70522648994762,50.09482255227192,1.8259256664972525,4.0
108.67985558279429,50.19160301886696,1.8284269345335498,4.0
108.65424268137022,50.28831972334339,1.8309282025698475,4.0
108.62838794591842,50.38497206060875,1.8334294706061451,4.0
108.60229153819486,50.4815594259733,1.8359307386424428,4.0
108.57595362146749,50.57808121515378,1.8384320066787403,4.0
108.54937436051523,50.67453682427721,1.840933274715038,4.0
108.52255392162697,50.770925649884646,1.8434345427513357,4.0
108.4954924726004,50.86724708893496,1.8459358107876334,4.0
108.46819018274115,50.9635005388086,1.8484370788239306,4.0
108.44064722286159,51.05968539731144,1.8509383468602283,4.0
108.41286376527975,51.155801062678435,1.853439614896526,4.0
108.38483998381841,51.251846933577426,1.8559408829328237,4.0
108.35657605380379,51.347822409112936,1.8584421509691211,4.0
108.32807215206462,51.443726888829914,1.8609434190054188,4.0
108.29932845693095,51.53955977271745,1.8634446870417165,4.0
108.27034514823308,51.635320461212594,1.8659459550780142,4.0
108.2411224073004,51.73100835520404,1.8684472231143114,4.0
108.21166041696026,51.82662285603596,1.8709484911506091,4.0
108.18195936153685,51.92216336551166,1.8734497591869068,4.0
108.15201942685003,52.01762928589736,1.8759510272232045,4.0
108.12184080021416,52.11302001992593,1.878452295259502,4.0
108.09142367043697,52.208334970800685,1.8809535632957997,4.0
108.06076822781827,52.303573542199004,1.8834548313320973,4.0
108.02987466414893,52.39873513827614,1.885956099368395,4.0
107.99874317270954,52.493819163668924,1.8884573674046923,4.0
107.96737394826921,52.58882502349953,1.89095863544099,4.0
107.93576718708448,52.68375212337912,1.8934599034772877,4.0
107.90392308689792,52.778599869411636,1.8959611715135853,4.0
107.871841846937,52.87336766819745,1.8984624395498828,4.0
107.83952366791283,52.968054926837155,1.9009637075861805,4.0
107.80696875201886,53.062661052935184,1.9034649756224782,4.0
107.77417730292967,53.1571854546036,1.9059662436587759,4.0
107.7411495257997,53.25162754046572,1.9084675116950731,4.0
107.70788562726185,53.34598671965992,1.9109687797313708,4.0
107.67438581542636,53.44026240184323,1.9134700477676685,4.0
107.64065029987941,53.534453997195044,1.9159713158039662,4.0
107.60667929168176,53.62856091642086,1.9184725838402636,4.0
107.57247300336758,53.72258257075595,1.9209738518765613,4.0
107.53803164894296,53.816518371968996,1.923475119912859,4.0
107.50335544388469,53.91036773236584,1.9259763879491567,4.0
107.46844460513884,54.00413006479309,1.928477655985454,4.0
107.43329935111944,54.09780478264189,1.9309789240217516,4.0
107.3979199017071,54.191391299851475,1.9334801920580493,4.0
107.36230647824763,54.2848890309129,1.935981460094347,4.0
107.32645930355065,54.37829739087272,1.9384827281306445,4.0
107.29037860188824,54.47161579533662,1.9409839961669422,4.0
107.25406459899347,54.56484366047306,1.9434852642032399,4.0
107.21751752205903,54.65798040301696,1.9459865322395375,4.0
107.18073759973583,54.75102544027331,1.9484878002758348,4.0
107.1437250621315,54.84397819012089,1.9509890683121325,4.0
107.106480140809,54.93683807101583,1.9534903363484302,4.0
107.06900306878516,55.02960450199526,1.955991604384728,4.0
107.03129408052926,55.122276902680966,1.9584928724210253,4.0
106.99335341196146,55.21485469328309,1.960994140457323,4.0
106.95518130045147,55.30733729460359,1.9634954084936207,4.0
106.9167779848169,55.39972412804003,1.9659966765299184,4.0
106.87814370532192,55.492014615589085,1.968497944566216,4.0
106.83927870367563,55.584208179850215,1.9709992126025133,4.0
106.80018322303067,55.67630424402932,1.9735004806388112,4.0
106.7608575079816,55.7683022319422,1.976001748675109,4.0
106.72130180456338,55.86020156801831,1.9785030167114066,4.0
106.6815163602499,55.95200167730428,1.9810042847477038,4.0
106.64150142395238,56.04370198546758,1.9835055527840015,4.0
106.60125724601778,56.135301918800025,1.9860068208202992,4.0
106.5607840782273,56.22680090422142,1.988508088856597,4.0
106.5200821737948,56.318198369283124,1.9910093568928944,4.0
106.47915178736518,56.40949374217169,1.993510624929192,4.0
106.43799317501276,56.500686451712326,1.9960118929654898,4.0
106.39660659423978,56.59177592737259,1.9985131610017874,4.0
106.35499230397471,56.68276159926586,2.0010144290380847,4.0
106.3131505645706,56.773642898155,2.0035156970743824,4.0
106.27108163780355,56.86441925545584,2.00601696511068,4.0
106.22878578687101,56.95509010324075,2.0085182331469777,4.0
106.18626327639018,57.04565487424218,2.011019501183275,4.0
106.1435143723962,57.136113001856316,2.0135207692195727,4.0
106.10053934234075,57.22646392014646,2.0160220372558704,4.0
106.05733845509013,57.31670706384669,2.018523305292168,4.0
106.01391198092375,57.40684186836534,2.0210245733284657,4.0
105.9702601915323,57.49686776978857,2.0235258413647634,4.0
105.92638336001619,57.586784204883855,2.026027109401061,4.0
105.88228176088369,57.67659061110355,2.028528377437359,4.0
105.83795567004935,57.76628642658835,2.031029645473656,4.0
105.79340536483221,57.85587109017091,2.0335309135099537,4.0
105.74863112395404,57.94534404137921,2.0360321815462514,4.0
105.70363322753767,58.0347047204402,2.038533449582549,4.0
105.65841195710517,58.1239525682832,2.0410347176188464,4.0
105.6129675955761,58.21308702654349,2.043535985655144,4.0
105.56730042726579,58.3021075375657,2.0460372536914417,4.0
105.52141073788349,58.3910135444074,2.0485385217277394,4.0
105.47529881453062,58.47980449084248,2.0510397897640367,4.0
105.42896494569902,58.56847982136476,2.0535410578003344,4.0
105.38240942126903,58.657038981191334,2.056042325836632,4.0
105.33563253250777,58.74548141626612,2.0585435938729297,4.0
105.28863457206731,58.833806573263296,2.0610448619092274,4.0
105.24141583398278,58.922013899590794,2.063546129945525,4.0
105.19397661367063,59.01010284339371,2.066047397981823,4.0
105.14631720792661,59.098072853557795,2.0685486660181205,4.0
105.09843791492418,59.18592337971286,2.0710499340544177,4.0
105.05033903421236,59.27365387223632,2.0735512020907154,4.0
105.00202086671402,59.36126378225649,2.076052470127013,4.0
104.95348371472397,59.44875256165612,2.078553738163311,4.0
104.90472788190712,59.536119663075766,2.081055006199608,4.0
104.85575367329642,59.623364539917304,2.0835562742359057,4.0
104.80656139529108,59.71048664634722,2.0860575422722034,4.0
104.75715135565468,59.79748543730014,2.088558810308501,4.0
104.70752386351316,59.884360368482156,2.0910600783447983,4.0
104.6576792293529,59.97111089637431,2.093561346381096,4.0
104.60761776501877,60.05773647823594,2.0960626144173937,4.0
104.5573397837123,60.144236572108056,2.0985638824536914,4.0
104.5068455999895,60.23061063681679,2.101065150489989,4.0
104.45613552975914,60.316858131976765,2.103566418526287,4.0
104.40520989028053,60.40297851799445,2.1060676865625845,4.0
104.35406900016173,60.48897125607155,2.108568954598882,4.0
104.30271317935748,60.574835808208384,2.1110702226351794,4.0
104.25114274916717,60.66057163720727,2.113571490671477,4.0
104.19935803223285,60.74617820667581,2.116072758707775,4.0
104.14735935253725,60.83165498103034,2.1185740267440725,4.0
104.09514703540174,60.9170014254992,2.1210752947803697,4.0
104.04272140748421,61.00221700612618,2.1235765628166674,4.0
103.99008279677716,61.08730118977374,2.126077830852965,4.0
103.93723153260555,61.17225344412642,2.1285790988892628,4.0
103.8841679456248,61.25707323769415,2.13108036692556,4.0
103.83089236781865,61.34176003981561,2.1335816349618577,4.0
103.77740513249714,61.42631332066149,2.1360829029981554,4.0
103.72370657429454,61.51073255123784,2.138584171034453,4.0
103.66979702916721,61.59501720338937,2.1410854390707508,4.0
103.61567683439151,61.67916674980276,2.1435867071070485,4.0
103.56134632856171,61.76318066400998,2.146087975143346,4.0
103.50680585158783,61.84705842039152,2.148589243179644,4.0
103.45205574469357,61.93079949417974,2.151090511215941,4.0
103.39709635041412,62.01440336146215,2.1535917792522388,4.0
103.34192801259405,62.09786949918466,2.1560930472885365,4.0
103.2865510763852,62.18119738515483,2.158594315324834,4.0
103.23096588824438,62.26438649804521,2.1610955833611314,4.0
103.17517279593137,62.34743631739656,2.163596851397429,4.0
103.11917214850664,62.43034632362109,2.1660981194337268,4.0
103.0629642963292,62.513115998005716,2.1685993874700245,4.0
103.0065495910544,62.59574482271534,2.1711006555063217,4.0
102.94992838563171,62.67823228079608,2.1736019235426194,4.0
102.89310103430259,62.76057785617847,2.176103191578917,4.0
102.83606789259818,62.84278103368071,2.1786044596152148,4.0
102.77882931733711,62.92484129901189,2.1811057276515124,4.0
102.72138566662329,63.00675813877521,2.18360699568781,4.0
102.66373729984366,63.08853104047119,2.186108263724108,4.0
102.6058845776659,63.17015949250088,2.1886095317604055,4.0
102.54782786203626,63.251642984169024,2.1911107997967028,4.0
102.48956751617715,63.33298100568736,2.1936120678330004,4.0
102.43110390458503,63.414173048177666,2.196113335869298,4.0
102.37243739302808,63.495218603675035,2.198614603905596,4.0
102.31356834854384,63.57611716513103,2.201115871941893,4.0
102.25449713943696,63.65686822641688,2.2036171399781908,4.0
102.19522413527694,63.73747128232661,2.2061184080144884,4.0
102.13574970689578,63.81792582858021,2.208619676050786,4.0
102.0760742263856,63.89823136182678,2.2111209440870834,4.0
102.01619806709643,63.97838737964776,2.213622212123381,4.0
101.95612160363378,64.05839338055995,2.2161234801596787,4.0
101.89584521185634,64.13824886401872,2.2186247481959764,4.0
101.83536926887365,64.21795333042112,2.221126016232274,4.0
101.77469415304364,64.29750628110907,2.223627284268572,4.0
101.71382024397042,64.37690721837231,2.2261285523048695,4.0
101.65274792250173,64.45615564545176,2.228629820341167,4.0
101.59147757072674,64.5352510665424,2.2311310883774644,4.0
101.53000957197345,64.61419298679651,2.233632356413762,4.0
101.46834431080651,64.6929809123267,2.23613362445006,4.0
101.40648217302467,64.77161435020906,2.2386348924863575,4.0
101.34442354565839,64.85009280848617,2.2411361605226547,4.0
101.28216881696744,64.92841579617023,2.2436374285589524,4.0
101.21971837643852,65.0065828232461,2.24613869659525,4.0
101.15707261478268,65.08459340067444,2.248639964631548,4.0
101.09423192393305,65.1624470403946,2.251141232667845,4.0
101.03119669704223,65.24014325532791,2.2536425007041427,4.0
100.96796732847997,65.31768155938053,2.2561437687404404,4.0
100.90454421383058,65.3950614674466,2.258645036776738,4.0
100.84092774989055,65.47228249541118,2.261146304813036,4.0
100.77711833466603,65.5493441601534,2.2636475728493335,4.0
100.71311636737028,65.6262459795494,2.266148840885631,4.0
100.64892224842131,65.70298747247536,2.268650108921929,4.0
100.58453637943926,65.7795681588105,2.271151376958226,4.0
100.5199591632439,65.85598755944017,2.273652644994524,4.0
100.45519100385215,65.9322451962587,2.2761539130308215,4.0
100.39023230647558,66.0083405921725,2.278655181067119,4.0
100.32508347751778,66.084273271103,2.2811564491034164,4.0
100.25974492457183,66.16004275798969,2.283657717139714,4.0
100.1942170564179,66.23564857879299,2.286158985176012,4.0
100.12850028302049,66.31109026049728,2.2886602532123095,4.0
100.06259501552597,66.38636733111386,2.2911615212486067,4.0
99.99650166626003,66.46147931968392,2.2936627892849044,4.0
99.930220648725,66.5364257562814,2.296164057321202,4.0
99.8637523775974,66.61120617201607,2.2986653253575,4.0
99.79709726872521,66.68582009903628,2.3011665933937975,4.0
99.73025573912537,66.76026707053205,2.303667861430095,4.0
99.66322820698113,66.83454662073797,2.306169129466393,4.0
99.59601509163939,66.90865828493597,2.3086703975026905,4.0
99.52861681360818,66.9826015994584,2.311171665538988,4.0
99.46103379455394,67.05637610169092,2.3136729335752855,4.0
99.39326645729889,67.12998133007518,2.316174201611583,4.0
99.32531522581846,67.20341682411201,2.318675469647881,4.0
99.25718052523855,67.27668212436406,2.321176737684178,4.0
99.18886278183291,67.34977677245885,2.323678005720476,4.0
99.12036242302047,67.42270031109149,2.3261792737567735,4.0
99.05167987736266,67.49545228402765,2.328680541793071,4.0
98.98281557456076,67.56803223610633,2.3311818098293684,4.0
98.91376994545314,67.64043971324283,2.333683077865666,4.0
98.8445434220126,67.71267426243142,2.3361843459019638,4.0
98.77513643734378,67.78473543174832,2.3386856139382615,4.0
98.7055494256802,67.85662277035446,2.341186881974559,4.0
98.6357828223818,67.92833582849832,2.343688150010857,4.0
98.56583706393207,67.99987415751872,2.3461894180471545,4.0
98.49571258793534,68.07123730984766,2.348690686083452,4.0
98.42540983311409,68.1424248390131,2.3511919541197495,4.0
98.35492923930612,68.21343629964176,2.353693222156047,4.0
98.2842712474619,68.2842712474619,2.356194490192345,4.0
98.21343629964176,68.35492923930612,2.3586957582286425,4.0
98.1424248390131,68.42540983311409,2.36119702626494,4.0
98.07123730984766,68.49571258793534,2.3636982943012375,4.0
97.99987415751872,68.56583706393207,2.366199562337535,4.0
97.92833582849832,68.6357828223818,2.368700830373833,4.0
97.85662277035446,68.7055494256802,2.3712020984101305,4.0
97.78473543174832,68.77513643734378,2.373703366446428,4.0
97.71267426243142,68.8445434220126,2.376204634482726,4.0
97.64043971324283,68.91376994545314,2.3787059025190236,4.0
97.56803223610633,68.98281557456076,2.3812071705553213,4.0
97.49545228402765,69.05167987736266,2.3837084385916185,4.0
97.42270031109149,69.12036242302047,2.386209706627916,4.0
97.34977677245885,69.18886278183291,2.388710974664214,4.0
97.27668212436406,69.25718052523855,2.3912122427005116,4.0
97.20341682411201,69.32531522581846,2.393713510736809,4.0
97.12998133007518,69.39326645729889,2.3962147787731065,4.0
97.05637610169092,69.46103379455394,2.398716046809404,4.0
96.98260159945842,69.52861681360818,2.401217314845702,4.0
96.90865828493597,69.59601509163939,2.403718582881999,4.0
96.83454662073797,69.66322820698113,2.406219850918297,4.0
96.76026707053205,69.73025573912537,2.4087211189545945,4.0
96.68582009903628,69.79709726872521,2.411222386990892,4.0
96.61120617201607,69.8637523775974,2.41372365502719,4.0
96.5364257562814,69.930220648725,2.4162249230634876,4.0
96.46147931968392,69.99650166626002,2.4187261910997853,4.0
96.38636733111386,70.06259501552597,2.421227459136083,4.0
96.31109026049728,70.12850028302049,2.42372872717238,4.0
96.23564857879299,70.1942170564179,2.426229995208678,4.0
96.16004275798969,70.25974492457183,2.4287312632449756,4.0
96.084273271103,70.32508347751778,2.4312325312812733,4.0
96.0083405921725,70.39023230647558,2.4337337993175705,4.0
95.9322451962587,70.45519100385215,2.436235067353868,4.0
95.85598755944018,70.5199591632439,2.438736335390166,4.0
95.77956815881052,70.58453637943926,2.4412376034264636,4.0
95.70298747247536,70.64892224842131,2.443738871462761,4.0
95.6262459795494,70.71311636737028,2.4462401394990585,4.0
95.5493441601534,70.77711833466603,2.448741407535356,4.0
95.47228249541118,70.84092774989055,2.451242675571654,4.0
95.3950614674466,70.90454421383058,2.4537439436079516,4.0
95.31768155938053,70.96796732847997,2.4562452116442492,4.0
95.24014325532792,71.03119669704223,2.458746479680547,4.0
95.1624470403946,71.09423192393305,2.4612477477168446,4.0
95.08459340067444,71.15707261478268,2.463749015753142,4.0
95.0065828232461,71.21971837643851,2.4662502837894396,4.0
94.92841579617023,71.28216881696744,2.4687515518257372,4.0
94.85009280848617,71.34442354565839,2.471252819862035,4.0
94.77161435020908,71.40648217302467,2.473754087898332,4.0
94.6929809123267,71.46834431080651,2.47625535593463,4.0
94.61419298679651,71.53000957197345,2.4787566239709276,4.0
94.5352510665424,71.59147757072674,2.4812578920072252,4.0
94.45615564545176,71.65274792250173,2.4837591600435225,4.0
94.37690721837231,71.71382024397042,2.48626042807982,4.0
94.29750628110907,71.77469415304364,2.488761696116118,4.0
94.21795333042112,71.83536926887363,2.4912629641524155,4.0
94.13824886401872,71.89584521185634,2.4937642321887132,4.0
94.05839338055995,71.95612160363378,2.496265500225011,4.0
93.97838737964776,72.01619806709643,2.4987667682613086,4.0
93.89823136182679,72.0760742263856,2.5012680362976063,4.0
93.81792582858021,72.13574970689578,2.5037693043339035,4.0
93.73747128232661,72.19522413527694,2.5062705723702012,4.0
93.65686822641689,72.25449713943696,2.508771840406499,4.0
93.57611716513102,72.31356834854384,2.5112731084427966,4.0
93.49521860367503,72.37243739302808,2.513774376479094,4.0
93.41417304817767,72.43110390458503,2.5162756445153915,4.0
93.33298100568736,72.48956751617715,2.5187769125516892,4.0
93.25164298416902,72.54782786203626,2.521278180587987,4.0
93.17015949250089,72.6058845776659,2.523779448624284,4.0
93.0885310404712,72.66373729984366,2.526280716660582,4.0
93.00675813877521,72.72138566662329,2.5287819846968795,4.0
92.92484129901189,72.77882931733711,2.5312832527331772,4.0
92.84278103368071,72.83606789259818,2.533784520769475,4.0
92.76057785617847,72.89310103430259,2.5362857888057726,4.0
92.67823228079608,72.94992838563171,2.5387870568420703,4.0
92.59574482271535,73.0065495910544,2.541288324878368,4.0
92.51311599800573,73.0629642963292,2.543789592914665,4.0
92.43034632362108,73.11917214850664,2.546290860950963,4.0
92.34743631739656,73.17517279593137,2.5487921289872606,4.0
92.26438649804521,73.23096588824438,2.5512933970235583,4.0
92.18119738515483,73.2865510763852,2.5537946650598555,4.0
92.09786949918467,73.34192801259405,2.556295933096153,4.0
92.01440336146216,73.39709635041412,2.558797201132451,4.0
91.93079949417974,73.45205574469357,2.5612984691687486,4.0
91.84705842039152,73.50680585158781,2.563799737205046,4.0
91.76318066400998,73.56134632856171,2.5663010052413435,4.0
91.67916674980276,73.61567683439151,2.568802273277641,4.0
91.59501720338938,73.66979702916721,2.571303541313939,4.0
91.51073255123784,73.72370657429454,2.5738048093502366,4.0
91.42631332066149,73.77740513249714,2.5763060773865343,4.0
91.34176003981561,73.83089236781865,2.578807345422832,4.0
91.25707323769416,73.8841679456248,2.5813086134591297,4.0
91.17225344412643,73.93723153260555,2.583809881495427,4.0
91.08730118977374,73.99008279677716,2.5863111495317246,4.0
91.00221700612619,74.04272140748421,2.5888124175680223,4.0
90.91700142549921,74.09514703540174,2.59131368560432,4.0
90.83165498103034,74.14735935253725,2.593814953640617,4.0
90.74617820667581,74.19935803223285,2.596316221676915,4.0
90.66057163720727,74.25114274916717,2.5988174897132126,4.0
90.57483580820839,74.30271317935748,2.6013187577495103,4.0
90.48897125607155,74.35406900016173,2.6038200257858075,4.0
90.40297851799446,74.40520989028053,2.606321293822105,4.0
90.31685813197677,74.45613552975914,2.608822561858403,4.0
90.23061063681679,74.5068455999895,2.6113238298947006,4.0
90.14423657210806,74.5573397837123,2.6138250979309983,4.0
90.05773647823594,74.60761776501877,2.616326365967296,4.0
89.97111089637431,74.6576792293529,2.6188276340035936,4.0
89.88436036848216,74.70752386351316,2.6213289020398913,4.0
89.79748543730014,74.75715135565468,2.6238301700761886,4.0
89.71048664634722,74.80656139529108,2.6263314381124863,4.0
89.6233645399173,74.85575367329642,2.628832706148784,4.0
89.53611966307577,74.90472788190712,2.6313339741850816,4.0
89.44875256165612,74.95348371472397,2.633835242221379,4.0
89.36126378225649,75.00202086671402,2.6363365102576766,4.0
89.27365387223632,75.05033903421236,2.6388377782939743,4.0
89.18592337971286,75.09843791492418,2.641339046330272,4.0
89.0980728535578,75.14631720792661,2.643840314366569,4.0
89.01010284339371,75.19397661367061,2.646341582402867,4.0
88.9220138995908,75.24141583398278,2.6488428504391646,4.0
88.8338065732633,75.28863457206731,2.6513441184754623,4.0
88.74548141626612,75.33563253250777,2.65384538651176,4.0
88.65703898119133,75.38240942126902,2.6563466545480576,4.0
88.56847982136476,75.42896494569902,2.6588479225843553,4.0
88.47980449084248,75.47529881453062,2.661349190620653,4.0
88.3910135444074,75.52141073788349,2.6638504586569502,4.0
88.3021075375657,75.56730042726578,2.666351726693248,4.0
88.21308702654349,75.6129675955761,2.6688529947295456,4.0
88.1239525682832,75.65841195710517,2.6713542627658433,4.0
88.0347047204402,75.70363322753767,2.6738555308021406,4.0
87.94534404137922,75.74863112395404,2.6763567988384382,4.0
87.85587109017091,75.79340536483221,2.678858066874736,4.0
87.76628642658835,75.83795567004935,2.6813593349110336,4.0
87.67659061110355,75.88228176088369,2.683860602947331,4.0
87.58678420488386,75.92638336001619,2.6863618709836286,4.0
87.49686776978857,75.9702601915323,2.6888631390199262,4.0
87.40684186836535,76.01391198092375,2.691364407056224,4.0
87.31670706384669,76.05733845509013,2.6938656750925216,4.0
87.22646392014646,76.10053934234074,2.6963669431288193,4.0
87.13611300185632,76.1435143723962,2.698868211165117,4.0
87.04565487424219,76.18626327639016,2.7013694792014147,4.0
86.95509010324075,76.22878578687101,2.703870747237712,4.0
86.86441925545584,76.27108163780355,2.7063720152740096,4.0
86.773642898155,76.3131505645706,2.7088732833103073,4.0
86.68276159926586,76.35499230397471,2.711374551346605,4.0
86.5917759273726,76.39660659423978,2.7138758193829022,4.0
86.50068645171233,76.43799317501276,2.7163770874192,4.0
86.40949374217169,76.47915178736517,2.7188783554554976,4.0
86.31819836928312,76.5200821737948,2.7213796234917953,4.0
86.22680090422142,76.5607840782273,2.7238808915280925,4.0
86.13530191880002,76.60125724601777,2.7263821595643902,4.0
86.04370198546759,76.64150142395238,2.728883427600688,4.0
85.95200167730428,76.6815163602499,2.7313846956369856,4.0
85.8602015680183,76.72130180456338,2.7338859636732833,4.0
85.76830223194219,76.7608575079816,2.736387231709581,4.0
85.67630424402931,76.80018322303067,2.7388884997458787,4.0
85.58420817985022,76.83927870367563,2.7413897677821764,4.0
85.49201461558908,76.87814370532192,2.7438910358184736,4.0
85.39972412804003,76.9167779848169,2.7463923038547713,4.0
85.3073372946036,76.95518130045147,2.748893571891069,4.0
85.21485469328309,76.99335341196146,2.7513948399273667,4.0
85.12227690268097,77.03129408052926,2.7538961079636644,4.0
85.02960450199527,77.06900306878516,2.7563973759999616,4.0
84.93683807101584,77.106480140809,2.7588986440362593,4.0
84.84397819012091,77.1437250621315,2.761399912072557,4.0
84.75102544027331,77.18073759973583,2.7639011801088547,4.0
84.65798040301695,77.21751752205904,2.7664024481451523,4.0
84.56484366047304,77.25406459899347,2.76890371618145,4.0
84.47161579533662,77.29037860188824,2.7714049842177477,4.0
84.37829739087272,77.32645930355065,2.7739062522540454,4.0
84.28488903091291,77.36230647824763,2.7764075202903427,4.0
84.19139129985147,77.3979199017071,2.7789087883266403,4.0
84.09780478264189,77.43329935111944,2.781410056362938,4.0
84.00413006479309,77.46844460513884,2.7839113243992357,4.0
83.91036773236584,77.50335544388469,2.786412592435533,4.0
83.816518371969,77.53803164894296,2.7889138604718307,4.0
83.72258257075595,77.57247300336758,2.7914151285081283,4.0
83.62856091642087,77.60667929168176,2.793916396544426,4.0
83.53445399719506,77.6406502998794,2.7964176645807233,4.0
83.44026240184324,77.67438581542636,2.798918932617021,4.0
83.34598671965993,77.70788562726185,2.8014202006533186,4.0
83.25162754046573,77.7411495257997,2.8039214686896163,4.0
83.15718545460359,77.77417730292967,2.806422736725914,4.0
83.06266105293517,77.80696875201886,2.8089240047622117,4.0
82.96805492683714,77.83952366791283,2.8114252727985094,4.0
82.87336766819745,77.871841846937,2.813926540834807,4.0
82.77859986941164,77.90392308689792,2.8164278088711043,4.0
82.68375212337912,77.93576718708448,2.818929076907402,4.0
82.58882502349954,77.96737394826921,2.8214303449436997,4.0
82.49381916366892,77.99874317270954,2.8239316129799974,4.0
82.39873513827614,78.02987466414893,2.8264328810162946,4.0
82.303573542199,78.06076822781827,2.8289341490525923,4.0
82.20833497080069,78.09142367043697,2.83143541708889,4.0
82.11302001992594,78.12184080021416,2.8339366851251877,4.0
82.01762928589737,78.15201942685003,2.836437953161485,4.0
81.92216336551166,78.18195936153685,2.8389392211977826,4.0
81.82662285603597,78.21166041696026,2.8414404892340803,4.0
81.73100835520405,78.2411224073004,2.843941757270378,4.0
81.63532046121259,78.27034514823309,2.8464430253066757,4.0
81.53955977271744,78.29932845693095,2.8489442933429734,4.0
81.4437268888299,78.32807215206462,2.851445561379271,4.0
81.34782240911292,78.35657605380379,2.8539468294155688,4.0
81.25184693357743,78.38483998381841,2.856448097451866,4.0
81.15580106267844,78.41286376527975,2.8589493654881637,4.0
81.05968539731145,78.44064722286159,2.8614506335244614,4.0
80.9635005388086,78.46819018274115,2.863951901560759,4.0
80.86724708893496,78.4954924726004,2.8664531695970563,4.0
80.77092564988465,78.52255392162697,2.868954437633354,4.0
80.67453682427721,78.54937436051523,2.8714557056696517,4.0
80.57808121515379,78.57595362146749,2.8739569737059494,4.0
80.48155942597332,78.60229153819486,2.8764582417422466,4.0
80.38497206060876,78.62838794591842,2.8789595097785443,4.0
80.28831972334339,78.65424268137022,2.881460777814842,4.0
80.19160301886697,78.67985558279427,2.8839620458511397,4.0
80.09482255227192,78.70522648994762,2.8864633138874374,4.0
79.9979789290496,78.73035524410125,2.888964581923735,4.0
79.9010727550865,78.75524168804117,2.8914658499600328,4.0
79.80410463666047,78.77988566606936,2.8939671179963304,4.0
79.70707518043689,78.8042870240048,2.8964683860326277,4.0
79.60998499346485,78.82844560918426,2.8989696540689254,4.0
79.51283468317344,78.8523612704635,2.901470922105223,4.0
79.4156248573679,78.87603385821805,2.9039721901415207,4.0
79.31835612422582,78.89946322434415,2.906473458177818,4.0
79.22102909229329,78.92264922225979,2.9089747262141157,4.0
79.12364437048119,78.9455917069055,2.9114759942504134,4.0
79.0262025680613,78.96829053474534,2.913977262286711,4.0
78.92870429466254,78.99074556376775,2.9164785303230083,4.0
78.83115016026707,79.01295665348647,2.918979798359306,4.0
78.73354077520663,79.0349236649414,2.9214810663956037,4.0
78.63587675015854,79.05664646069951,2.9239823344319014,4.0
78.53815869614203,79.07812490485558,2.926483602468199,4.0
78.44038722451431,79.09935886303325,2.9289848705044967,4.0
78.34256294696682,79.12034820238563,2.9314861385407944,4.0
78.24468647552133,79.14109279159635,2.933987406577092,4.0
78.14675842252623,79.16159250088023,2.9364886746133894,4.0
78.0487794006525,79.18184720198414,2.938989942649687,4.0
77.95075002289012,79.20185676818781,2.9414912106859847,4.0
77.85267090254405,79.22162107430464,2.9439924787222824,4.0
77.75454265323047,79.24113999668242,2.9464937467585797,4.0
77.65636588887291,79.26041341320419,2.9489950147948774,4.0
77.55814122369847,79.2794412032889,2.951496282831175,4.0
77.45986927223389,79.29822324789228,2.9539975508674727,4.0
77.36155064930179,79.31675942950747,2.95649881890377,4.0
77.26318597001672,79.33504963216586,2.9590000869400677,4.0
77.16477584978144,79.35309374143776,2.9615013549763654,4.0
77.06632090428296,79.37089164443313,2.964002623012663,4.0
76.96782174948876,79.3884432298022,2.9665038910489607,4.0
76.8692790016429,79.40574838773637,2.9690051590852584,4.0
76.77069327726215,79.4228070099687,2.971506427121556,4.0
76.67206519313221,79.43961898977466,2.974007695157854,4.0
76.57339536630376,79.45618422197282,2.976508963194151,4.0
76.47468441408859,79.47250260292547,2.9790102312304487,4.0
76.37593295405587,79.48857403053933,2.9815114992667464,4.0
76.27714160402817,79.50439840426606,2.984012767303044,4.0
76.17831098207762,79.51997562510306,2.9865140353393413,4.0
76.07944170652203,79.53530559559393,2.989015303375639,4.0
75.98053439592105,79.55038821982922,2.9915165714119367,4.0
75.88158966907233,79.5652234034469,2.9940178394482344,4.0
75.78260814500756,79.57981105363304,2.9965191074845317,4.0
75.68359044298866,79.59415107912238,2.9990203755208293,4.0
75.58453718250388,79.60824339019885,3.001521643557127,4.0
75.48544898326398,79.62208789869621,3.0040229115934247,4.0
75.38632646519827,79.63568451799848,3.0065241796297224,4.0
75.28717024845076,79.64903316304066,3.00902544766602,4.0
75.18798095337633,79.66213375030905,3.011526715702318,4.0
75.08875920053677,79.67498619784199,3.0140279837386155,4.0
74.989505610697,79.68759042523018,3.0165292517749127,4.0
74.89022080482101,79.69994635361735,3.0190305198112104,4.0
74.7909054040682,79.7120539057006,3.021531787847508,4.0
74.69156002978933,79.72391300573099,3.0240330558838058,4.0
74.59218530352271,79.73552357951397,3.026534323920103,4.0
74.49278184699023,79.74688555440986,3.0290355919564007,4.0
74.39335028209358,79.75799885933431,3.0315368599926984,4.0
74.2938912309103,79.7688634247587,3.034038128028996,4.0
74.19440531568989,79.77947918271067,3.0365393960652933,4.0
74.09489315884989,79.78984606677443,3.039040664101591,4.0
73.99535538297205,79.79996401209121,3.0415419321378887,4.0
73.89579261079841,79.80983295535977,3.0440432001741864,4.0
73.79620546522735,79.81945283483662,3.046544468210484,4.0
73.69659456930978,79.82882359033655,3.0490457362467818,4.0
73.59696054624519,79.83794516323294,3.0515470042830795,4.0
73.49730401937775,79.84681749645816,3.054048272319377,4.0
73.39762561219246,79.85544053450387,3.0565495403556744,4.0
73.29792594831112,79.86381422342143,3.059050808391972,4.0
73.1982056514886,79.87193851082219,3.0615520764282698,4.0
73.09846534560886,79.87981334587789,3.0640533444645675,4.0
72.998705654681,79.8874386793209,3.0665546125008647,4.0
72.89892720283542,79.8948144634445,3.0690558805371624,4.0
72.79913061431989,79.90194065210335,3.07155714857346,4.0
72.69931651349565,79.90881720071354,3.0740584166097578,4.0
72.59948552483353,79.91544406625312,3.076559684646055,4.0
72.49963827290995,79.92182120726213,3.0790609526823527,4.0
72.39977538240313,79.92794858384302,3.0815622207186504,4.0
72.29989747808914,79.93382615766086,3.084063488754948,4.0
72.20000518483793,79.93945389194357,3.0865647567912458,4.0
72.10009912760954,79.94483175148211,3.0890660248275434,4.0
72.00017993145006,79.94995970263079,3.091567292863841,4.0
71.90024822148781,79.95483771330741,3.094068560900139,4.0
71.80030462292943,79.95946575299348,3.096569828936436,4.0
71.70034976105585,79.96384379273442,3.0990710969727338,4.0
71.60038426121854,79.96797180513973,3.1015723650090314,4.0
71.50040874883553,79.97184976438317,3.104073633045329,4.0
71.40042384938747,79.97547764620289,3.1065749010816264,4.0
71.30043018841371,79.97885542790166,3.109076169117924,4.0
71.20042839150845,79.98198308834694,3.1115774371542217,4.0
71.10041908431681,79.984860607971,3.1140787051905194,4.0
71.00040289253087,79.98748796877113,3.1165799732268167,4.0
70.90038044188574,79.98986515430965,3.1190812412631144,4.0
70.80035235815578,79.99199214971411,3.121582509299412,4.0
70.70031926715052,79.99386894167728,3.1240837773357097,4.0
70.60028179471085,79.99549551845732,3.1265850453720074,4.0
70.50024056670506,79.99687186987781,3.129086313408305,4.0
70.40019620902493,79.99799798732784,3.131587581444603,4.0
70.30014934758185,79.99887386376204,3.1340888494809005,4.0
70.20010060830285,79.99949949370063,3.1365901175171977,4.0
70.1000506171267,79.99987487322944,3.1390913855534954,4.0
70.0,80.0,3.141592653589793,4.0
69.9,80.0,3.141592653589793,4.0
69.8,80.0,3.141592653589793,4.0
69.7,80.0,3.141592653589793,4.0
69.6,80.0,3.141592653589793,4.0
69.5,80.0,3.141592653589793,4.0
69.4,80.0,3.141592653589793,4.0
69.3,80.0,3.141592653589793,4.0
69.2,80.0,3.141592653589793,4.0
69.1,80.0,3.141592653589793,4.0
69.0,80.0,3.141592653589793,4.0
68.9,80.0,3.141592653589793,4.0
68.8,80.0,3.141592653589793,4.0
68.7,80.0,3.141592653589793,4.0
68.6,80.0,3.141592653589793,4.0
68.5,80.0,3.141592653589793,4.0
68.4,80.0,3.141592653589793,4.0
68.3,80.0,3.141592653589793,4.0
68.2,80.0,3.141592653589793,4.0
68.1,80.0,3.141592653589793,4.0
68.0,80.0,3.141592653589793,4.0
67.9,80.0,3.141592653589793,4.0
67.8,80.0,3.141592653589793,4.0
67.7,80.0,3.141592653589793,4.0
67.6,80.0,3.141592653589793,4.0
67.5,80.0,3.141592653589793,4.0
67.4,80.0,3.141592653589793,4.0
67.3,80.0,3.141592653589793,4.0
67.2,80.0,3.141592653589793,4.0
67.1,80.0,3.141592653589793,4.0
67.0,80.0,3.141592653589793,4.0
66.9,80.0,3.141592653589793,4.0
66.8,80.0,3.141592653589793,4.0
66.7,80.0,3.141592653589793,4.0
66.6,80.0,3.141592653589793,4.0
66.5,80.0,3.141592653589793,4.0
66.4,80.0,3.141592653589793,4.0
66.3,80.0,3.141592653589793,4.0
66.2,80.0,3.141592653589793,4.0
66.1,80.0,3.141592653589793,4.0
66.0,80.0,3.141592653589793,4.0
65.9,80.0,3.141592653589793,4.0
65.8,80.0,3.141592653589793,4.0
65.7,80.0,3.141592653589793,4.0
65.6,80.0,3.141592653589793,4.0
65.5,80.0,3.141592653589793,4.0
65.4,80.0,3.141592653589793,4.0
65.3,80.0,3.141592653589793,4.0
65.2,80.0,3.141592653589793,4.0
65.1,80.0,3.141592653589793,4.0
65.0,80.0,3.141592653589793,4.0
64.9,80.0,3.141592653589793,4.0
64.8,80.0,3.141592653589793,4.0
64.7,80.0,3.141592653589793,4.0
64.6,80.0,3.141592653589793,4.0
64.5,80.0,3.141592653589793,4.0
64.4,80.0,3.141592653589793,4.0
64.3,80.0,3.141592653589793,4.0
64.2,80.0,3.141592653589793,4.0
64.1,80.0,3.141592653589793,4.0
64.0,80.0,3.141592653589793,4.0
63.9,80.0,3.141592653589793,4.0
63.8,80.0,3.141592653589793,4.0
63.7,80.0,3.141592653589793,4.0
63.6,80.0,3.141592653589793,4.0
63.5,80.0,3.141592653589793,4.0
63.4,80.0,3.141592653589793,4.0
63.3,80.0,3.141592653589793,4.0
63.2,80.0,3.141592653589793,4.0
63.1,80.0,3.141592653589793,4.0
63.0,80.0,3.141592653589793,4.0
62.9,80.0,3.141592653589793,4.0
62.8,80.0,3.141592653589793,4.0
62.7,80.0,3.141592653589793,4.0
62.6,80.0,3.141592653589793,4.0
62.5,80.0,3.141592653589793,4.0
62.4,80.0,3.141592653589793,4.0
62.3,80.0,3.141592653589793,4.0
62.2,80.0,3.141592653589793,4.0
62.1,80.0,3.141592653589793,4.0
62.0,80.0,3.141592653589793,4.0
61.9,80.0,3.141592653589793,4.0
61.8,80.0,3.141592653589793,4.0
61.7,80.0,3.141592653589793,4.0
61.6,80.0,3.141592653589793,4.0
61.5,80.0,3.141592653589793,4.0
61.4,80.0,3.141592653589793,4.0
61.3,80.0,3.141592653589793,4.0
61.2,80.0,3.141592653589793,4.0
61.1,80.0,3.141592653589793,4.0
61.0,80.0,3.141592653589793,4.0
60.9,80.0,3.141592653589793,4.0
60.8,80.0,3.141592653589793,4.0
60.7,80.0,3.141592653589793,4.0
60.6,80.0,3.141592653589793,4.0
60.5,80.0,3.141592653589793,4.0
60.4,80.0,3.141592653589793,4.0
60.3,80.0,3.141592653589793,4.0
60.2,80.0,3.141592653589793,4.0
60.1,80.0,3.141592653589793,4.0
60.0,80.0,3.141592653589793,4.0
59.9,80.0,3.141592653589793,4.0
59.8,80.0,3.141592653589793,4.0
59.7,80.0,3.141592653589793,4.0
59.6,80.0,3.141592653589793,4.0
59.5,80.0,3.141592653589793,4.0
59.4,80.0,3.141592653589793,4.0
59.3,80.0,3.141592653589793,4.0
59.2,80.0,3.141592653589793,4.0
59.1,80.0,3.141592653589793,4.0
59.0,80.0,3.141592653589793,4.0
58.9,80.0,3.141592653589793,4.0
58.8,80.0,3.141592653589793,4.0
58.7,80.0,3.141592653589793,4.0
58.6,80.0,3.141592653589793,4.0
58.5,80.0,3.141592653589793,4.0
58.4,80.0,3.141592653589793,4.0
58.3,80.0,3.141592653589793,4.0
58.2,80.0,3.141592653589793,4.0
58.1,80.0,3.141592653589793,4.0
58.0,80.0,3.141592653589793,4.0
57.9,80.0,3.141592653589793,4.0
57.8,80.0,3.141592653589793,4.0
57.7,80.0,3.141592653589793,4.0
57.6,80.0,3.141592653589793,4.0
57.5,80.0,3.141592653589793,4.0
57.4,80.0,3.141592653589793,4.0
57.3,80.0,3.141592653589793,4.0
57.2,80.0,3.141592653589793,4.0
57.1,80.0,3.141592653589793,4.0
57.0,80.0,3.141592653589793,4.0
56.9,80.0,3.141592653589793,4.0
56.8,80.0,3.141592653589793,4.0
56.7,80.0,3.141592653589793,4.0
56.6,80.0,3.141592653589793,4.0
56.5,80.0,3.141592653589793,4.0
56.4,80.0,3.141592653589793,4.0
56.3,80.0,3.141592653589793,4.0
56.2,80.0,3.141592653589793,4.0
56.1,80.0,3.141592653589793,4.0
56.0,80.0,3.141592653589793,4.0
55.9,80.0,3.141592653589793,4.0
55.8,80.0,3.141592653589793,4.0
55.7,80.0,3.141592653589793,4.0
55.6,80.0,3.141592653589793,4.0
55.5,80.0,3.141592653589793,4.0
55.4,80.0,3.141592653589793,4.0
55.3,80.0,3.141592653589793,4.0
55.2,80.0,3.141592653589793,4.0
55.1,80.0,3.141592653589793,4.0
55.0,80.0,3.141592653589793,4.0
54.9,80.0,3.141592653589793,4.0
54.8,80.0,3.141592653589793,4.0
54.7,80.0,3.141592653589793,4.0
54.6,80.0,3.141592653589793,4.0
54.5,80.0,3.141592653589793,4.0
54.4,80.0,3.141592653589793,4.0
54.3,80.0,3.141592653589793,4.0
54.2,80.0,3.141592653589793,4.0
54.1,80.0,3.141592653589793,4.0
54.0,80.0,3.141592653589793,4.0
53.9,80.0,3.141592653589793,4.0
53.8,80.0,3.141592653589793,4.0
53.7,80.0,3.141592653589793,4.0
53.599999999999994,80.0,3.141592653589793,4.0
53.5,80.0,3.141592653589793,4.0
53.4,80.0,3.141592653589793,4.0
53.3,80.0,3.141592653589793,4.0
53.2,80.0,3.141592653589793,4.0
53.099999999999994,80.0,3.141592653589793,4.0
53.0,80.0,3.141592653589793,4.0
52.9,80.0,3.141592653589793,4.0
52.8,80.0,3.141592653589793,4.0
52.7,80.0,3.141592653589793,4.0
52.599999999999994,80.0,3.141592653589793,4.0
52.5,80.0,3.141592653589793,4.0
52.4,80.0,3.141592653589793,4.0
52.3,80.0,3.141592653589793,4.0
52.2,80.0,3.141592653589793,4.0
52.099999999999994,80.0,3.141592653589793,4.0
52.0,80.0,3.141592653589793,4.0
51.9,80.0,3.141592653589793,4.0
51.8,80.0,3.141592653589793,4.0
51.7,80.0,3.141592653589793,4.0
51.599999999999994,80.0,3.141592653589793,4.0
51.5,80.0,3.141592653589793,4.0
51.4,80.0,3.141592653589793,4.0
51.3,80.0,3.141592653589793,4.0
51.2,80.0,3.141592653589793,4.0
51.099999999999994,80.0,3.141592653589793,4.0
51.0,80.0,3.141592653589793,4.0
50.9,80.0,3.141592653589793,4.0
50.8,80.0,3.141592653589793,4.0
50.7,80.0,3.141592653589793,4.0
50.599999999999994,80.0,3.141592653589793,4.0
50.5,80.0,3.141592653589793,4.0
50.4,80.0,3.141592653589793,4.0
50.3,80.0,3.141592653589793,4.0
50.2,80.0,3.141592653589793,4.0
50.099999999999994,80.0,3.141592653589793,4.0
50.0,80.0,3.141592653589793,4.0
49.9,80.0,3.141592653589793,4.0
49.8,80.0,3.141592653589793,4.0
49.7,80.0,3.141592653589793,4.0
49.599999999999994,80.0,3.141592653589793,4.0
49.5,80.0,3.141592653589793,4.0
49.4,80.0,3.141592653589793,4.0
49.3,80.0,3.141592653589793,4.0
49.2,80.0,3.141592653589793,4.0
49.099999999999994,80.0,3.141592653589793,4.0
49.0,80.0,3.141592653589793,4.0
48.9,80.0,3.141592653589793,4.0
48.8,80.0,3.141592653589793,4.0
48.7,80.0,3.141592653589793,4.0
48.599999999999994,80.0,3.141592653589793,4.0
48.5,80.0,3.141592653589793,4.0
48.4,80.0,3.141592653589793,4.0
48.3,80.0,3.141592653589793,4.0
48.2,80.0,3.141592653589793,4.0
48.099999999999994,80.0,3.141592653589793,4.0
48.0,80.0,3.141592653589793,4.0
47.9,80.0,3.141592653589793,4.0
47.8,80.0,3.141592653589793,4.0
47.7,80.0,3.141592653589793,4.0
47.599999999999994,80.0,3.141592653589793,4.0
47.5,80.0,3.141592653589793,4.0
47.4,80.0,3.141592653589793,4.0
47.3,80.0,3.141592653589793,4.0
47.2,80.0,3.141592653589793,4.0
47.099999999999994,80.0,3.141592653589793,4.0
47.0,80.0,3.141592653589793,4.0
46.9,80.0,3.141592653589793,4.0
46.8,80.0,3.141592653589793,4.0
46.7,80.0,3.141592653589793,4.0
46.599999999999994,80.0,3.141592653589793,4.0
46.5,80.0,3.141592653589793,4.0
46.4,80.0,3.141592653589793,4.0
46.3,80.0,3.141592653589793,4.0
46.2,80.0,3.141592653589793,4.0
46.099999999999994,80.0,3.141592653589793,4.0
46.0,80.0,3.141592653589793,4.0
45.9,80.0,3.141592653589793,4.0
45.8,80.0,3.141592653589793,4.0
45.7,80.0,3.141592653589793,4.0
45.599999999999994,80.0,3.141592653589793,4.0
45.5,80.0,3.141592653589793,4.0
45.4,80.0,3.141592653589793,4.0
45.3,80.0,3.141592653589793,4.0
45.2,80.0,3.141592653589793,4.0
45.099999999999994,80.0,3.141592653589793,4.0
45.0,80.0,3.141592653589793,4.0
44.9,80.0,3.141592653589793,4.0
44.8,80.0,3.141592653589793,4.0
44.7,80.0,3.141592653589793,4.0
44.599999999999994,80.0,3.141592653589793,4.0
44.5,80.0,3.141592653589793,4.0
44.4,80.0,3.141592653589793,4.0
44.3,80.0,3.141592653589793,4.0
44.2,80.0,3.141592653589793,4.0
44.099999999999994,80.0,3.141592653589793,4.0
44.0,80.0,3.141592653589793,4.0
43.9,80.0,3.141592653589793,4.0
43.8,80.0,3.141592653589793,4.0
43.7,80.0,3.141592653589793,4.0
43.599999999999994,80.0,3.141592653589793,4.0
43.5,80.0,3.141592653589793,4.0
43.4,80.0,3.141592653589793,4.0
43.3,80.0,3.141592653589793,4.0
43.2,80.0,3.141592653589793,4.0
43.099999999999994,80.0,3.141592653589793,4.0
43.0,80.0,3.141592653589793,4.0
42.9,80.0,3.141592653589793,4.0
42.8,80.0,3.141592653589793,4.0
42.7,80.0,3.141592653589793,4.0
42.599999999999994,80.0,3.141592653589793,4.0
42.5,80.0,3.141592653589793,4.0
42.4,80.0,3.141592653589793,4.0
42.3,80.0,3.141592653589793,4.0
42.2,80.0,3.141592653589793,4.0
42.099999999999994,80.0,3.141592653589793,4.0
42.0,80.0,3.141592653589793,4.0
41.9,80.0,3.141592653589793,4.0
41.8,80.0,3.141592653589793,4.0
41.7,80.0,3.141592653589793,4.0
41.599999999999994,80.0,3.141592653589793,4.0
41.5,80.0,3.141592653589793,4.0
41.4,80.0,3.141592653589793,4.0
41.3,80.0,3.141592653589793,4.0
41.2,80.0,3.141592653589793,4.0
41.099999999999994,80.0,3.141592653589793,4.0
41.0,80.0,3.141592653589793,4.0
40.9,80.0,3.141592653589793,4.0
40.8,80.0,3.141592653589793,4.0
40.7,80.0,3.141592653589793,4.0
40.599999999999994,80.0,3.141592653589793,4.0
40.5,80.0,3.141592653589793,4.0
40.4,80.0,3.141592653589793,4.0
40.3,80.0,3.141592653589793,4.0
40.2,80.0,3.141592653589793,4.0
40.099999999999994,80.0,3.141592653589793,4.0
40.0,80.0,3.141592653589793,4.0
39.9,80.0,3.141592653589793,4.0
39.8,80.0,3.141592653589793,4.0
39.7,80.0,3.141592653589793,4.0
39.599999999999994,80.0,3.141592653589793,4.0
39.5,80.0,3.141592653589793,4.0
39.4,80.0,3.141592653589793,4.0
39.3,80.0,3.141592653589793,4.0
39.2,80.0,3.141592653589793,4.0
39.099999999999994,80.0,3.141592653589793,4.0
39.0,80.0,3.141592653589793,4.0
38.9,80.0,3.141592653589793,4.0
38.8,80.0,3.141592653589793,4.0
38.7,80.0,3.141592653589793,4.0
38.599999999999994,80.0,3.141592653589793,4.0
38.5,80.0,3.141592653589793,4.0
38.4,80.0,3.141592653589793,4.0
38.3,80.0,3.141592653589793,4.0
38.2,80.0,3.141592653589793,4.0
38.099999999999994,80.0,3.141592653589793,4.0
38.0,80.0,3.141592653589793,4.0
37.9,80.0,3.141592653589793,4.0
37.8,80.0,3.141592653589793,4.0
37.699999999999996,80.0,3.141592653589793,4.0
37.6,80.0,3.141592653589793,4.0
37.5,80.0,3.141592653589793,4.0
37.4,80.0,3.141592653589793,4.0
37.3,80.0,3.141592653589793,4.0
37.199999999999996,80.0,3.141592653589793,4.0
37.1,80.0,3.141592653589793,4.0
37.0,80.0,3.141592653589793,4.0
36.9,80.0,3.141592653589793,4.0
36.8,80.0,3.141592653589793,4.0
36.699999999999996,80.0,3.141592653589793,4.0
36.6,80.0,3.141592653589793,4.0
36.5,80.0,3.141592653589793,4.0
36.4,80.0,3.141592653589793,4.0
36.3,80.0,3.141592653589793,4.0
36.199999999999996,80.0,3.141592653589793,4.0
36.1,80.0,3.141592653589793,4.0
36.0,80.0,3.141592653589793,4.0
35.9,80.0,3.141592653589793,4.0
35.8,80.0,3.141592653589793,4.0
35.699999999999996,80.0,3.141592653589793,4.0
35.6,80.0,3.141592653589793,4.0
35.5,80.0,3.141592653589793,4.0
35.4,80.0,3.141592653589793,4.0
35.3,80.0,3.141592653589793,4.0
35.199999999999996,80.0,3.141592653589793,4.0
35.1,80.0,3.141592653589793,4.0
35.0,80.0,3.141592653589793,4.0
34.9,80.0,3.141592653589793,4.0
34.8,80.0,3.141592653589793,4.0
34.699999999999996,80.0,3.141592653589793,4.0
34.6,80.0,3.141592653589793,4.0
34.5,80.0,3.141592653589793,4.0
34.4,80.0,3.141592653589793,4.0
34.3,80.0,3.141592653589793,4.0
34.199999999999996,80.0,3.141592653589793,4.0
34.1,80.0,3.141592653589793,4.0
34.0,80.0,3.141592653589793,4.0
33.9,80.0,3.141592653589793,4.0
33.8,80.0,3.141592653589793,4.0
33.699999999999996,80.0,3.141592653589793,4.0
33.6,80.0,3.141592653589793,4.0
33.5,80.0,3.141592653589793,4.0
33.4,80.0,3.141592653589793,4.0
33.3,80.0,3.141592653589793,4.0
33.199999999999996,80.0,3.141592653589793,4.0
33.1,80.0,3.141592653589793,4.0
33.0,80.0,3.141592653589793,4.0
32.9,80.0,3.141592653589793,4.0
32.8,80.0,3.141592653589793,4.0
32.699999999999996,80.0,3.141592653589793,4.0
32.6,80.0,3.141592653589793,4.0
32.5,80.0,3.141592653589793,4.0
32.4,80.0,3.141592653589793,4.0
32.3,80.0,3.141592653589793,4.0
32.199999999999996,80.0,3.141592653589793,4.0
32.1,80.0,3.141592653589793,4.0
32.0,80.0,3.141592653589793,4.0
31.9,80.0,3.141592653589793,4.0
31.799999999999997,80.0,3.141592653589793,4.0
31.699999999999996,80.0,3.141592653589793,4.0
31.599999999999994,80.0,3.141592653589793,4.0
31.5,80.0,3.141592653589793,4.0
31.4,80.0,3.141592653589793,4.0
31.299999999999997,80.0,3.141592653589793,4.0
31.199999999999996,80.0,3.141592653589793,4.0
31.099999999999994,80.0,3.141592653589793,4.0
31.0,80.0,3.141592653589793,4.0
30.9,80.0,3.141592653589793,4.0
30.799999999999997,80.0,3.141592653589793,4.0
30.699999999999996,80.0,3.141592653589793,4.0
30.599999999999994,80.0,3.141592653589793,4.0
30.5,80.0,3.141592653589793,4.0
30.4,80.0,3.141592653589793,4.0
30.299999999999997,80.0,3.141592653589793,4.0
30.199999999999996,80.0,3.141592653589793,4.0
30.099999999999994,80.0,3.141592653589793,4.0
30.0,80.0,3.141592653589793,4.0
29.9,80.0,3.141592653589793,4.0
29.799999999999997,80.0,3.141592653589793,4.0
29.699999999999996,80.0,3.141592653589793,4.0
29.599999999999994,80.0,3.141592653589793,4.0
29.5,80.0,3.141592653589793,4.0
29.4,80.0,3.141592653589793,4.0
29.299999999999997,80.0,3.141592653589793,4.0
29.199999999999996,80.0,3.141592653589793,4.0
29.099999999999994,80.0,3.141592653589793,4.0
29.0,80.0,3.141592653589793,4.0
28.9,80.0,3.141592653589793,4.0
28.799999999999997,80.0,3.141592653589793,4.0
28.699999999999996,80.0,3.141592653589793,4.0
28.599999999999994,80.0,3.141592653589793,4.0
28.5,80.0,3.141592653589793,4.0
28.4,80.0,3.141592653589793,4.0
28.299999999999997,80.0,3.141592653589793,4.0
28.199999999999996,80.0,3.141592653589793,4.0
28.099999999999994,80.0,3.141592653589793,4.0
28.0,80.0,3.141592653589793,4.0
27.9,80.0,3.141592653589793,4.0
27.799999999999997,80.0,3.141592653589793,4.0
27.699999999999996,80.0,3.141592653589793,4.0
27.599999999999994,80.0,3.141592653589793,4.0
27.5,80.0,3.141592653589793,4.0
27.4,80.0,3.141592653589793,4.0
27.299999999999997,80.0,3.141592653589793,4.0
27.199999999999996,80.0,3.141592653589793,4.0
27.099999999999994,80.0,3.141592653589793,4.0
27.0,80.0,3.141592653589793,4.0
26.9,80.0,3.141592653589793,4.0
26.799999999999997,80.0,3.141592653589793,4.0
26.699999999999996,80.0,3.141592653589793,4.0
26.599999999999994,80.0,3.141592653589793,4.0
26.5,80.0,3.141592653589793,4.0
26.4,80.0,3.141592653589793,4.0
26.299999999999997,80.0,3.141592653589793,4.0
26.199999999999996,80.0,3.141592653589793,4.0
26.099999999999994,80.0,3.141592653589793,4.0
26.0,80.0,3.141592653589793,4.0
25.9,80.0,3.141592653589793,4.0
25.799999999999997,80.0,3.141592653589793,4.0
25.699999999999996,80.0,3.141592653589793,4.0
25.599999999999994,80.0,3.141592653589793,4.0
25.5,80.0,3.141592653589793,4.0
25.4,80.0,3.141592653589793,4.0
25.299999999999997,80.0,3.141592653589793,4.0
25.199999999999996,80.0,3.141592653589793,4.0
25.099999999999994,80.0,3.141592653589793,4.0
25.0,80.0,3.141592653589793,4.0
24.9,80.0,3.141592653589793,4.0
24.799999999999997,80.0,3.141592653589793,4.0
24.699999999999996,80.0,3.141592653589793,4.0
24.599999999999994,80.0,3.141592653589793,4.0
24.5,80.0,3.141592653589793,4.0
24.4,80.0,3.141592653589793,4.0
24.299999999999997,80.0,3.141592653589793,4.0
24.199999999999996,80.0,3.141592653589793,4.0
24.099999999999994,80.0,3.141592653589793,4.0
24.0,80.0,3.141592653589793,4.0
23.9,80.0,3.141592653589793,4.0
23.799999999999997,80.0,3.141592653589793,4.0
23.699999999999996,80.0,3.141592653589793,4.0
23.599999999999994,80.0,3.141592653589793,4.0
23.5,80.0,3.141592653589793,4.0
23.4,80.0,3.141592653589793,4.0
23.299999999999997,80.0,3.141592653589793,4.0
23.199999999999996,80.0,3.141592653589793,4.0
23.099999999999994,80.0,3.141592653589793,4.0
23.0,80.0,3.141592653589793,4.0
22.9,80.0,3.141592653589793,4.0
22.799999999999997,80.0,3.141592653589793,4.0
22.699999999999996,80.0,3.141592653589793,4.0
22.599999999999994,80.0,3.141592653589793,4.0
22.5,80.0,3.141592653589793,4.0
22.4,80.0,3.141592653589793,4.0
22.299999999999997,80.0,3.141592653589793,4.0
22.199999999999996,80.0,3.141592653589793,4.0
22.099999999999994,80.0,3.141592653589793,4.0
22.0,80.0,3.141592653589793,4.0
21.9,80.0,3.141592653589793,4.0
21.799999999999997,80.0,3.141592653589793,4.0
21.699999999999996,80.0,3.141592653589793,4.0
21.599999999999994,80.0,3.141592653589793,4.0
21.5,80.0,3.141592653589793,4.0
21.4,80.0,3.141592653589793,4.0
21.299999999999997,80.0,3.141592653589793,4.0
21.199999999999996,80.0,3.141592653589793,4.0
21.099999999999994,80.0,3.141592653589793,4.0
21.0,80.0,3.141592653589793,4.0
20.9,80.0,3.141592653589793,4.0
20.799999999999997,80.0,3.141592653589793,4.0
20.699999999999996,80.0,3.141592653589793,4.0
20.599999999999994,80.0,3.141592653589793,4.0
20.5,80.0,3.141592653589793,4.0
20.4,80.0,3.141592653589793,4.0
20.299999999999997,80.0,3.141592653589793,4.0
20.199999999999996,80.0,3.141592653589793,4.0
20.099999999999994,80.0,3.141592653589793,4.0
20.0,80.0,3.141592653589793,4.0
19.9,80.0,3.141592653589793,4.0
19.799999999999997,80.0,3.141592653589793,4.0
19.699999999999996,80.0,3.141592653589793,4.0
19.599999999999994,80.0,3.141592653589793,4.0
19.5,80.0,3.141592653589793,4.0
19.4,80.0,3.141592653589793,4.0
19.299999999999997,80.0,3.141592653589793,4.0
19.199999999999996,80.0,3.141592653589793,4.0
19.099999999999994,80.0,3.141592653589793,4.0
19.0,80.0,3.141592653589793,4.0
18.9,80.0,3.141592653589793,4.0
18.799999999999997,80.0,3.141592653589793,4.0
18.699999999999996,80.0,3.141592653589793,4.0
18.599999999999994,80.0,3.141592653589793,4.0
18.5,80.0,3.141592653589793,4.0
18.4,80.0,3.141592653589793,4.0
18.299999999999997,80.0,3.141592653589793,4.0
18.199999999999996,80.0,3.141592653589793,4.0
18.099999999999994,80.0,3.141592653589793,4.0
18.0,80.0,3.141592653589793,4.0
17.9,80.0,3.141592653589793,4.0
17.799999999999997,80.0,3.141592653589793,4.0
17.699999999999996,80.0,3.141592653589793,4.0
17.599999999999994,80.0,3.141592653589793,4.0
17.5,80.0,3.141592653589793,4.0
17.4,80.0,3.141592653589793,4.0
17.299999999999997,80.0,3.141592653589793,4.0
17.199999999999996,80.0,3.141592653589793,4.0
17.099999999999994,80.0,3.141592653589793,4.0
17.0,80.0,3.141592653589793,4.0
16.9,80.0,3.141592653589793,4.0
16.799999999999997,80.0,3.141592653589793,4.0
16.699999999999996,80.0,3.141592653589793,4.0
16.599999999999994,80.0,3.141592653589793,4.0
16.5,80.0,3.141592653589793,4.0
16.4,80.0,3.141592653589793,4.0
16.299999999999997,80.0,3.141592653589793,4.0
16.199999999999996,80.0,3.141592653589793,4.0
16.099999999999994,80.0,3.141592653589793,4.0
16.0,80.0,3.141592653589793,4.0
15.899999999999999,80.0,3.141592653589793,4.0
15.799999999999997,80.0,3.141592653589793,4.0
15.699999999999996,80.0,3.141592653589793,4.0
15.599999999999994,80.0,3.141592653589793,4.0
15.5,80.0,3.141592653589793,4.0
15.399999999999999,80.0,3.141592653589793,4.0
15.299999999999997,80.0,3.141592653589793,4.0
15.199999999999996,80.0,3.141592653589793,4.0
15.099999999999994,80.0,3.141592653589793,4.0
15.0,80.0,3.141592653589793,4.0
14.899999999999999,80.0,3.141592653589793,4.0
14.799999999999997,80.0,3.141592653589793,4.0
14.699999999999996,80.0,3.141592653589793,4.0
14.599999999999994,80.0,3.141592653589793,4.0
14.5,80.0,3.141592653589793,4.0
14.399999999999999,80.0,3.141592653589793,4.0
14.299999999999997,80.0,3.141592653589793,4.0
14.199999999999996,80.0,3.141592653589793,4.0
14.099999999999994,80.0,3.141592653589793,4.0
14.0,80.0,3.141592653589793,4.0
13.899999999999999,80.0,3.141592653589793,4.0
13.799999999999997,80.0,3.141592653589793,4.0
13.699999999999996,80.0,3.141592653589793,4.0
13.599999999999994,80.0,3.141592653589793,4.0
13.5,80.0,3.141592653589793,4.0
13.399999999999999,80.0,3.141592653589793,4.0
13.299999999999997,80.0,3.141592653589793,4.0
13.199999999999996,80.0,3.141592653589793,4.0
13.099999999999994,80.0,3.141592653589793,4.0
13.0,80.0,3.141592653589793,4.0
12.899999999999999,80.0,3.141592653589793,4.0
12.799999999999997,80.0,3.141592653589793,4.0
12.699999999999996,80.0,3.141592653589793,4.0
12.599999999999994,80.0,3.141592653589793,4.0
12.5,80.0,3.141592653589793,4.0
12.399999999999999,80.0,3.141592653589793,4.0
12.299999999999997,80.0,3.141592653589793,4.0
12.199999999999996,80.0,3.141592653589793,4.0
12.099999999999994,80.0,3.141592653589793,4.0
12.0,80.0,3.141592653589793,4.0
11.899999999999999,80.0,3.141592653589793,4.0
11.799999999999997,80.0,3.141592653589793,4.0
11.699999999999996,80.0,3.141592653589793,4.0
11.599999999999994,80.0,3.141592653589793,4.0
11.5,80.0,3.141592653589793,4.0
11.399999999999999,80.0,3.141592653589793,4.0
11.299999999999997,80.0,3.141592653589793,4.0
11.199999999999996,80.0,3.141592653589793,4.0
11.099999999999994,80.0,3.141592653589793,4.0
11.0,80.0,3.141592653589793,4.0
10.899999999999999,80.0,3.141592653589793,4.0
10.799999999999997,80.0,3.141592653589793,4.0
10.699999999999996,80.0,3.141592653589793,4.0
10.599999999999994,80.0,3.141592653589793,4.0
10.5,80.0,3.141592653589793,4.0
10.399999999999999,80.0,3.141592653589793,4.0
10.299999999999997,80.0,3.141592653589793,4.0
10.199999999999996,80.0,3.141592653589793,4.0
10.099999999999994,80.0,3.141592653589793,4.0
10.0,80.0,3.141592653589793,4.0
9.899999999999999,80.0,3.141592653589793,4.0
9.799999999999997,80.0,3.141592653589793,4.0
9.699999999999996,80.0,3.141592653589793,4.0
9.599999999999994,80.0,3.141592653589793,4.0
9.5,80.0,3.141592653589793,4.0
9.399999999999999,80.0,3.141592653589793,4.0
9.299999999999997,80.0,3.141592653589793,4.0
9.199999999999996,80.0,3.141592653589793,4.0
9.099999999999994,80.0,3.141592653589793,4.0
9.0,80.0,3.141592653589793,4.0
8.899999999999999,80.0,3.141592653589793,4.0
8.799999999999997,80.0,3.141592653589793,4.0
8.699999999999996,80.0,3.141592653589793,4.0
8.599999999999994,80.0,3.141592653589793,4.0
8.5,80.0,3.141592653589793,4.0
8.399999999999999,80.0,3.141592653589793,4.0
8.299999999999997,80.0,3.141592653589793,4.0
8.199999999999996,80.0,3.141592653589793,4.0
8.099999999999994,80.0,3.141592653589793,4.0
8.0,80.0,3.141592653589793,4.0
7.899999999999999,80.0,3.141592653589793,4.0
7.799999999999997,80.0,3.141592653589793,4.0
7.699999999999996,80.0,3.141592653589793,4.0
7.599999999999994,80.0,3.141592653589793,4.0
7.5,80.0,3.141592653589793,4.0
7.399999999999999,80.0,3.141592653589793,4.0
7.299999999999997,80.0,3.141592653589793,4.0
7.199999999999996,80.0,3.141592653589793,4.0
7.099999999999994,80.0,3.141592653589793,4.0
7.0,80.0,3.141592653589793,4.0
6.899999999999999,80.0,3.141592653589793,4.0
6.799999999999997,80.0,3.141592653589793,4.0
6.699999999999996,80.0,3.141592653589793,4.0
6.599999999999994,80.0,3.141592653589793,4.0
6.5,80.0,3.141592653589793,4.0
6.399999999999999,80.0,3.141592653589793,4.0
6.299999999999997,80.0,3.141592653589793,4.0
6.199999999999996,80.0,3.141592653589793,4.0
6.099999999999994,80.0,3.141592653589793,4.0
6.0,80.0,3.141592653589793,4.0
5.8999999999999915,80.0,3.141592653589793,4.0
5.799999999999997,80.0,3.141592653589793,4.0
5.700000000000003,80.0,3.141592653589793,4.0
5.599999999999994,80.0,3.141592653589793,4.0
5.5,80.0,3.141592653589793,4.0
5.3999999999999915,80.0,3.141592653589793,4.0
5.299999999999997,80.0,3.141592653589793,4.0
5.200000000000003,80.0,3.141592653589793,4.0
5.099999999999994,80.0,3.141592653589793,4.0
5.0,80.0,3.141592653589793,4.0
4.8999999999999915,80.0,3.141592653589793,4.0
4.799999999999997,80.0,3.141592653589793,4.0
4.700000000000003,80.0,3.141592653589793,4.0
4.599999999999994,80.0,3.141592653589793,4.0
4.5,80.0,3.141592653589793,4.0
4.3999999999999915,80.0,3.141592653589793,4.0
4.299999999999997,80.0,3.141592653589793,4.0
4.200000000000003,80.0,3.141592653589793,4.0
4.099999999999994,80.0,3.141592653589793,4.0
4.0,80.0,3.141592653589793,4.0
3.8999999999999915,80.0,3.141592653589793,4.0
3.799999999999997,80.0,3.141592653589793,4.0
3.700000000000003,80.0,3.141592653589793,4.0
3.5999999999999943,80.0,3.141592653589793,4.0
3.5,80.0,3.141592653589793,4.0
3.3999999999999915,80.0,3.141592653589793,4.0
3.299999999999997,80.0,3.141592653589793,4.0
3.200000000000003,80.0,3.141592653589793,4.0
3.0999999999999943,80.0,3.141592653589793,4.0
3.0,80.0,3.141592653589793,4.0
2.8999999999999915,80.0,3.141592653589793,4.0
2.799999999999997,80.0,3.141592653589793,4.0
2.700000000000003,80.0,3.141592653589793,4.0
2.5999999999999943,80.0,3.141592653589793,4.0
2.5,80.0,3.141592653589793,4.0
2.3999999999999915,80.0,3.141592653589793,4.0
2.299999999999997,80.0,3.141592653589793,4.0
2.200000000000003,80.0,3.141592653589793,4.0
2.0999999999999943,80.0,3.141592653589793,4.0
2.0,80.0,3.141592653589793,4.0
1.8999999999999915,80.0,3.141592653589793,4.0
1.7999999999999972,80.0,3.141592653589793,4.0
1.7000000000000028,80.0,3.141592653589793,4.0
1.5999999999999943,80.0,3.141592653589793,4.0
1.5,80.0,3.141592653589793,4.0
1.3999999999999915,80.0,3.141592653589793,4.0
1.2999999999999972,80.0,3.141592653589793,4.0
1.2000000000000028,80.0,3.141592653589793,4.0
1.0999999999999943,80.0,3.141592653589793,4.0
1.0,80.0,3.141592653589793,4.0
0.8999999999999915,80.0,3.141592653589793,4.0
0.7999999999999972,80.0,3.141592653589793,4.0
0.7000000000000028,80.0,3.141592653589793,4.0
0.5999999999999943,80.0,3.141592653589793,4.0
0.5,80.0,3.141592653589793,4.0
0.3999999999999915,80.0,3.141592653589793,4.0
0.29999999999999716,80.0,3.141592653589793,4.0
0.20000000000000284,80.0,3.141592653589793,4.0
0.09999999999999432,80.0,3.141592653589793,4.0
2.4492935982947065e-15,80.0,3.141592653589793,4.0
-0.10005061712668609,79.99987487322944,-3.1390913855534954,4.0
-0.20010060830284399,79.99949949370063,-3.1365901175171977,4.0
-0.30014934758183903,79.99887386376204,-3.1340888494809005,4.0
-0.4001962090249245,79.99799798732784,-3.131587581444603,4.0
-0.5002405667050489,79.99687186987781,-3.129086313408305,4.0
-0.6002817947108428,79.99549551845732,-3.1265850453720074,4.0
-0.7003192671505167,79.99386894167728,-3.1240837773357097,4.0
-0.8003523581557783,79.99199214971411,-3.121582509299412,4.0
-0.9003804418857281,79.98986515430965,-3.119081241263115,4.0
-1.0004028925308475,79.98748796877113,-3.116579973226817,4.0
-1.1004190843168073,79.984860607971,-3.1140787051905194,4.0
-1.2004283915084533,79.98198308834694,-3.1115774371542217,4.0
-1.300430188413704,79.97885542790166,-3.109076169117924,4.0
-1.4004238493874468,79.97547764620289,-3.106574901081627,4.0
-1.5004087488355233,79.97184976438317,-3.104073633045329,4.0
-1.6003842612185375,79.96797180513973,-3.1015723650090314,4.0
-1.7003497610558393,79.96384379273442,-3.0990710969727338,4.0
-1.8003046229294206,79.95946575299348,-3.096569828936436,4.0
-1.9002482214878103,79.95483771330741,-3.094068560900139,4.0
-2.0001799314500577,79.94995970263079,-3.091567292863841,4.0
-2.1000991276095378,79.94483175148211,-3.0890660248275434,4.0
-2.200005184837934,79.93945389194357,-3.0865647567912458,4.0
-2.2998974780891315,79.93382615766086,-3.084063488754948,4.0
-2.3997753824031274,79.92794858384302,-3.0815622207186504,4.0
-2.499638272909923,79.92182120726213,-3.079060952682353,4.0
-2.5994855248335047,79.91544406625312,-3.0765596846460554,4.0
-2.6993165134956456,79.90881720071354,-3.0740584166097578,4.0
-2.799130614319884,79.90194065210335,-3.07155714857346,4.0
-2.8989272028354174,79.8948144634445,-3.0690558805371624,4.0
-2.9987056546809847,79.8874386793209,-3.066554612500865,4.0
-3.0984653456088496,79.87981334587789,-3.0640533444645675,4.0
-3.1982056514885966,79.87193851082219,-3.0615520764282698,4.0
-3.2979259483111067,79.86381422342143,-3.059050808391972,4.0
-3.3976256121924453,79.85544053450387,-3.0565495403556744,4.0
-3.497304019377764,79.84681749645816,-3.0540482723193767,4.0
-3.596960546245186,79.83794516323294,-3.0515470042830795,4.0
-3.696594569309778,79.82882359033655,-3.0490457362467818,4.0
-3.796205465227345,79.81945283483662,-3.046544468210484,4.0
-3.8957926107984013,79.80983295535977,-3.0440432001741864,4.0
-3.995355382972052,79.79996401209121,-3.0415419321378887,4.0
-4.09489315884987,79.78984606677443,-3.0390406641015915,4.0
-4.1944053156898695,79.77947918271069,-3.0365393960652938,4.0
-4.293891230910293,79.7688634247587,-3.034038128028996,4.0
-4.393350282093575,79.75799885933431,-3.0315368599926984,4.0
-4.492781846990222,79.74688555440986,-3.0290355919564007,4.0
-4.592185303522704,79.73552357951397,-3.026534323920103,4.0
-4.691560029789327,79.72391300573099,-3.0240330558838058,4.0
-4.7909054040682,79.7120539057006,-3.021531787847508,4.0
-4.890220804821011,79.69994635361735,-3.0190305198112104,4.0
-4.989505610696992,79.68759042523018,-3.0165292517749127,4.0
-5.088759200536788,79.67498619784199,-3.014027983738615,4.0
-5.1879809533763215,79.66213375030905,-3.011526715702318,4.0
-5.287170248450755,79.64903316304066,-3.00902544766602,4.0
-5.386326465198259,79.63568451799848,-3.0065241796297224,4.0
-5.485448983263978,79.62208789869621,-3.0040229115934247,4.0
-5.584537182503881,79.60824339019885,-3.001521643557127,4.0
-5.683590442988634,79.59415107912238,-2.99902037552083,4.0
-5.782608145007541,79.57981105363305,-2.996519107484532,4.0
-5.88158966907232,79.5652234034469,-2.9940178394482344,4.0
-5.980534395921049,79.55038821982922,-2.9915165714119367,4.0
-6.0794417065220205,79.53530559559393,-2.989015303375639,4.0
-6.178310982077618,79.51997562510306,-2.9865140353393413,4.0
-6.277141604028166,79.50439840426606,-2.984012767303044,4.0
-6.3759329540558705,79.48857403053933,-2.9815114992667464,4.0
-6.4746844140885855,79.47250260292547,-2.9790102312304487,4.0
-6.573395366303746,79.45618422197282,-2.976508963194151,4.0
-6.67206519313222,79.43961898977466,-2.9740076951578533,4.0
-6.77069327726215,79.4228070099687,-2.971506427121556,4.0
-6.869279001642888,79.40574838773638,-2.9690051590852584,4.0
-6.967821749488752,79.3884432298022,-2.9665038910489607,4.0
-7.06632090428295,79.37089164443313,-2.964002623012663,4.0
-7.164775849781427,79.35309374143777,-2.9615013549763654,4.0
-7.263185970016696,79.33504963216588,-2.959000086940068,4.0
-7.3615506493017655,79.31675942950747,-2.9564988189037704,4.0
-7.4598692722338855,79.29822324789228,-2.9539975508674727,4.0
-7.558141223698466,79.2794412032889,-2.951496282831175,4.0
-7.656365888872912,79.26041341320419,-2.9489950147948774,4.0
-7.754542653230466,79.24113999668242,-2.9464937467585797,4.0
-7.8526709025440375,79.22162107430465,-2.9439924787222824,4.0
-7.950750022890114,79.20185676818781,-2.9414912106859847,4.0
-8.0487794006525,79.18184720198414,-2.938989942649687,4.0
-8.14675842252622,79.16159250088023,-2.9364886746133894,4.0
-8.244686475521348,79.14109279159635,-2.9339874065770917,4.0
-8.342562946966813,79.12034820238563,-2.9314861385407944,4.0
-8.440387224514312,79.09935886303325,-2.9289848705044967,4.0
-8.53815869614203,79.07812490485558,-2.926483602468199,4.0
-8.635876750158541,79.05664646069951,-2.9239823344319014,4.0
-8.733540775206624,79.03492366494142,-2.9214810663956037,4.0
-8.83115016026707,79.01295665348647,-2.918979798359306,4.0
-8.928704294662511,78.99074556376776,-2.9164785303230087,4.0
-9.026202568061287,78.96829053474535,-2.913977262286711,4.0
-9.123644370481179,78.9455917069055,-2.9114759942504134,4.0
-9.221029092293284,78.92264922225979,-2.9089747262141157,4.0
-9.318356124225813,78.89946322434415,-2.906473458177818,4.0
-9.415624857367893,78.87603385821805,-2.9039721901415207,4.0
-9.512834683173434,78.8523612704635,-2.901470922105223,4.0
-9.60998499346484,78.82844560918426,-2.8989696540689254,4.0
-9.707075180436881,78.8042870240048,-2.8964683860326277,4.0
-9.804104636660483,78.77988566606936,-2.89396711799633,4.0
-9.901072755086515,78.75524168804117,-2.8914658499600323,4.0
-9.997978929049589,78.73035524410125,-2.888964581923735,4.0
-10.094822552271909,78.70522648994762,-2.8864633138874374,4.0
-10.191603018866964,78.67985558279429,-2.8839620458511397,4.0
-10.288319723343395,78.65424268137022,-2.881460777814842,4.0
-10.38497206060876,78.62838794591842,-2.8789595097785443,4.0
-10.481559425973293,78.60229153819486,-2.876458241742247,4.0
-10.578081215153778,78.57595362146749,-2.8739569737059494,4.0
-10.67453682427721,78.54937436051524,-2.8714557056696517,4.0
-10.770925649884644,78.52255392162697,-2.868954437633354,4.0
-10.867247088934954,78.4954924726004,-2.8664531695970563,4.0
-10.963500538808617,78.46819018274115,-2.8639519015607586,4.0
-11.059685397311442,78.44064722286159,-2.8614506335244614,4.0
-11.15580106267843,78.41286376527975,-2.8589493654881637,4.0
-11.251846933577426,78.38483998381841,-2.856448097451866,4.0
-11.347822409112942,78.35657605380379,-2.8539468294155683,4.0
-11.4437268888299,78.32807215206462,-2.851445561379271,4.0
-11.53955977271744,78.29932845693097,-2.8489442933429734,4.0
-11.635320461212583,78.27034514823309,-2.8464430253066757,4.0
-11.731008355204045,78.2411224073004,-2.843941757270378,4.0
-11.826622856035966,78.21166041696026,-2.8414404892340803,4.0
-11.922163365511661,78.18195936153685,-2.8389392211977826,4.0
-12.01762928589736,78.15201942685003,-2.836437953161485,4.0
-12.113020019925933,78.12184080021416,-2.8339366851251877,4.0
-12.208334970800685,78.09142367043697,-2.83143541708889,4.0
-12.303573542199,78.06076822781827,-2.8289341490525923,4.0
-12.398735138276137,78.02987466414893,-2.8264328810162946,4.0
-12.493819163668935,77.99874317270952,-2.823931612979997,4.0
-12.588825023499528,77.96737394826921,-2.8214303449436997,4.0
-12.683752123379124,77.93576718708448,-2.818929076907402,4.0
-12.778599869411638,77.90392308689792,-2.8164278088711043,4.0
-12.873367668197456,77.871841846937,-2.8139265408348066,4.0
-12.968054926837155,77.83952366791283,-2.811425272798509,4.0
-13.062661052935189,77.80696875201886,-2.8089240047622113,4.0
-13.157185454603585,77.77417730292967,-2.806422736725914,4.0
-13.251627540465725,77.7411495257997,-2.8039214686896163,4.0
-13.34598671965993,77.70788562726185,-2.8014202006533186,4.0
-13.440262401843233,77.67438581542636,-2.798918932617021,4.0
-13.53445399719503,77.64065029987941,-2.7964176645807237,4.0
-13.628560916420856,77.60667929168176,-2.793916396544426,4.0
-13.722582570755943,77.57247300336758,-2.7914151285081283,4.0
-13.816518371968993,77.53803164894296,-2.7889138604718307,4.0
-13.910367732365838,77.50335544388469,-2.786412592435533,4.0
-14.004130064793106,77.46844460513884,-2.7839113243992353,4.0
-14.097804782641886,77.43329935111944,-2.781410056362938,4.0
-14.191391299851468,77.3979199017071,-2.7789087883266403,4.0
-14.2848890309129,77.36230647824763,-2.7764075202903427,4.0
-14.378297390872724,77.32645930355065,-2.773906252254045,4.0
-14.471615795336623,77.29037860188822,-2.7714049842177473,4.0
-14.564843660473045,77.25406459899347,-2.76890371618145,4.0
-14.657980403016946,77.21751752205904,-2.7664024481451523,4.0
-14.751025440273313,77.18073759973583,-2.7639011801088547,4.0
-14.843978190120898,77.1437250621315,-2.761399912072557,4.0
-14.93683807101583,77.106480140809,-2.7588986440362593,4.0
-15.029604501995255,77.06900306878516,-2.7563973759999616,4.0
-15.122276902680966,77.03129408052926,-2.7538961079636644,4.0
-15.214854693283081,76.99335341196148,-2.7513948399273667,4.0
-15.307337294603588,76.95518130045147,-2.748893571891069,4.0
-15.399724128040024,76.9167779848169,-2.7463923038547713,4.0
-15.492014615589083,76.87814370532192,-2.7438910358184736,4.0
-15.584208179850215,76.83927870367563,-2.7413897677821764,4.0
-15.676304244029307,76.80018322303069,-2.7388884997458787,4.0
-15.768302231942187,76.7608575079816,-2.736387231709581,4.0
-15.860201568018297,76.72130180456338,-2.7338859636732833,4.0
-15.952001677304285,76.6815163602499,-2.7313846956369856,4.0
-16.043701985467585,76.64150142395238,-2.728883427600688,4.0
-16.13530191880001,76.60125724601778,-2.7263821595643907,4.0
-16.226800904221406,76.5607840782273,-2.723880891528093,4.0
-16.318198369283124,76.5200821737948,-2.7213796234917953,4.0
-16.409493742171684,76.47915178736518,-2.7188783554554976,4.0
-16.500686451712326,76.43799317501276,-2.7163770874192,4.0
-16.591775927372574,76.3966065942398,-2.7138758193829027,4.0
-16.68276159926586,76.35499230397471,-2.711374551346605,4.0
-16.773642898155007,76.3131505645706,-2.7088732833103073,4.0
-16.86441925545584,76.27108163780355,-2.7063720152740096,4.0
-16.955090103240742,76.22878578687101,-2.703870747237712,4.0
-17.045654874242192,76.18626327639016,-2.7013694792014142,4.0
-17.13611300185631,76.1435143723962,-2.698868211165117,4.0
-17.226463920146454,76.10053934234075,-2.6963669431288193,4.0
-17.316707063846685,76.05733845509013,-2.6938656750925216,4.0
-17.40684186836534,76.01391198092375,-2.691364407056224,4.0
-17.49686776978855,75.97026019153232,-2.6888631390199267,4.0
-17.58678420488384,75.92638336001619,-2.686361870983629,4.0
-17.676590611103535,75.8822817608837,-2.6838606029473313,4.0
-17.766286426588348,75.83795567004935,-2.6813593349110336,4.0
-17.8558710901709,75.79340536483221,-2.678858066874736,4.0
-17.945344041379208,75.74863112395404,-2.6763567988384382,4.0
-18.034704720440182,75.70363322753768,-2.673855530802141,4.0
-18.123952568283194,75.65841195710517,-2.6713542627658433,4.0
-18.213087026543484,75.6129675955761,-2.6688529947295456,4.0
-18.302107537565703,75.56730042726579,-2.666351726693248,4.0
-18.391013544407397,75.52141073788349,-2.6638504586569502,4.0
-18.479804490842476,75.47529881453063,-2.661349190620653,4.0
-18.568479821364757,75.42896494569902,-2.6588479225843553,4.0
-18.657038981191327,75.38240942126903,-2.6563466545480576,4.0
-18.745481416266113,75.33563253250777,-2.65384538651176,4.0
-18.833806573263296,75.28863457206731,-2.6513441184754623,4.0
-18.922013899590787,75.24141583398278,-2.6488428504391646,4.0
-19.01010284339369,75.19397661367063,-2.6463415824028673,4.0
-19.098072853557774,75.14631720792663,-2.6438403143665696,4.0
-19.18592337971286,75.09843791492418,-2.641339046330272,4.0
-19.273653872236316,75.05033903421236,-2.6388377782939743,4.0
-19.36126378225649,75.00202086671402,-2.6363365102576766,4.0
-19.4487525616561,74.95348371472399,-2.6338352422213793,4.0
-19.536119663075763,74.90472788190712,-2.6313339741850816,4.0
-19.623364539917297,74.85575367329642,-2.628832706148784,4.0
-19.71048664634722,74.80656139529108,-2.6263314381124863,4.0
-19.797485437300143,74.75715135565468,-2.6238301700761886,4.0
-19.88436036848217,74.70752386351316,-2.621328902039891,4.0
-19.971110896374313,74.6576792293529,-2.6188276340035936,4.0
-20.057736478235935,74.60761776501877,-2.616326365967296,4.0
-20.14423657210805,74.5573397837123,-2.6138250979309983,4.0
-20.230610636816788,74.5068455999895,-2.6113238298947006,4.0
-20.31685813197675,74.45613552975914,-2.6088225618584033,4.0
-20.402978517994434,74.40520989028053,-2.6063212938221056,4.0
-20.488971256071537,74.35406900016174,-2.603820025785808,4.0
-20.574835808208384,74.30271317935748,-2.6013187577495103,4.0
-20.660571637207266,74.25114274916717,-2.5988174897132126,4.0
-20.746178206675808,74.19935803223285,-2.596316221676915,4.0
-20.831654981030336,74.14735935253725,-2.593814953640617,4.0
-20.9170014254992,74.09514703540174,-2.59131368560432,4.0
-21.00221700612618,74.04272140748422,-2.5888124175680223,4.0
-21.087301189773736,73.99008279677716,-2.5863111495317246,4.0
-21.17225344412642,73.93723153260555,-2.583809881495427,4.0
-21.257073237694147,73.8841679456248,-2.5813086134591297,4.0
-21.34176003981561,73.83089236781865,-2.578807345422832,4.0
-21.42631332066149,73.77740513249714,-2.5763060773865343,4.0
-21.510732551237837,73.72370657429454,-2.5738048093502366,4.0
-21.595017203389368,73.66979702916721,-2.571303541313939,4.0
-21.67916674980276,73.61567683439151,-2.568802273277641,4.0
-21.763180664009973,73.56134632856171,-2.5663010052413435,4.0
-21.8470584203915,73.50680585158784,-2.5637997372050463,4.0
-21.930799494179738,73.45205574469357,-2.5612984691687486,4.0
-22.01440336146215,73.39709635041412,-2.558797201132451,4.0
-22.097869499184654,73.34192801259405,-2.556295933096153,4.0
-22.181197385154817,73.2865510763852,-2.553794665059856,4.0
-22.264386498045212,73.23096588824438,-2.5512933970235583,4.0
-22.34743631739656,73.17517279593137,-2.5487921289872606,4.0
-22.43034632362108,73.11917214850664,-2.546290860950963,4.0
-22.513115998005716,73.0629642963292,-2.543789592914665,4.0
-22.595744822715353,73.00654959105438,-2.5412883248783675,4.0
-22.6782322807961,72.9499283856317,-2.53878705684207,4.0
-22.760577856178486,72.89310103430259,-2.536285788805772,4.0
-22.842781033680705,72.83606789259818,-2.533784520769475,4.0
-22.924841299011884,72.77882931733711,-2.5312832527331772,4.0
-23.006758138775204,72.72138566662329,-2.5287819846968795,4.0
-23.08853104047119,72.66373729984366,-2.526280716660582,4.0
-23.17015949250086,72.60588457766592,-2.5237794486242846,4.0
-23.251642984169028,72.54782786203626,-2.521278180587987,4.0
-23.332981005687362,72.48956751617715,-2.5187769125516892,4.0
-23.414173048177666,72.43110390458503,-2.5162756445153915,4.0
-23.49521860367503,72.37243739302808,-2.513774376479094,4.0
-23.576117165131038,72.31356834854382,-2.511273108442796,4.0
-23.656868226416883,72.25449713943696,-2.508771840406499,4.0
-23.73747128232661,72.19522413527696,-2.5062705723702012,4.0
-23.817925828580208,72.13574970689578,-2.5037693043339035,4.0
-23.898231361826795,72.0760742263856,-2.501268036297606,4.0
-23.97838737964776,72.01619806709643,-2.4987667682613086,4.0
-24.058393380559945,71.95612160363378,-2.496265500225011,4.0
-24.138248864018713,71.89584521185634,-2.4937642321887132,4.0
-24.217953330421125,71.83536926887365,-2.4912629641524155,4.0
-24.297506281109055,71.77469415304364,-2.488761696116118,4.0
-24.376907218372313,71.71382024397042,-2.48626042807982,4.0
-24.45615564545176,71.65274792250173,-2.4837591600435225,4.0
-24.535251066542394,71.59147757072674,-2.4812578920072252,4.0
-24.614192986796503,71.53000957197347,-2.4787566239709276,4.0
-24.692980912326703,71.46834431080651,-2.47625535593463,4.0
-24.77161435020907,71.40648217302467,-2.473754087898332,4.0
-24.850092808486167,71.34442354565839,-2.471252819862035,4.0
-24.928415796170228,71.28216881696744,-2.4687515518257372,4.0
-25.00658282324611,71.21971837643852,-2.4662502837894396,4.0
-25.084593400674432,71.15707261478268,-2.463749015753142,4.0
-25.162447040394614,71.09423192393304,-2.461247747716844,4.0
-25.240143255327926,71.03119669704222,-2.4587464796805465,4.0
-25.31768155938055,70.96796732847996,-2.456245211644249,4.0
-25.395061467446588,70.90454421383058,-2.4537439436079516,4.0
-25.47228249541117,70.84092774989055,-2.451242675571654,4.0
-25.549344160153396,70.77711833466603,-2.448741407535356,4.0
-25.6262459795494,70.71311636737028,-2.4462401394990585,4.0
-25.702987472475343,70.64892224842133,-2.4437388714627613,4.0
-25.779568158810505,70.58453637943926,-2.4412376034264636,4.0
-25.855987559440173,70.5199591632439,-2.438736335390166,4.0
-25.9322451962587,70.45519100385216,-2.436235067353868,4.0
-26.0083405921725,70.39023230647558,-2.4337337993175705,4.0
-26.084273271103015,70.32508347751777,-2.431232531281273,4.0
-26.1600427579897,70.25974492457183,-2.428731263244975,4.0
-26.235648578792983,70.1942170564179,-2.426229995208678,4.0
-26.311090260497277,70.12850028302049,-2.42372872717238,4.0
-26.38636733111387,70.06259501552597,-2.4212274591360825,4.0
-26.46147931968393,69.99650166626,-2.418726191099785,4.0
-26.53642575628141,69.930220648725,-2.4162249230634876,4.0
-26.61120617201606,69.8637523775974,-2.41372365502719,4.0
-26.68582009903627,69.79709726872521,-2.411222386990892,4.0
-26.760267070532056,69.73025573912538,-2.4087211189545945,4.0
-26.83454662073796,69.66322820698113,-2.406219850918297,4.0
-26.908658284935967,69.59601509163939,-2.403718582881999,4.0
-26.982601599458413,69.52861681360818,-2.401217314845702,4.0
-27.05637610169091,69.46103379455394,-2.398716046809404,4.0
-27.129981330075182,69.39326645729889,-2.3962147787731065,4.0
-27.203416824112004,69.32531522581846,-2.393713510736809,4.0
-27.276682124364058,69.25718052523855,-2.3912122427005116,4.0
-27.349776772458846,69.18886278183291,-2.388710974664214,4.0
-27.42270031109149,69.12036242302047,-2.386209706627916,4.0
-27.495452284027646,69.05167987736266,-2.3837084385916185,4.0
-27.568032236106347,68.98281557456075,-2.381207170555321,4.0
-27.640439713242838,68.91376994545311,-2.378705902519023,4.0
-27.712674262431428,68.8445434220126,-2.3762046344827255,4.0
-27.784735431748324,68.77513643734378,-2.373703366446428,4.0
-27.856622770354463,68.7055494256802,-2.3712020984101305,4.0
-27.92833582849832,68.63578282238181,-2.368700830373833,4.0
-27.999874157518718,68.56583706393208,-2.366199562337535,4.0
-28.071237309847646,68.49571258793536,-2.363698294301238,4.0
-28.14242483901309,68.42540983311409,-2.36119702626494,4.0
-28.213436299641753,68.35492923930612,-2.3586957582286425,4.0
-28.2842712474619,68.2842712474619,-2.356194490192345,4.0
-28.354929239306117,68.21343629964176,-2.353693222156047,4.0
-28.42540983311408,68.1424248390131,-2.3511919541197495,4.0
-28.49571258793535,68.07123730984765,-2.3486906860834518,4.0
-28.565837063932072,67.99987415751872,-2.3461894180471545,4.0
-28.635782822381806,67.92833582849832,-2.343688150010857,4.0
-28.705549425680204,67.85662277035448,-2.341186881974559,4.0
-28.775136437343775,67.78473543174833,-2.3386856139382615,4.0
-28.8445434220126,67.71267426243143,-2.336184345901964,4.0
-28.913769945453115,67.64043971324284,-2.3336830778656665,4.0
-28.982815574560746,67.56803223610635,-2.331181809829369,4.0
-29.051679877362663,67.49545228402765,-2.328680541793071,4.0
-29.120362423020467,67.42270031109149,-2.3261792737567735,4.0
-29.188862781832906,67.34977677245885,-2.323678005720476,4.0
-29.257180525238553,67.27668212436406,-2.321176737684178,4.0
-29.325315225818468,67.203416824112,-2.3186754696478804,4.0
-29.393266457298886,67.12998133007518,-2.316174201611583,4.0
-29.461033794553934,67.05637610169092,-2.3136729335752855,4.0
-29.528616813608185,66.98260159945842,-2.311171665538988,4.0
-29.5960150916394,66.90865828493597,-2.30867039750269,4.0
-29.663228206981124,66.83454662073797,-2.306169129466393,4.0
-29.730255739125376,66.76026707053207,-2.303667861430095,4.0
-29.79709726872521,66.68582009903628,-2.3011665933937975,4.0
-29.863752377597393,66.61120617201607,-2.2986653253575,4.0
-29.930220648724998,66.53642575628142,-2.296164057321202,4.0
-29.996501666260016,66.46147931968392,-2.2936627892849044,4.0
-30.062595015525957,66.38636733111387,-2.291161521248607,4.0
-30.12850028302048,66.31109026049728,-2.2886602532123095,4.0
-30.194217056417898,66.23564857879299,-2.286158985176012,4.0
-30.259744924571837,66.16004275798969,-2.283657717139714,4.0
-30.325083477517758,66.08427327110303,-2.281156449103417,4.0
-30.39023230647558,66.0083405921725,-2.278655181067119,4.0
-30.455191003852157,65.9322451962587,-2.2761539130308215,4.0
-30.51995916324389,65.85598755944018,-2.273652644994524,4.0
-30.584536379439253,65.77956815881052,-2.271151376958226,4.0
-30.64892224842132,65.70298747247534,-2.2686501089219284,4.0
-30.71311636737029,65.6262459795494,-2.2661488408856307,4.0
-30.77711833466603,65.5493441601534,-2.263647572849333,4.0
-30.840927749890565,65.47228249541116,-2.2611463048130354,4.0
-30.904544213830594,65.39506146744658,-2.2586450367767377,4.0
-30.967967328479954,65.31768155938056,-2.256143768740441,4.0
-31.03119669704222,65.24014325532792,-2.253642500704143,4.0
-31.09423192393303,65.16244704039462,-2.2511412326678455,4.0
-31.157072614782674,65.08459340067444,-2.248639964631548,4.0
-31.21971837643851,65.0065828232461,-2.24613869659525,4.0
-31.282168816967445,64.92841579617023,-2.2436374285589524,4.0
-31.344423545658383,64.85009280848617,-2.2411361605226547,4.0
-31.40648217302467,64.77161435020906,-2.238634892486357,4.0
-31.4683443108065,64.69298091232673,-2.2361336244500603,4.0
-31.53000957197344,64.61419298679652,-2.2336323564137626,4.0
-31.59147757072672,64.5352510665424,-2.231131088377465,4.0
-31.65274792250173,64.45615564545176,-2.228629820341167,4.0
-31.71382024397041,64.37690721837232,-2.2261285523048695,4.0
-31.77469415304364,64.29750628110907,-2.223627284268572,4.0
-31.835369268873638,64.21795333042112,-2.221126016232274,4.0
-31.89584521185634,64.13824886401872,-2.2186247481959764,4.0
-31.956121603633775,64.05839338055995,-2.2161234801596787,4.0
-32.016198067096425,63.978387379647764,-2.213622212123381,4.0
-32.0760742263856,63.89823136182679,-2.2111209440870834,4.0
-32.13574970689578,63.8179258285802,-2.2086196760507857,4.0
-32.19522413527694,63.73747128232663,-2.206118408014489,4.0
-32.25449713943695,63.656868226416904,-2.203617139978191,4.0
-32.313568348543825,63.57611716513105,-2.2011158719418935,4.0
-32.37243739302807,63.49521860367504,-2.198614603905596,4.0
-32.43110390458503,63.41417304817767,-2.196113335869298,4.0
-32.48956751617713,63.332981005687365,-2.1936120678330004,4.0
-32.54782786203624,63.25164298416903,-2.1911107997967028,4.0
-32.60588457766592,63.170159492500865,-2.188609531760405,4.0
-32.663737299843675,63.08853104047118,-2.1861082637241074,4.0
-32.721385666623306,63.0067581387752,-2.1836069956878097,4.0
-32.7788293173371,62.9248412990119,-2.181105727651513,4.0
-32.836067892598166,62.84278103368073,-2.178604459615215,4.0
-32.893101034302575,62.76057785617849,-2.1761031915789175,4.0
-32.949928385631694,62.6782322807961,-2.17360192354262,4.0
-33.00654959105438,62.59574482271536,-2.171100655506322,4.0
-33.06296429632919,62.51311599800572,-2.1685993874700245,4.0
-33.11917214850664,62.430346323621094,-2.1660981194337268,4.0
-33.175172795931374,62.347436317396564,-2.163596851397429,4.0
-33.230965888244384,62.26438649804521,-2.1610955833611314,4.0
-33.286551076385194,62.18119738515483,-2.1585943153248337,4.0
-33.34192801259407,62.09786949918465,-2.156093047288536,4.0
-33.397096350414124,62.01440336146214,-2.1535917792522383,4.0
-33.45205574469355,61.93079949417976,-2.1510905112159415,4.0
-33.50680585158782,61.84705842039152,-2.148589243179644,4.0
-33.5613463285617,61.76318066400998,-2.146087975143346,4.0
-33.61567683439151,61.67916674980277,-2.1435867071070485,4.0
-33.66979702916721,61.595017203389375,-2.1410854390707508,4.0
-33.72370657429454,61.51073255123784,-2.138584171034453,4.0
-33.77740513249714,61.42631332066149,-2.1360829029981554,4.0
-33.83089236781864,61.34176003981561,-2.1335816349618577,4.0
-33.884167945624796,61.25707323769416,-2.13108036692556,4.0
-33.937231532605566,61.17225344412641,-2.1285790988892623,4.0
-33.99008279677715,61.08730118977376,-2.1260778308529655,4.0
-34.04272140748421,61.0022170061262,-2.123576562816668,4.0
-34.09514703540174,60.91700142549922,-2.12107529478037,4.0
-34.14735935253725,60.83165498103035,-2.1185740267440725,4.0
-34.19935803223285,60.746178206675815,-2.116072758707775,4.0
-34.251142749167165,60.66057163720727,-2.113571490671477,4.0
-34.30271317935749,60.57483580820839,-2.1110702226351794,4.0
-34.35406900016174,60.48897125607155,-2.1085689545988817,4.0
-34.40520989028053,60.40297851799444,-2.106067686562584,4.0
-34.45613552975914,60.31685813197676,-2.1035664185262863,4.0
-34.50684559998952,60.23061063681678,-2.1010651504899887,4.0
-34.5573397837123,60.14423657210804,-2.098563882453691,4.0
-34.607617765018766,60.05773647823595,-2.096062614417394,4.0
-34.65767922935288,59.971110896374334,-2.0935613463810965,4.0
-34.70752386351316,59.88436036848218,-2.091060078344799,4.0
-34.757151355654685,59.797485437300146,-2.088558810308501,4.0
-34.806561395291084,59.71048664634723,-2.0860575422722034,4.0
-34.855753673296405,59.623364539917304,-2.0835562742359057,4.0
-34.90472788190712,59.536119663075766,-2.081055006199608,4.0
-34.95348371472399,59.44875256165611,-2.0785537381633103,4.0
-35.002020866714,59.361263782256515,-2.0760524701270135,4.0
-35.05033903421234,59.27365387223634,-2.073551202090716,4.0
-35.09843791492417,59.18592337971288,-2.071049934054418,4.0
-35.14631720792662,59.098072853557795,-2.0685486660181205,4.0
-35.193976613670614,59.01010284339371,-2.066047397981823,4.0
-35.241415833982785,58.922013899590794,-2.063546129945525,4.0
-35.28863457206731,58.8338065732633,-2.0610448619092274,4.0
-35.33563253250777,58.74548141626612,-2.0585435938729297,4.0
-35.382409421269024,58.657038981191334,-2.056042325836632,4.0
-35.428964945699015,58.56847982136476,-2.0535410578003344,4.0
-35.475298814530625,58.47980449084248,-2.0510397897640367,4.0
-35.52141073788348,58.391013544407386,-2.048538521727739,4.0
-35.567300427265785,58.30210753756569,-2.0460372536914413,4.0
-35.61296759557611,58.21308702654348,-2.0435359856551436,4.0
-35.65841195710516,58.123952568283215,-2.041034717618847,4.0
-35.703633227537665,58.0347047204402,-2.038533449582549,4.0
-35.74863112395404,57.945344041379215,-2.0360321815462514,4.0
-35.7934053648322,57.85587109017091,-2.0335309135099537,4.0
-35.837955670049354,57.76628642658835,-2.031029645473656,4.0
-35.882281760883686,57.676590611103535,-2.0285283774373584,4.0
-35.92638336001619,57.58678420488385,-2.0260271094010607,4.0
-35.97026019153232,57.49686776978856,-2.023525841364763,4.0
-36.01391198092374,57.40684186836536,-2.021024573328466,4.0
-36.05733845509013,57.31670706384671,-2.0185233052921685,4.0
-36.10053934234074,57.22646392014648,-2.016022037255871,4.0
-36.1435143723962,57.13611300185633,-2.013520769219573,4.0
-36.18626327639016,57.0456548742422,-2.0110195011832754,4.0
-36.228785786871015,56.95509010324075,-2.0085182331469777,4.0
-36.271081637803555,56.86441925545584,-2.00601696511068,4.0
-36.3131505645706,56.77364289815501,-2.0035156970743824,4.0
-36.354992303974704,56.682761599265866,-2.0010144290380847,4.0
-36.3966065942398,56.59177592737258,-1.998513161001787,4.0
-36.43799317501278,56.50068645171231,-1.9960118929654893,4.0
-36.47915178736519,56.409493742171676,-1.9935106249291916,4.0
-36.52008217379481,56.31819836928311,-1.991009356892894,4.0
-36.560784078227314,56.22680090422139,-1.9885080888565962,4.0
-36.60125724601777,56.13530191880003,-1.9860068208202994,4.0
-36.64150142395237,56.04370198546759,-1.9835055527840018,4.0
-36.6815163602499,55.95200167730429,-1.981004284747704,4.0
-36.72130180456338,55.860201568018304,-1.9785030167114064,4.0
-36.7608575079816,55.768302231942194,-1.9760017486751087,4.0
-36.80018322303068,55.67630424402931,-1.973500480638811,4.0
-36.83927870367564,55.58420817985022,-1.9709992126025133,4.0
-36.87814370532192,55.49201461558907,-1.9684979445662156,4.0
-36.916777984816896,55.39972412804005,-1.9659966765299188,4.0
-36.95518130045146,55.30733729460361,-1.9634954084936211,4.0
-36.993353411961465,55.2148546932831,-1.9609941404573235,4.0
-37.03129408052925,55.12227690268099,-1.9584928724210258,4.0
-37.06900306878516,55.029604501995266,-1.955991604384728,4.0
-37.10648014080899,54.936838071015835,-1.9534903363484304,4.0
-37.14372506213149,54.84397819012091,-1.9509890683121327,4.0
-37.18073759973582,54.751025440273324,-1.948487800275835,4.0
-37.21751752205903,54.65798040301695,-1.9459865322395373,4.0
-37.25406459899346,54.56484366047306,-1.9434852642032396,4.0
-37.290378601888236,54.47161579533661,-1.940983996166942,4.0
-37.32645930355065,54.37829739087272,-1.9384827281306443,4.0
-37.362306478247625,54.284889030912886,-1.9359814600943466,4.0
-37.397919901707105,54.19139129985146,-1.9334801920580489,4.0
-37.43329935111945,54.09780478264187,-1.9309789240217512,4.0
-37.468444605138835,54.00413006479312,-1.9284776559854544,4.0
-37.503355443884686,53.91036773236584,-1.9259763879491567,4.0
-37.538031648942955,53.816518371969,-1.923475119912859,4.0
-37.57247300336757,53.72258257075595,-1.9209738518765613,4.0
-37.60667929168176,53.62856091642087,-1.9184725838402636,4.0
-37.640650299879404,53.534453997195044,-1.915971315803966,4.0
-37.67438581542636,53.44026240184322,-1.9134700477676683,4.0
-37.70788562726185,53.34598671965992,-1.9109687797313706,4.0
-37.741149525799685,53.25162754046575,-1.9084675116950738,4.0
-37.77417730292967,53.157185454603606,-1.905966243658776,4.0
-37.806968752018854,53.0626610529352,-1.9034649756224784,4.0
-37.83952366791282,52.96805492683716,-1.9009637075861807,4.0
-37.871841846936995,52.87336766819746,-1.898462439549883,4.0
-37.90392308689791,52.77859986941164,-1.8959611715135853,4.0
-37.93576718708448,52.68375212337913,-1.8934599034772877,4.0
-37.96737394826921,52.58882502349954,-1.89095863544099,4.0
-37.99874317270953,52.49381916366893,-1.8884573674046923,4.0
-38.029874664148934,52.39873513827613,-1.8859560993683946,4.0
-38.06076822781827,52.30357354219899,-1.883454831332097,4.0
-38.09142367043697,52.20833497080068,-1.8809535632957992,4.0
-38.12184080021416,52.113020019925955,-1.8784522952595024,4.0
-38.152019426850025,52.01762928589737,-1.8759510272232047,4.0
-38.18195936153685,51.922163365511665,-1.873449759186907,4.0
-38.21166041696026,51.826622856035975,-1.8709484911506093,4.0
-38.241122407300395,51.731008355204054,-1.8684472231143117,4.0
-38.27034514823309,51.63532046121259,-1.865945955078014,4.0
-38.29932845693095,51.539559772717446,-1.8634446870417163,4.0
-38.32807215206462,51.44372688882991,-1.8609434190054186,4.0
-38.35657605380378,51.347822409112965,-1.8584421509691218,4.0
-38.3848399838184,51.251846933577454,-1.855940882932824,4.0
-38.41286376527975,51.15580106267846,-1.8534396148965264,4.0
-38.44064722286158,51.05968539731147,-1.8509383468602287,4.0
-38.468190182741154,50.963500538808624,-1.848437078823931,4.0
-38.495492472600404,50.86724708893496,-1.8459358107876334,4.0
-38.522553921626965,50.77092564988465,-1.8434345427513357,4.0
-38.54937436051524,50.67453682427722,-1.840933274715038,4.0
-38.57595362146749,50.57808121515379,-1.8384320066787403,4.0
-38.602291538194855,50.4815594259733,-1.8359307386424426,4.0
-38.62838794591842,50.384972060608746,-1.833429470606145,4.0
-38.65424268137022,50.288319723343385,-1.8309282025698472,4.0
-38.67985558279428,50.19160301886696,-1.8284269345335495,4.0
-38.70522648994762,50.0948225522719,-1.8259256664972519,4.0
-38.73035524410123,49.997978929049616,-1.823424398460955,4.0
-38.75524168804116,49.901072755086524,-1.8209231304246574,4.0
-38.77988566606937,49.80410463666049,-1.8184218623883597,4.0
-38.804287024004786,49.70707518043689,-1.815920594352062,4.0
-38.82844560918426,49.60998499346485,-1.8134193263157643,4.0
-38.852361270463504,49.512834683173445,-1.8109180582794666,4.0
-38.876033858218044,49.4156248573679,-1.808416790243169,4.0
-38.89946322434416,49.3183561242258,-1.8059155222068712,4.0
-38.922649222259786,49.22102909229331,-1.8034142541705744,4.0
-38.9455917069055,49.1236443704812,-1.8009129861342767,4.0
-38.96829053474534,49.02620256806131,-1.798411718097979,4.0
-38.99074556376775,48.92870429466254,-1.7959104500616814,4.0
-39.01295665348648,48.83115016026708,-1.7934091820253837,4.0
-39.03492366494141,48.733540775206635,-1.790907913989086,4.0
-39.056646460699504,48.63587675015855,-1.7884066459527883,4.0
-39.078124904855585,48.538158696142034,-1.7859053779164906,4.0
-39.09935886303324,48.44038722451432,-1.783404109880193,4.0
-39.12034820238563,48.34256294696682,-1.7809028418438952,4.0
-39.14109279159635,48.244686475521334,-1.7784015738075976,4.0
-39.161592500880225,48.14675842252621,-1.7759003057712999,4.0
-39.18184720198414,48.04877940065249,-1.7733990377350022,4.0
-39.20185676818782,47.950750022890105,-1.7708977696987045,4.0
-39.221621074304636,47.85267090254406,-1.7683965016624077,4.0
-39.24113999668243,47.75454265323047,-1.76589523362611,4.0
-39.26041341320419,47.65636588887292,-1.7633939655898123,4.0
-39.2794412032889,47.55814122369847,-1.7608926975535146,4.0
-39.298223247892274,47.45986927223389,-1.758391429517217,4.0
-39.31675942950747,47.361550649301776,-1.7558901614809193,4.0
-39.33504963216587,47.26318597001671,-1.7533888934446216,4.0
-39.353093741437775,47.16477584978142,-1.7508876254083239,4.0
-39.370891644433115,47.066320904282975,-1.748386357372027,4.0
-39.388443229802206,46.96782174948878,-1.7458850893357294,4.0
-39.405748387736374,46.869279001642916,-1.7433838212994317,4.0
-39.42280700996869,46.770693277262176,-1.740882553263134,4.0
-39.43961898977465,46.67206519313223,-1.7383812852268363,4.0
-39.45618422197281,46.57339536630376,-1.7358800171905386,4.0
-39.47250260292547,46.47468441408859,-1.733378749154241,4.0
-39.48857403053932,46.37593295405588,-1.7308774811179433,4.0
-39.504398404266055,46.277141604028174,-1.7283762130816456,4.0
-39.51997562510305,46.178310982077605,-1.7258749450453479,4.0
-39.53530559559393,46.07944170652201,-1.7233736770090502,4.0
-39.550388219829216,45.98053439592104,-1.7208724089727525,4.0
-39.56522340344689,45.88158966907231,-1.7183711409364548,4.0
-39.579811053633044,45.78260814500753,-1.7158698729001571,4.0
-39.59415107912238,45.68359044298866,-1.7133686048638603,4.0
-39.60824339019886,45.58453718250389,-1.7108673368275626,4.0
-39.6220878986962,45.485448983263986,-1.708366068791265,4.0
-39.635684517998484,45.386326465198266,-1.7058648007549673,4.0
-39.64903316304065,45.287170248450764,-1.7033635327186696,4.0
-39.66213375030905,45.187980953376325,-1.700862264682372,4.0
-39.67498619784199,45.08875920053678,-1.6983609966460742,4.0
-39.68759042523019,44.98950561069698,-1.6958597286097765,4.0
-39.69994635361735,44.890220804821034,-1.6933584605734797,4.0
-39.7120539057006,44.790905404068226,-1.690857192537182,4.0
-39.72391300573098,44.69156002978935,-1.6883559245008843,4.0
-39.735523579513966,44.59218530352271,-1.6858546564645867,4.0
-39.74688555440986,44.492781846990226,-1.683353388428289,4.0
-39.75799885933431,44.39335028209358,-1.6808521203919913,4.0
-39.76886342475871,44.293891230910305,-1.6783508523556936,4.0
-39.77947918271068,44.19440531568988,-1.675849584319396,4.0
-39.78984606677443,44.09489315884988,-1.6733483162830982,4.0
-39.79996401209122,43.99535538297204,-1.6708470482468005,4.0
-39.80983295535977,43.895792610798395,-1.6683457802105028,4.0
-39.81945283483662,43.79620546522733,-1.6658445121742051,4.0
-39.82882359033655,43.6965945693098,-1.6633432441379083,4.0
-39.837945163232945,43.596960546245214,-1.6608419761016107,4.0
-39.84681749645816,43.49730401937777,-1.658340708065313,4.0
-39.85544053450387,43.39762561219245,-1.6558394400290153,4.0
-39.86381422342142,43.29792594831111,-1.6533381719927176,4.0
-39.8719385108222,43.19820565148861,-1.65083690395642,4.0
-39.8798133458779,43.09846534560886,-1.6483356359201222,4.0
-39.887438679320894,42.99870565468099,-1.6458343678838245,4.0
-39.894814463444504,42.898927202835445,-1.6433330998475277,4.0
-39.901940652103335,42.79913061431991,-1.64083183181123,4.0
-39.90881720071355,42.699316513495674,-1.6383305637749324,4.0
-39.915444066253116,42.59948552483353,-1.6358292957386347,4.0
-39.92182120726212,42.49963827290995,-1.633328027702337,4.0
-39.92794858384302,42.399775382403135,-1.6308267596660393,4.0
-39.93382615766087,42.299897478089136,-1.6283254916297416,4.0
-39.93945389194357,42.20000518483794,-1.625824223593444,4.0
-39.94483175148211,42.100099127609546,-1.6233229555571462,4.0
-39.94995970263079,42.00017993145006,-1.6208216875208485,4.0
-39.95483771330741,41.900248221487814,-1.6183204194845509,4.0
-39.95946575299348,41.80030462292941,-1.6158191514482532,4.0
-39.96384379273442,41.700349761055826,-1.6133178834119555,4.0
-39.967971805139726,41.60038426121853,-1.6108166153756578,4.0
-39.97184976438315,41.50040874883555,-1.608315347339361,4.0
-39.97547764620289,41.40042384938747,-1.6058140793030633,4.0
-39.978855427901664,41.30043018841371,-1.6033128112667656,4.0
-39.98198308834694,41.20042839150846,-1.600811543230468,4.0
-39.984860607971,41.10041908431681,-1.5983102751941702,4.0
-39.987487968771134,41.00040289253086,-1.5958090071578725,4.0
-39.989865154309655,40.90038044188574,-1.5933077391215749,4.0
-39.99199214971411,40.80035235815577,-1.5908064710852772,4.0
-39.99386894167727,40.70031926715054,-1.5883052030489804,4.0
-39.99549551845731,40.60028179471087,-1.5858039350126827,4.0
-39.99687186987781,40.500240566705074,-1.583302666976385,4.0
-39.99799798732784,40.40019620902495,-1.5808013989400873,4.0
-39.99887386376204,40.300149347581865,-1.5783001309037896,4.0
-39.99949949370063,40.200100608302854,-1.575798862867492,4.0
-39.999874873229444,40.10005061712669,-1.5732975948311942,4.0
-40.0,40.00000000000001,-1.5707963267948966,4.0
-39.999874873229444,39.89994938287332,-1.5682950587585989,4.0
-39.99949949370063,39.79989939169716,-1.5657937907223012,4.0
-39.99887386376204,39.69985065241814,-1.5632925226860035,4.0
-39.99799798732784,39.59980379097506,-1.5607912546497058,4.0
-39.99687186987781,39.49975943329493,-1.5582899866134081,4.0
-39.99549551845731,39.39971820528914,-1.5557887185771104,4.0
-39.99386894167727,39.2996807328495,-1.5532874505408136,4.0
-39.99199214971411,39.199647641844244,-1.550786182504516,4.0
-39.989865154309655,39.09961955811428,-1.5482849144682183,4.0
-39.987487968771134,38.99959710746916,-1.5457836464319206,4.0
-39.984860607971,38.899580915683195,-1.5432823783956229,4.0
-39.98198308834694,38.79957160849155,-1.5407811103593252,4.0
-39.978855427901664,38.6995698115863,-1.5382798423230275,4.0
-39.97547764620289,38.599576150612535,-1.5357785742867298,4.0
-39.97184976438316,38.499591251164496,-1.533277306250433,4.0
-39.967971805139726,38.399615738781485,-1.5307760382141353,4.0
-39.96384379273442,38.29965023894418,-1.5282747701778376,4.0
-39.95946575299348,38.1996953770706,-1.52577350214154,4.0
-39.95483771330741,38.09975177851219,-1.5232722341052423,4.0
-39.94995970263079,37.999820068549944,-1.5207709660689446,4.0
-39.94483175148211,37.89990087239047,-1.5182696980326469,4.0
-39.93945389194357,37.799994815162066,-1.5157684299963492,4.0
-39.93382615766087,37.70010252191087,-1.5132671619600515,4.0
-39.92794858384302,37.60022461759687,-1.5107658939237538,4.0
-39.92182120726212,37.50036172709006,-1.5082646258874561,4.0
-39.915444066253116,37.40051447516648,-1.5057633578511584,4.0
-39.90881720071355,37.30068348650434,-1.5032620898148608,4.0
-39.901940652103335,37.2008693856801,-1.500760821778563,4.0
-39.894814463444504,37.10107279716457,-1.4982595537422654,4.0
-39.88743867932089,37.00129434531898,-1.4957582857059677,4.0
-39.8798133458779,36.901534654391156,-1.493257017669671,4.0
-39.8719385108222,36.80179434851141,-1.4907557496333732,4.0
-39.86381422342142,36.702074051688896,-1.4882544815970755,4.0
-39.85544053450387,36.60237438780756,-1.4857532135607778,4.0
-39.846817496458165,36.502695980622235,-1.4832519455244801,4.0
-39.837945163232945,36.4030394537548,-1.4807506774881825,4.0
-39.828823590336555,36.303405430690205,-1.4782494094518848,4.0
-39.81945283483662,36.20379453477264,-1.475748141415587,4.0
-39.80983295535977,36.10420738920162,-1.4732468733792903,4.0
-39.79996401209122,36.00464461702797,-1.4707456053429926,4.0
-39.78984606677443,35.90510684115013,-1.468244337306695,4.0
-39.77947918271069,35.80559468431013,-1.4657430692703972,4.0
-39.76886342475871,35.70610876908971,-1.4632418012340995,4.0
-39.75799885933431,35.60664971790643,-1.4607405331978018,4.0
-39.74688555440986,35.50721815300978,-1.4582392651615042,4.0
-39.735523579513966,35.4078146964773,-1.4557379971252065,4.0
-39.72391300573098,35.30843997021066,-1.4532367290889088,4.0
-39.7120539057006,35.20909459593179,-1.450735461052611,4.0
-39.69994635361735,35.10977919517897,-1.4482341930163134,4.0
-39.68759042523019,35.01049438930299,-1.4457329249800157,4.0
-39.67498619784199,34.91124079946323,-1.443231656943719,4.0
-39.66213375030905,34.81201904662368,-1.4407303889074212,4.0
-39.64903316304065,34.71282975154925,-1.4382291208711235,4.0
-39.635684517998484,34.61367353480174,-1.4357278528348258,4.0
-39.6220878986962,34.51455101673602,-1.4332265847985282,4.0
-39.60824339019886,34.41546281749612,-1.4307253167622305,4.0
-39.59415107912238,34.31640955701135,-1.4282240487259328,4.0
-39.57981105363304,34.21739185499244,-1.425722780689635,4.0
-39.56522340344689,34.1184103309277,-1.4232215126533383,4.0
-39.550388219829216,34.019465604078974,-1.4207202446170406,4.0
-39.53530559559393,33.920558293477995,-1.418218976580743,4.0
-39.51997562510305,33.8216890179224,-1.4157177085444452,4.0
-39.504398404266055,33.72285839597183,-1.4132164405081475,4.0
-39.48857403053932,33.62406704594413,-1.4107151724718499,4.0
-39.47250260292547,33.525315585911414,-1.4082139044355522,4.0
-39.45618422197282,33.42660463369626,-1.4057126363992545,4.0
-39.43961898977466,33.32793480686778,-1.4032113683629568,4.0
-39.42280700996869,33.22930672273783,-1.400710100326659,4.0
-39.405748387736374,33.1307209983571,-1.3982088322903614,4.0
-39.388443229802206,33.03217825051124,-1.3957075642540637,4.0
-39.37089164443313,32.93367909571707,-1.393206296217767,4.0
-39.353093741437775,32.83522415021859,-1.3907050281814692,4.0
-39.33504963216588,32.73681402998331,-1.3882037601451716,4.0
-39.31675942950747,32.63844935069824,-1.3857024921088739,4.0
-39.298223247892274,32.54013072776612,-1.3832012240725762,4.0
-39.2794412032889,32.44185877630154,-1.3806999560362785,4.0
-39.26041341320419,32.34363411112709,-1.3781986879999808,4.0
-39.24113999668243,32.245457346769534,-1.375697419963683,4.0
-39.22162107430465,32.14732909745598,-1.3731961519273863,4.0
-39.20185676818782,32.04924997710991,-1.3706948838910886,4.0
-39.18184720198414,31.951220599347522,-1.368193615854791,4.0
-39.161592500880225,31.8532415774738,-1.3656923478184932,4.0
-39.14109279159635,31.755313524478673,-1.3631910797821956,4.0
-39.12034820238563,31.657437053033192,-1.3606898117458979,4.0
-39.09935886303324,31.55961277548569,-1.3581885437096002,4.0
-39.078124904855585,31.461841303857973,-1.3556872756733025,4.0
-39.056646460699504,31.364123249841462,-1.3531860076370048,4.0
-39.03492366494142,31.26645922479338,-1.3506847396007071,4.0
-39.01295665348648,31.168849839732932,-1.3481834715644094,4.0
-38.99074556376775,31.071295705337477,-1.3456822035281117,4.0
-38.96829053474534,30.9737974319387,-1.343180935491814,4.0
-38.9455917069055,30.876355629518805,-1.3406796674555164,4.0
-38.92264922225979,30.7789709077067,-1.3381783994192187,4.0
-38.899463224344146,30.68164387577417,-1.335677131382921,4.0
-38.876033858218044,30.58437514263211,-1.3331758633466242,4.0
-38.852361270463504,30.48716531682657,-1.3306745953103265,4.0
-38.828445609184264,30.39001500653516,-1.3281733272740288,4.0
-38.804287024004786,30.29292481956312,-1.3256720592377311,4.0
-38.77988566606937,30.19589536333952,-1.3231707912014334,4.0
-38.75524168804116,30.098927244913487,-1.3206695231651358,4.0
-38.73035524410123,30.0020210709504,-1.318168255128838,4.0
-38.705226489947606,29.90517744772808,-1.3156669870925404,4.0
-38.67985558279428,29.808396981133054,-1.3131657190562436,4.0
-38.65424268137023,29.711680276656622,-1.3106644510199459,4.0
-38.628387945918426,29.61502793939126,-1.3081631829836482,4.0
-38.60229153819486,29.51844057402671,-1.3056619149473505,4.0
-38.57595362146749,29.421918784846223,-1.3031606469110528,4.0
-38.549374360515245,29.325463175722792,-1.3006593788747551,4.0
-38.522553921626965,29.229074350115358,-1.2981581108384574,4.0
-38.49549247260041,29.132752911065047,-1.2956568428021598,4.0
-38.46819018274116,29.036499461191383,-1.293155574765862,4.0
-38.44064722286158,28.940314602688545,-1.2906543067295644,4.0
-38.41286376527976,28.844198937321554,-1.2881530386932667,4.0
-38.3848399838184,28.74815306642256,-1.285651770656969,4.0
-38.35657605380379,28.652177590887078,-1.2831505026206722,4.0
-38.32807215206462,28.556273111170103,-1.2806492345843745,4.0
-38.29932845693096,28.46044022728256,-1.2781479665480768,4.0
-38.27034514823309,28.36467953878742,-1.2756466985117791,4.0
-38.2411224073004,28.268991644795957,-1.2731454304754815,4.0
-38.211660416960264,28.173377143964036,-1.2706441624391838,4.0
-38.181959361536855,28.077836634488342,-1.268142894402886,4.0
-38.15201942685003,27.982370714102643,-1.2656416263665884,4.0
-38.12184080021417,27.886979980074088,-1.2631403583302916,4.0
-38.09142367043697,27.791665029199336,-1.260639090293994,4.0
-38.06076822781827,27.696426457801017,-1.2581378222576962,4.0
-38.029874664148934,27.601264861723884,-1.2556365542213985,4.0
-37.99874317270954,27.506180836331083,-1.2531352861851008,4.0
-37.96737394826922,27.411174976500476,-1.2506340181488032,4.0
-37.93576718708448,27.316247876620878,-1.2481327501125055,4.0
-37.90392308689792,27.221400130588364,-1.2456314820762078,4.0
-37.871841846936995,27.126632331802547,-1.24313021403991,4.0
-37.83952366791282,27.031945073162845,-1.2406289460036124,4.0
-37.806968752018854,26.937338947064813,-1.2381276779673147,4.0
-37.77417730292968,26.8428145453964,-1.235626409931017,4.0
-37.7411495257997,26.748372459534295,-1.2331251418947202,4.0
-37.70788562726186,26.654013280340088,-1.2306238738584225,4.0
-37.67438581542637,26.559737598156786,-1.2281226058221248,4.0
-37.640650299879404,26.46554600280497,-1.2256213377858272,4.0
-37.606679291681765,26.371439083579148,-1.2231200697495295,4.0
-37.57247300336758,26.27741742924406,-1.2206188017132318,4.0
-37.53803164894296,26.18348162803101,-1.218117533676934,4.0
-37.503355443884686,26.089632267634165,-1.2156162656406364,4.0
-37.468444605138856,25.99586993520693,-1.2131149976043396,4.0
-37.43329935111945,25.902195217358134,-1.210613729568042,4.0
-37.397919901707105,25.808608700148554,-1.2081124615317442,4.0
-37.36230647824763,25.71511096908712,-1.2056111934954465,4.0
-37.32645930355065,25.621702609127297,-1.2031099254591489,4.0
-37.290378601888236,25.528384204663396,-1.2006086574228512,4.0
-37.254064598993466,25.435156339526955,-1.1981073893865535,4.0
-37.21751752205903,25.342019596983057,-1.1956061213502558,4.0
-37.18073759973583,25.24897455972669,-1.193104853313958,4.0
-37.143725062131494,25.156021809879103,-1.1906035852776604,4.0
-37.106480140809,25.063161928984172,-1.1881023172413627,4.0
-37.069003068785165,24.97039549800475,-1.185601049205065,4.0
-37.03129408052926,24.87772309731902,-1.1830997811687674,4.0
-36.99335341196147,24.785145306716906,-1.1805985131324697,4.0
-36.955181300451464,24.692662705396398,-1.178097245096172,4.0
-36.916777984816896,24.600275871959962,-1.1755959770598743,4.0
-36.878143705321904,24.507985384410905,-1.1730947090235766,4.0
-36.839278703675646,24.41579182014979,-1.1705934409872798,4.0
-36.800183223030686,24.323695755970697,-1.168092172950982,4.0
-36.7608575079816,24.231697768057817,-1.1655909049146844,4.0
-36.72130180456338,24.139798431981703,-1.1630896368783867,4.0
-36.6815163602499,24.04799832269572,-1.160588368842089,4.0
-36.64150142395237,23.95629801453242,-1.1580871008057914,4.0
-36.60125724601777,23.864698081199975,-1.1555858327694937,4.0
-36.5607840782273,23.77319909577858,-1.153084564733196,4.0
-36.52008217379482,23.681801630716894,-1.1505832966968992,4.0
-36.47915178736519,23.590506257828334,-1.1480820286606015,4.0
-36.43799317501278,23.49931354828769,-1.1455807606243038,4.0
-36.3966065942398,23.40822407262743,-1.1430794925880061,4.0
-36.35499230397471,23.317238400734144,-1.1405782245517084,4.0
-36.313150564570606,23.226357101844997,-1.1380769565154107,4.0
-36.271081637803555,23.13558074454416,-1.135575688479113,4.0
-36.22878578687102,23.044909896759258,-1.1330744204428154,4.0
-36.186263276390164,22.954345125757808,-1.1305731524065177,4.0
-36.143514372396204,22.863886998143677,-1.12807188437022,4.0
-36.100539342340745,22.77353607985353,-1.1255706163339223,4.0
-36.05733845509013,22.6832929361533,-1.1230693482976246,4.0
-36.013911980923744,22.59315813163465,-1.120568080261327,4.0
-35.970260191532304,22.503132230211417,-1.1180668122250292,4.0
-35.926383360016175,22.41321579511613,-1.1155655441887316,4.0
-35.88228176088368,22.323409388896437,-1.1130642761524339,4.0
-35.837955670049354,22.233713573411656,-1.110563008116137,4.0
-35.79340536483221,22.144128909829103,-1.1080617400798394,4.0
-35.74863112395405,22.054655958620796,-1.1055604720435417,4.0
-35.70363322753767,21.965295279559804,-1.103059204007244,4.0
-35.65841195710518,21.876047431716824,-1.1005579359709472,4.0
-35.61296759557611,21.786912973456534,-1.0980566679346495,4.0
-35.56730042726579,21.697892462434318,-1.0955553998983518,4.0
-35.521410737883485,21.60898645559262,-1.0930541318620541,4.0
-35.47529881453063,21.520195509157524,-1.0905528638257564,4.0
-35.42896494569902,21.431520178635246,-1.0880515957894588,4.0
-35.38240942126903,21.342961018808673,-1.085550327753161,4.0
-35.33563253250777,21.25451858373389,-1.0830490597168634,4.0
-35.288634572067316,21.166193426736708,-1.0805477916805657,4.0
-35.24141583398279,21.077986100409213,-1.078046523644268,4.0
-35.19397661367062,20.989897156606297,-1.0755452556079703,4.0
-35.14631720792663,20.901927146442215,-1.0730439875716726,4.0
-35.098437914924176,20.81407662028713,-1.070542719535375,4.0
-35.05033903421234,20.72634612776367,-1.0680414514990773,4.0
-35.002020866714005,20.638736217743496,-1.0655401834627796,4.0
-34.95348371472397,20.551247438343868,-1.0630389154264819,4.0
-34.90472788190712,20.463880336924237,-1.060537647390185,4.0
-34.85575367329641,20.376635460082703,-1.0580363793538874,4.0
-34.80656139529109,20.28951335365278,-1.0555351113175897,4.0
-34.7571513556547,20.20251456269986,-1.053033843281292,4.0
-34.70752386351318,20.115639631517862,-1.0505325752449952,4.0
-34.65767922935291,20.028889103625705,-1.0480313072086975,4.0
-34.607617765018794,19.942263521764083,-1.0455300391723998,4.0
-34.55733978371231,19.855763427891972,-1.0430287711361022,4.0
-34.50684559998952,19.76938936318323,-1.0405275030998045,4.0
-34.456135529759145,19.683141868023256,-1.0380262350635068,4.0
-34.40520989028054,19.597021482005566,-1.035524967027209,4.0
-34.35406900016175,19.511028743928463,-1.0330236989909114,4.0
-34.30271317935749,19.42516419179162,-1.0305224309546137,4.0
-34.25114274916717,19.339428362792738,-1.028021162918316,4.0
-34.19935803223285,19.253821793324196,-1.0255198948820183,4.0
-34.147359352537265,19.168345018969664,-1.0230186268457206,4.0
-34.09514703540174,19.082998574500785,-1.020517358809423,4.0
-34.04272140748421,18.997782993873805,-1.0180160907731253,4.0
-33.99008279677716,18.91269881022625,-1.0155148227368276,4.0
-33.93723153260555,18.827746555873567,-1.01301355470053,4.0
-33.8841679456248,18.742926762305853,-1.010512286664233,4.0
-33.83089236781864,18.65823996018439,-1.0080110186279354,4.0
-33.77740513249714,18.573686679338515,-1.0055097505916377,4.0
-33.723706574294546,18.489267448762167,-1.00300848255534,4.0
-33.66979702916721,18.40498279661064,-1.0005072145190423,4.0
-33.615676834391515,18.32083325019724,-0.9980059464827447,4.0
-33.56134632856171,18.236819335990027,-0.995504678446447,4.0
-33.50680585158783,18.152941579608488,-0.9930034104101493,4.0
-33.45205574469358,18.069200505820284,-0.9905021423738525,4.0
-33.39709635041413,17.985596638537867,-0.9880008743375548,4.0
-33.34192801259407,17.902130500815364,-0.9854996063012571,4.0
-33.28655107638521,17.818802614845183,-0.9829983382649594,4.0
-33.23096588824439,17.73561350195479,-0.9804970702286617,4.0
-33.17517279593138,17.652563682603443,-0.977995802192364,4.0
-33.11917214850665,17.56965367637892,-0.9754945341560664,4.0
-33.0629642963292,17.486884001994287,-0.9729932661197687,4.0
-33.00654959105438,17.404255177284647,-0.970491998083471,4.0
-32.9499283856317,17.321767719203905,-0.9679907300471733,4.0
-32.89310103430259,17.239422143821518,-0.9654894620108756,4.0
-32.836067892598166,17.15721896631928,-0.9629881939745779,4.0
-32.778829317337106,17.0751587009881,-0.9604869259382802,4.0
-32.72138566662329,16.99324186122478,-0.9579856579019825,4.0
-32.66373729984366,16.9114689595288,-0.9554843898656848,4.0
-32.6058845776659,16.829840507499114,-0.9529831218293872,4.0
-32.54782786203626,16.748357015830976,-0.9504818537930904,4.0
-32.489567516177146,16.66701899431264,-0.9479805857567927,4.0
-32.431103904585036,16.58582695182234,-0.945479317720495,4.0
-32.37243739302808,16.50478139632497,-0.9429780496841973,4.0
-32.31356834854385,16.42388283486899,-0.9404767816479005,4.0
-32.25449713943698,16.343131773583135,-0.9379755136116028,4.0
-32.19522413527696,16.262528717673405,-0.9354742455753051,4.0
-32.13574970689579,16.18207417141981,-0.9329729775390074,4.0
-32.07607422638561,16.101768638173223,-0.9304717095027097,4.0
-32.01619806709643,16.021612620352244,-0.927970441466412,4.0
-31.95612160363378,15.941606619440055,-0.9254691734301144,4.0
-31.895845211856347,15.86175113598129,-0.9229679053938167,4.0
-31.83536926887364,15.782046669578879,-0.920466637357519,4.0
-31.774694153043647,15.702493718890945,-0.9179653693212213,4.0
-31.713820243970417,15.623092781627687,-0.9154641012849236,4.0
-31.65274792250174,15.543844354548241,-0.9129628332486259,4.0
-31.59147757072673,15.4647489334576,-0.9104615652123282,4.0
-31.53000957197345,15.385807013203486,-0.9079602971760306,4.0
-31.468344310806508,15.307019087673282,-0.9054590291397329,4.0
-31.406482173024656,15.228385649790923,-0.9029577611034352,4.0
-31.344423545658394,15.149907191513833,-0.9004564930671384,4.0
-31.28216881696745,15.07158420382978,-0.8979552250308407,4.0
-31.219718376438514,14.99341717675389,-0.895453956994543,4.0
-31.157072614782678,14.915406599325571,-0.8929526889582453,4.0
-31.094231923933062,14.837552959605418,-0.8904514209219485,4.0
-31.031196697042247,14.759856744672106,-0.8879501528856508,4.0
-30.967967328479983,14.682318440619483,-0.8854488848493531,4.0
-30.904544213830597,14.60493853255343,-0.8829476168130554,4.0
-30.840927749890568,14.527717504588843,-0.8804463487767578,4.0
-30.777118334666035,14.450655839846618,-0.8779450807404601,4.0
-30.713116367370294,14.373754020450619,-0.8754438127041624,4.0
-30.648922248421325,14.297012527524657,-0.8729425446678647,4.0
-30.584536379439264,14.220431841189498,-0.870441276631567,4.0
-30.5199591632439,14.144012440559834,-0.8679400085952693,4.0
-30.455191003852164,14.067754803741302,-0.8654387405589716,4.0
-30.390232306475585,13.991659407827505,-0.8629374725226739,4.0
-30.32508347751776,13.915726728896985,-0.8604362044863763,4.0
-30.259744924571834,13.839957242010303,-0.8579349364500786,4.0
-30.194217056417894,13.76435142120701,-0.8554336684137809,4.0
-30.128500283020475,13.688909739502712,-0.8529324003774832,4.0
-30.06259501552598,13.61363266888614,-0.8504311323411864,4.0
-29.996501666260027,13.538520680316086,-0.8479298643048887,4.0
-29.930220648725005,13.463574243718593,-0.845428596268591,4.0
-29.8637523775974,13.388793827983939,-0.8429273282322933,4.0
-29.797097268725217,13.31417990096373,-0.8404260601959956,4.0
-29.730255739125383,13.239732929467944,-0.837924792159698,4.0
-29.66322820698113,13.16545337926204,-0.8354235241234003,4.0
-29.596015091639394,13.091341715064033,-0.8329222560871026,4.0
-29.528616813608203,13.017398400541602,-0.8304209880508058,4.0
-29.46103379455395,12.943623898309106,-0.8279197200145081,4.0
-29.393266457298907,12.870018669924832,-0.8254184519782104,4.0
-29.32531522581847,12.79658317588801,-0.8229171839419127,4.0
-29.257180525238557,12.723317875635942,-0.820415915905615,4.0
-29.188862781832917,12.650223227541161,-0.8179146478693173,4.0
-29.120362423020474,12.577299688908514,-0.8154133798330196,4.0
-29.051679877362666,12.504547715972354,-0.812912111796722,4.0
-28.982815574560753,12.43196776389366,-0.8104108437604243,4.0
-28.913769945453126,12.359560286757166,-0.8079095757241266,4.0
-28.844543422012606,12.287325737568572,-0.8054083076878289,4.0
-28.775136437343765,12.21526456825167,-0.8029070396515312,4.0
-28.7055494256802,12.143377229645527,-0.8004057716152335,4.0
-28.6357828223818,12.071664171501673,-0.7979045035789358,4.0
-28.56583706393206,12.000125842481268,-0.7954032355426381,4.0
-28.495712587935333,11.928762690152329,-0.7929019675063405,4.0
-28.425409833114088,11.857575160986912,-0.7904006994700437,4.0
-28.35492923930612,11.786563700358247,-0.787899431433746,4.0
-28.28427124746191,11.715728752538102,-0.7853981633974483,4.0
-28.21343629964176,11.64507076069389,-0.7828968953611506,4.0
-28.1424248390131,11.574590166885919,-0.7803956273248529,4.0
-28.07123730984768,11.504287412064677,-0.7778943592885561,4.0
-27.999874157518736,11.434162936067946,-0.7753930912522584,4.0
-27.928335828498337,11.364217177618208,-0.7728918232159607,4.0
-27.856622770354484,11.294450574319814,-0.770390555179663,4.0
-27.784735431748338,11.224863562656246,-0.7678892871433654,4.0
-27.712674262431438,11.155456577987405,-0.7653880191070677,4.0
-27.64043971324284,11.086230054546885,-0.76288675107077,4.0
-27.568032236106355,11.017184425439254,-0.7603854830344723,4.0
-27.495452284027657,10.948320122637337,-0.7578842149981746,4.0
-27.422700311091496,10.879637576979533,-0.7553829469618769,4.0
-27.34977677245885,10.811137218167094,-0.7528816789255792,4.0
-27.276682124364065,10.74281947476145,-0.7503804108892815,4.0
-27.203416824111997,10.674684774181536,-0.7478791428529838,4.0
-27.129981330075175,10.6067335427011,-0.7453778748166862,4.0
-27.0563761016909,10.538966205446059,-0.7428766067803885,4.0
-26.98260159945841,10.471383186391805,-0.7403753387440908,4.0
-26.908658284935978,10.403984908360613,-0.737874070707794,4.0
-26.834546620737967,10.33677179301888,-0.7353728026714963,4.0
-26.760267070532066,10.269744260874628,-0.7328715346351986,4.0
-26.685820099036277,10.20290273127479,-0.7303702665989009,4.0
-26.611206172016068,10.136247622402607,-0.7278689985626032,4.0
-26.536425756281417,10.069779351275002,-0.7253677305263055,4.0
-26.461479319683924,10.003498333739984,-0.7228664624900079,4.0
-26.386367331113867,9.937404984474028,-0.7203651944537102,4.0
-26.3110902604973,9.871499716979535,-0.7178639264174134,4.0
-26.235648578793,9.805782943582116,-0.7153626583811157,4.0
-26.160042757989707,9.740255075428177,-0.712861390344818,4.0
-26.084273271103022,9.674916522482242,-0.7103601223085203,4.0
-26.00834059217251,9.609767693524422,-0.7078588542722226,4.0
-25.932245196258705,9.544808996147847,-0.7053575862359249,4.0
-25.855987559440177,9.48004083675611,-0.7028563181996272,4.0
-25.779568158810513,9.415463620560747,-0.7003550501633296,4.0
-25.70298747247535,9.351077751578686,-0.6978537821270319,4.0
-25.626245979549388,9.28688363262971,-0.6953525140907342,4.0
-25.54934416015339,9.222881665333972,-0.6928512460544365,4.0
-25.472282495411168,9.159072250109435,-0.6903499780181388,4.0
-25.395061467446585,9.09545578616941,-0.6878487099818411,4.0
-25.317681559380528,9.032032671520028,-0.6853474419455434,4.0
-25.240143255327908,8.96880330295776,-0.6828461739092457,4.0
-25.16244704039459,8.905768076066948,-0.680344905872948,4.0
-25.084593400674436,8.842927385217326,-0.6778436378366512,4.0
-25.006582823246116,8.78028162356149,-0.6753423698003536,4.0
-24.928415796170235,8.717831183032555,-0.6728411017640559,4.0
-24.850092808486174,8.655576454341617,-0.6703398337277582,4.0
-24.77161435020909,8.59351782697535,-0.6678385656914614,4.0
-24.69298091232673,8.5316556891935,-0.6653372976551637,4.0
-24.614192986796525,8.46999042802656,-0.662836029618866,4.0
-24.535251066542415,8.40852242927328,-0.6603347615825683,4.0
-24.45615564545177,8.347252077498268,-0.6578334935462706,4.0
-24.37690721837232,8.286179756029593,-0.6553322255099729,4.0
-24.29750628110906,8.22530584695636,-0.6528309574736753,4.0
-24.217953330421132,8.164630731126362,-0.6503296894373776,4.0
-24.138248864018724,8.104154788143664,-0.6478284214010799,4.0
-24.058393380559956,8.043878396366232,-0.6453271533647822,4.0
-23.97838737964777,7.9838019329035745,-0.6428258853284845,4.0
-23.89823136182679,7.9239257736144,-0.6403246172921868,4.0
-23.8179258285802,7.86425029310422,-0.6378233492558891,4.0
-23.737471282326602,7.804775864723041,-0.6353220812195914,4.0
-23.656868226416876,7.745502860563029,-0.6328208131832938,4.0
-23.57611716513102,7.686431651456161,-0.6303195451469961,4.0
-23.495218603675042,7.627562606971928,-0.6278182771106993,4.0
-23.41417304817767,7.568896095414971,-0.6253170090744016,4.0
-23.332981005687365,7.510432483822868,-0.6228157410381039,4.0
-23.25164298416903,7.452172137963757,-0.6203144730018062,4.0
-23.170159492500897,7.39411542233411,-0.6178132049655094,4.0
-23.08853104047121,7.336262700156347,-0.6153119369292117,4.0
-23.006758138775226,7.278614333376716,-0.612810668892914,4.0
-22.924841299011906,7.221170682662901,-0.6103094008566163,4.0
-22.84278103368073,7.163932107401834,-0.6078081328203186,4.0
-22.760577856178493,7.106898965697425,-0.605306864784021,4.0
-22.678232280796106,7.050071614368306,-0.6028055967477233,4.0
-22.59574482271536,6.99345040894562,-0.6003043287114256,4.0
-22.513115998005723,6.937035703670809,-0.5978030606751279,4.0
-22.43034632362109,6.880827851493365,-0.5953017926388302,4.0
-22.34743631739657,6.824827204068626,-0.5928005246025325,4.0
-22.264386498045216,6.769034111755616,-0.5902992565662348,4.0
-22.181197385154828,6.713448923614806,-0.5877979885299371,4.0
-22.09786949918465,6.65807198740594,-0.5852967204936395,4.0
-22.014403361462147,6.602903649585883,-0.5827954524573418,4.0
-21.930799494179727,6.547944255306433,-0.5802941844210441,4.0
-21.847058420391527,6.493194148412179,-0.5777929163847473,4.0
-21.763180664009983,6.438653671438303,-0.5752916483484496,4.0
-21.679166749802768,6.3843231656084924,-0.5727903803121519,4.0
-21.595017203389375,6.3302029708327865,-0.5702891122758542,4.0
-21.510732551237844,6.276293425705461,-0.5677878442395565,4.0
-21.4263133206615,6.22259486750287,-0.5652865762032588,4.0
-21.341760039815618,6.169107632181358,-0.5627853081669612,4.0
-21.257073237694154,6.115832054375204,-0.5602840401306635,4.0
-21.17225344412644,6.062768467394456,-0.5577827720943667,4.0
-21.08730118977376,6.009917203222848,-0.555281504058069,4.0
-21.0022170061262,5.957278592515799,-0.5527802360217713,4.0
-20.917001425499222,5.90485296459827,-0.5502789679854736,4.0
-20.831654981030347,5.852640647462749,-0.5477776999491759,4.0
-20.74617820667582,5.800641967767149,-0.5452764319128782,4.0
-20.660571637207276,5.748857250832835,-0.5427751638765805,4.0
-20.574835808208395,5.6972868206425105,-0.5402738958402828,4.0
-20.488971256071547,5.6459309998382565,-0.5377726278039852,4.0
-20.40297851799444,5.594790109719469,-0.5352713597676875,4.0
-20.31685813197676,5.543864470240862,-0.5327700917313898,4.0
-20.230610636816778,5.493154400010482,-0.5302688236950921,4.0
-20.144236572108042,5.442660216287699,-0.5277675556587944,4.0
-20.057736478235924,5.392382234981213,-0.5252662876224967,4.0
-19.971110896374306,5.342320770647099,-0.522765019586199,4.0
-19.88436036848215,5.292476136486826,-0.5202637515499013,4.0
-19.79748543730015,5.242848644345315,-0.5177624835136045,4.0
-19.710486646347228,5.193438604708916,-0.5152612154773069,4.0
-19.623364539917308,5.144246326703595,-0.5127599474410092,4.0
-19.536119663075773,5.095272118092879,-0.5102586794047115,4.0
-19.448752561656143,5.046516285276034,-0.5077574113684147,4.0
-19.361263782256515,4.997979133286002,-0.505256143332117,4.0
-19.27365387223634,4.949660965787658,-0.5027548752958193,4.0
-19.185923379712882,4.901562085075831,-0.5002536072595216,4.0
-19.098072853557795,4.853682792073386,-0.4977523392232239,4.0
-19.010102843393714,4.806023386329386,-0.49525107118692624,4.0
-18.922013899590798,4.758584166017215,-0.49274980315062855,4.0
-18.833806573263303,4.711365427932691,-0.49024853511433086,4.0
-18.74548141626612,4.664367467492227,-0.4877472670780332,4.0
-18.657038981191334,4.617590578730976,-0.4852459990417355,4.0
-18.568479821364765,4.571035054300985,-0.4827447310054378,4.0
-18.479804490842486,4.524701185469375,-0.4802434629691401,4.0
-18.39101354440739,4.478589262116522,-0.4777421949328424,4.0
-18.302107537565696,4.432699572734215,-0.47524092689654474,4.0
-18.213087026543477,4.387032404423891,-0.47273965886024705,4.0
-18.123952568283187,4.341588042894827,-0.47023839082394936,4.0
-18.034704720440207,4.296366772462335,-0.46773712278765256,4.0
-17.945344041379215,4.251368876045959,-0.46523585475135487,4.0
-17.855871090170908,4.2065946351677965,-0.4627345867150572,4.0
-17.766286426588355,4.162044329950653,-0.4602333186787595,4.0
-17.676590611103574,4.1177182391163285,-0.4577320506424627,4.0
-17.58678420488388,4.073616639983825,-0.455230782606165,4.0
-17.496867769788594,4.029739808467703,-0.4527295145698673,4.0
-17.406841868365362,3.986088019076263,-0.45022824653356963,4.0
-17.31670706384671,3.9426615449098676,-0.44772697849727194,4.0
-17.226463920146482,3.8994606576592616,-0.44522571046097426,4.0
-17.136113001856334,3.85648562760381,-0.44272444242467657,4.0
-17.045654874242203,3.8137367236098427,-0.4402231743883789,4.0
-16.955090103240753,3.771214213128985,-0.4377219063520812,4.0
-16.86441925545585,3.7289183621964455,-0.4352206383157835,4.0
-16.773642898155014,3.6868494354294015,-0.4327193702794858,4.0
-16.682761599265866,3.6450076960252957,-0.4302181022431881,4.0
-16.59177592737258,3.603393405760201,-0.42771683420689044,4.0
-16.50068645171232,3.562006824987229,-0.42521556617059275,4.0
-16.409493742171676,3.52084821263481,-0.42271429813429506,4.0
-16.318198369283117,3.479917826205188,-0.4202130300979974,4.0
-16.22680090422143,3.4392159217727,-0.4177117620617006,4.0
-16.135301918800035,3.3987427539822406,-0.4152104940254029,4.0
-16.043701985467592,3.35849857604763,-0.4127092259891052,4.0
-15.952001677304292,3.3184836397500987,-0.4102079579528075,4.0
-15.860201568018306,3.2786981954366183,-0.4077066899165098,4.0
-15.768302231942195,3.2391424920184093,-0.40520542188021214,4.0
-15.676304244029316,3.199816776969321,-0.40270415384391445,4.0
-15.584208179850222,3.160721296324361,-0.40020288580761676,4.0
-15.492014615589106,3.1218562946780963,-0.39770161777131996,4.0
-15.399724128040049,3.083222015183111,-0.39520034973502227,4.0
-15.307337294603613,3.044818699548543,-0.3926990816987246,4.0
-15.214854693283106,3.006646588038535,-0.3901978136624269,4.0
-15.12227690268099,2.96870591947075,-0.3876965456261292,4.0
-15.029604501995266,2.9309969312148425,-0.3851952775898315,4.0
-14.936838071015838,2.8935198591910165,-0.38269400955353383,4.0
-14.843978190120907,2.8562749378685126,-0.38019274151723614,4.0
-14.751025440273324,2.8192624002641793,-0.37769147348093846,4.0
-14.657980403016955,2.7824824779409667,-0.37519020544464077,4.0
-14.564843660473057,2.745935401006541,-0.3726889374083431,4.0
-14.471615795336614,2.7096213981117643,-0.3701876693720454,4.0
-14.378297390872717,2.6735406964493507,-0.3676864013357477,4.0
-14.28488903091289,2.637693521752375,-0.36518513329945,4.0
-14.191391299851459,2.6020800982928947,-0.3626838652631523,4.0
-14.097804782641878,2.5667006488805484,-0.36018259722685464,4.0
-14.004130064793081,2.531555394861151,-0.35768132919055695,4.0
-13.910367732365847,2.4966445561153137,-0.35518006115426015,4.0
-13.816518371969003,2.4619683510570454,-0.35267879311796246,4.0
-13.722582570755952,2.42752699663243,-0.3501775250816648,4.0
-13.628560916420865,2.3933207083182424,-0.3476762570453671,4.0
-13.534453997195076,2.3593497001206103,-0.3451749890090703,4.0
-13.440262401843256,2.325614184573645,-0.3426737209727726,4.0
-13.345986719659956,2.292114372738162,-0.3401724529364749,4.0
-13.251627540465751,2.2588504742003153,-0.3376711849001772,4.0
-13.157185454603614,2.2258226970703276,-0.33516991686387954,4.0
-13.062661052935198,2.1930312479811533,-0.33266864882758185,4.0
-12.968054926837166,2.1604763320871783,-0.33016738079128416,4.0
-12.873367668197467,2.128158153063005,-0.32766611275498647,4.0
-12.778599869411646,2.096076913102088,-0.3251648447186888,4.0
-12.683752123379133,2.0642328129155203,-0.3226635766823911,4.0
-12.588825023499536,2.0326260517307873,-0.3201623086460934,4.0
-12.49381916366893,2.0012568272904687,-0.3176610406097957,4.0
-12.39873513827613,1.9701253358510655,-0.31515977257349803,4.0
-12.303573542198993,1.9392317721817278,-0.31265850453720034,4.0
-12.208334970800676,1.908576329563033,-0.31015723650090266,4.0
-12.113020019925925,1.8781591997858342,-0.30765596846460497,4.0
-12.017629285897371,1.8479805731499752,-0.30515470042830817,4.0
-11.922163365511672,1.8180406384631524,-0.3026534323920105,4.0
-11.826622856035975,1.7883395830397433,-0.3001521643557128,4.0
-11.731008355204054,1.758877592699605,-0.2976508963194151,4.0
-11.635320461212594,1.7296548517669166,-0.2951496282831174,4.0
-11.53955977271745,1.700671543069049,-0.2926483602468197,4.0
-11.443726888829907,1.671927847935379,-0.29014709221052204,4.0
-11.347822409112933,1.643423946196208,-0.28764582417422435,4.0
-11.251846933577452,1.6151600161815978,-0.28514455613792755,4.0
-11.155801062678457,1.5871362347202478,-0.28264328810162986,4.0
-11.059685397311469,1.5593527771384288,-0.2801420200653322,4.0
-10.963500538808626,1.5318098172588464,-0.2776407520290345,4.0
-10.867247088934963,1.5045075273995963,-0.2751394839927368,4.0
-10.770925649884653,1.4774460783730419,-0.2726382159564391,4.0
-10.674536824277219,1.4506256394847625,-0.2701369479201414,4.0
-10.578081215153787,1.424046378532509,-0.26763567988384374,4.0
-10.481559425973302,1.397708461805145,-0.26513441184754605,4.0
-10.38497206060875,1.3716120540815808,-0.26263314381124836,4.0
-10.288319723343388,1.3457573186297793,-0.26013187577495067,4.0
-10.191603018866957,1.320144417205718,-0.257630607738653,4.0
-10.0948225522719,1.29477351005238,-0.2551293397023553,4.0
-9.997978929049582,1.26964475589876,-0.2526280716660576,4.0
-9.90107275508649,1.244758311958833,-0.2501268036297599,4.0
-9.804104636660457,1.2201143339306242,-0.24762553559346223,4.0
-9.707075180436892,1.1957129759952139,-0.24512426755716543,4.0
-9.609984993464849,1.1715543908157429,-0.24262299952086774,4.0
-9.512834683173445,1.1476387295364958,-0.24012173148457006,4.0
-9.415624857367904,1.1239661417819562,-0.23762046344827237,4.0
-9.31835612422584,1.1005367756558542,-0.23511919541197557,4.0
-9.22102909229331,1.0773507777402145,-0.23261792737567788,4.0
-9.123644370481205,1.0544082930944967,-0.2301166593393802,4.0
-9.026202568061313,1.0317094652546572,-0.2276153913030825,4.0
-8.928704294662538,1.009254436232247,-0.22511412326678482,4.0
-8.83115016026708,0.9870433465135235,-0.22261285523048713,4.0
-8.733540775206633,0.9650763350585905,-0.22011158719418944,4.0
-8.635876750158552,0.9433535393004959,-0.21761031915789175,4.0
-8.53815869614204,0.921875095144415,-0.21510905112159406,4.0
-8.440387224514321,0.9006411369667688,-0.21260778308529638,4.0
-8.342562946966822,0.8796517976143718,-0.2101065150489987,4.0
-8.24468647552134,0.8589072084036502,-0.207605247012701,4.0
-8.146758422526212,0.838407499119775,-0.2051039789764033,4.0
-8.048779400652492,0.8181527980158663,-0.20260271094010562,4.0
-7.950750022890106,0.7981432318121833,-0.20010144290380794,4.0
-7.85267090254403,0.7783789256953497,-0.19760017486751025,4.0
-7.754542653230477,0.7588600033175723,-0.19509890683121345,4.0
-7.656365888872921,0.7395865867958094,-0.19259763879491576,4.0
-7.558141223698476,0.7205587967111029,-0.19009637075861807,4.0
-7.459869272233895,0.701776752107726,-0.18759510272232038,4.0
-7.36155064930181,0.6832405704925364,-0.18509383468602358,4.0
-7.263185970016741,0.6649503678341375,-0.1825925666497259,4.0
-7.164775849781455,0.6469062585622325,-0.1800912986134282,4.0
-7.0663209042829775,0.6291083555668848,-0.17759003057713052,4.0
-6.967821749488778,0.6115567701977938,-0.17508876254083283,4.0
-6.869279001642915,0.5942516122636263,-0.17258749450453514,4.0
-6.770693277262177,0.5771929900313069,-0.17008622646823746,4.0
-6.672065193132229,0.560381010225349,-0.16758495843193977,4.0
-6.573395366303756,0.543815778027188,-0.16508369039564208,4.0
-6.474684414088595,0.5274973970745265,-0.1625824223593444,4.0
-6.37593295405588,0.5114259694606815,-0.1600811543230467,4.0
-6.277141604028175,0.4956015957339446,-0.15757988628674902,4.0
-6.17831098207761,0.48002437489694927,-0.15507861825045133,4.0
-6.079441706522013,0.46469440440607457,-0.15257735021415364,4.0
-5.980534395921041,0.44961178017078396,-0.15007608217785595,4.0
-5.881589669072312,0.43477659655310674,-0.14757481414155826,4.0
-5.782608145007568,0.420188946366963,-0.14507354610526146,4.0
-5.6835904429886615,0.4058489208776166,-0.14257227806896378,4.0
-5.584537182503891,0.391756609801142,-0.1400710100326661,4.0
-5.485448983263987,0.3779121013037994,-0.1375697419963684,4.0
-5.386326465198269,0.36431548200151553,-0.1350684739600707,4.0
-5.287170248450764,0.35096683695935127,-0.13256720592377302,4.0
-5.187980953376331,0.33786624969094703,-0.13006593788747534,4.0
-5.08875920053678,0.32501380215801134,-0.12756466985117765,4.0
-4.9895056106970195,0.31240957476980924,-0.12506340181488085,4.0
-4.890220804821038,0.30005364638265064,-0.12256213377858316,4.0
-4.790905404068227,0.2879460942994072,-0.12006086574228547,4.0
-4.691560029789354,0.27608699426902206,-0.11755959770598778,4.0
-4.592185303522713,0.2644764204860337,-0.1150583296696901,4.0
-4.492781846990232,0.2531144455901426,-0.11255706163339241,4.0
-4.393350282093585,0.24200114066569256,-0.11005579359709472,4.0
-4.293891230910303,0.23113657524128683,-0.10755452556079703,4.0
-4.194405315689879,0.22052081728931938,-0.10505325752449934,4.0
-4.09489315884988,0.21015393322556974,-0.10255198948820166,4.0
-3.9953553829720434,0.20003598790877675,-0.10005072145190397,4.0
-3.895792610798394,0.19016704464023348,-0.09754945341560628,4.0
-3.796205465227337,0.18054716516338232,-0.09504818537930859,4.0
-3.69659456930977,0.17117640966344538,-0.0925469173430109,4.0
-3.596960546245178,0.16205483676705512,-0.09004564930671322,4.0
-3.4973040193777383,0.15318250354183505,-0.08754438127041553,4.0
-3.3976256121924546,0.14455946549612975,-0.08504311323411873,4.0
-3.297925948311116,0.13618577657857855,-0.08254184519782104,4.0
-3.198205651488606,0.1280614891778029,-0.08004057716152335,4.0
-3.0984653456088598,0.12018665412210083,-0.07753930912522566,4.0
-2.9987056546810296,0.11256132067911295,-0.07503804108892886,4.0
-2.8989272028354445,0.10518553655549567,-0.07253677305263118,4.0
-2.7991306143199117,0.09805934789666537,-0.07003550501633349,4.0
-2.6993165134956727,0.09118279928645023,-0.0675342369800358,4.0
-2.599485524833532,0.0845559337468842,-0.06503296894373811,4.0
-2.4996382729099507,0.07817879273788009,-0.06253170090744042,4.0
-2.399775382403137,0.07205141615698096,-0.060030432871142736,4.0
-2.2998974780891412,0.0661738423391327,-0.05752916483484505,4.0
-2.2000051848379436,0.06054610805642824,-0.05502789679854736,4.0
-2.1000991276095475,0.055168248517887264,-0.05252662876224967,4.0
-2.0001799314500674,0.050040297369207565,-0.050025360725951984,4.0
-1.90024822148782,0.04516228669258737,-0.047524092689654296,4.0
-1.8003046229294126,0.04053424700651931,-0.04502282465335661,4.0
-1.7003497610558314,0.03615620726557722,-0.04252155661705892,4.0
-1.6003842612185295,0.032028194860274084,-0.04002028858076123,4.0
-1.5004087488355156,0.028150235616841712,-0.037519020544463544,4.0
-1.4004238493874743,0.024522353797109986,-0.035017752508166744,4.0
-1.300430188413714,0.02114457209833631,-0.032516484471869056,4.0
-1.2004283915084633,0.018016911653063516,-0.030015216435571368,4.0
-1.1004190843168171,0.015139392028999055,-0.02751394839927368,4.0
-1.0004028925308928,0.012512031228865794,-0.02501268036297688,4.0
-0.9003804418857733,0.010134845690345173,-0.022511412326679192,4.0
-0.8003523581558059,0.00800785028589246,-0.020010144290381504,4.0
-0.7003192671505444,0.006131058322729643,-0.017508876254083816,4.0
-0.6002817947108703,0.0045044815426891205,-0.015007608217786128,4.0
-0.5002405667050764,0.003128130122192374,-0.01250634018148844,4.0
-0.400196209024952,0.002002012672157605,-0.010005072145190752,4.0
-0.3001493475818666,0.0011261362379570983,-0.007503804108893064,4.0
-0.20010060830285378,0.0005005062993674869,-0.005002536072595376,4.0
-0.10005061712669588,0.00012512677055553922,-0.002501268036297688,4.0
