x,y,yaw,ref_v
0.0,0.0,0.0,4.0
0.1,0.0,0.0,4.0
0.2,0.0,0.0,4.0
0.30000000000000004,0.0,0.0,4.0
0.4,0.0,0.0,4.0
0.5,0.0,0.0,4.0
0.6000000000000001,0.0,0.0,4.0
0.7000000000000001,0.0,0.0,4.0
0.8,0.0,0.0,4.0
0.9,0.0,0.0,4.0
1.0,0.0,0.0,4.0
1.1,0.0,0.0,4.0
1.2000000000000002,0.0,0.0,4.0
1.3,0.0,0.0,4.0
1.4000000000000001,0.0,0.0,4.0
1.5,0.0,0.0,4.0
1.6,0.0,0.0,4.0
1.7000000000000002,0.0,0.0,4.0
1.8,0.0,0.0,4.0
1.9000000000000001,0.0,0.0,4.0
2.0,0.0,0.0,4.0
2.1,0.0,0.0,4.0
2.2,0.0,0.0,4.0
2.3000000000000003,0.0,0.0,4.0
2.4000000000000004,0.0,0.0,4.0
2.5,0.0,0.0,4.0
2.6,0.0,0.0,4.0
2.7,0.0,0.0,4.0
2.8000000000000003,0.0,0.0,4.0
2.9000000000000004,0.0,0.0,4.0
3.0,0.0,0.0,4.0
3.1,0.0,0.0,4.0
3.2,0.0,0.0,4.0
3.3000000000000003,0.0,0.0,4.0
3.4000000000000004,0.0,0.0,4.0
3.5,0.0,0.0,4.0
3.6,0.0,0.0,4.0
3.7,0.0,0.0,4.0
3.8000000000000003,0.0,0.0,4.0
3.9000000000000004,0.0,0.0,4.0
4.0,0.0,0.0,4.0
4.1000000000000005,0.0,0.0,4.0
4.2,0.0,0.0,4.0
4.3,0.0,0.0,4.0
4.4,0.0,0.0,4.0
4.5,0.0,0.0,4.0
4.6000000000000005,0.0,0.0,4.0
4.7,0.0,0.0,4.0
4.800000000000001,0.0,0.0,4.0
4.9,0.0,0.0,4.0
5.0,0.0,0.0,4.0
5.1000000000000005,0.0,0.0,4.0
5.2,0.0,0.0,4.0
5.300000000000001,0.0,0.0,4.0
5.4,0.0,0.0,4.0
5.5,0.0,0.0,4.0
5.6000000000000005,0.0,0.0,4.0
5.7,0.0,0.0,4.0
5.800000000000001,0.0,0.0,4.0
5.9,0.0,0.0,4.0
6.0,0.0,0.0,4.0
6.1000000000000005,0.0,0.0,4.0
6.2,0.0,0.0,4.0
6.300000000000001,0.0,0.0,4.0
6.4,0.0,0.0,4.0
6.5,0.0,0.0,4.0
6.6000000000000005,0.0,0.0,4.0
6.7,0.0,0.0,4.0
6.800000000000001,0.0,0.0,4.0
6.9,0.0,0.0,4.0
7.0,0.0,0.0,4.0
7.1000000000000005,0.0,0.0,4.0
7.2,0.0,0.0,4.0
7.300000000000001,0.0,0.0,4.0
7.4,0.0,0.0,4.0
7.5,0.0,0.0,4.0
7.6000000000000005,0.0,0.0,4.0
7.7,0.0,0.0,4.0
7.800000000000001,0.0,0.0,4.0
7.9,0.0,0.0,4.0
8.0,0.0,0.0,4.0
8.1,0.0,0.0,4.0
8.200000000000001,0.0,0.0,4.0
8.3,0.0,0.0,4.0
8.4,0.0,0.0,4.0
8.5,0.0,0.0,4.0
8.6,0.0,0.0,4.0
8.700000000000001,0.0,0.0,4.0
8.8,0.0,0.0,4.0
8.9,0.0,0.0,4.0
9.0,0.0,0.0,4.0
9.1,0.0,0.0,4.0
9.200000000000001,0.0,0.0,4.0
9.3,0.0,0.0,4.0
9.4,0.0,0.0,4.0
9.5,0.0,0.0,4.0
9.600000000000001,0.0,0.0,4.0
9.700000000000001,0.0,0.0,4.0
9.8,0.0,0.0,4.0
9.9,0.0,0.0,4.0
10.0,0.0,0.0,4.0
10.100000000000001,0.0,0.0,4.0
10.200000000000001,0.0,0.0,4.0
10.3,0.0,0.0,4.0
10.4,0.0,0.0,4.0
10.5,0.0,0.0,4.0
10.600000000000001,0.0,0.0,4.0
10.700000000000001,0.0,0.0,4.0
10.8,0.0,0.0,4.0
10.9,0.0,0.0,4.0
11.0,0.0,0.0,4.0
11.100000000000001,0.0,0.0,4.0
11.200000000000001,0.0,0.0,4.0
11.3,0.0,0.0,4.0
11.4,0.0,0.0,4.0
11.5,0.0,0.0,4.0
11.600000000000001,0.0,0.0,4.0
11.700000000000001,0.0,0.0,4.0
11.8,0.0,0.0,4.0
11.9,0.0,0.0,4.0
12.0,0.0,0.0,4.0
12.100000000000001,0.0,0.0,4.0
12.200000000000001,0.0,0.0,4.0
12.3,0.0,0.0,4.0
12.4,0.0,0.0,4.0
12.5,0.0,0.0,4.0
12.600000000000001,0.0,0.0,4.0
12.700000000000001,0.0,0.0,4.0
12.8,0.0,0.0,4.0
12.9,0.0,0.0,4.0
13.0,0.0,0.0,4.0
13.100000000000001,0.0,0.0,4.0
13.200000000000001,0.0,0.0,4.0
13.3,0.0,0.0,4.0
13.4,0.0,0.0,4.0
13.5,0.0,0.0,4.0
13.600000000000001,0.0,0.0,4.0
13.700000000000001,0.0,0.0,4.0
13.8,0.0,0.0,4.0
13.9,0.0,0.0,4.0
14.0,0.0,0.0,4.0
14.100000000000001,0.0,0.0,4.0
14.200000000000001,0.0,0.0,4.0
14.3,0.0,0.0,4.0
14.4,0.0,0.0,4.0
14.5,0.0,0.0,4.0
14.600000000000001,0.0,0.0,4.0
14.700000000000001,0.0,0.0,4.0
14.8,0.0,0.0,4.0
14.9,0.0,0.0,4.0
15.0,0.0,0.0,4.0
15.100000000000001,0.0,0.0,4.0
15.200000000000001,0.0,0.0,4.0
15.3,0.0,0.0,4.0
15.4,0.0,0.0,4.0
15.5,0.0,0.0,4.0
15.600000000000001,0.0,0.0,4.0
15.700000000000001,0.0,0.0,4.0
15.8,0.0,0.0,4.0
15.9,0.0,0.0,4.0
16.0,0.0,0.0,4.0
16.1,0.0,0.0,4.0
16.2,0.0,0.0,4.0
16.3,0.0,0.0,4.0
16.400000000000002,0.0,0.0,4.0
16.5,0.0,0.0,4.0
16.6,0.0,0.0,4.0
16.7,0.0,0.0,4.0
16.8,0.0,0.0,4.0
16.900000000000002,0.0,0.0,4.0
17.0,0.0,0.0,4.0
17.1,0.0,0.0,4.0
17.2,0.0,0.0,4.0
17.3,0.0,0.0,4.0
17.400000000000002,0.0,0.0,4.0
17.5,0.0,0.0,4.0
17.6,0.0,0.0,4.0
17.7,0.0,0.0,4.0
17.8,0.0,0.0,4.0
17.900000000000002,0.0,0.0,4.0
18.0,0.0,0.0,4.0
18.1,0.0,0.0,4.0
18.2,0.0,0.0,4.0
18.3,0.0,0.0,4.0
18.400000000000002,0.0,0.0,4.0
18.5,0.0,0.0,4.0
18.6,0.0,0.0,4.0
18.7,0.0,0.0,4.0
18.8,0.0,0.0,4.0
18.900000000000002,0.0,0.0,4.0
19.0,0.0,0.0,4.0
19.1,0.0,0.0,4.0
19.200000000000003,0.0,0.0,4.0
19.3,0.0,0.0,4.0
19.400000000000002,0.0,0.0,4.0
19.5,0.0,0.0,4.0
19.6,0.0,0.0,4.0
19.700000000000003,0.0,0.0,4.0
19.8,0.0,0.0,4.0
19.900000000000002,0.0,0.0,4.0
20.0,0.0,0.0,4.0
20.1,0.0,0.0,4.0
20.200000000000003,0.0,0.0,4.0
20.3,0.0,0.0,4.0
20.400000000000002,0.0,0.0,4.0
20.5,0.0,0.0,4.0
20.6,0.0,0.0,4.0
20.700000000000003,0.0,0.0,4.0
20.8,0.0,0.0,4.0
20.900000000000002,0.0,0.0,4.0
21.0,0.0,0.0,4.0
21.1,0.0,0.0,4.0
21.200000000000003,0.0,0.0,4.0
21.3,0.0,0.0,4.0
21.400000000000002,0.0,0.0,4.0
21.5,0.0,0.0,4.0
21.6,0.0,0.0,4.0
21.700000000000003,0.0,0.0,4.0
21.8,0.0,0.0,4.0
21.900000000000002,0.0,0.0,4.0
22.0,0.0,0.0,4.0
22.1,0.0,0.0,4.0
22.200000000000003,0.0,0.0,4.0
22.3,0.0,0.0,4.0
22.400000000000002,0.0,0.0,4.0
22.5,0.0,0.0,4.0
22.6,0.0,0.0,4.0
22.700000000000003,0.0,0.0,4.0
22.8,0.0,0.0,4.0
22.900000000000002,0.0,0.0,4.0
23.0,0.0,0.0,4.0
23.1,0.0,0.0,4.0
23.200000000000003,0.0,0.0,4.0
23.3,0.0,0.0,4.0
23.400000000000002,0.0,0.0,4.0
23.5,0.0,0.0,4.0
23.6,0.0,0.0,4.0
23.700000000000003,0.0,0.0,4.0
23.8,0.0,0.0,4.0
23.900000000000002,0.0,0.0,4.0
24.0,0.0,0.0,4.0
24.1,0.0,0.0,4.0
24.200000000000003,0.0,0.0,4.0
24.3,0.0,0.0,4.0
24.400000000000002,0.0,0.0,4.0
24.5,0.0,0.0,4.0
24.6,0.0,0.0,4.0
24.700000000000003,0.0,0.0,4.0
24.8,0.0,0.0,4.0
24.900000000000002,0.0,0.0,4.0
25.0,0.0,0.0,4.0
25.1,0.0,0.0,4.0
25.200000000000003,0.0,0.0,4.0
25.3,0.0,0.0,4.0
25.400000000000002,0.0,0.0,4.0
25.5,0.0,0.0,4.0
25.6,0.0,0.0,4.0
25.700000000000003,0.0,0.0,4.0
25.8,0.0,0.0,4.0
25.900000000000002,0.0,0.0,4.0
26.0,0.0,0.0,4.0
26.1,0.0,0.0,4.0
26.200000000000003,0.0,0.0,4.0
26.3,0.0,0.0,4.0
26.400000000000002,0.0,0.0,4.0
26.5,0.0,0.0,4.0
26.6,0.0,0.0,4.0
26.700000000000003,0.0,0.0,4.0
26.8,0.0,0.0,4.0
26.900000000000002,0.0,0.0,4.0
27.0,0.0,0.0,4.0
27.1,0.0,0.0,4.0
27.200000000000003,0.0,0.0,4.0
27.3,0.0,0.0,4.0
27.400000000000002,0.0,0.0,4.0
27.5,0.0,0.0,4.0
27.6,0.0,0.0,4.0
27.700000000000003,0.0,0.0,4.0
27.8,0.0,0.0,4.0
27.900000000000002,0.0,0.0,4.0
28.0,0.0,0.0,4.0
28.1,0.0,0.0,4.0
28.200000000000003,0.0,0.0,4.0
28.3,0.0,0.0,4.0
28.400000000000002,0.0,0.0,4.0
28.5,0.0,0.0,4.0
28.6,0.0,0.0,4.0
28.700000000000003,0.0,0.0,4.0
28.8,0.0,0.0,4.0
28.900000000000002,0.0,0.0,4.0
29.0,0.0,0.0,4.0
29.1,0.0,0.0,4.0
29.200000000000003,0.0,0.0,4.0
29.3,0.0,0.0,4.0
29.400000000000002,0.0,0.0,4.0
29.5,0.0,0.0,4.0
29.6,0.0,0.0,4.0
29.700000000000003,0.0,0.0,4.0
29.8,0.0,0.0,4.0
29.900000000000002,0.0,0.0,4.0
30.0,0.0,0.0,4.0
30.1,0.0,0.0,4.0
30.200000000000003,0.0,0.0,4.0
30.3,0.0,0.0,4.0
30.400000000000002,0.0,0.0,4.0
30.5,0.0,0.0,4.0
30.6,0.0,0.0,4.0
30.700000000000003,0.0,0.0,4.0
30.8,0.0,0.0,4.0
30.900000000000002,0.0,0.0,4.0
31.0,0.0,0.0,4.0
31.1,0.0,0.0,4.0
31.200000000000003,0.0,0.0,4.0
31.3,0.0,0.0,4.0
31.400000000000002,0.0,0.0,4.0
31.5,0.0,0.0,4.0
31.6,0.0,0.0,4.0
31.700000000000003,0.0,0.0,4.0
31.8,0.0,0.0,4.0
31.900000000000002,0.0,0.0,4.0
32.0,0.0,0.0,4.0
32.1,0.0,0.0,4.0
32.2,0.0,0.0,4.0
32.300000000000004,0.0,0.0,4.0
32.4,0.0,0.0,4.0
32.5,0.0,0.0,4.0
32.6,0.0,0.0,4.0
32.7,0.0,0.0,4.0
32.800000000000004,0.0,0.0,4.0
32.9,0.0,0.0,4.0
33.0,0.0,0.0,4.0
33.1,0.0,0.0,4.0
33.2,0.0,0.0,4.0
33.300000000000004,0.0,0.0,4.0
33.4,0.0,0.0,4.0
33.5,0.0,0.0,4.0
33.6,0.0,0.0,4.0
33.7,0.0,0.0,4.0
33.800000000000004,0.0,0.0,4.0
33.9,0.0,0.0,4.0
34.0,0.0,0.0,4.0
34.1,0.0,0.0,4.0
34.2,0.0,0.0,4.0
34.300000000000004,0.0,0.0,4.0
34.4,0.0,0.0,4.0
34.5,0.0,0.0,4.0
34.6,0.0,0.0,4.0
34.7,0.0,0.0,4.0
34.800000000000004,0.0,0.0,4.0
34.9,0.0,0.0,4.0
35.0,0.0,0.0,4.0
35.1,0.0,0.0,4.0
35.2,0.0,0.0,4.0
35.300000000000004,0.0,0.0,4.0
35.4,0.0,0.0,4.0
35.5,0.0,0.0,4.0
35.6,0.0,0.0,4.0
35.7,0.0,0.0,4.0
35.800000000000004,0.0,0.0,4.0
35.9,0.0,0.0,4.0
36.0,0.0,0.0,4.0
36.1,0.0,0.0,4.0
36.2,0.0,0.0,4.0
36.300000000000004,0.0,0.0,4.0
36.4,0.0,0.0,4.0
36.5,0.0,0.0,4.0
36.6,0.0,0.0,4.0
36.7,0.0,0.0,4.0
36.800000000000004,0.0,0.0,4.0
36.9,0.0,0.0,4.0
37.0,0.0,0.0,4.0
37.1,0.0,0.0,4.0
37.2,0.0,0.0,4.0
37.300000000000004,0.0,0.0,4.0
37.4,0.0,0.0,4.0
37.5,0.0,0.0,4.0
37.6,0.0,0.0,4.0
37.7,0.0,0.0,4.0
37.800000000000004,0.0,0.0,4.0
37.9,0.0,0.0,4.0
38.0,0.0,0.0,4.0
38.1,0.0,0.0,4.0
38.2,0.0,0.0,4.0
38.300000000000004,0.0,0.0,4.0
38.400000000000006,0.0,0.0,4.0
38.5,0.0,0.0,4.0
38.6,0.0,0.0,4.0
38.7,0.0,0.0,4.0
38.800000000000004,0.0,0.0,4.0
38.900000000000006,0.0,0.0,4.0
39.0,0.0,0.0,4.0
39.1,0.0,0.0,4.0
39.2,0.0,0.0,4.0
39.300000000000004,0.0,0.0,4.0
39.400000000000006,0.0,0.0,4.0
39.5,0.0,0.0,4.0
39.6,0.0,0.0,4.0
39.7,0.0,0.0,4.0
39.800000000000004,0.0,0.0,4.0
39.900000000000006,0.0,0.0,4.0
40.0,0.0,0.0,4.0
40.1000505359849,0.000166835626416173,0.003335024048396808,4.0
40.200099959170196,0.0006673406500574686,0.006670048096793616,4.0
40.3001471567687,0.0015015095041164273,0.010005072145190424,4.0
40.40019101601794,0.0026693329106599606,0.013340096193587232,4.0
40.500230424192594,0.004170797880714616,0.01667512024198404,4.0
40.60026426861683,0.006005887714422897,0.02001014429038085,4.0
40.70029143667672,0.008174582001228003,0.023345168338777655,4.0
40.800310815832574,0.010676856620097652,0.026680192387174465,4.0
40.90032129363134,0.013512683739797637,0.03001521643557127,4.0
41.00032175771898,0.01668203181919381,0.03335024048396808,4.0
41.10031109585281,0.02018486560760735,0.036685264532364883,4.0
41.200288195913906,0.024021146145205563,0.0400202885807617,4.0
41.30025194591948,0.02819083076344242,0.0433553126291585,4.0
41.40020123403518,0.032693873085516856,0.04669033667755531,4.0
41.50013494858755,0.03753022302690212,0.05002536072595212,4.0
41.60005197807633,0.042699826795907114,0.05336038477434893,4.0
41.69995121118685,0.04820262689425192,0.056695408822745735,4.0
41.799831536802344,0.05403856211773217,0.06003043287114254,4.0
41.89969184401639,0.06020756755689405,0.06336545691953935,4.0
41.99953102214517,0.06670957459773064,0.06670048096793615,4.0
42.09934796073992,0.07354451092249192,0.07003550501633296,4.0
42.19914154959918,0.0807123005104522,0.07337052906472977,4.0
42.29891067878126,0.08821286363876624,0.07670555311312659,4.0
42.39865423861645,0.09604611688335041,0.0800405771615234,4.0
42.498371119719486,0.10421197311983121,0.0833756012099202,4.0
42.598060213001794,0.11271034152449388,0.086710625258317,4.0
42.6977204096839,0.12154112757528779,0.09004564930671381,4.0
42.797350601307706,0.13070423305291,0.09338067335511062,4.0
42.89694967974886,0.14019955604185697,0.09671569740350743,4.0
42.996516537229034,0.15002699093158256,0.10005072145190425,4.0
43.09605006632832,0.16018642841767772,0.10338574550030105,4.0
43.19554915999744,0.17067775550306408,0.10672076954869786,4.0
43.29501271157019,0.18150085549926942,0.11005579359709466,4.0
43.3944396147756,0.1926556080277102,0.11339081764549147,4.0
43.49382876375039,0.20414188902104513,0.11672584169388828,4.0
43.59317905305115,0.21595957072455363,0.12006086574228508,4.0
43.69248937766671,0.2281085216975427,0.12339588979068189,4.0
43.79175863303037,0.24058860681482486,0.1267309138390787,4.0
43.89098571503225,0.25339968726821027,0.1300659378874755,4.0
43.990169520031515,0.2665416205680593,0.1334009619358723,4.0
44.0893089448687,0.2800142605448599,0.13673598598426911,4.0
44.18840288687791,0.29381745735085474,0.14007101003266592,4.0
44.28745024389917,0.3079510574617146,0.14340603408106273,4.0
44.386449914290615,0.3224149036782329,0.14674105812945953,4.0
44.485400796940795,0.3372088351280951,0.15007608217785637,4.0
44.58430179128084,0.35233268726763356,0.15341110622625317,4.0
44.68315179729684,0.3677862918837036,0.15674613027464998,4.0
44.781949715541906,0.3835694770955129,0.1600811543230468,4.0
44.880694447148564,0.3996820673565544,0.1634161783714436,4.0
44.97938489384086,0.4161238834565566,0.1667512024198404,4.0
45.07801995794662,0.4328947425234766,0.1700862264682372,4.0
45.17659854240967,0.44999445802552884,0.173421250516634,4.0
45.27511955080203,0.46742283977325627,0.17675627456503082,4.0
45.373581887336066,0.48517969392166904,0.18009129861342763,4.0
45.47198445687676,0.5032648229723726,0.18342632266182443,4.0
45.570326164953805,0.5216780257757705,0.18676134671022124,4.0
45.66860591777385,0.5404190975333236,0.19009637075861804,4.0
45.76682262223261,0.5594878297997958,0.19343139480701485,4.0
45.86497518592707,0.5788840104856021,0.19676641885541168,4.0
45.963062517167586,0.5986074238591392,0.2001014429038085,4.0
46.06108352499008,0.6186578505492051,0.2034364669522053,4.0
46.15903711916813,0.6390350675474394,0.2067714910006021,4.0
46.25692221022512,0.6597388482107789,0.2101065150489989,4.0
46.35473770944635,0.6807689622640218,0.21344153909739572,4.0
46.452482528891146,0.702125175802351,0.21677656314579252,4.0
46.55015558140497,0.7238072512939411,0.22011158719418933,4.0
46.647755780631485,0.7458149475826197,0.22344661124258614,4.0
46.74528204102467,0.7681480198905284,0.22678163529098294,4.0
46.84273327786089,0.790806219820869,0.23011665933937975,4.0
46.94010840725092,0.8137892953606425,0.23345168338777655,4.0
47.03740634615203,0.8370969908834525,0.23678670743617336,4.0
47.13462601238008,0.8607290471523719,0.24012173148457017,4.0
47.23176632462146,0.8846852013228101,0.24345675553296697,4.0
47.32882620244519,0.90896518694543,0.24679177958136378,4.0
47.42580456631488,0.9335687339691283,0.2501268036297606,4.0
47.52270033760081,0.9584955687440235,0.2534618276781574,4.0
47.61951243859187,0.9837454140245079,0.2567968517265542,4.0
47.71623979250755,1.0093179889723345,0.260131875774951,4.0
47.812881323509934,1.0352130091597296,0.2634668998233478,4.0
47.90943595671567,1.0614301865725722,0.2668019238717446,4.0
48.00590261820791,1.0879692296135701,0.2701369479201414,4.0
48.10228023504827,1.114829843105543,0.27347197196853823,4.0
48.19856773528872,1.142011728294662,0.27680699601693504,4.0
48.294764047983584,1.169514582853811,0.28014202006533184,4.0
48.3908681032014,1.1973381008859292,0.28347704411372865,4.0
48.486878832036794,1.2254819729274047,0.28681206816212546,4.0
48.58279516662243,1.2539458859515378,0.29014709221052226,4.0
48.678616040140874,1.2827295233720122,0.29348211625891907,4.0
48.77434038683642,1.3118325650464158,0.29681714030731593,4.0
48.86996714202698,1.341254687279804,0.30015216435571274,4.0
48.9654952421159,1.3709955628282948,0.30348718840410954,4.0
49.06092362460384,1.4010548609027182,0.30682221245250635,4.0
49.156251228100516,1.4314322471722818,0.31015723650090316,4.0
49.251476992336585,1.4621273837683049,0.31349226054929996,4.0
49.34659985817535,1.4931399292879632,0.31682728459769677,4.0
49.441618767624654,1.5244695387980904,0.3201623086460936,4.0
49.53653266384852,1.5561158638390182,0.3234973326944904,4.0
49.631340491178996,1.5880785524284562,0.3268323567428872,4.0
49.72604119512786,1.6203572490653855,0.330167380791284,4.0
49.820633722398384,1.6529515947340343,0.3335024048396808,4.0
49.91511702089697,1.6858612269078712,0.3368374288880776,4.0
50.00949003974495,1.7190857795536125,0.3401724529364744,4.0
50.1037517292902,1.7526248831353293,0.3435074769848712,4.0
50.19790104111886,1.7864781646185328,0.346842501033268,4.0
50.29193692806696,1.8206452474743209,0.35017752508166483,4.0
50.385858344232105,1.8551257516835875,0.35351254913006164,4.0
50.47966424498506,1.889919293741226,0.35684757317845844,4.0
50.573353586981426,1.9250254866604202,0.36018259722685525,4.0
50.66692532817318,1.960443939976912,0.36351762127525206,4.0
50.76037842782034,1.996174259753392,0.36685264532364886,4.0
50.85371184650246,2.0322160485838268,0.37018766937204567,4.0
50.94692454613027,2.0685689055979317,0.3735226934204425,4.0
51.040015489957135,2.1052324264655944,0.3768577174688393,4.0
51.13298364259067,2.1422062034013827,0.3801927415172361,4.0
51.22582797000422,2.179489825169078,0.3835277655656329,4.0
51.31854743954835,2.217082877086259,0.3868627896140297,4.0
51.411141019962315,2.2549849410288942,0.3901978136624265,4.0
51.50360768138561,2.2931955954360213,0.39353283771082337,4.0
51.59594639536934,2.3317144153144014,0.3968678617592202,4.0
51.68815613488767,2.3705409722432726,0.400202885807617,4.0
51.78023587434931,2.409674834379107,0.4035379098560138,4.0
51.872184589608864,2.4491155664604136,0.4068729339044106,4.0
51.96400125797822,2.488862729812574,0.4102079579528074,4.0
52.055684858237946,2.528915882352724,0.4135429820012042,4.0
52.147234370648654,2.56927457859468,0.416878006049601,4.0
52.23864877696235,2.609938369653893,0.4202130300979978,4.0
52.32992706043369,2.650906803252415,0.4235480541463946,4.0
52.421068205831375,2.6921794237239602,0.42688307819479143,4.0
52.512071199449394,2.73375577201897,0.43021810224318824,4.0
52.60293502911834,2.7756353857096983,0.43355312629158504,4.0
52.6936586842166,2.8178177989953745,0.43688815033998185,4.0
52.78424115568164,2.860302542707373,0.44022317438837866,4.0
52.874681436021255,2.903089144314446,0.44355819843677546,4.0
52.964978519324724,2.946177127927953,0.44689322248517227,4.0
53.05513140127401,2.9895660143071865,0.4502282465335691,4.0
53.14513907915493,3.033255320864665,0.4535632705819659,4.0
53.23500055186835,3.077244561671545,0.4568982946303627,4.0
53.32471481994126,3.1215332474629847,0.4602333186787595,4.0
53.41428088553792,3.1661208856436147,0.4635683427271563,4.0
53.50369775247094,3.211006980292982,0.4669033667755531,4.0
53.5929644262124,3.256191032171124,0.4702383908239499,4.0
53.68207991390487,3.3016725387240626,0.4735734148723467,4.0
53.77104322437246,3.3474509940894137,0.4769084389207435,4.0
53.859853368131866,3.3935258891020332,0.48024346296914033,4.0
53.94850935740336,3.439896711299653,0.48357848701753714,4.0
54.03701020612178,3.4865629449286004,0.48691351106593395,4.0
54.12535492994747,3.533524070949518,0.49024853511433075,4.0
54.213542546277296,3.580779567043141,0.49358355916272756,4.0
54.30157207425549,3.6283289076161225,0.49691858321112437,4.0
54.38944253478465,3.676171563806861,0.5002536072595212,4.0
54.477152950536535,3.7243070034913934,0.503588631307918,4.0
54.564702345963,3.772734691289294,0.5069236553563148,4.0
54.652089747306825,3.821454088569663,0.5102586794047116,4.0
54.739314182612574,3.8704646534570806,0.5135937034531084,4.0
54.826374681737356,3.9197658408376697,0.5169287275015052,4.0
54.91327027636162,3.9693571023651266,0.520263751549902,4.0
55.0,4.01923788646684,0.5235987755982988,4.0
55.086562888011954,4.069407638350022,0.5269337996466956,4.0
55.1729579776126,4.119865800007865,0.5302688236950924,4.0
55.2591843078833,4.1706118102257825,0.5336038477434892,4.0
55.345240919782505,4.221645104587601,0.536938871791886,4.0
55.43112685615629,4.272965115481885,0.5402738958402828,4.0
55.51684116174905,4.324571272108223,0.5436089198886797,4.0
55.602382883214126,4.376463000483579,0.5469439439370765,4.0
55.6877510691244,4.428639723448693,0.5502789679854733,4.0
55.77294476998291,4.481100860674477,0.5536139920338701,4.0
55.857963038233336,4.53384582866849,0.5569490160822669,4.0
55.94280492827062,4.586874040781407,0.5602840401306637,4.0
56.02746949645143,4.640184907213559,0.5636190641790605,4.0
56.11195580110469,4.693777835021507,0.5669540882274573,4.0
56.19626290254203,4.747652228124593,0.5702891122758541,4.0
56.28038986306822,4.80180748731161,0.5736241363242509,4.0
56.36433574699169,4.856243010247457,0.5769591603726477,4.0
56.44809962063481,4.910958191479825,0.5802941844210445,4.0
56.53168055234435,4.965952422445952,0.5836292084694413,4.0
56.61507761250184,5.021225091479366,0.5869642325178381,4.0
56.698289873533916,5.0767755838167155,0.590299256566235,4.0
56.78131640992258,5.132603281604581,0.5936342806146319,4.0
56.86415629821555,5.18870756390637,0.5969693046630287,4.0
56.94680861703652,5.245087806709211,0.6003043287114255,4.0
57.029272447095394,5.301743382930898,0.6036393527598223,4.0
57.11154687119853,5.35867366242686,0.6069743768082191,4.0
57.193630974258916,5.415878011997169,0.6103094008566159,4.0
57.275523843306374,5.473355795393594,0.6136444249050127,4.0
57.357224567497695,5.531106373326676,0.6169794489534095,4.0
57.438732238126775,5.589129103472818,0.6203144730018063,4.0
57.52004594863473,5.647423340481449,0.6236494970502031,4.0
57.601164794619976,5.705988435982206,0.6269845210985999,4.0
57.682087873848275,5.764823738592128,0.6303195451469967,4.0
57.762814286262795,5.823928593922908,0.6336545691953935,4.0
57.84334313399408,5.883302344588174,0.6369895932437903,4.0
57.9236735213701,5.942944330210803,0.6403246172921871,4.0
58.003804554926134,6.002853887430263,0.643659641340584,4.0
58.08373534341479,6.06303034990998,0.6469946653889808,4.0
58.16346499781585,6.123473048344771,0.6503296894373776,4.0
58.24299263134618,6.184181310468269,0.6536647134857744,4.0
58.32231735946962,6.245154461060412,0.6569997375341712,4.0
58.4014382999068,6.3063918219549535,0.660334761582568,4.0
58.48035457264492,6.367892712046988,0.6636697856309648,4.0
58.55906529994761,6.429656447300552,0.6670048096793616,4.0
58.637569606364636,6.491682340756213,0.6703398337277584,4.0
58.71586661874164,6.553969702538723,0.6736748577761552,4.0
58.7939554662299,6.616517839864674,0.677009881824552,4.0
58.87183528029596,6.679326057050222,0.6803449058729488,4.0
58.9495051947313,6.742393655518818,0.6836799299213456,4.0
59.02696434566202,6.80571993380898,0.6870149539697424,4.0
59.10421187155838,6.869304187582081,0.6903499780181392,4.0
59.18124691324442,6.933145709630207,0.693685002066536,4.0
59.25806861390751,6.997243789883996,0.6970200261149329,4.0
59.33467611910788,7.061597715420561,0.7003550501633297,4.0
59.411068576788125,7.1262067704713985,0.7036900742117265,4.0
59.487245137282684,7.191070236430374,0.7070250982601233,4.0
59.56320495332726,7.256187391861676,0.7103601223085201,4.0
59.6389471800683,7.321557512507887,0.7136951463569169,4.0
59.71447097507233,7.387179871297999,0.7170301704053137,4.0
59.7897754983354,7.453053738355528,0.7203651944537105,4.0
59.864859912292346,7.519178381006611,0.7237002185021073,4.0
59.93972338182614,7.585553063788172,0.7270352425505041,4.0
60.01436507427721,7.6521770484560925,0.7303702665989009,4.0
60.08878415945264,7.719049593993422,0.7337052906472977,4.0
60.16297980963546,7.786169956618629,0.7370403146956945,4.0
60.23695119959382,7.8535373897938605,0.7403753387440913,4.0
60.31069750659016,7.921151144233264,0.7437103627924881,4.0
60.384217910390404,7.989010467911289,0.747045386840885,4.0
60.457511593273054,8.057114606071089,0.7503804108892818,4.0
60.530577740038254,8.1254628012329,0.7537154349376786,4.0
60.60341553801693,8.194054293202448,0.7570504589860754,4.0
60.67602417707976,8.262888319079433,0.7603854830344722,4.0
60.74840284964623,8.331964113266011,0.763720507082869,4.0
60.8205507506936,8.401280907475275,0.7670555311312658,4.0
60.89246707776584,8.470837930739847,0.7703905551796626,4.0
60.964151030982606,8.540634409420424,0.7737255792280594,4.0
61.03560181304807,8.610669567214384,0.7770606032764562,4.0
61.10681862925982,8.680942625164441,0.780395627324853,4.0
61.17780068751773,8.751452801667277,0.7837306513732498,4.0
61.24854719833272,8.822199312482269,0.7870656754216467,4.0
61.319057374835566,8.89318137074018,0.7904006994700435,4.0
61.38933043278561,8.964398186951932,0.7937357235184404,4.0
61.45936559057958,9.03584896901739,0.7970707475668372,4.0
61.52916206926015,9.107532922234153,0.800405771615234,4.0
61.598719092524725,9.179449249306401,0.8037407956636308,4.0
61.66803588673399,9.251597150353767,0.8070758197120276,4.0
61.73711168092056,9.32397582292024,0.8104108437604244,4.0
61.80594570679756,9.396584461983075,0.8137458678088212,4.0
61.8745371987671,9.469422259961746,0.817080891857218,4.0
61.94288539392891,9.54248840672695,0.8204159159056148,4.0
62.010989532088715,9.615782089609592,0.8237509399540116,4.0
62.078848855766736,9.68930249340984,0.8270859640024084,4.0
62.14646261020614,9.763048800406185,0.8304209880508052,4.0
62.21383004338137,9.837020190364541,0.833756012099202,4.0
62.28095040600658,9.911215840547364,0.8370910361475988,4.0
62.34782295154391,9.985634925722795,0.8404260601959956,4.0
62.41444693621183,10.060276618173862,0.8437610842443924,4.0
62.48082161899339,10.135140087707658,0.8470961082927893,4.0
62.54694626164448,10.210224501664598,0.8504311323411861,4.0
62.612820128702,10.285529024927666,0.8537661563895829,4.0
62.67844248749211,10.361052819931707,0.8571011804379797,4.0
62.74381260813833,10.436795046672742,0.8604362044863765,4.0
62.80892976356963,10.512754862717319,0.8637712285347733,4.0
62.8737932295286,10.588931423211871,0.8671062525831701,4.0
62.93840228457944,10.665323880892117,0.8704412766315669,4.0
63.002756210116004,10.741931386092489,0.8737763006799637,4.0
63.0668542903698,10.818753086755581,0.8771113247283605,4.0
63.13069581241792,10.89578812844162,0.8804463487767573,4.0
63.19428006619103,10.973035654337977,0.8837813728251541,4.0
63.25760634448118,11.050494805268695,0.8871163968735509,4.0
63.32067394294978,11.128164719704042,0.8904514209219477,4.0
63.38348216013533,11.2060445337701,0.8937864449703445,4.0
63.44603029746128,11.284133381258357,0.8971214690187413,4.0
63.50831765924379,11.362430393635368,0.9004564930671382,4.0
63.570343552699455,11.440934700052388,0.903791517115535,4.0
63.63210728795301,11.51964542735508,0.9071265411639318,4.0
63.693608178045054,11.598561700093203,0.9104615652123286,4.0
63.75484553893959,11.677682640530374,0.9137965892607254,4.0
63.81581868953173,11.75700736865382,0.9171316133091222,4.0
63.87652695165524,11.836535002184156,0.920466637357519,4.0
63.93696965009002,11.91626465658521,0.9238016614059158,4.0
63.99714611256974,11.996195445073862,0.9271366854543126,4.0
64.0570556697892,12.076326478629902,0.9304717095027094,4.0
64.11669765541183,12.156656866005918,0.9338067335511062,4.0
64.17607140607709,12.237185713737208,0.937141757599503,4.0
64.23517626140787,12.317912126151725,0.9404767816478998,4.0
64.2940115640178,12.398835205380024,0.9438118056962966,4.0
64.35257665951855,12.479954051365272,0.9471468297446934,4.0
64.41087089652719,12.561267761873225,0.9504818537930902,4.0
64.46889362667332,12.642775432502308,0.953816877841487,4.0
64.52664420460641,12.72447615669363,0.9571519018898839,4.0
64.58412198800283,12.806369025741084,0.9604869259382807,4.0
64.64132633757315,12.888453128801473,0.9638219499866775,4.0
64.6982566170691,12.97072755290461,0.9671569740350743,4.0
64.75491219329079,13.053191382963483,0.9704919980834711,4.0
64.81129243609362,13.135843701784456,0.9738270221318679,4.0
64.86739671839541,13.218683590077426,0.9771620461802647,4.0
64.92322441618329,13.301710126466084,0.9804970702286615,4.0
64.97877490852063,13.384922387498154,0.9838320942770583,4.0
65.03404757755405,13.468319447655652,0.9871671183254551,4.0
65.08904180852018,13.551900379365193,0.9905021423738519,4.0
65.14375698975255,13.635664253008308,0.9938371664222487,4.0
65.1981925126884,13.719610136931774,0.9971721904706455,4.0
65.2523477718754,13.803737097457976,1.0005072145190423,4.0
65.3062221649785,13.888044198895308,1.0038422385674393,4.0
65.35981509278643,13.972530503548565,1.007177262615836,4.0
65.4131259592186,14.057195071729383,1.0105122866642329,4.0
65.46615417133151,14.142036961766662,1.0138473107126296,4.0
65.51889913932553,14.227055230017092,1.0171823347610265,4.0
65.5713602765513,14.312248930875592,1.0205173588094232,4.0
65.62353699951642,14.397617116785876,1.02385238285782,4.0
65.67542872789178,14.483158838250949,1.0271874069062168,4.0
65.72703488451812,14.568873143843712,1.0305224309546137,4.0
65.7783548954124,14.654759080217488,1.0338574550030104,4.0
65.82938818977422,14.740815692116696,1.0371924790514073,4.0
65.88013419999214,14.82704202238741,1.040527503099804,4.0
65.93059236164999,14.913437111988042,1.043862527148201,4.0
65.98076211353316,15.0,1.0471975511965976,4.0
66.03064289763488,15.086729723638378,1.0505325752449945,4.0
66.08023415916233,15.173625318262648,1.0538675992933912,4.0
66.12953534654292,15.260685817387426,1.0572026233417882,4.0
66.17854591143033,15.347910252693168,1.0605376473901849,4.0
66.22726530871071,15.435297654037006,1.0638726714385818,4.0
66.27569299650861,15.52284704946347,1.0672076954869785,4.0
66.32382843619314,15.610557465215354,1.0705427195353754,4.0
66.37167109238388,15.698427925744502,1.073877743583772,4.0
66.41922043295686,15.786457453722708,1.077212767632169,4.0
66.46647592905049,15.874645070052528,1.0805477916805657,4.0
66.51343705507139,15.962989793878227,1.0838828157289626,4.0
66.56010328870035,16.051490642596637,1.0872178397773593,4.0
66.60647411089796,16.140146631868134,1.0905528638257562,4.0
66.65254900591059,16.228956775627537,1.093887887874153,4.0
66.69832746127594,16.317920086095135,1.0972229119225498,4.0
66.74380896782887,16.407035573787596,1.1005579359709465,4.0
66.78899301970702,16.49630224752906,1.1038929600193434,4.0
66.83387911435639,16.58571911446208,1.1072279840677401,4.0
66.87846675253701,16.675285180058737,1.110563008116137,4.0
66.92275543832845,16.764999448131647,1.1138980321645338,4.0
66.96674467913533,16.85486092084507,1.1172330562129307,4.0
67.01043398569281,16.944868598725996,1.1205680802613274,4.0
67.05382287207205,17.035021480675276,1.1239031043097243,4.0
67.09691085568555,17.125318563978738,1.127238128358121,4.0
67.13969745729263,17.21575884431836,1.130573152406518,4.0
67.18218220100462,17.306341315783406,1.1339081764549146,4.0
67.2243646142903,17.39706497088166,1.1372432005033115,4.0
67.26624422798103,17.4879288005506,1.1405782245517082,4.0
67.30782057627604,17.578931794168632,1.1439132486001051,4.0
67.34909319674759,17.67007293956631,1.1472482726485018,4.0
67.39006163034611,17.761351223037657,1.1505832966968987,4.0
67.43072542140531,17.85276562935134,1.1539183207452954,4.0
67.47108411764728,17.944315141762058,1.1572533447936924,4.0
67.51113727018743,18.035998742021786,1.160588368842089,4.0
67.55088443353958,18.12781541039114,1.163923392890486,4.0
67.5903251656209,18.219764125650684,1.1672584169388827,4.0
67.62945902775672,18.31184386511233,1.1705934409872796,4.0
67.6682855846856,18.404053604630665,1.1739284650356763,4.0
67.70680440456398,18.49639231861439,1.1772634890840732,4.0
67.7450150589711,18.588858980037685,1.18059851313247,4.0
67.78291712291374,18.68145256045166,1.183933537180867,4.0
67.82051017483093,18.77417202999578,1.1872685612292637,4.0
67.85779379659861,18.86701635740933,1.1906035852776606,4.0
67.89476757353441,18.95998451004287,1.1939386093260573,4.0
67.93143109440207,19.053075453869738,1.1972736333744542,4.0
67.96778395141618,19.146288153497537,1.200608657422851,4.0
68.00382574024661,19.239621572179665,1.2039436814712479,4.0
68.03955606002309,19.33307467182682,1.2072787055196446,4.0
68.07497451333958,19.426646413018585,1.2106137295680415,4.0
68.11008070625877,19.52033575501494,1.2139487536164382,4.0
68.14487424831641,19.614141655767902,1.217283777664835,4.0
68.17935475252568,19.70806307193304,1.2206188017132318,4.0
68.21352183538147,19.802098958881146,1.2239538257616287,4.0
68.24737511686467,19.896248270709805,1.2272888498100254,4.0
68.28091422044639,19.990509960255057,1.2306238738584223,4.0
68.31413877309214,20.084882979103032,1.233958897906819,4.0
68.34704840526597,20.179366277601623,1.237293921955216,4.0
68.37964275093462,20.273958804872137,1.2406289460036126,4.0
68.41192144757154,20.36865950882101,1.2439639700520095,4.0
68.44388413616099,20.463467336151485,1.2472989941004062,4.0
68.47553046120191,20.558381232375353,1.2506340181488032,4.0
68.50686007071204,20.653400141824648,1.2539690421971998,4.0
68.5378726162317,20.748523007663426,1.2573040662455968,4.0
68.56856775282772,20.843748771899484,1.2606390902939935,4.0
68.59894513909728,20.93907637539617,1.2639741143423904,4.0
68.6290044371717,21.0345047578841,1.267309138390787,4.0
68.6587453127202,21.130032857973028,1.270644162439184,4.0
68.68816743495358,21.225659613163582,1.2739791864875807,4.0
68.71727047662799,21.321383959859126,1.2773142105359776,4.0
68.74605411404846,21.417204833377568,1.2806492345843743,4.0
68.7745180270726,21.513121167963213,1.2839842586327712,4.0
68.80266189911407,21.60913189679861,1.287319282681168,4.0
68.83048541714619,21.705235952016416,1.2906543067295648,4.0
68.85798827170534,21.80143226471128,1.2939893307779615,4.0
68.88517015689446,21.897719764951745,1.2973243548263584,4.0
68.91203077038642,21.99409738179209,1.3006593788747551,4.0
68.93856981342743,22.090564043284335,1.303994402923152,4.0
68.96478699084027,22.18711867649007,1.3073294269715487,4.0
68.99068201102767,22.283760207492456,1.3106644510199457,4.0
69.01625458597549,22.38048756140813,1.3139994750683424,4.0
69.04150443125597,22.47729966239919,1.3173344991167393,4.0
69.06643126603088,22.57419543368512,1.320669523165136,4.0
69.09103481305456,22.671173797554818,1.324004547213533,4.0
69.11531479867719,22.76823367537854,1.3273395712619296,4.0
69.13927095284762,22.865373987619922,1.3306745953103265,4.0
69.16290300911655,22.962593653847968,1.3340096193587232,4.0
69.18621070463936,23.059891592749093,1.3373446434071201,4.0
69.20919378017913,23.157266722139113,1.3406796674555168,4.0
69.23185198010947,23.254717958975327,1.3440146915039137,4.0
69.25418505241738,23.352244219368515,1.3473497155523104,4.0
69.27619274870607,23.449844418595035,1.3506847396007073,4.0
69.29787482419765,23.547517471108854,1.354019763649104,4.0
69.31923103773597,23.645262290553656,1.357354787697501,4.0
69.34026115178922,23.743077789774883,1.3606898117458976,4.0
69.36096493245256,23.840962880831874,1.3640248357942946,4.0
69.3813421494508,23.93891647500992,1.3673598598426913,4.0
69.40139257614086,24.036937482832414,1.3706948838910882,4.0
69.42111598951439,24.135024814072928,1.3740299079394849,4.0
69.44051217020021,24.23317737776739,1.3773649319878818,4.0
69.45958090246668,24.331394082226147,1.3806999560362785,4.0
69.47832197422423,24.429673835046195,1.3840349800846754,4.0
69.49673517702763,24.528015543123242,1.387370004133072,4.0
69.51482030607833,24.626418112663934,1.390705028181469,4.0
69.53257716022674,24.724880449197972,1.3940400522298657,4.0
69.55000554197447,24.82340145759033,1.3973750762782626,4.0
69.56710525747653,24.921980042053377,1.4007101003266593,4.0
69.58387611654345,25.02061510615915,1.4040451243750562,4.0
69.60031793264345,25.119305552851436,1.407380148423453,4.0
69.6164305229045,25.218050284458094,1.4107151724718499,4.0
69.6322137081163,25.316848202703166,1.4140501965202465,4.0
69.64766731273237,25.415698208719157,1.4173852205686435,4.0
69.6627911648719,25.514599203059213,1.4207202446170402,4.0
69.67758509632176,25.613550085709385,1.424055268665437,4.0
69.69204894253829,25.712549756100827,1.4273902927138338,4.0
69.70618254264915,25.811597113122094,1.4307253167622307,4.0
69.71998573945514,25.910691055131306,1.4340603408106274,4.0
69.73345837943194,26.009830479968485,1.4373953648590243,4.0
69.74660031273179,26.10901428496775,1.440730388907421,4.0
69.75941139318518,26.20824136696963,1.444065412955818,4.0
69.77189147830245,26.307510622333293,1.4474004370042146,4.0
69.78404042927545,26.406820946948848,1.4507354610526115,4.0
69.79585811097895,26.506171236249607,1.4540704851010082,4.0
69.8073443919723,26.6055603852244,1.4574055091494051,4.0
69.81849914450073,26.704987288429816,1.4607405331978018,4.0
69.82932224449694,26.80445084000256,1.4640755572461988,4.0
69.83981357158233,26.903949933671683,1.4674105812945955,4.0
69.84997300906842,27.003483462770966,1.4707456053429924,4.0
69.85980044395814,27.103050320251143,1.474080629391389,4.0
69.86929576694709,27.202649398692298,1.477415653439786,4.0
69.87845887242472,27.302279590316104,1.4807506774881827,4.0
69.88728965847551,27.40193978699821,1.4840857015365796,4.0
69.89578802688017,27.501628880280517,1.4874207255849763,4.0
69.90395388311666,27.601345761383552,1.4907557496333732,4.0
69.91178713636123,27.701089321218742,1.49409077368177,4.0
69.91928769948954,27.800858450400817,1.4974257977301668,4.0
69.92645548907751,27.900652039260084,1.5007608217785635,4.0
69.93329042540228,28.000468977854833,1.5040958458269604,4.0
69.93979243244311,28.100308155983615,1.5074308698753571,4.0
69.94596143788226,28.20016846319766,1.510765893923754,4.0
69.95179737310575,28.300048788813154,1.5141009179721507,4.0
69.95730017320409,28.39994802192367,1.5174359420205477,4.0
69.9624697769731,28.49986505141245,1.5207709660689444,4.0
69.96730612691448,28.599798765964824,1.5241059901173413,4.0
69.97180916923656,28.699748054080526,1.527441014165738,4.0
69.9759788538548,28.799711804086094,1.5307760382141349,4.0
69.9798151343924,28.899688904147194,1.5341110622625316,4.0
69.98331796818081,28.99967824228103,1.5374460863109285,4.0
69.9864873162602,29.099678706368657,1.5407811103593252,4.0
69.9893231433799,29.19968918416743,1.544116134407722,4.0
69.99182541799877,29.29970856332328,1.5474511584561188,4.0
69.99399411228558,29.39973573138317,1.5507861825045157,4.0
69.99582920211928,29.499769575807406,1.5541212065529124,4.0
69.99733066708934,29.59980898398206,1.5574562306013093,4.0
69.99849849049588,29.699852843231298,1.560791254649706,4.0
69.99933265934995,29.799900040829804,1.564126278698103,4.0
69.99983316437358,29.899949464015105,1.5674613027464996,4.0
70.0,30.0,1.5707963267948966,4.0
69.99983316437358,30.100050535984895,1.5741313508432935,4.0
69.99933265934995,30.200099959170196,1.5774663748916902,4.0
69.99849849049588,30.300147156768702,1.580801398940087,4.0
69.99733066708934,30.40019101601794,1.5841364229884838,4.0
69.99582920211928,30.500230424192594,1.5874714470368807,4.0
69.99399411228558,30.60026426861683,1.5908064710852774,4.0
69.99182541799877,30.70029143667672,1.5941414951336743,4.0
69.9893231433799,30.80031081583257,1.597476519182071,4.0
69.9864873162602,30.900321293631343,1.600811543230468,4.0
69.98331796818081,31.00032175771897,1.6041465672788646,4.0
69.9798151343924,31.100311095852806,1.6074815913272615,4.0
69.9759788538548,31.200288195913906,1.6108166153756582,4.0
69.97180916923656,31.300251945919474,1.6141516394240552,4.0
69.96730612691448,31.400201234035176,1.6174866634724518,4.0
69.9624697769731,31.50013494858755,1.6208216875208488,4.0
69.95730017320409,31.60005197807633,1.6241567115692455,4.0
69.95179737310575,31.699951211186846,1.6274917356176424,4.0
69.94596143788226,31.79983153680234,1.630826759666039,4.0
69.93979243244311,31.899691844016385,1.634161783714436,4.0
69.93329042540228,31.999531022145167,1.6374968077628327,4.0
69.92645548907751,32.09934796073991,1.6408318318112296,4.0
69.91928769948954,32.19914154959918,1.6441668558596263,4.0
69.91178713636123,32.29891067878126,1.6475018799080232,4.0
69.90395388311666,32.39865423861645,1.65083690395642,4.0
69.89578802688017,32.49837111971948,1.6541719280048168,4.0
69.88728965847551,32.59806021300179,1.6575069520532135,4.0
69.87845887242472,32.697720409683896,1.6608419761016104,4.0
69.86929576694709,32.797350601307706,1.6641770001500071,4.0
69.85980044395814,32.89694967974886,1.667512024198404,4.0
69.84997300906842,32.996516537229034,1.6708470482468007,4.0
69.83981357158233,33.09605006632832,1.6741820722951977,4.0
69.82932224449694,33.19554915999744,1.6775170963435944,4.0
69.81849914450073,33.29501271157018,1.6808521203919913,4.0
69.8073443919723,33.3944396147756,1.684187144440388,4.0
69.79585811097895,33.49382876375039,1.687522168488785,4.0
69.78404042927545,33.59317905305115,1.6908571925371816,4.0
69.77189147830245,33.69248937766671,1.6941922165855785,4.0
69.75941139318518,33.79175863303037,1.6975272406339752,4.0
69.74660031273179,33.89098571503225,1.7008622646823721,4.0
69.73345837943194,33.990169520031515,1.7041972887307688,4.0
69.71998573945514,34.0893089448687,1.7075323127791657,4.0
69.70618254264915,34.18840288687791,1.7108673368275624,4.0
69.69204894253829,34.28745024389917,1.7142023608759593,4.0
69.67758509632176,34.386449914290615,1.717537384924356,4.0
69.6627911648719,34.48540079694079,1.720872408972753,4.0
69.64766731273237,34.58430179128084,1.7242074330211496,4.0
69.6322137081163,34.68315179729683,1.7275424570695466,4.0
69.6164305229045,34.781949715541906,1.7308774811179433,4.0
69.60031793264345,34.880694447148564,1.7342125051663402,4.0
69.58387611654345,34.97938489384085,1.7375475292147369,4.0
69.56710525747653,35.07801995794662,1.7408825532631338,4.0
69.55000554197447,35.17659854240967,1.7442175773115305,4.0
69.53257716022674,35.27511955080203,1.7475526013599274,4.0
69.51482030607833,35.373581887336066,1.750887625408324,4.0
69.49673517702763,35.47198445687676,1.754222649456721,4.0
69.47832197422423,35.570326164953805,1.7575576735051177,4.0
69.45958090246668,35.66860591777385,1.7608926975535146,4.0
69.44051217020021,35.76682262223261,1.7642277216019113,4.0
69.42111598951439,35.86497518592707,1.7675627456503082,4.0
69.40139257614086,35.963062517167586,1.770897769698705,4.0
69.3813421494508,36.06108352499008,1.7742327937471019,4.0
69.36096493245256,36.159037119168126,1.7775678177954986,4.0
69.34026115178922,36.25692221022512,1.7809028418438955,4.0
69.31923103773597,36.35473770944634,1.7842378658922922,4.0
69.29787482419765,36.452482528891146,1.787572889940689,4.0
69.27619274870607,36.550155581404965,1.7909079139890858,4.0
69.25418505241738,36.647755780631485,1.7942429380374827,4.0
69.23185198010947,36.74528204102467,1.7975779620858794,4.0
69.20919378017913,36.84273327786089,1.8009129861342763,4.0
69.18621070463936,36.940108407250904,1.804248010182673,4.0
69.16290300911655,37.03740634615203,1.80758303423107,4.0
69.13927095284762,37.134626012380075,1.8109180582794666,4.0
69.11531479867719,37.23176632462146,1.8142530823278635,4.0
69.09103481305456,37.32882620244518,1.8175881063762602,4.0
69.06643126603088,37.42580456631488,1.8209231304246571,4.0
69.04150443125597,37.52270033760081,1.8242581544730538,4.0
69.01625458597549,37.61951243859187,1.8275931785214508,4.0
68.99068201102767,37.716239792507544,1.8309282025698475,4.0
68.96478699084027,37.81288132350993,1.8342632266182444,4.0
68.93856981342743,37.90943595671566,1.837598250666641,4.0
68.91203077038642,38.00590261820791,1.840933274715038,4.0
68.88517015689446,38.102280235048255,1.8442682987634347,4.0
68.85798827170534,38.19856773528872,1.8476033228118316,4.0
68.83048541714619,38.294764047983584,1.8509383468602283,4.0
68.80266189911407,38.39086810320139,1.8542733709086252,4.0
68.7745180270726,38.48687883203679,1.857608394957022,4.0
68.74605411404846,38.58279516662243,1.8609434190054188,4.0
68.71727047662799,38.678616040140874,1.8642784430538155,4.0
68.68816743495358,38.774340386836414,1.8676134671022124,4.0
68.6587453127202,38.86996714202697,1.8709484911506091,4.0
68.6290044371717,38.9654952421159,1.874283515199006,4.0
68.59894513909728,39.06092362460383,1.8776185392474027,4.0
68.56856775282772,39.156251228100516,1.8809535632957997,4.0
68.5378726162317,39.25147699233658,1.8842885873441964,4.0
68.50686007071204,39.34659985817535,1.8876236113925933,4.0
68.47553046120191,39.44161876762465,1.89095863544099,4.0
68.44388413616099,39.53653266384852,1.8942936594893869,4.0
68.41192144757154,39.63134049117899,1.8976286835377836,4.0
68.37964275093462,39.72604119512786,1.9009637075861805,4.0
68.34704840526597,39.82063372239838,1.9042987316345772,4.0
68.31413877309214,39.91511702089697,1.907633755682974,4.0
68.28091422044639,40.009490039744946,1.9109687797313708,4.0
68.24737511686467,40.103751729290195,1.9143038037797677,4.0
68.21352183538147,40.197901041118854,1.9176388278281644,4.0
68.17935475252568,40.29193692806696,1.9209738518765613,4.0
68.14487424831641,40.3858583442321,1.924308875924958,4.0
68.11008070625877,40.47966424498506,1.927643899973355,4.0
68.07497451333958,40.57335358698141,1.9309789240217516,4.0
68.03955606002309,40.66692532817318,1.9343139480701486,4.0
68.00382574024661,40.760378427820335,1.9376489721185453,4.0
67.96778395141618,40.85371184650246,1.9409839961669422,4.0
67.93143109440207,40.94692454613026,1.9443190202153389,4.0
67.89476757353441,41.04001548995713,1.9476540442637358,4.0
67.85779379659861,41.13298364259067,1.9509890683121325,4.0
67.82051017483093,41.22582797000422,1.9543240923605294,4.0
67.78291712291374,41.31854743954834,1.957659116408926,4.0
67.7450150589711,41.411141019962315,1.960994140457323,4.0
67.70680440456398,41.5036076813856,1.9643291645057197,4.0
67.6682855846856,41.595946395369324,1.9676641885541166,4.0
67.62945902775672,41.68815613488766,1.9709992126025133,4.0
67.5903251656209,41.78023587434931,1.9743342366509102,4.0
67.5508844335396,41.87218458960885,1.977669260699307,4.0
67.51113727018743,41.96400125797821,1.9810042847477038,4.0
67.47108411764728,42.05568485823794,1.9843393087961008,4.0
67.43072542140533,42.147234370648654,1.9876743328444975,4.0
67.39006163034611,42.23864877696234,1.9910093568928944,4.0
67.34909319674759,42.32992706043368,1.994344380941291,4.0
67.30782057627604,42.42106820583137,1.997679404989688,4.0
67.26624422798103,42.512071199449394,2.0010144290380847,4.0
67.2243646142903,42.60293502911834,2.0043494530864816,4.0
67.18218220100462,42.693658684216594,2.0076844771348785,4.0
67.13969745729263,42.784241155681634,2.011019501183275,4.0
67.09691085568556,42.874681436021255,2.014354525231672,4.0
67.05382287207205,42.964978519324724,2.017689549280069,4.0
67.01043398569281,43.055131401274004,2.0210245733284657,4.0
66.96674467913533,43.14513907915492,2.024359597376862,4.0
66.92275543832845,43.23500055186835,2.027694621425259,4.0
66.87846675253701,43.32471481994126,2.031029645473656,4.0
66.83387911435639,43.41428088553792,2.034364669522053,4.0
66.78899301970702,43.503697752470934,2.0376996935704494,4.0
66.74380896782887,43.5929644262124,2.0410347176188464,4.0
66.69832746127594,43.682079913904865,2.0443697416672433,4.0
66.65254900591059,43.77104322437246,2.04770476571564,4.0
66.60647411089798,43.85985336813186,2.0510397897640367,4.0
66.56010328870035,43.94850935740335,2.0543748138124336,4.0
66.51343705507139,44.03701020612177,2.0577098378608305,4.0
66.46647592905049,44.12535492994747,2.0610448619092274,4.0
66.41922043295686,44.21354254627729,2.064379885957624,4.0
66.37167109238388,44.30157207425549,2.067714910006021,4.0
66.32382843619314,44.38944253478465,2.0710499340544177,4.0
66.27569299650861,44.47715295053653,2.0743849581028146,4.0
66.22726530871071,44.564702345962985,2.077719982151211,4.0
66.17854591143035,44.652089747306825,2.081055006199608,4.0
66.12953534654292,44.739314182612574,2.084390030248005,4.0
66.08023415916233,44.82637468173735,2.087725054296402,4.0
66.03064289763488,44.913270276361615,2.0910600783447983,4.0
65.98076211353316,44.99999999999999,2.0943951023931953,4.0
65.93059236164999,45.086562888011954,2.097730126441592,4.0
65.88013419999214,45.17295797761259,2.101065150489989,4.0
65.82938818977422,45.259184307883295,2.1044001745383856,4.0
65.7783548954124,45.345240919782505,2.1077351985867825,4.0
65.72703488451812,45.43112685615629,2.1110702226351794,4.0
65.67542872789178,45.51684116174905,2.1144052466835763,4.0
65.62353699951643,45.60238288321412,2.117740270731973,4.0
65.5713602765513,45.6877510691244,2.1210752947803697,4.0
65.51889913932553,45.77294476998291,2.1244103188287666,4.0
65.46615417133151,45.857963038233336,2.1277453428771635,4.0
65.4131259592186,45.94280492827061,2.13108036692556,4.0
65.35981509278645,46.02746949645143,2.134415390973957,4.0
65.3062221649785,46.11195580110469,2.137750415022354,4.0
65.2523477718754,46.196262902542024,2.1410854390707508,4.0
65.1981925126884,46.28038986306822,2.1444204631191472,4.0
65.14375698975255,46.364335746991685,2.147755487167544,4.0
65.08904180852018,46.44809962063481,2.151090511215941,4.0
65.03404757755405,46.53168055234435,2.154425535264338,4.0
64.97877490852063,46.615077612501835,2.1577605593127345,4.0
64.92322441618329,46.69828987353391,2.1610955833611314,4.0
64.86739671839543,46.78131640992257,2.1644306074095283,4.0
64.81129243609362,46.86415629821555,2.1677656314579252,4.0
64.75491219329079,46.94680861703651,2.1711006555063217,4.0
64.6982566170691,47.02927244709539,2.1744356795547186,4.0
64.64132633757315,47.11154687119853,2.1777707036031155,4.0
64.58412198800283,47.193630974258916,2.1811057276515124,4.0
64.52664420460641,47.27552384330637,2.184440751699909,4.0
64.46889362667332,47.35722456749769,2.187775775748306,4.0
64.41087089652719,47.438732238126775,2.1911107997967028,4.0
64.35257665951855,47.52004594863473,2.1944458238450997,4.0
64.29401156401781,47.60116479461996,2.197780847893496,4.0
64.23517626140787,47.682087873848275,2.201115871941893,4.0
64.1760714060771,47.76281428626279,2.20445089599029,4.0
64.11669765541183,47.84334313399408,2.207785920038687,4.0
64.05705566978921,47.92367352137009,2.2111209440870834,4.0
63.99714611256974,48.003804554926134,2.2144559681354803,4.0
63.93696965009002,48.08373534341479,2.217790992183877,4.0
63.87652695165524,48.163464997815844,2.221126016232274,4.0
63.81581868953174,48.24299263134617,2.2244610402806706,4.0
63.75484553893959,48.32231735946962,2.2277960643290675,4.0
63.693608178045054,48.40143829990679,2.2311310883774644,4.0
63.63210728795301,48.48035457264492,2.2344661124258614,4.0
63.570343552699455,48.559065299947605,2.237801136474258,4.0
63.50831765924379,48.63756960636463,2.2411361605226547,4.0
63.44603029746128,48.71586661874164,2.2444711845710517,4.0
63.38348216013533,48.7939554662299,2.2478062086194486,4.0
63.32067394294978,48.871835280295954,2.251141232667845,4.0
63.25760634448119,48.9495051947313,2.254476256716242,4.0
63.19428006619103,49.02696434566202,2.257811280764639,4.0
63.13069581241792,49.10421187155838,2.261146304813036,4.0
63.066854290369804,49.18124691324441,2.2644813288614323,4.0
63.00275621011601,49.25806861390751,2.267816352909829,4.0
62.93840228457944,49.33467611910788,2.271151376958226,4.0
62.8737932295286,49.411068576788125,2.274486401006623,4.0
62.80892976356964,49.48724513728267,2.2778214250550195,4.0
62.74381260813833,49.56320495332726,2.2811564491034164,4.0
62.67844248749212,49.63894718006829,2.2844914731518133,4.0
62.612820128702,49.71447097507233,2.2878264972002103,4.0
62.54694626164448,49.7897754983354,2.2911615212486067,4.0
62.480821618993396,49.86485991229233,2.2944965452970036,4.0
62.41444693621183,49.93972338182614,2.2978315693454006,4.0
62.34782295154391,50.01436507427721,2.3011665933937975,4.0
62.28095040600658,50.08878415945263,2.304501617442194,4.0
62.21383004338138,50.16297980963546,2.307836641490591,4.0
62.14646261020614,50.23695119959381,2.311171665538988,4.0
62.078848855766736,50.31069750659016,2.3145066895873847,4.0
62.010989532088715,50.3842179103904,2.317841713635781,4.0
61.94288539392892,50.45751159327304,2.321176737684178,4.0
61.8745371987671,50.530577740038254,2.324511761732575,4.0
61.80594570679756,50.603415538016925,2.327846785780972,4.0
61.73711168092058,50.67602417707975,2.3311818098293684,4.0
61.668035886733996,50.748402849646226,2.3345168338777653,4.0
61.59871909252473,50.8205507506936,2.3378518579261622,4.0
61.52916206926015,50.89246707776584,2.341186881974559,4.0
61.45936559057959,50.964151030982606,2.3445219060229556,4.0
61.38933043278562,51.03560181304806,2.3478569300713525,4.0
61.319057374835566,51.10681862925982,2.3511919541197495,4.0
61.24854719833272,51.17780068751773,2.3545269781681464,4.0
61.17780068751773,51.24854719833272,2.3578620022165433,4.0
61.10681862925982,51.319057374835566,2.36119702626494,4.0
61.03560181304806,51.38933043278562,2.364532050313337,4.0
60.964151030982606,51.45936559057958,2.367867074361734,4.0
60.89246707776584,51.52916206926015,2.3712020984101305,4.0
60.8205507506936,51.59871909252473,2.3745371224585274,4.0
60.748402849646226,51.668035886733996,2.3778721465069244,4.0
60.67602417707975,51.73711168092058,2.3812071705553213,4.0
60.60341553801693,51.80594570679755,2.3845421946037177,4.0
60.530577740038254,51.8745371987671,2.3878772186521147,4.0
60.45751159327305,51.94288539392892,2.3912122427005116,4.0
60.384217910390404,52.010989532088715,2.3945472667489085,4.0
60.31069750659016,52.078848855766736,2.397882290797305,4.0
60.23695119959382,52.14646261020614,2.401217314845702,4.0
60.16297980963546,52.21383004338138,2.404552338894099,4.0
60.08878415945263,52.28095040600658,2.4078873629424957,4.0
60.01436507427721,52.347822951543904,2.411222386990892,4.0
59.93972338182614,52.41444693621183,2.414557411039289,4.0
59.86485991229234,52.480821618993396,2.417892435087686,4.0
59.7897754983354,52.54694626164448,2.421227459136083,4.0
59.71447097507233,52.612820128702,2.4245624831844794,4.0
59.63894718006829,52.67844248749212,2.4278975072328763,4.0
59.56320495332726,52.74381260813833,2.4312325312812733,4.0
59.48724513728267,52.80892976356964,2.43456755532967,4.0
59.411068576788125,52.8737932295286,2.4379025793780666,4.0
59.33467611910788,52.93840228457944,2.4412376034264636,4.0
59.25806861390751,53.002756210116004,2.4445726274748605,4.0
59.18124691324441,53.066854290369804,2.4479076515232574,4.0
59.10421187155838,53.13069581241792,2.451242675571654,4.0
59.02696434566202,53.19428006619103,2.454577699620051,4.0
58.9495051947313,53.25760634448119,2.4579127236684477,4.0
58.871835280295954,53.32067394294978,2.4612477477168446,4.0
58.7939554662299,53.38348216013533,2.464582771765241,4.0
58.71586661874164,53.44603029746128,2.467917795813638,4.0
58.63756960636463,53.50831765924379,2.471252819862035,4.0
58.559065299947605,53.570343552699455,2.474587843910432,4.0
58.48035457264492,53.63210728795301,2.4779228679588283,4.0
58.4014382999068,53.693608178045054,2.4812578920072252,4.0
58.32231735946962,53.75484553893959,2.484592916055622,4.0
58.24299263134617,53.81581868953174,2.487927940104019,4.0
58.16346499781585,53.87652695165523,2.4912629641524155,4.0
58.08373534341479,53.93696965009002,2.4945979882008125,4.0
58.003804554926134,53.99714611256974,2.4979330122492094,4.0
57.92367352137009,54.0570556697892,2.5012680362976063,4.0
57.84334313399408,54.116697655411826,2.5046030603460028,4.0
57.762814286262795,54.1760714060771,2.5079380843943997,4.0
57.682087873848275,54.23517626140788,2.5112731084427966,4.0
57.60116479461997,54.2940115640178,2.5146081324911935,4.0
57.52004594863473,54.35257665951855,2.51794315653959,4.0
57.438732238126775,54.410870896527186,2.521278180587987,4.0
57.35722456749769,54.46889362667333,2.524613204636384,4.0
57.27552384330637,54.52664420460641,2.5279482286847808,4.0
57.193630974258916,54.584121988002835,2.5312832527331772,4.0
57.11154687119853,54.64132633757315,2.534618276781574,4.0
57.02927244709539,54.698256617069106,2.537953300829971,4.0
56.94680861703651,54.75491219329079,2.541288324878368,4.0
56.86415629821555,54.81129243609363,2.5446233489267645,4.0
56.781316409922574,54.86739671839542,2.5479583729751614,4.0
56.69828987353391,54.92322441618329,2.5512933970235583,4.0
56.61507761250184,54.978774908520634,2.554628421071955,4.0
56.531680552344355,55.03404757755405,2.5579634451203517,4.0
56.44809962063481,55.08904180852018,2.5612984691687486,4.0
56.364335746991685,55.143756989752546,2.5646334932171455,4.0
56.28038986306822,55.198192512688394,2.5679685172655424,4.0
56.19626290254203,55.25234777187541,2.571303541313939,4.0
56.11195580110469,55.30622216497849,2.574638565362336,4.0
56.02746949645143,55.35981509278644,2.5779735894107327,4.0
55.94280492827061,55.4131259592186,2.5813086134591297,4.0
55.857963038233336,55.46615417133151,2.584643637507526,4.0
55.77294476998291,55.51889913932553,2.587978661555923,4.0
55.6877510691244,55.5713602765513,2.59131368560432,4.0
55.60238288321412,55.623536999516425,2.594648709652717,4.0
55.51684116174905,55.67542872789178,2.5979837337011134,4.0
55.43112685615629,55.72703488451812,2.6013187577495103,4.0
55.345240919782505,55.7783548954124,2.604653781797907,4.0
55.259184307883295,55.82938818977422,2.607988805846304,4.0
55.1729579776126,55.880134199992135,2.6113238298947006,4.0
55.086562888011954,55.93059236164998,2.6146588539430975,4.0
55.0,55.98076211353316,2.6179938779914944,4.0
54.913270276361615,56.03064289763488,2.6213289020398913,4.0
54.826374681737356,56.08023415916233,2.624663926088288,4.0
54.739314182612574,56.12953534654292,2.6279989501366847,4.0
54.652089747306825,56.178545911430334,2.6313339741850816,4.0
54.564702345962985,56.22726530871071,2.6346689982334786,4.0
54.477152950536535,56.27569299650861,2.638004022281875,4.0
54.38944253478465,56.32382843619314,2.641339046330272,4.0
54.30157207425549,56.37167109238388,2.644674070378669,4.0
54.21354254627729,56.41922043295686,2.648009094427066,4.0
54.12535492994747,56.46647592905048,2.6513441184754623,4.0
54.03701020612178,56.5134370550714,2.654679142523859,4.0
53.94850935740336,56.56010328870035,2.658014166572256,4.0
53.859853368131866,56.60647411089797,2.661349190620653,4.0
53.77104322437246,56.652549005910586,2.6646842146690495,4.0
53.68207991390487,56.69832746127594,2.6680192387174464,4.0
53.5929644262124,56.743808967828876,2.6713542627658433,4.0
53.503697752470934,56.78899301970702,2.6746892868142402,4.0
53.41428088553792,56.833879114356385,2.6780243108626367,4.0
53.32471481994126,56.878466752537015,2.6813593349110336,4.0
53.23500055186835,56.92275543832845,2.6846943589594305,4.0
53.14513907915493,56.96674467913534,2.6880293830078275,4.0
53.05513140127401,57.01043398569281,2.691364407056224,4.0
52.964978519324724,57.05382287207205,2.694699431104621,4.0
52.874681436021255,57.09691085568555,2.6980344551530178,4.0
52.784241155681634,57.13969745729263,2.7013694792014147,4.0
52.6936586842166,57.18218220100462,2.704704503249811,4.0
52.60293502911834,57.2243646142903,2.708039527298208,4.0
52.512071199449394,57.26624422798103,2.711374551346605,4.0
52.42106820583137,57.30782057627604,2.714709575395002,4.0
52.32992706043369,57.34909319674759,2.7180445994433984,4.0
52.23864877696235,57.39006163034611,2.7213796234917953,4.0
52.147234370648654,57.43072542140532,2.724714647540192,4.0
52.05568485823794,57.47108411764728,2.728049671588589,4.0
51.96400125797822,57.511137270187426,2.7313846956369856,4.0
51.872184589608864,57.550884433539586,2.7347197196853825,4.0
51.78023587434931,57.5903251656209,2.7380547437337794,4.0
51.68815613488766,57.62945902775673,2.7413897677821764,4.0
51.595946395369324,57.668285584685606,2.7447247918305733,4.0
51.50360768138561,57.70680440456398,2.7480598158789697,4.0
51.411141019962315,57.745015058971106,2.7513948399273667,4.0
51.31854743954834,57.782917122913744,2.7547298639757636,4.0
51.22582797000422,57.82051017483093,2.7580648880241605,4.0
51.13298364259067,57.857793796598614,2.761399912072557,4.0
51.040015489957135,57.89476757353441,2.764734936120954,4.0
50.94692454613026,57.93143109440207,2.768069960169351,4.0
50.853711846502456,57.96778395141618,2.7714049842177477,4.0
50.76037842782034,58.00382574024661,2.774740008266144,4.0
50.66692532817318,58.03955606002309,2.778075032314541,4.0
50.57335358698142,58.07497451333958,2.781410056362938,4.0
50.47966424498505,58.11008070625877,2.784745080411335,4.0
50.385858344232105,58.14487424831641,2.7880801044597314,4.0
50.29193692806696,58.17935475252568,2.7914151285081283,4.0
50.197901041118854,58.21352183538147,2.7947501525565253,4.0
50.103751729290195,58.247375116864674,2.798085176604922,4.0
50.00949003974495,58.28091422044639,2.8014202006533186,4.0
49.91511702089697,58.314138773092125,2.8047552247017156,4.0
49.82063372239838,58.347048405265966,2.8080902487501125,4.0
49.72604119512786,58.37964275093462,2.8114252727985094,4.0
49.631340491178996,58.411921447571544,2.814760296846906,4.0
49.53653266384852,58.44388413616098,2.818095320895303,4.0
49.44161876762465,58.47553046120191,2.8214303449436997,4.0
49.34659985817535,58.50686007071204,2.8247653689920966,4.0
49.251476992336585,58.537872616231695,2.828100393040493,4.0
49.156251228100516,58.56856775282772,2.83143541708889,4.0
49.06092362460383,58.59894513909728,2.834770441137287,4.0
48.96549524211589,58.62900443717171,2.838105465185684,4.0
48.86996714202698,58.6587453127202,2.8414404892340803,4.0
48.77434038683642,58.688167434953584,2.8447755132824772,4.0
48.678616040140874,58.71727047662799,2.848110537330874,4.0
48.58279516662243,58.74605411404846,2.851445561379271,4.0
48.486878832036794,58.774518027072595,2.8547805854276675,4.0
48.3908681032014,58.80266189911407,2.8581156094760645,4.0
48.294764047983584,58.83048541714619,2.8614506335244614,4.0
48.19856773528871,58.85798827170534,2.8647856575728583,4.0
48.10228023504827,58.88517015689446,2.8681206816212548,4.0
48.00590261820791,58.91203077038643,2.8714557056696517,4.0
47.90943595671567,58.93856981342743,2.8747907297180486,4.0
47.81288132350993,58.96478699084027,2.8781257537664455,4.0
47.71623979250755,58.990682011027666,2.881460777814842,4.0
47.61951243859187,59.01625458597549,2.884795801863239,4.0
47.52270033760081,59.04150443125597,2.888130825911636,4.0
47.42580456631488,59.066431266030875,2.8914658499600328,4.0
47.32882620244519,59.09103481305457,2.8948008740084292,4.0
47.23176632462146,59.11531479867719,2.898135898056826,4.0
47.13462601238008,59.139270952847625,2.901470922105223,4.0
47.037406346152025,59.16290300911655,2.90480594615362,4.0
46.94010840725092,59.18621070463936,2.9081409702020165,4.0
46.84273327786089,59.209193780179135,2.9114759942504134,4.0
46.74528204102467,59.23185198010947,2.9148110182988103,4.0
46.64775578063148,59.254185052417384,2.918146042347207,4.0
46.55015558140497,59.27619274870606,2.9214810663956037,4.0
46.452482528891146,59.29787482419765,2.9248160904440006,4.0
46.35473770944635,59.319231037735975,2.9281511144923975,4.0
46.25692221022511,59.34026115178922,2.9314861385407944,4.0
46.15903711916813,59.36096493245256,2.934821162589191,4.0
46.06108352499008,59.381342149450795,2.938156186637588,4.0
45.963062517167586,59.401392576140864,2.9414912106859847,4.0
45.864975185927065,59.4211159895144,2.9448262347343817,4.0
45.766822622232624,59.4405121702002,2.948161258782778,4.0
45.66860591777385,59.459580902466676,2.951496282831175,4.0
45.570326164953805,59.47832197422423,2.954831306879572,4.0
45.471984456876754,59.49673517702763,2.958166330927969,4.0
45.37358188733607,59.51482030607833,2.9615013549763654,4.0
45.27511955080203,59.532577160226744,2.9648363790247623,4.0
45.17659854240967,59.55000554197447,2.968171403073159,4.0
45.078019957946616,59.56710525747653,2.971506427121556,4.0
44.97938489384086,59.583876116543436,2.9748414511699526,4.0
44.880694447148564,59.60031793264345,2.9781764752183495,4.0
44.781949715541906,59.61643052290449,2.9815114992667464,4.0
44.68315179729683,59.632213708116296,2.9848465233151433,4.0
44.58430179128085,59.647667312732366,2.98818154736354,4.0
44.485400796940795,59.662791164871905,2.9915165714119367,4.0
44.386449914290615,59.677585096321764,2.9948515954603336,4.0
44.287450243899166,59.692048942538285,2.9981866195087306,4.0
44.18840288687792,59.706182542649145,3.001521643557127,4.0
44.0893089448687,59.71998573945514,3.004856667605524,4.0
43.990169520031515,59.73345837943194,3.008191691653921,4.0
43.890985715032244,59.746600312731786,3.011526715702318,4.0
43.791758633030376,59.759411393185175,3.0148617397507143,4.0
43.69248937766671,59.77189147830246,3.018196763799111,4.0
43.59317905305115,59.78404042927545,3.021531787847508,4.0
43.493828763750386,59.795858110978955,3.024866811895905,4.0
43.39443961477561,59.80734439197229,3.0282018359443015,4.0
43.29501271157019,59.818499144500734,3.0315368599926984,4.0
43.19554915999744,59.829322244496936,3.0348718840410953,4.0
43.09605006632831,59.839813571582326,3.0382069080894922,4.0
42.99651653722904,59.849973009068414,3.0415419321378887,4.0
42.89694967974886,59.85980044395814,3.0448769561862856,4.0
42.797350601307706,59.86929576694709,3.0482119802346825,4.0
42.697720409683896,59.878458872424716,3.0515470042830795,4.0
42.5980602130018,59.88728965847551,3.054882028331476,4.0
42.498371119719486,59.89578802688017,3.058217052379873,4.0
42.39865423861645,59.90395388311665,3.0615520764282698,4.0
42.298910678781255,59.91178713636124,3.0648871004766667,4.0
42.19914154959919,59.919287699489544,3.068222124525063,4.0
42.09934796073992,59.92645548907751,3.07155714857346,4.0
41.99953102214517,59.93329042540227,3.074892172621857,4.0
41.89969184401638,59.939792432443106,3.078227196670254,4.0
41.79983153680235,59.94596143788227,3.0815622207186504,4.0
41.69995121118685,59.95179737310575,3.0848972447670473,4.0
41.60005197807633,59.95730017320409,3.088232268815444,4.0
41.500134948587544,59.962469776973094,3.091567292863841,4.0
41.40020123403519,59.96730612691448,3.0949023169122376,4.0
41.30025194591948,59.97180916923656,3.0982373409606345,4.0
41.200288195913906,59.9759788538548,3.1015723650090314,4.0
41.1003110958528,59.979815134392396,3.1049073890574284,4.0
41.00032175771898,59.983317968180806,3.108242413105825,4.0
40.90032129363134,59.9864873162602,3.1115774371542217,4.0
40.800310815832574,59.989323143379906,3.1149124612026187,4.0
40.700291436676714,59.99182541799877,3.1182474852510156,4.0
40.60026426861684,59.99399411228558,3.121582509299412,4.0
40.500230424192594,59.99582920211928,3.124917533347809,4.0
40.40019101601794,59.997330667089344,3.128252557396206,4.0
40.300147156768695,59.998498490495884,3.131587581444603,4.0
40.2000999591702,59.999332659349946,3.1349226054929993,4.0
40.1000505359849,59.999833164373584,3.138257629541396,4.0
40.0,60.0,3.141592653589793,4.0
39.9,60.0,3.141592653589793,4.0
39.8,60.0,3.141592653589793,4.0
39.7,60.0,3.141592653589793,4.0
39.6,60.0,3.141592653589793,4.0
39.5,60.0,3.141592653589793,4.0
39.4,60.0,3.141592653589793,4.0
39.3,60.0,3.141592653589793,4.0
39.2,60.0,3.141592653589793,4.0
39.1,60.0,3.141592653589793,4.0
39.0,60.0,3.141592653589793,4.0
38.9,60.0,3.141592653589793,4.0
38.8,60.0,3.141592653589793,4.0
38.7,60.0,3.141592653589793,4.0
38.6,60.0,3.141592653589793,4.0
38.5,60.0,3.141592653589793,4.0
38.4,60.0,3.141592653589793,4.0
38.3,60.0,3.141592653589793,4.0
38.2,60.0,3.141592653589793,4.0
38.1,60.0,3.141592653589793,4.0
38.0,60.0,3.141592653589793,4.0
37.9,60.0,3.141592653589793,4.0
37.8,60.0,3.141592653589793,4.0
37.7,60.0,3.141592653589793,4.0
37.6,60.0,3.141592653589793,4.0
37.5,60.0,3.141592653589793,4.0
37.4,60.0,3.141592653589793,4.0
37.3,60.0,3.141592653589793,4.0
37.2,60.0,3.141592653589793,4.0
37.1,60.0,3.141592653589793,4.0
37.0,60.0,3.141592653589793,4.0
36.9,60.0,3.141592653589793,4.0
36.8,60.0,3.141592653589793,4.0
36.7,60.0,3.141592653589793,4.0
36.6,60.0,3.141592653589793,4.0
36.5,60.0,3.141592653589793,4.0
36.4,60.0,3.141592653589793,4.0
36.3,60.0,3.141592653589793,4.0
36.2,60.0,3.141592653589793,4.0
36.1,60.0,3.141592653589793,4.0
36.0,60.0,3.141592653589793,4.0
35.9,60.0,3.141592653589793,4.0
35.8,60.0,3.141592653589793,4.0
35.7,60.0,3.141592653589793,4.0
35.6,60.0,3.141592653589793,4.0
35.5,60.0,3.141592653589793,4.0
35.4,60.0,3.141592653589793,4.0
35.3,60.0,3.141592653589793,4.0
35.2,60.0,3.141592653589793,4.0
35.1,60.0,3.141592653589793,4.0
35.0,60.0,3.141592653589793,4.0
34.9,60.0,3.141592653589793,4.0
34.8,60.0,3.141592653589793,4.0
34.7,60.0,3.141592653589793,4.0
34.6,60.0,3.141592653589793,4.0
34.5,60.0,3.141592653589793,4.0
34.4,60.0,3.141592653589793,4.0
34.3,60.0,3.141592653589793,4.0
34.2,60.0,3.141592653589793,4.0
34.1,60.0,3.141592653589793,4.0
34.0,60.0,3.141592653589793,4.0
33.9,60.0,3.141592653589793,4.0
33.8,60.0,3.141592653589793,4.0
33.7,60.0,3.141592653589793,4.0
33.6,60.0,3.141592653589793,4.0
33.5,60.0,3.141592653589793,4.0
33.4,60.0,3.141592653589793,4.0
33.3,60.0,3.141592653589793,4.0
33.2,60.0,3.141592653589793,4.0
33.1,60.0,3.141592653589793,4.0
33.0,60.0,3.141592653589793,4.0
32.9,60.0,3.141592653589793,4.0
32.8,60.0,3.141592653589793,4.0
32.7,60.0,3.141592653589793,4.0
32.6,60.0,3.141592653589793,4.0
32.5,60.0,3.141592653589793,4.0
32.4,60.0,3.141592653589793,4.0
32.3,60.0,3.141592653589793,4.0
32.2,60.0,3.141592653589793,4.0
32.1,60.0,3.141592653589793,4.0
32.0,60.0,3.141592653589793,4.0
31.9,60.0,3.141592653589793,4.0
31.799999999999997,60.0,3.141592653589793,4.0
31.7,60.0,3.141592653589793,4.0
31.6,60.0,3.141592653589793,4.0
31.5,60.0,3.141592653589793,4.0
31.4,60.0,3.141592653589793,4.0
31.299999999999997,60.0,3.141592653589793,4.0
31.2,60.0,3.141592653589793,4.0
31.1,60.0,3.141592653589793,4.0
31.0,60.0,3.141592653589793,4.0
30.9,60.0,3.141592653589793,4.0
30.799999999999997,60.0,3.141592653589793,4.0
30.7,60.0,3.141592653589793,4.0
30.6,60.0,3.141592653589793,4.0
30.5,60.0,3.141592653589793,4.0
30.4,60.0,3.141592653589793,4.0
30.299999999999997,60.0,3.141592653589793,4.0
30.2,60.0,3.141592653589793,4.0
30.1,60.0,3.141592653589793,4.0
30.0,60.0,3.141592653589793,4.0
29.9,60.0,3.141592653589793,4.0
29.799999999999997,60.0,3.141592653589793,4.0
29.7,60.0,3.141592653589793,4.0
29.6,60.0,3.141592653589793,4.0
29.5,60.0,3.141592653589793,4.0
29.4,60.0,3.141592653589793,4.0
29.299999999999997,60.0,3.141592653589793,4.0
29.2,60.0,3.141592653589793,4.0
29.1,60.0,3.141592653589793,4.0
29.0,60.0,3.141592653589793,4.0
28.9,60.0,3.141592653589793,4.0
28.799999999999997,60.0,3.141592653589793,4.0
28.7,60.0,3.141592653589793,4.0
28.6,60.0,3.141592653589793,4.0
28.5,60.0,3.141592653589793,4.0
28.4,60.0,3.141592653589793,4.0
28.299999999999997,60.0,3.141592653589793,4.0
28.2,60.0,3.141592653589793,4.0
28.1,60.0,3.141592653589793,4.0
28.0,60.0,3.141592653589793,4.0
27.9,60.0,3.141592653589793,4.0
27.799999999999997,60.0,3.141592653589793,4.0
27.7,60.0,3.141592653589793,4.0
27.6,60.0,3.141592653589793,4.0
27.5,60.0,3.141592653589793,4.0
27.4,60.0,3.141592653589793,4.0
27.299999999999997,60.0,3.141592653589793,4.0
27.2,60.0,3.141592653589793,4.0
27.1,60.0,3.141592653589793,4.0
27.0,60.0,3.141592653589793,4.0
26.9,60.0,3.141592653589793,4.0
26.799999999999997,60.0,3.141592653589793,4.0
26.7,60.0,3.141592653589793,4.0
26.6,60.0,3.141592653589793,4.0
26.5,60.0,3.141592653589793,4.0
26.4,60.0,3.141592653589793,4.0
26.299999999999997,60.0,3.141592653589793,4.0
26.2,60.0,3.141592653589793,4.0
26.1,60.0,3.141592653589793,4.0
26.0,60.0,3.141592653589793,4.0
25.9,60.0,3.141592653589793,4.0
25.799999999999997,60.0,3.141592653589793,4.0
25.7,60.0,3.141592653589793,4.0
25.6,60.0,3.141592653589793,4.0
25.5,60.0,3.141592653589793,4.0
25.4,60.0,3.141592653589793,4.0
25.299999999999997,60.0,3.141592653589793,4.0
25.2,60.0,3.141592653589793,4.0
25.1,60.0,3.141592653589793,4.0
25.0,60.0,3.141592653589793,4.0
24.9,60.0,3.141592653589793,4.0
24.799999999999997,60.0,3.141592653589793,4.0
24.7,60.0,3.141592653589793,4.0
24.6,60.0,3.141592653589793,4.0
24.5,60.0,3.141592653589793,4.0
24.4,60.0,3.141592653589793,4.0
24.299999999999997,60.0,3.141592653589793,4.0
24.2,60.0,3.141592653589793,4.0
24.1,60.0,3.141592653589793,4.0
24.0,60.0,3.141592653589793,4.0
23.9,60.0,3.141592653589793,4.0
23.8,60.0,3.141592653589793,4.0
23.7,60.0,3.141592653589793,4.0
23.599999999999998,60.0,3.141592653589793,4.0
23.5,60.0,3.141592653589793,4.0
23.4,60.0,3.141592653589793,4.0
23.3,60.0,3.141592653589793,4.0
23.2,60.0,3.141592653589793,4.0
23.099999999999998,60.0,3.141592653589793,4.0
23.0,60.0,3.141592653589793,4.0
22.9,60.0,3.141592653589793,4.0
22.8,60.0,3.141592653589793,4.0
22.7,60.0,3.141592653589793,4.0
22.599999999999998,60.0,3.141592653589793,4.0
22.5,60.0,3.141592653589793,4.0
22.4,60.0,3.141592653589793,4.0
22.3,60.0,3.141592653589793,4.0
22.2,60.0,3.141592653589793,4.0
22.099999999999998,60.0,3.141592653589793,4.0
22.0,60.0,3.141592653589793,4.0
21.9,60.0,3.141592653589793,4.0
21.8,60.0,3.141592653589793,4.0
21.7,60.0,3.141592653589793,4.0
21.599999999999998,60.0,3.141592653589793,4.0
21.5,60.0,3.141592653589793,4.0
21.4,60.0,3.141592653589793,4.0
21.3,60.0,3.141592653589793,4.0
21.2,60.0,3.141592653589793,4.0
21.099999999999998,60.0,3.141592653589793,4.0
21.0,60.0,3.141592653589793,4.0
20.9,60.0,3.141592653589793,4.0
20.799999999999997,60.0,3.141592653589793,4.0
20.7,60.0,3.141592653589793,4.0
20.599999999999998,60.0,3.141592653589793,4.0
20.5,60.0,3.141592653589793,4.0
20.4,60.0,3.141592653589793,4.0
20.299999999999997,60.0,3.141592653589793,4.0
20.2,60.0,3.141592653589793,4.0
20.099999999999998,60.0,3.141592653589793,4.0
20.0,60.0,3.141592653589793,4.0
19.9,60.0,3.141592653589793,4.0
19.799999999999997,60.0,3.141592653589793,4.0
19.7,60.0,3.141592653589793,4.0
19.599999999999998,60.0,3.141592653589793,4.0
19.5,60.0,3.141592653589793,4.0
19.4,60.0,3.141592653589793,4.0
19.299999999999997,60.0,3.141592653589793,4.0
19.2,60.0,3.141592653589793,4.0
19.099999999999998,60.0,3.141592653589793,4.0
19.0,60.0,3.141592653589793,4.0
18.9,60.0,3.141592653589793,4.0
18.799999999999997,60.0,3.141592653589793,4.0
18.7,60.0,3.141592653589793,4.0
18.599999999999998,60.0,3.141592653589793,4.0
18.5,60.0,3.141592653589793,4.0
18.4,60.0,3.141592653589793,4.0
18.299999999999997,60.0,3.141592653589793,4.0
18.2,60.0,3.141592653589793,4.0
18.099999999999998,60.0,3.141592653589793,4.0
18.0,60.0,3.141592653589793,4.0
17.9,60.0,3.141592653589793,4.0
17.799999999999997,60.0,3.141592653589793,4.0
17.7,60.0,3.141592653589793,4.0
17.599999999999998,60.0,3.141592653589793,4.0
17.5,60.0,3.141592653589793,4.0
17.4,60.0,3.141592653589793,4.0
17.299999999999997,60.0,3.141592653589793,4.0
17.2,60.0,3.141592653589793,4.0
17.099999999999998,60.0,3.141592653589793,4.0
17.0,60.0,3.141592653589793,4.0
16.9,60.0,3.141592653589793,4.0
16.799999999999997,60.0,3.141592653589793,4.0
16.7,60.0,3.141592653589793,4.0
16.599999999999998,60.0,3.141592653589793,4.0
16.5,60.0,3.141592653589793,4.0
16.4,60.0,3.141592653589793,4.0
16.299999999999997,60.0,3.141592653589793,4.0
16.2,60.0,3.141592653589793,4.0
16.099999999999998,60.0,3.141592653589793,4.0
16.0,60.0,3.141592653589793,4.0
15.899999999999999,60.0,3.141592653589793,4.0
15.799999999999997,60.0,3.141592653589793,4.0
15.7,60.0,3.141592653589793,4.0
15.599999999999998,60.0,3.141592653589793,4.0
15.5,60.0,3.141592653589793,4.0
15.399999999999999,60.0,3.141592653589793,4.0
15.299999999999997,60.0,3.141592653589793,4.0
15.2,60.0,3.141592653589793,4.0
15.099999999999998,60.0,3.141592653589793,4.0
15.0,60.0,3.141592653589793,4.0
14.899999999999999,60.0,3.141592653589793,4.0
14.799999999999997,60.0,3.141592653589793,4.0
14.7,60.0,3.141592653589793,4.0
14.599999999999998,60.0,3.141592653589793,4.0
14.5,60.0,3.141592653589793,4.0
14.399999999999999,60.0,3.141592653589793,4.0
14.299999999999997,60.0,3.141592653589793,4.0
14.2,60.0,3.141592653589793,4.0
14.099999999999998,60.0,3.141592653589793,4.0
14.0,60.0,3.141592653589793,4.0
13.899999999999999,60.0,3.141592653589793,4.0
13.799999999999997,60.0,3.141592653589793,4.0
13.7,60.0,3.141592653589793,4.0
13.599999999999998,60.0,3.141592653589793,4.0
13.5,60.0,3.141592653589793,4.0
13.399999999999999,60.0,3.141592653589793,4.0
13.299999999999997,60.0,3.141592653589793,4.0
13.2,60.0,3.141592653589793,4.0
13.099999999999998,60.0,3.141592653589793,4.0
13.0,60.0,3.141592653589793,4.0
12.899999999999999,60.0,3.141592653589793,4.0
12.799999999999997,60.0,3.141592653589793,4.0
12.7,60.0,3.141592653589793,4.0
12.599999999999998,60.0,3.141592653589793,4.0
12.5,60.0,3.141592653589793,4.0
12.399999999999999,60.0,3.141592653589793,4.0
12.299999999999997,60.0,3.141592653589793,4.0
12.2,60.0,3.141592653589793,4.0
12.099999999999998,60.0,3.141592653589793,4.0
12.0,60.0,3.141592653589793,4.0
11.899999999999999,60.0,3.141592653589793,4.0
11.799999999999997,60.0,3.141592653589793,4.0
11.7,60.0,3.141592653589793,4.0
11.599999999999998,60.0,3.141592653589793,4.0
11.5,60.0,3.141592653589793,4.0
11.399999999999999,60.0,3.141592653589793,4.0
11.299999999999997,60.0,3.141592653589793,4.0
11.2,60.0,3.141592653589793,4.0
11.099999999999998,60.0,3.141592653589793,4.0
11.0,60.0,3.141592653589793,4.0
10.899999999999999,60.0,3.141592653589793,4.0
10.799999999999997,60.0,3.141592653589793,4.0
10.7,60.0,3.141592653589793,4.0
10.599999999999998,60.0,3.141592653589793,4.0
10.5,60.0,3.141592653589793,4.0
10.399999999999999,60.0,3.141592653589793,4.0
10.299999999999997,60.0,3.141592653589793,4.0
10.2,60.0,3.141592653589793,4.0
10.099999999999998,60.0,3.141592653589793,4.0
10.0,60.0,3.141592653589793,4.0
9.899999999999999,60.0,3.141592653589793,4.0
9.799999999999997,60.0,3.141592653589793,4.0
9.7,60.0,3.141592653589793,4.0
9.599999999999998,60.0,3.141592653589793,4.0
9.5,60.0,3.141592653589793,4.0
9.399999999999999,60.0,3.141592653589793,4.0
9.299999999999997,60.0,3.141592653589793,4.0
9.2,60.0,3.141592653589793,4.0
9.099999999999998,60.0,3.141592653589793,4.0
9.0,60.0,3.141592653589793,4.0
8.899999999999999,60.0,3.141592653589793,4.0
8.799999999999997,60.0,3.141592653589793,4.0
8.7,60.0,3.141592653589793,4.0
8.599999999999998,60.0,3.141592653589793,4.0
8.5,60.0,3.141592653589793,4.0
8.399999999999999,60.0,3.141592653589793,4.0
8.299999999999997,60.0,3.141592653589793,4.0
8.2,60.0,3.141592653589793,4.0
8.099999999999998,60.0,3.141592653589793,4.0
8.0,60.0,3.141592653589793,4.0
7.899999999999999,60.0,3.141592653589793,4.0
7.799999999999997,60.0,3.141592653589793,4.0
7.699999999999996,60.0,3.141592653589793,4.0
7.600000000000001,60.0,3.141592653589793,4.0
7.5,60.0,3.141592653589793,4.0
7.399999999999999,60.0,3.141592653589793,4.0
7.299999999999997,60.0,3.141592653589793,4.0
7.199999999999996,60.0,3.141592653589793,4.0
7.100000000000001,60.0,3.141592653589793,4.0
7.0,60.0,3.141592653589793,4.0
6.899999999999999,60.0,3.141592653589793,4.0
6.799999999999997,60.0,3.141592653589793,4.0
6.699999999999996,60.0,3.141592653589793,4.0
6.600000000000001,60.0,3.141592653589793,4.0
6.5,60.0,3.141592653589793,4.0
6.399999999999999,60.0,3.141592653589793,4.0
6.299999999999997,60.0,3.141592653589793,4.0
6.199999999999996,60.0,3.141592653589793,4.0
6.100000000000001,60.0,3.141592653589793,4.0
6.0,60.0,3.141592653589793,4.0
5.899999999999999,60.0,3.141592653589793,4.0
5.799999999999997,60.0,3.141592653589793,4.0
5.699999999999996,60.0,3.141592653589793,4.0
5.600000000000001,60.0,3.141592653589793,4.0
5.5,60.0,3.141592653589793,4.0
5.399999999999999,60.0,3.141592653589793,4.0
5.299999999999997,60.0,3.141592653589793,4.0
5.199999999999996,60.0,3.141592653589793,4.0
5.100000000000001,60.0,3.141592653589793,4.0
5.0,60.0,3.141592653589793,4.0
4.899999999999999,60.0,3.141592653589793,4.0
4.799999999999997,60.0,3.141592653589793,4.0
4.699999999999996,60.0,3.141592653589793,4.0
4.600000000000001,60.0,3.141592653589793,4.0
4.5,60.0,3.141592653589793,4.0
4.399999999999999,60.0,3.141592653589793,4.0
4.299999999999997,60.0,3.141592653589793,4.0
4.199999999999996,60.0,3.141592653589793,4.0
4.100000000000001,60.0,3.141592653589793,4.0
4.0,60.0,3.141592653589793,4.0
3.8999999999999986,60.0,3.141592653589793,4.0
3.799999999999997,60.0,3.141592653589793,4.0
3.6999999999999957,60.0,3.141592653589793,4.0
3.6000000000000014,60.0,3.141592653589793,4.0
3.5,60.0,3.141592653589793,4.0
3.3999999999999986,60.0,3.141592653589793,4.0
3.299999999999997,60.0,3.141592653589793,4.0
3.1999999999999957,60.0,3.141592653589793,4.0
3.1000000000000014,60.0,3.141592653589793,4.0
3.0,60.0,3.141592653589793,4.0
2.8999999999999986,60.0,3.141592653589793,4.0
2.799999999999997,60.0,3.141592653589793,4.0
2.6999999999999957,60.0,3.141592653589793,4.0
2.6000000000000014,60.0,3.141592653589793,4.0
2.5,60.0,3.141592653589793,4.0
2.3999999999999986,60.0,3.141592653589793,4.0
2.299999999999997,60.0,3.141592653589793,4.0
2.1999999999999957,60.0,3.141592653589793,4.0
2.1000000000000014,60.0,3.141592653589793,4.0
2.0,60.0,3.141592653589793,4.0
1.8999999999999986,60.0,3.141592653589793,4.0
1.7999999999999972,60.0,3.141592653589793,4.0
1.6999999999999957,60.0,3.141592653589793,4.0
1.5999999999999943,60.0,3.141592653589793,4.0
1.5,60.0,3.141592653589793,4.0
1.3999999999999986,60.0,3.141592653589793,4.0
1.2999999999999972,60.0,3.141592653589793,4.0
1.1999999999999957,60.0,3.141592653589793,4.0
1.0999999999999943,60.0,3.141592653589793,4.0
1.0,60.0,3.141592653589793,4.0
0.8999999999999986,60.0,3.141592653589793,4.0
0.7999999999999972,60.0,3.141592653589793,4.0
0.6999999999999957,60.0,3.141592653589793,4.0
0.5999999999999943,60.0,3.141592653589793,4.0
0.5,60.0,3.141592653589793,4.0
0.3999999999999986,60.0,3.141592653589793,4.0
0.29999999999999716,60.0,3.141592653589793,4.0
0.19999999999999574,60.0,3.141592653589793,4.0
0.09999999999999432,60.0,3.141592653589793,4.0
1.83697019872103e-15,60.0,3.141592653589793,4.0
-0.10005053598489484,59.999833164373584,-3.138257629541396,4.0
-0.2000999591702019,59.999332659349946,-3.1349226054929993,4.0
-0.30014715676869336,59.998498490495884,-3.131587581444603,4.0
-0.40019101601793705,59.997330667089344,-3.128252557396206,4.0
-0.5002304241925911,59.99582920211928,-3.124917533347809,4.0
-0.6002642686168338,59.99399411228558,-3.121582509299412,4.0
-0.7002914366767117,59.99182541799877,-3.1182474852510156,4.0
-0.8003108158325688,59.989323143379906,-3.1149124612026187,4.0
-0.9003212936313401,59.9864873162602,-3.1115774371542217,4.0
-1.000321757718978,59.983317968180806,-3.108242413105825,4.0
-1.1003110958527984,59.979815134392396,-3.1049073890574284,4.0
-1.2002881959139031,59.9759788538548,-3.1015723650090314,4.0
-1.3002519459194717,59.97180916923656,-3.0982373409606345,4.0
-1.4002012340351804,59.96730612691448,-3.0949023169122376,4.0
-1.5001349485875433,59.962469776973094,-3.091567292863841,4.0
-1.6000519780763287,59.95730017320409,-3.088232268815444,4.0
-1.6999512111868438,59.95179737310575,-3.0848972447670473,4.0
-1.7998315368023454,59.94596143788227,-3.0815622207186504,4.0
-1.8996918440163753,59.939792432443106,-3.078227196670254,4.0
-1.9995310221451648,59.93329042540227,-3.074892172621857,4.0
-2.0993479607399133,59.92645548907751,-3.07155714857346,4.0
-2.199141549599189,59.919287699489544,-3.068222124525063,4.0
-2.29891067878125,59.91178713636124,-3.0648871004766667,4.0
-2.3986542386164476,59.90395388311665,-3.0615520764282698,4.0
-2.4983711197194807,59.89578802688017,-3.058217052379873,4.0
-2.598060213001795,59.88728965847551,-3.054882028331476,4.0
-2.6977204096838894,59.878458872424716,-3.0515470042830795,4.0
-2.7973506013077007,59.86929576694709,-3.0482119802346825,4.0
-2.8969496797488534,59.85980044395814,-3.0448769561862856,4.0
-2.9965165372290388,59.849973009068414,-3.0415419321378887,4.0
-3.0960500663283064,59.839813571582326,-3.0382069080894922,4.0
-3.195549159997439,59.829322244496936,-3.0348718840410953,4.0
-3.2950127115701813,59.818499144500734,-3.0315368599926984,4.0
-3.394439614775605,59.80734439197229,-3.0282018359443015,4.0
-3.4938287637503835,59.795858110978955,-3.024866811895905,4.0
-3.59317905305115,59.78404042927545,-3.021531787847508,4.0
-3.6924893776667065,59.77189147830246,-3.018196763799111,4.0
-3.7917586330303727,59.759411393185175,-3.0148617397507143,4.0
-3.8909857150322407,59.746600312731786,-3.011526715702318,4.0
-3.9901695200315133,59.73345837943194,-3.008191691653921,4.0
-4.089308944868693,59.71998573945514,-3.004856667605524,4.0
-4.1884028868779115,59.706182542649145,-3.001521643557127,4.0
-4.287450243899162,59.692048942538285,-2.9981866195087306,4.0
-4.386449914290614,59.677585096321764,-2.9948515954603336,4.0
-4.4854007969407865,59.662791164871905,-2.9915165714119367,4.0
-4.584301791280847,59.647667312732366,-2.98818154736354,4.0
-4.6831517972968255,59.632213708116296,-2.9848465233151433,4.0
-4.781949715541903,59.61643052290449,-2.9815114992667464,4.0
-4.880694447148562,59.60031793264345,-2.9781764752183495,4.0
-4.979384893840858,59.58387611654344,-2.9748414511699526,4.0
-5.078019957946612,59.56710525747653,-2.971506427121556,4.0
-5.176598542409671,59.55000554197447,-2.968171403073159,4.0
-5.275119550802026,59.532577160226744,-2.9648363790247623,4.0
-5.37358188733607,59.514820306078335,-2.9615013549763654,4.0
-5.47198445687675,59.49673517702763,-2.958166330927969,4.0
-5.570326164953802,59.47832197422423,-2.954831306879572,4.0
-5.668605917773849,59.459580902466676,-2.951496282831175,4.0
-5.766822622232617,59.4405121702002,-2.948161258782778,4.0
-5.864975185927077,59.4211159895144,-2.944826234734381,4.0
-5.963062517167586,59.401392576140864,-2.9414912106859847,4.0
-6.061083524990081,59.381342149450795,-2.938156186637588,4.0
-6.159037119168131,59.36096493245256,-2.934821162589191,4.0
-6.25692221022511,59.34026115178922,-2.9314861385407944,4.0
-6.354737709446343,59.319231037735975,-2.9281511144923975,4.0
-6.452482528891143,59.29787482419765,-2.9248160904440006,4.0
-6.550155581404968,59.276192748706066,-2.9214810663956037,4.0
-6.647755780631489,59.254185052417384,-2.9181460423472068,4.0
-6.745282041024669,59.231851980109475,-2.9148110182988103,4.0
-6.842733277860884,59.209193780179135,-2.9114759942504134,4.0
-6.940108407250911,59.186210704639365,-2.9081409702020165,4.0
-7.037406346152024,59.16290300911655,-2.90480594615362,4.0
-7.1346260123800755,59.13927095284763,-2.901470922105223,4.0
-7.23176632462146,59.11531479867719,-2.898135898056826,4.0
-7.328826202445186,59.09103481305457,-2.8948008740084292,4.0
-7.425804566314886,59.06643126603087,-2.8914658499600323,4.0
-7.52270033760081,59.04150443125597,-2.888130825911636,4.0
-7.619512438591868,59.01625458597549,-2.884795801863239,4.0
-7.7162397925075465,58.990682011027666,-2.881460777814842,4.0
-7.812881323509922,58.96478699084027,-2.8781257537664455,4.0
-7.9094359567156625,58.938569813427435,-2.8747907297180486,4.0
-8.005902618207907,58.91203077038644,-2.8714557056696517,4.0
-8.102280235048262,58.88517015689446,-2.8681206816212548,4.0
-8.198567735288723,58.85798827170534,-2.864785657572858,4.0
-8.294764047983582,58.83048541714619,-2.8614506335244614,4.0
-8.390868103201392,58.80266189911407,-2.8581156094760645,4.0
-8.48687883203679,58.774518027072595,-2.8547805854276675,4.0
-8.582795166622425,58.74605411404846,-2.851445561379271,4.0
-8.67861604014087,58.71727047662799,-2.848110537330874,4.0
-8.774340386836418,58.688167434953584,-2.8447755132824772,4.0
-8.869967142026974,58.6587453127202,-2.8414404892340803,4.0
-8.965495242115903,58.6290044371717,-2.8381054651856834,4.0
-9.060923624603829,58.59894513909728,-2.834770441137287,4.0
-9.156251228100514,58.56856775282772,-2.83143541708889,4.0
-9.25147699233658,58.537872616231695,-2.828100393040493,4.0
-9.346599858175358,58.50686007071204,-2.824765368992096,4.0
-9.441618767624647,58.47553046120191,-2.8214303449436997,4.0
-9.536532663848513,58.44388413616098,-2.818095320895303,4.0
-9.631340491178994,58.411921447571544,-2.814760296846906,4.0
-9.726041195127866,58.379642750934615,-2.811425272798509,4.0
-9.820633722398373,58.347048405265966,-2.8080902487501125,4.0
-9.915117020896966,58.31413877309213,-2.8047552247017156,4.0
-10.009490039744948,58.28091422044639,-2.8014202006533186,4.0
-10.103751729290202,58.24737511686467,-2.7980851766049217,4.0
-10.197901041118852,58.21352183538147,-2.7947501525565253,4.0
-10.291936928066958,58.17935475252568,-2.7914151285081283,4.0
-10.385858344232101,58.14487424831641,-2.7880801044597314,4.0
-10.479664244985063,58.11008070625877,-2.7847450804113345,4.0
-10.573353586981414,58.07497451333958,-2.781410056362938,4.0
-10.666925328173178,58.03955606002309,-2.778075032314541,4.0
-10.760378427820338,58.00382574024661,-2.774740008266144,4.0
-10.853711846502467,57.967783951416166,-2.7714049842177473,4.0
-10.946924546130258,57.93143109440207,-2.768069960169351,4.0
-11.04001548995713,57.89476757353441,-2.764734936120954,4.0
-11.132983642590673,57.857793796598614,-2.761399912072557,4.0
-11.225827970004223,57.82051017483092,-2.75806488802416,4.0
-11.318547439548336,57.782917122913744,-2.7547298639757636,4.0
-11.411141019962312,57.745015058971106,-2.7513948399273667,4.0
-11.503607681385608,57.70680440456398,-2.7480598158789697,4.0
-11.595946395369333,57.6682855846856,-2.744724791830573,4.0
-11.688156134887661,57.62945902775673,-2.7413897677821764,4.0
-11.780235874349307,57.5903251656209,-2.7380547437337794,4.0
-11.872184589608858,57.55088443353959,-2.7347197196853825,4.0
-11.964001257978213,57.51113727018743,-2.7313846956369856,4.0
-12.055684858237946,57.47108411764727,-2.7280496715885887,4.0
-12.147234370648652,57.43072542140532,-2.724714647540192,4.0
-12.238648776962343,57.39006163034611,-2.7213796234917953,4.0
-12.329927060433686,57.34909319674759,-2.7180445994433984,4.0
-12.421068205831364,57.30782057627604,-2.714709575395002,4.0
-12.512071199449394,57.26624422798103,-2.711374551346605,4.0
-12.602935029118337,57.2243646142903,-2.708039527298208,4.0
-12.693658684216594,57.18218220100462,-2.704704503249811,4.0
-12.784241155681645,57.13969745729263,-2.7013694792014142,4.0
-12.874681436021254,57.09691085568556,-2.6980344551530178,4.0
-12.96497851932472,57.05382287207205,-2.694699431104621,4.0
-13.055131401274004,57.01043398569281,-2.691364407056224,4.0
-13.145139079154923,56.96674467913534,-2.6880293830078275,4.0
-13.23500055186835,56.92275543832846,-2.6846943589594305,4.0
-13.32471481994126,56.878466752537015,-2.6813593349110336,4.0
-13.414280885537918,56.83387911435639,-2.6780243108626367,4.0
-13.503697752470947,56.788993019707014,-2.67468928681424,4.0
-13.592964426212395,56.743808967828876,-2.6713542627658433,4.0
-13.682079913904865,56.69832746127594,-2.6680192387174464,4.0
-13.77104322437246,56.652549005910586,-2.6646842146690495,4.0
-13.859853368131859,56.60647411089797,-2.661349190620653,4.0
-13.948509357403355,56.56010328870035,-2.658014166572256,4.0
-14.03701020612177,56.51343705507141,-2.654679142523859,4.0
-14.12535492994747,56.46647592905049,-2.6513441184754623,4.0
-14.213542546277296,56.41922043295686,-2.6480090944270653,4.0
-14.301572074255489,56.37167109238388,-2.644674070378669,4.0
-14.389442534784644,56.32382843619314,-2.641339046330272,4.0
-14.477152950536528,56.27569299650861,-2.638004022281875,4.0
-14.564702345962985,56.22726530871071,-2.6346689982334786,4.0
-14.652089747306823,56.17854591143034,-2.6313339741850816,4.0
-14.739314182612574,56.12953534654292,-2.6279989501366847,4.0
-14.826374681737352,56.08023415916233,-2.624663926088288,4.0
-14.913270276361628,56.03064289763488,-2.621328902039891,4.0
-14.999999999999993,55.98076211353316,-2.6179938779914944,4.0
-15.086562888011954,55.93059236164998,-2.6146588539430975,4.0
-15.17295797761259,55.880134199992135,-2.6113238298947006,4.0
-15.259184307883297,55.82938818977422,-2.607988805846304,4.0
-15.345240919782503,55.778354895412406,-2.604653781797907,4.0
-15.431126856156288,55.72703488451812,-2.6013187577495103,4.0
-15.516841161749047,55.67542872789178,-2.5979837337011134,4.0
-15.602382883214128,55.62353699951642,-2.5946487096527164,4.0
-15.6877510691244,55.5713602765513,-2.59131368560432,4.0
-15.772944769982905,55.51889913932553,-2.587978661555923,4.0
-15.857963038233335,55.46615417133151,-2.584643637507526,4.0
-15.94280492827061,55.413125959218604,-2.5813086134591297,4.0
-16.027469496451427,55.35981509278645,-2.5779735894107327,4.0
-16.11195580110469,55.30622216497849,-2.574638565362336,4.0
-16.196262902542024,55.25234777187541,-2.571303541313939,4.0
-16.28038986306823,55.198192512688394,-2.567968517265542,4.0
-16.364335746991685,55.143756989752546,-2.5646334932171455,4.0
-16.448099620634803,55.08904180852018,-2.5612984691687486,4.0
-16.531680552344348,55.03404757755405,-2.5579634451203517,4.0
-16.61507761250184,54.97877490852064,-2.554628421071955,4.0
-16.69828987353391,54.92322441618329,-2.5512933970235583,4.0
-16.78131640992257,54.867396718395426,-2.5479583729751614,4.0
-16.86415629821554,54.81129243609364,-2.5446233489267645,4.0
-16.946808617036517,54.75491219329079,-2.5412883248783675,4.0
-17.029272447095394,54.6982566170691,-2.5379533008299706,4.0
-17.111546871198524,54.64132633757315,-2.534618276781574,4.0
-17.193630974258912,54.584121988002835,-2.5312832527331772,4.0
-17.275523843306374,54.526644204606406,-2.5279482286847803,4.0
-17.357224567497685,54.468893626673335,-2.524613204636384,4.0
-17.43873223812677,54.410870896527186,-2.521278180587987,4.0
-17.520045948634728,54.35257665951855,-2.51794315653959,4.0
-17.601164794619976,54.294011564017794,-2.514608132491193,4.0
-17.68208787384828,54.23517626140787,-2.511273108442796,4.0
-17.76281428626279,54.1760714060771,-2.5079380843943997,4.0
-17.84334313399408,54.116697655411826,-2.5046030603460028,4.0
-17.923673521370098,54.05705566978919,-2.501268036297606,4.0
-18.00380455492613,53.997146112569745,-2.4979330122492094,4.0
-18.083735343414787,53.93696965009002,-2.4945979882008125,4.0
-18.163464997815844,53.87652695165524,-2.4912629641524155,4.0
-18.242992631346183,53.81581868953173,-2.4879279401040186,4.0
-18.32231735946963,53.75484553893959,-2.4845929160556217,4.0
-18.401438299906793,53.693608178045054,-2.4812578920072252,4.0
-18.48035457264492,53.63210728795301,-2.4779228679588283,4.0
-18.559065299947612,53.57034355269945,-2.4745878439104314,4.0
-18.637569606364625,53.50831765924379,-2.471252819862035,4.0
-18.71586661874164,53.44603029746128,-2.467917795813638,4.0
-18.7939554662299,53.38348216013533,-2.464582771765241,4.0
-18.87183528029596,53.32067394294978,-2.461247747716844,4.0
-18.94950519473131,53.257606344481175,-2.4579127236684473,4.0
-19.02696434566202,53.19428006619103,-2.454577699620051,4.0
-19.104211871558377,53.13069581241792,-2.451242675571654,4.0
-19.181246913244422,53.06685429036979,-2.447907651523257,4.0
-19.258068613907504,53.00275621011601,-2.4445726274748605,4.0
-19.33467611910788,52.93840228457944,-2.4412376034264636,4.0
-19.41106857678813,52.8737932295286,-2.4379025793780666,4.0
-19.48724513728268,52.80892976356962,-2.4345675553296697,4.0
-19.56320495332726,52.74381260813832,-2.431232531281273,4.0
-19.63894718006829,52.67844248749212,-2.4278975072328763,4.0
-19.71447097507233,52.612820128702005,-2.4245624831844794,4.0
-19.789775498335402,52.54694626164447,-2.4212274591360825,4.0
-19.864859912292335,52.480821618993396,-2.417892435087686,4.0
-19.939723381826134,52.41444693621183,-2.414557411039289,4.0
-20.0143650742772,52.34782295154391,-2.411222386990892,4.0
-20.08878415945264,52.28095040600658,-2.4078873629424953,4.0
-20.16297980963546,52.21383004338137,-2.4045523388940984,4.0
-20.23695119959381,52.14646261020614,-2.401217314845702,4.0
-20.310697506590156,52.078848855766736,-2.397882290797305,4.0
-20.384217910390408,52.010989532088715,-2.394547266748908,4.0
-20.457511593273043,51.94288539392892,-2.3912122427005116,4.0
-20.530577740038247,51.87453719876711,-2.3878772186521147,4.0
-20.603415538016925,51.80594570679756,-2.3845421946037177,4.0
-20.67602417707976,51.73711168092056,-2.381207170555321,4.0
-20.748402849646233,51.66803588673399,-2.377872146506924,4.0
-20.820550750693595,51.59871909252473,-2.3745371224585274,4.0
-20.892467077765847,51.52916206926015,-2.3712020984101305,4.0
-20.96415103098261,51.45936559057958,-2.3678670743617336,4.0
-21.03560181304806,51.38933043278563,-2.364532050313337,4.0
-21.106818629259816,51.319057374835566,-2.36119702626494,4.0
-21.17780068751773,51.24854719833273,-2.3578620022165433,4.0
-21.248547198332723,51.17780068751773,-2.3545269781681464,4.0
-21.31905737483556,51.10681862925982,-2.3511919541197495,4.0
-21.38933043278562,51.03560181304806,-2.3478569300713525,4.0
-21.459365590579573,50.96415103098261,-2.344521906022956,4.0
-21.529162069260153,50.89246707776585,-2.341186881974559,4.0
-21.598719092524725,50.8205507506936,-2.3378518579261622,4.0
-21.668035886733982,50.74840284964624,-2.3345168338777658,4.0
-21.73711168092056,50.67602417707977,-2.331181809829369,4.0
-21.80594570679755,50.60341553801693,-2.327846785780972,4.0
-21.874537198767104,50.530577740038254,-2.324511761732575,4.0
-21.942885393928915,50.45751159327305,-2.321176737684178,4.0
-22.010989532088708,50.38421791039041,-2.3178417136357816,4.0
-22.078848855766736,50.31069750659016,-2.3145066895873847,4.0
-22.14646261020614,50.23695119959382,-2.311171665538988,4.0
-22.213830043381368,50.16297980963546,-2.3078366414905913,4.0
-22.280950406006575,50.08878415945264,-2.3045016174421944,4.0
-22.347822951543908,50.01436507427721,-2.3011665933937975,4.0
-22.414446936211828,49.93972338182614,-2.2978315693454006,4.0
-22.480821618993392,49.86485991229234,-2.2944965452970036,4.0
-22.546946261644468,49.7897754983354,-2.291161521248607,4.0
-22.612820128702,49.71447097507234,-2.2878264972002103,4.0
-22.678442487492113,49.63894718006829,-2.2844914731518133,4.0
-22.74381260813832,49.563204953327265,-2.281156449103417,4.0
-22.808929763569623,49.487245137282684,-2.27782142505502,4.0
-22.8737932295286,49.41106857678813,-2.274486401006623,4.0
-22.93840228457944,49.33467611910788,-2.271151376958226,4.0
-23.002756210116008,49.25806861390751,-2.267816352909829,4.0
-23.0668542903698,49.181246913244415,-2.2644813288614323,4.0
-23.130695812417922,49.10421187155838,-2.2611463048130354,4.0
-23.194280066191013,49.02696434566204,-2.2578112807646393,4.0
-23.257606344481175,48.949505194731316,-2.2544762567162424,4.0
-23.320673942949774,48.87183528029596,-2.2511412326678455,4.0
-23.383482160135326,48.7939554662299,-2.2478062086194486,4.0
-23.446030297461277,48.71586661874164,-2.2444711845710517,4.0
-23.508317659243787,48.63756960636463,-2.2411361605226547,4.0
-23.570343552699455,48.559065299947605,-2.237801136474258,4.0
-23.632107287953005,48.480354572644934,-2.234466112425862,4.0
-23.69360817804504,48.40143829990681,-2.231131088377465,4.0
-23.754845538939584,48.32231735946963,-2.227796064329068,4.0
-23.815818689531728,48.24299263134618,-2.224461040280671,4.0
-23.87652695165523,48.16346499781585,-2.221126016232274,4.0
-23.93696965009002,48.08373534341479,-2.217790992183877,4.0
-23.99714611256974,48.003804554926134,-2.2144559681354803,4.0
-24.0570556697892,47.92367352137009,-2.2111209440870834,4.0
-24.116697655411834,47.84334313399407,-2.2077859200386865,4.0
-24.176071406077085,47.762814286262795,-2.2044508959902904,4.0
-24.23517626140787,47.68208787384829,-2.2011158719418935,4.0
-24.294011564017794,47.601164794619976,-2.1977808478934966,4.0
-24.352576659518547,47.52004594863473,-2.1944458238450997,4.0
-24.410870896527182,47.438732238126775,-2.1911107997967028,4.0
-24.468893626673328,47.357224567497695,-2.187775775748306,4.0
-24.52664420460641,47.27552384330637,-2.184440751699909,4.0
-24.584121988002824,47.19363097425893,-2.181105727651513,4.0
-24.641326337573133,47.11154687119854,-2.177770703603116,4.0
-24.698256617069095,47.0292724470954,-2.174435679554719,4.0
-24.754912193290785,46.94680861703652,-2.171100655506322,4.0
-24.81129243609363,46.86415629821555,-2.1677656314579252,4.0
-24.86739671839542,46.781316409922574,-2.1644306074095283,4.0
-24.923224416183288,46.69828987353391,-2.1610955833611314,4.0
-24.978774908520638,46.61507761250184,-2.1577605593127345,4.0
-25.034047577554055,46.53168055234434,-2.1544255352643376,4.0
-25.089041808520165,46.44809962063482,-2.1510905112159415,4.0
-25.143756989752536,46.3643357469917,-2.1477554871675446,4.0
-25.198192512688387,46.28038986306824,-2.1444204631191477,4.0
-25.252347771875407,46.19626290254203,-2.1410854390707508,4.0
-25.306222164978493,46.11195580110469,-2.137750415022354,4.0
-25.35981509278644,46.02746949645143,-2.134415390973957,4.0
-25.413125959218597,45.94280492827062,-2.13108036692556,4.0
-25.4661541713315,45.85796303823335,-2.127745342877164,4.0
-25.518899139325512,45.77294476998292,-2.124410318828767,4.0
-25.5713602765513,45.68775106912442,-2.12107529478037,4.0
-25.623536999516418,45.60238288321413,-2.1177402707319732,4.0
-25.675428727891774,45.516841161749056,-2.1144052466835763,4.0
-25.727034884518115,45.43112685615629,-2.1110702226351794,4.0
-25.7783548954124,45.34524091978251,-2.1077351985867825,4.0
-25.82938818977422,45.2591843078833,-2.1044001745383856,4.0
-25.880134199992135,45.17295797761258,-2.1010651504899887,4.0
-25.930592361649985,45.08656288801195,-2.0977301264415917,4.0
-25.980762113533153,45.000000000000014,-2.0943951023931957,4.0
-26.03064289763487,44.91327027636163,-2.091060078344799,4.0
-26.08023415916233,44.826374681737356,-2.087725054296402,4.0
-26.129535346542916,44.739314182612574,-2.084390030248005,4.0
-26.178545911430337,44.65208974730683,-2.081055006199608,4.0
-26.227265308710706,44.56470234596299,-2.077719982151211,4.0
-26.2756929965086,44.47715295053655,-2.074384958102815,4.0
-26.32382843619313,44.38944253478466,-2.071049934054418,4.0
-26.37167109238387,44.3015720742555,-2.0677149100060213,4.0
-26.419220432956855,44.2135425462773,-2.0643798859576243,4.0
-26.466475929050482,44.12535492994748,-2.0610448619092274,4.0
-26.5134370550714,44.03701020612178,-2.0577098378608305,4.0
-26.560103288700347,43.94850935740336,-2.0543748138124336,4.0
-26.60647411089797,43.859853368131866,-2.0510397897640367,4.0
-26.65254900591059,43.771043224372455,-2.0477047657156398,4.0
-26.698327461275944,43.68207991390486,-2.044369741667243,4.0
-26.74380896782887,43.59296442621241,-2.041034717618847,4.0
-26.78899301970701,43.503697752470956,-2.03769969357045,4.0
-26.833879114356385,43.41428088553792,-2.034364669522053,4.0
-26.878466752537015,43.32471481994126,-2.031029645473656,4.0
-26.922755438328455,43.23500055186835,-2.027694621425259,4.0
-26.966744679135335,43.14513907915493,-2.024359597376862,4.0
-27.010433985692806,43.055131401274025,-2.021024573328466,4.0
-27.053822872072036,42.96497851932474,-2.0176895492800693,4.0
-27.096910855685547,42.87468143602127,-2.0143545252316724,4.0
-27.13969745729262,42.78424115568165,-2.0110195011832754,4.0
-27.182182201004625,42.6936586842166,-2.0076844771348785,4.0
-27.224364614290298,42.60293502911834,-2.0043494530864816,4.0
-27.26624422798103,42.512071199449394,-2.0010144290380847,4.0
-27.307820576276043,42.42106820583137,-1.9976794049896878,4.0
-27.349093196747592,42.329927060433675,-1.9943443809412909,4.0
-27.39006163034611,42.238648776962336,-1.991009356892894,4.0
-27.430725421405313,42.147234370648675,-1.987674332844498,4.0
-27.471084117647273,42.05568485823795,-1.984339308796101,4.0
-27.511137270187426,41.96400125797822,-1.981004284747704,4.0
-27.550884433539586,41.872184589608864,-1.9776692606993072,4.0
-27.590325165620893,41.780235874349316,-1.9743342366509102,4.0
-27.62945902775673,41.68815613488766,-1.9709992126025133,4.0
-27.668285584685595,41.59594639536935,-1.9676641885541173,4.0
-27.706804404563975,41.503607681385624,-1.9643291645057204,4.0
-27.7450150589711,41.41114101996233,-1.9609941404573235,4.0
-27.782917122913737,41.318547439548354,-1.9576591164089265,4.0
-27.82051017483092,41.22582797000423,-1.9543240923605296,4.0
-27.857793796598614,41.13298364259068,-1.9509890683121327,4.0
-27.894767573534406,41.040015489957135,-1.9476540442637358,4.0
-27.93143109440207,40.94692454613026,-1.9443190202153389,4.0
-27.967783951416173,40.85371184650246,-1.940983996166942,4.0
-28.003825740246615,40.76037842782033,-1.937648972118545,4.0
-28.03955606002309,40.66692532817317,-1.9343139480701481,4.0
-28.074974513339587,40.573353586981405,-1.9309789240217512,4.0
-28.11008070625877,40.47966424498507,-1.9276438999733552,4.0
-28.144874248316412,40.385858344232105,-1.9243088759249583,4.0
-28.17935475252568,40.29193692806696,-1.9209738518765613,4.0
-28.21352183538147,40.197901041118854,-1.9176388278281644,4.0
-28.24737511686467,40.103751729290195,-1.9143038037797675,4.0
-28.28091422044639,40.00949003974494,-1.9109687797313706,4.0
-28.314138773092125,39.915117020896986,-1.9076337556829746,4.0
-28.347048405265962,39.82063372239839,-1.9042987316345776,4.0
-28.379642750934615,39.72604119512787,-1.9009637075861807,4.0
-28.411921447571544,39.631340491178996,-1.8976286835377838,4.0
-28.44388413616098,39.53653266384852,-1.8942936594893869,4.0
-28.475530461201913,39.44161876762465,-1.89095863544099,4.0
-28.50686007071204,39.34659985817535,-1.887623611392593,4.0
-28.5378726162317,39.25147699233657,-1.8842885873441961,4.0
-28.56856775282772,39.1562512281005,-1.8809535632957992,4.0
-28.59894513909729,39.060923624603824,-1.8776185392474023,4.0
-28.6290044371717,38.96549524211591,-1.8742835151990063,4.0
-28.658745312720196,38.86996714202698,-1.8709484911506093,4.0
-28.688167434953584,38.77434038683642,-1.8676134671022124,4.0
-28.717270476627988,38.678616040140874,-1.8642784430538155,4.0
-28.746054114048462,38.58279516662243,-1.8609434190054186,4.0
-28.7745180270726,38.48687883203678,-1.8576083949570217,4.0
-28.802661899114067,38.39086810320141,-1.8542733709086257,4.0
-28.830485417146186,38.2947640479836,-1.8509383468602287,4.0
-28.857988271705334,38.19856773528873,-1.8476033228118318,4.0
-28.885170156894457,38.10228023504827,-1.844268298763435,4.0
-28.91203077038643,38.00590261820791,-1.840933274715038,4.0
-28.938569813427428,37.90943595671567,-1.837598250666641,4.0
-28.96478699084027,37.81288132350993,-1.8342632266182441,4.0
-28.99068201102767,37.71623979250754,-1.8309282025698472,4.0
-29.016254585975496,37.61951243859186,-1.8275931785214503,4.0
-29.04150443125598,37.5227003376008,-1.8242581544730534,4.0
-29.066431266030868,37.425804566314895,-1.8209231304246574,4.0
-29.091034813054566,37.32882620244519,-1.8175881063762604,4.0
-29.11531479867719,37.23176632462147,-1.8142530823278635,4.0
-29.139270952847628,37.13462601238008,-1.8109180582794666,4.0
-29.16290300911655,37.03740634615203,-1.8075830342310697,4.0
-29.18621070463936,36.940108407250904,-1.8042480101826728,4.0
-29.209193780179127,36.8427332778609,-1.8009129861342767,4.0
-29.231851980109468,36.74528204102469,-1.7975779620858798,4.0
-29.25418505241738,36.64775578063149,-1.794242938037483,4.0
-29.27619274870606,36.55015558140497,-1.790907913989086,4.0
-29.29787482419765,36.452482528891146,-1.787572889940689,4.0
-29.319231037735975,36.35473770944635,-1.7842378658922922,4.0
-29.34026115178922,36.25692221022511,-1.7809028418438952,4.0
-29.360964932452564,36.159037119168126,-1.7775678177954983,4.0
-29.381342149450795,36.061083524990075,-1.7742327937471014,4.0
-29.401392576140864,35.96306251716758,-1.7708977696987045,4.0
-29.421115989514394,35.86497518592708,-1.7675627456503085,4.0
-29.4405121702002,35.766822622232624,-1.7642277216019115,4.0
-29.459580902466676,35.66860591777385,-1.7608926975535146,4.0
-29.47832197422423,35.570326164953805,-1.7575576735051177,4.0
-29.49673517702763,35.471984456876754,-1.7542226494567208,4.0
-29.51482030607833,35.373581887336066,-1.7508876254083239,4.0
-29.53257716022674,35.275119550802046,-1.7475526013599278,4.0
-29.550005541974468,35.17659854240969,-1.744217577311531,4.0
-29.56710525747652,35.07801995794663,-1.740882553263134,4.0
-29.58387611654344,34.979384893840866,-1.737547529214737,4.0
-29.600317932643446,34.88069444714857,-1.7342125051663402,4.0
-29.616430522904487,34.78194971554191,-1.7308774811179433,4.0
-29.632213708116296,34.68315179729683,-1.7275424570695463,4.0
-29.647667312732366,34.584301791280836,-1.7242074330211494,4.0
-29.66279116487191,34.48540079694078,-1.7208724089727525,4.0
-29.677585096321767,34.38644991429061,-1.7175373849243556,4.0
-29.692048942538285,34.28745024389918,-1.7142023608759596,4.0
-29.70618254264914,34.18840288687792,-1.7108673368275626,4.0
-29.71998573945514,34.0893089448687,-1.7075323127791657,4.0
-29.73345837943194,33.990169520031515,-1.7041972887307688,4.0
-29.74660031273179,33.890985715032244,-1.700862264682372,4.0
-29.75941139318518,33.79175863303036,-1.697527240633975,4.0
-29.771891478302457,33.692489377666725,-1.694192216585579,4.0
-29.784040429275446,33.593179053051166,-1.690857192537182,4.0
-29.795858110978955,33.4938287637504,-1.6875221684887851,4.0
-29.80734439197229,33.39443961477561,-1.6841871444403882,4.0
-29.81849914450073,33.29501271157019,-1.6808521203919913,4.0
-29.829322244496936,33.19554915999745,-1.6775170963435944,4.0
-29.839813571582322,33.09605006632831,-1.6741820722951974,4.0
-29.849973009068417,32.99651653722903,-1.6708470482468005,4.0
-29.859800443958143,32.89694967974884,-1.6675120241984036,4.0
-29.86929576694709,32.79735060130769,-1.6641770001500067,4.0
-29.878458872424712,32.69772040968391,-1.6608419761016107,4.0
-29.887289658475506,32.5980602130018,-1.6575069520532137,4.0
-29.89578802688017,32.498371119719486,-1.6541719280048168,4.0
-29.90395388311665,32.39865423861645,-1.65083690395642,4.0
-29.911787136361237,32.298910678781255,-1.647501879908023,4.0
-29.919287699489548,32.19914154959918,-1.644166855859626,4.0
-29.926455489077505,32.099347960739934,-1.64083183181123,4.0
-29.93329042540227,31.999531022145185,-1.6374968077628331,4.0
-29.939792432443106,31.899691844016395,-1.6341617837144362,4.0
-29.945961437882268,31.79983153680235,-1.6308267596660393,4.0
-29.951797373105748,31.69995121118685,-1.6274917356176424,4.0
-29.957300173204093,31.600051978076333,-1.6241567115692455,4.0
-29.962469776973098,31.500134948587547,-1.6208216875208485,4.0
-29.967306126914483,31.400201234035173,-1.6174866634724516,4.0
-29.971809169236558,31.300251945919463,-1.6141516394240547,4.0
-29.975978853854794,31.200288195913895,-1.6108166153756578,4.0
-29.979815134392393,31.100311095852817,-1.6074815913272618,4.0
-29.983317968180806,31.000321757718982,-1.6041465672788648,4.0
-29.986487316260202,30.900321293631347,-1.600811543230468,4.0
-29.989323143379902,30.800310815832574,-1.597476519182071,4.0
-29.991825417998772,30.700291436676718,-1.594141495133674,4.0
-29.993994112285577,30.600264268616826,-1.5908064710852772,4.0
-29.995829202119285,30.50023042419261,-1.5874714470368811,4.0
-29.99733066708934,30.400191016017956,-1.5841364229884842,4.0
-29.998498490495884,30.300147156768713,-1.5808013989400873,4.0
-29.999332659349943,30.200099959170206,-1.5774663748916904,4.0
-29.999833164373584,30.1000505359849,-1.5741313508432935,4.0
-30.0,30.000000000000004,-1.5707963267948966,4.0
-29.999833164373584,29.89994946401511,-1.5674613027464996,4.0
-29.999332659349943,29.7999000408298,-1.5641262786981027,4.0
-29.998498490495884,29.699852843231294,-1.5607912546497058,4.0
-29.99733066708934,29.59980898398205,-1.5574562306013089,4.0
-29.995829202119285,29.4997695758074,-1.554121206552912,4.0
-29.993994112285577,29.39973573138318,-1.550786182504516,4.0
-29.991825417998772,29.29970856332329,-1.547451158456119,4.0
-29.989323143379902,29.199689184167433,-1.544116134407722,4.0
-29.986487316260202,29.09967870636866,-1.5407811103593252,4.0
-29.983317968180806,28.999678242281025,-1.5374460863109283,4.0
-29.979815134392393,28.89968890414719,-1.5341110622625314,4.0
-29.975978853854794,28.79971180408611,-1.5307760382141353,4.0
-29.971809169236558,28.699748054080544,-1.5274410141657384,4.0
-29.967306126914483,28.599798765964835,-1.5241059901173415,4.0
-29.962469776973098,28.49986505141246,-1.5207709660689446,4.0
-29.957300173204093,28.399948021923674,-1.5174359420205477,4.0
-29.951797373105748,28.300048788813157,-1.5141009179721507,4.0
-29.945961437882268,28.200168463197656,-1.5107658939237538,4.0
-29.939792432443106,28.100308155983612,-1.507430869875357,4.0
-29.93329042540227,28.000468977854823,-1.50409584582696,4.0
-29.926455489077505,27.900652039260073,-1.500760821778563,4.0
-29.919287699489548,27.800858450400828,-1.497425797730167,4.0
-29.911787136361237,27.701089321218753,-1.4940907736817701,4.0
-29.90395388311665,27.601345761383556,-1.4907557496333732,4.0
-29.89578802688017,27.50162888028052,-1.4874207255849763,4.0
-29.887289658475506,27.401939786998206,-1.4840857015365794,4.0
-29.878458872424712,27.3022795903161,-1.4807506774881825,4.0
-29.86929576694709,27.202649398692316,-1.4774156534397864,4.0
-29.859800443958147,27.10305032025116,-1.4740806293913895,4.0
-29.849973009068417,27.003483462770976,-1.4707456053429926,4.0
-29.839813571582322,26.903949933671694,-1.4674105812945957,4.0
-29.829322244496936,26.804450840002563,-1.4640755572461988,4.0
-29.81849914450073,26.70498728842982,-1.4607405331978018,4.0
-29.80734439197229,26.605560385224397,-1.457405509149405,4.0
-29.795858110978955,26.506171236249607,-1.454070485101008,4.0
-29.784040429275446,26.40682094694884,-1.450735461052611,4.0
-29.771891478302457,26.307510622333282,-1.4474004370042142,4.0
-29.75941139318518,26.208241366969645,-1.4440654129558181,4.0
-29.74660031273179,26.10901428496776,-1.4407303889074212,4.0
-29.73345837943194,26.00983047996849,-1.4373953648590243,4.0
-29.71998573945514,25.91069105513131,-1.4340603408106274,4.0
-29.706182542649145,25.81159711312209,-1.4307253167622305,4.0
-29.692048942538285,25.712549756100827,-1.4273902927138336,4.0
-29.677585096321767,25.6135500857094,-1.4240552686654375,4.0
-29.66279116487191,25.514599203059227,-1.4207202446170406,4.0
-29.647667312732366,25.415698208719167,-1.4173852205686437,4.0
-29.6322137081163,25.316848202703177,-1.4140501965202468,4.0
-29.616430522904487,25.218050284458098,-1.4107151724718499,4.0
-29.600317932643446,25.11930555285144,-1.407380148423453,4.0
-29.583876116543443,25.020615106159145,-1.404045124375056,4.0
-29.567105257476523,24.921980042053377,-1.400710100326659,4.0
-29.55000554197447,24.823401457590318,-1.3973750762782622,4.0
-29.53257716022674,24.72488044919796,-1.3940400522298653,4.0
-29.51482030607833,24.626418112663945,-1.3907050281814692,4.0
-29.49673517702763,24.528015543123253,-1.3873700041330723,4.0
-29.47832197422423,24.4296738350462,-1.3840349800846754,4.0
-29.459580902466676,24.331394082226154,-1.3806999560362785,4.0
-29.4405121702002,24.233177377767383,-1.3773649319878816,4.0
-29.421115989514398,24.135024814072924,-1.3740299079394847,4.0
-29.401392576140864,24.03693748283243,-1.3706948838910886,4.0
-29.381342149450795,23.938916475009933,-1.3673598598426917,4.0
-29.360964932452564,23.84096288083188,-1.3640248357942948,4.0
-29.34026115178922,23.743077789774894,-1.3606898117458979,4.0
-29.319231037735978,23.64526229055366,-1.357354787697501,4.0
-29.29787482419765,23.547517471108858,-1.354019763649104,4.0
-29.276192748706062,23.449844418595035,-1.3506847396007071,4.0
-29.25418505241738,23.35224421936851,-1.3473497155523102,4.0
-29.23185198010947,23.25471795897532,-1.3440146915039133,4.0
-29.20919378017913,23.157266722139106,-1.3406796674555164,4.0
-29.186210704639365,23.059891592749103,-1.3373446434071203,4.0
-29.16290300911655,22.96259365384798,-1.3340096193587234,4.0
-29.13927095284763,22.865373987619925,-1.3306745953103265,4.0
-29.11531479867719,22.768233675378543,-1.3273395712619296,4.0
-29.09103481305457,22.671173797554815,-1.3240045472135327,4.0
-29.066431266030868,22.574195433685116,-1.3206695231651358,4.0
-29.041504431255984,22.477299662399204,-1.3173344991167397,4.0
-29.016254585975496,22.380487561408145,-1.3139994750683428,4.0
-28.990682011027673,22.283760207492467,-1.3106644510199459,4.0
-28.964786990840274,22.18711867649008,-1.307329426971549,4.0
-28.93856981342743,22.09056404328434,-1.303994402923152,4.0
-28.912030770386433,21.994097381792095,-1.3006593788747551,4.0
-28.88517015689446,21.897719764951738,-1.2973243548263582,4.0
-28.857988271705338,21.80143226471128,-1.2939893307779613,4.0
-28.830485417146186,21.70523595201641,-1.2906543067295644,4.0
-28.80266189911407,21.609131896798598,-1.2873192826811675,4.0
-28.7745180270726,21.513121167963227,-1.2839842586327714,4.0
-28.746054114048466,21.417204833377575,-1.2806492345843745,4.0
-28.717270476627988,21.321383959859133,-1.2773142105359776,4.0
-28.688167434953588,21.225659613163586,-1.2739791864875807,4.0
-28.6587453127202,21.130032857973028,-1.2706441624391838,4.0
-28.629004437171705,21.0345047578841,-1.2673091383907868,4.0
-28.59894513909729,20.939076375396183,-1.2639741143423908,4.0
-28.56856775282772,20.8437487718995,-1.260639090293994,4.0
-28.537872616231702,20.748523007663437,-1.257304066245597,4.0
-28.506860070712044,20.653400141824655,-1.2539690421972,4.0
-28.475530461201917,20.558381232375353,-1.2506340181488032,4.0
-28.44388413616098,20.46346733615149,-1.2472989941004062,4.0
-28.411921447571547,20.368659508821008,-1.2439639700520093,4.0
-28.379642750934615,20.273958804872137,-1.2406289460036124,4.0
-28.347048405265966,20.179366277601616,-1.2372939219552155,4.0
-28.31413877309213,20.08488297910302,-1.2339588979068186,4.0
-28.28091422044639,19.990509960255068,-1.2306238738584225,4.0
-28.247375116864674,19.896248270709812,-1.2272888498100256,4.0
-28.213521835381474,19.80209895888115,-1.2239538257616287,4.0
-28.179354752525683,19.708063071933044,-1.2206188017132318,4.0
-28.144874248316416,19.614141655767902,-1.2172837776648349,4.0
-28.110080706258774,19.52033575501494,-1.213948753616438,4.0
-28.07497451333959,19.4266464130186,-1.210613729568042,4.0
-28.03955606002309,19.333074671826836,-1.207278705519645,4.0
-28.003825740246615,19.239621572179676,-1.203943681471248,4.0
-27.967783951416177,19.146288153497547,-1.2006086574228512,4.0
-27.931431094402072,19.053075453869745,-1.1972736333744542,4.0
-27.89476757353441,18.959984510042872,-1.1939386093260573,4.0
-27.857793796598617,18.867016357409327,-1.1906035852776604,4.0
-27.820510174830922,18.77417202999578,-1.1872685612292635,4.0
-27.78291712291374,18.681452560451653,-1.1839335371808666,4.0
-27.745015058971102,18.588858980037678,-1.1805985131324697,4.0
-27.70680440456399,18.496392318614404,-1.1772634890840736,4.0
-27.668285584685606,18.404053604630683,-1.1739284650356767,4.0
-27.629459027756734,18.31184386511234,-1.1705934409872798,4.0
-27.590325165620897,18.219764125650695,-1.1672584169388829,4.0
-27.55088443353959,18.127815410391143,-1.163923392890486,4.0
-27.51113727018743,18.03599874202179,-1.160588368842089,4.0
-27.471084117647276,17.944315141762054,-1.1572533447936921,4.0
-27.430725421405324,17.85276562935136,-1.153918320745296,4.0
-27.390061630346114,17.76135122303767,-1.1505832966968992,4.0
-27.349093196747592,17.670072939566328,-1.1472482726485023,4.0
-27.307820576276043,17.57893179416864,-1.1439132486001053,4.0
-27.266244227981034,17.487928800550606,-1.1405782245517084,4.0
-27.2243646142903,17.397064970881665,-1.1372432005033115,4.0
-27.18218220100463,17.306341315783406,-1.1339081764549146,4.0
-27.139697457292623,17.21575884431836,-1.1305731524065177,4.0
-27.09691085568555,17.125318563978738,-1.1272381283581208,4.0
-27.053822872072043,17.03502148067527,-1.1239031043097238,4.0
-27.01043398569281,16.944868598725986,-1.120568080261327,4.0
-26.96674467913534,16.854860920845077,-1.117233056212931,4.0
-26.92275543832846,16.764999448131654,-1.113898032164534,4.0
-26.878466752537015,16.675285180058744,-1.110563008116137,4.0
-26.83387911435639,16.585719114462083,-1.1072279840677401,4.0
-26.78899301970703,16.49630224752908,-1.1038929600193441,4.0
-26.743808967828883,16.407035573787617,-1.1005579359709472,4.0
-26.698327461275948,16.31792008609515,-1.0972229119225503,4.0
-26.652549005910593,16.22895677562755,-1.0938878878741534,4.0
-26.60647411089797,16.14014663186814,-1.0905528638257564,4.0
-26.560103288700347,16.051490642596647,-1.0872178397773595,4.0
-26.513437055071403,15.96298979387823,-1.0838828157289626,4.0
-26.466475929050485,15.87464507005253,-1.0805477916805657,4.0
-26.41922043295686,15.786457453722706,-1.0772127676321688,4.0
-26.371671092383874,15.6984279257445,-1.0738777435837719,4.0
-26.323828436193132,15.610557465215345,-1.070542719535375,4.0
-26.275692996508603,15.522847049463461,-1.067207695486978,4.0
-26.22726530871071,15.435297654037017,-1.063872671438582,4.0
-26.17854591143034,15.347910252693179,-1.060537647390185,4.0
-26.129535346542923,15.260685817387428,-1.0572026233417882,4.0
-26.08023415916233,15.17362531826265,-1.0538675992933912,4.0
-26.030642897634884,15.086729723638397,-1.0505325752449952,4.0
-25.98076211353317,15.00000000000002,-1.0471975511965983,4.0
-25.93059236164999,14.913437111988058,-1.0438625271482014,4.0
-25.88013419999214,14.827042022387422,-1.0405275030998045,4.0
-25.829388189774225,14.740815692116707,-1.0371924790514075,4.0
-25.778354895412402,14.654759080217497,-1.0338574550030106,4.0
-25.72703488451812,14.568873143843714,-1.0305224309546137,4.0
-25.675428727891777,14.483158838250953,-1.0271874069062168,4.0
-25.62353699951642,14.397617116785876,-1.0238523828578199,4.0
-25.571360276551303,14.312248930875588,-1.020517358809423,4.0
-25.518899139325516,14.227055230017084,-1.017182334761026,4.0
-25.466154171331503,14.142036961766655,-1.0138473107126291,4.0
-25.4131259592186,14.05719507172939,-1.010512286664233,4.0
-25.359815092786445,13.972530503548576,-1.0071772626158362,4.0
-25.306222164978497,13.888044198895312,-1.0038422385674393,4.0
-25.25234777187541,13.80373709745798,-1.0005072145190423,4.0
-25.198192512688404,13.719610136931792,-0.9971721904706463,4.0
-25.143756989752557,13.63566425300833,-0.9938371664222494,4.0
-25.089041808520182,13.551900379365211,-0.9905021423738525,4.0
-25.034047577554055,13.468319447655666,-0.9871671183254556,4.0
-24.97877490852064,13.384922387498165,-0.9838320942770586,4.0
-24.92322441618329,13.301710126466094,-0.9804970702286617,4.0
-24.867396718395423,13.218683590077433,-0.9771620461802648,4.0
-24.811292436093634,13.13584370178446,-0.9738270221318679,4.0
-24.75491219329079,13.053191382963483,-0.970491998083471,4.0
-24.698256617069102,12.970727552904606,-0.9671569740350741,4.0
-24.64132633757314,12.888453128801466,-0.9638219499866771,4.0
-24.584121988002828,12.806369025741077,-0.9604869259382802,4.0
-24.526644204606413,12.724476156693637,-0.9571519018898842,4.0
-24.46889362667333,12.642775432502315,-0.9538168778414873,4.0
-24.41087089652719,12.561267761873232,-0.9504818537930904,4.0
-24.35257665951855,12.479954051365272,-0.9471468297446934,4.0
-24.29401156401781,12.398835205380045,-0.9438118056962974,4.0
-24.235176261407886,12.317912126151743,-0.9404767816479005,4.0
-24.176071406077106,12.237185713737226,-0.9371417575995036,4.0
-24.116697655411837,12.156656866005932,-0.9338067335511067,4.0
-24.057055669789204,12.076326478629916,-0.9304717095027097,4.0
-23.997146112569745,11.996195445073873,-0.9271366854543128,4.0
-23.936969650090028,11.916264656585216,-0.9238016614059159,4.0
-23.876526951655233,11.83653500218416,-0.920466637357519,4.0
-23.81581868953173,11.75700736865382,-0.9171316133091221,4.0
-23.754845538939588,11.67768264053037,-0.9137965892607252,4.0
-23.693608178045046,11.5985617000932,-0.9104615652123282,4.0
-23.63210728795301,11.519645427355073,-0.9071265411639313,4.0
-23.57034355269946,11.440934700052399,-0.9037915171155353,4.0
-23.508317659243794,11.362430393635375,-0.9004564930671384,4.0
-23.446030297461284,11.284133381258364,-0.8971214690187415,4.0
-23.38348216013533,11.206044533770104,-0.8937864449703445,4.0
-23.320673942949796,11.128164719704063,-0.8904514209219485,4.0
-23.257606344481193,11.050494805268713,-0.8871163968735516,4.0
-23.19428006619103,10.973035654337991,-0.8837813728251547,4.0
-23.130695812417926,10.89578812844163,-0.8804463487767578,4.0
-23.066854290369804,10.818753086755592,-0.8771113247283608,4.0
-23.00275621011601,10.741931386092496,-0.8737763006799639,4.0
-22.938402284579446,10.665323880892124,-0.870441276631567,4.0
-22.873793229528605,10.588931423211875,-0.8671062525831701,4.0
-22.80892976356963,10.512754862717323,-0.8637712285347732,4.0
-22.74381260813832,10.436795046672739,-0.8604362044863763,4.0
-22.67844248749211,10.3610528199317,-0.8571011804379793,4.0
-22.612820128701994,10.285529024927659,-0.8537661563895824,4.0
-22.546946261644482,10.210224501664605,-0.8504311323411864,4.0
-22.4808216189934,10.135140087707665,-0.8470961082927895,4.0
-22.414446936211835,10.060276618173866,-0.8437610842443926,4.0
-22.347822951543915,9.985634925722799,-0.8404260601959956,4.0
-22.280950406006596,9.911215840547381,-0.8370910361475996,4.0
-22.21383004338139,9.837020190364559,-0.8337560120992027,4.0
-22.14646261020615,9.7630488004062,-0.8304209880508058,4.0
-22.07884885576675,9.689302493409851,-0.8270859640024089,4.0
-22.010989532088722,9.615782089609603,-0.8237509399540119,4.0
-21.94288539392892,9.542488406726957,-0.820415915905615,4.0
-21.874537198767108,9.469422259961753,-0.8170808918572181,4.0
-21.805945706797555,9.396584461983078,-0.8137458678088212,4.0
-21.737111680920567,9.323975822920243,-0.8104108437604243,4.0
-21.66803588673399,9.251597150353767,-0.8070758197120274,4.0
-21.59871909252472,9.179449249306394,-0.8037407956636304,4.0
-21.52916206926015,9.107532922234146,-0.8004057716152335,4.0
-21.459365590579587,9.035848969017401,-0.7970707475668375,4.0
-21.389330432785624,8.964398186951943,-0.7937357235184406,4.0
-21.319057374835566,8.893181370740184,-0.7904006994700437,4.0
-21.248547198332727,8.822199312482269,-0.7870656754216467,4.0
-21.17780068751774,8.75145280166728,-0.7837306513732498,4.0
-21.106818629259823,8.680942625164441,-0.7803956273248529,4.0
-21.035601813048064,8.610669567214384,-0.777060603276456,4.0
-20.964151030982606,8.54063440942042,-0.7737255792280591,4.0
-20.89246707776586,8.470837930739862,-0.770390555179663,4.0
-20.820550750693613,8.401280907475286,-0.7670555311312661,4.0
-20.74840284964624,8.331964113266018,-0.7637205070828692,4.0
-20.676024177079768,8.26288831907944,-0.7603854830344723,4.0
-20.60341553801693,8.194054293202452,-0.7570504589860754,4.0
-20.530577740038254,8.1254628012329,-0.7537154349376785,4.0
-20.45751159327305,8.057114606071089,-0.7503804108892815,4.0
-20.384217910390404,7.989010467911285,-0.7470453868408846,4.0
-20.310697506590152,7.9211511442332565,-0.7437103627924877,4.0
-20.236951199593808,7.853537389793853,-0.7403753387440908,4.0
-20.16297980963545,7.786169956618618,-0.7370403146956939,4.0
-20.088784159452622,7.719049593993407,-0.733705290647297,4.0
-20.014365074277208,7.6521770484560925,-0.7303702665989009,4.0
-19.93972338182614,7.585553063788172,-0.727035242550504,4.0
-19.864859912292342,7.519178381006608,-0.7237002185021071,4.0
-19.789775498335402,7.453053738355521,-0.7203651944537102,4.0
-19.71447097507235,7.3871798712980095,-0.7170301704053141,4.0
-19.638947180068307,7.321557512507894,-0.7136951463569172,4.0
-19.563204953327265,7.25618739186168,-0.7103601223085203,4.0
-19.487245137282688,7.191070236430377,-0.7070250982601234,4.0
-19.411068576788132,7.126206770471402,-0.7036900742117265,4.0
-19.334676119107883,7.061597715420561,-0.7003550501633296,4.0
-19.25806861390751,6.997243789883996,-0.6970200261149326,4.0
-19.181246913244415,6.933145709630203,-0.6936850020665357,4.0
-19.104211871558377,6.8693041875820775,-0.6903499780181388,4.0
-19.026964345662016,6.805719933808973,-0.6870149539697419,4.0
-18.949505194731294,6.742393655518811,-0.683679929921345,4.0
-18.871835280295944,6.679326057050211,-0.680344905872948,4.0
-18.793955466229907,6.616517839864674,-0.677009881824552,4.0
-18.715866618741643,6.553969702538723,-0.6736748577761551,4.0
-18.637569606364632,6.491682340756213,-0.6703398337277582,4.0
-18.55906529994761,6.429656447300548,-0.6670048096793613,4.0
-18.480354572644934,6.367892712046995,-0.6636697856309652,4.0
-18.40143829990681,6.306391821954961,-0.6603347615825683,4.0
-18.322317359469633,6.2451544610604195,-0.6569997375341714,4.0
-18.242992631346187,6.184181310468272,-0.6536647134857745,4.0
-18.16346499781585,6.123473048344771,-0.6503296894373776,4.0
-18.08373534341479,6.06303034990998,-0.6469946653889806,4.0
-18.003804554926134,6.002853887430263,-0.6436596413405837,4.0
-17.923673521370095,5.9429443302108,-0.6403246172921868,4.0
-17.843343133994075,5.88330234458817,-0.6369895932437899,4.0
-17.76281428626278,5.823928593922901,-0.633654569195393,4.0
-17.682087873848264,5.764823738592117,-0.6303195451469961,4.0
-17.60116479461996,5.705988435982196,-0.6269845210985991,4.0
-17.520045948634735,5.647423340481453,-0.6236494970502031,4.0
-17.438732238126775,5.589129103472818,-0.6203144730018062,4.0
-17.357224567497692,5.531106373326672,-0.6169794489534093,4.0
-17.275523843306367,5.473355795393591,-0.6136444249050124,4.0
-17.19363097425893,5.415878011997176,-0.6103094008566163,4.0
-17.11154687119854,5.358673662426867,-0.6069743768082194,4.0
-17.0292724470954,5.301743382930905,-0.6036393527598225,4.0
-16.94680861703652,5.245087806709215,-0.6003043287114256,4.0
-16.864156298215548,5.188707563906373,-0.5969693046630287,4.0
-16.781316409922578,5.132603281604581,-0.5936342806146317,4.0
-16.698289873533913,5.0767755838167155,-0.5902992565662348,4.0
-16.615077612501842,5.021225091479366,-0.5869642325178379,4.0
-16.531680552344344,4.965952422445948,-0.583629208469441,4.0
-16.448099620634796,4.910958191479821,-0.5802941844210441,4.0
-16.364335746991678,4.85624301024745,-0.5769591603726472,4.0
-16.280389863068216,4.801807487311599,-0.5736241363242502,4.0
-16.19626290254203,4.747652228124593,-0.5702891122758542,4.0
-16.111955801104692,4.693777835021507,-0.5669540882274573,4.0
-16.027469496451435,4.640184907213559,-0.5636190641790604,4.0
-15.942804928270617,4.586874040781403,-0.5602840401306635,4.0
-15.857963038233354,4.5338458286685,-0.5569490160822674,4.0
-15.772944769982924,4.481100860674488,-0.5536139920338705,4.0
-15.687751069124419,4.428639723448704,-0.5502789679854736,4.0
-15.602382883214133,4.376463000483586,-0.5469439439370767,4.0
-15.516841161749054,4.324571272108226,-0.5436089198886798,4.0
-15.431126856156295,4.272965115481885,-0.5402738958402828,4.0
-15.345240919782508,4.221645104587601,-0.5369388717918859,4.0
-15.2591843078833,4.170611810225779,-0.533603847743489,4.0
-15.172957977612585,4.119865800007865,-0.5302688236950921,4.0
-15.086562888011951,4.069407638350018,-0.5269337996466952,4.0
-14.999999999999988,4.019237886466836,-0.5235987755982983,4.0
-14.913270276361612,3.9693571023651195,-0.5202637515499013,4.0
-14.826374681737358,3.919765840837673,-0.5169287275015053,4.0
-14.73931418261258,3.870464653457084,-0.5135937034531084,4.0
-14.65208974730683,3.821454088569663,-0.5102586794047115,4.0
-14.564702345962992,3.772734691289294,-0.5069236553563146,4.0
-14.477152950536547,3.7243070034914005,-0.5035886313079185,4.0
-14.389442534784664,3.6761715638068715,-0.5002536072595216,4.0
-14.301572074255507,3.6283289076161296,-0.4969185832111247,4.0
-14.213542546277303,3.580779567043148,-0.4935835591627278,4.0
-14.125354929947475,3.533524070949518,-0.49024853511433086,4.0
-14.037010206121778,3.4865629449286004,-0.48691351106593395,4.0
-13.948509357403362,3.439896711299653,-0.48357848701753703,4.0
-13.859853368131866,3.3935258891020297,-0.4802434629691401,4.0
-13.771043224372454,3.34745099408941,-0.4769084389207432,4.0
-13.682079913904861,3.301672538724059,-0.4735734148723463,4.0
-13.592964426212392,3.2561910321711203,-0.47023839082394936,4.0
-13.503697752470929,3.211006980292975,-0.46690336677555244,4.0
-13.414280885537925,3.1661208856436147,-0.4635683427271564,4.0
-13.324714819941267,3.121533247462988,-0.4602333186787595,4.0
-13.235000551868355,3.077244561671545,-0.4568982946303626,4.0
-13.14513907915493,3.033255320864665,-0.45356327058196566,4.0
-13.055131401274023,2.9895660143071936,-0.45022824653356963,4.0
-12.964978519324738,2.946177127927964,-0.4468932224851727,4.0
-12.874681436021271,2.9030891443144533,-0.4435581984367758,4.0
-12.784241155681652,2.8603025427073803,-0.4402231743883789,4.0
-12.6936586842166,2.817817798995378,-0.43688815033998196,4.0
-12.602935029118342,2.775635385709702,-0.43355312629158504,4.0
-12.5120711994494,2.73375577201897,-0.4302181022431881,4.0
-12.42106820583137,2.6921794237239602,-0.4268830781947912,4.0
-12.32992706043368,2.6509068032524112,-0.4235480541463943,4.0
-12.238648776962338,2.6099383696538894,-0.4202130300979974,4.0
-12.147234370648649,2.56927457859468,-0.41687800604960046,4.0
-12.055684858237928,2.5289158823527167,-0.41354298200120354,4.0
-11.96400125797822,2.488862729812574,-0.4102079579528075,4.0
-11.872184589608864,2.4491155664604136,-0.4068729339044106,4.0
-11.780235874349314,2.409674834379107,-0.4035379098560137,4.0
-11.688156134887667,2.370540972243269,-0.40020288580761676,4.0
-11.595946395369328,2.331714415314398,-0.39686786175921984,4.0
-11.503607681385628,2.2931955954360284,-0.3935328377108238,4.0
-11.41114101996233,2.2549849410289013,-0.3901978136624269,4.0
-11.318547439548354,2.2170828770862627,-0.38686278961403,4.0
-11.225827970004232,2.1794898251690817,-0.38352776556563306,4.0
-11.13298364259068,2.1422062034013862,-0.38019274151723614,4.0
-11.040015489957137,2.1052324264655944,-0.3768577174688392,4.0
-10.946924546130264,2.0685689055979317,-0.3735226934204423,4.0
-10.85371184650246,2.0322160485838268,-0.3701876693720454,4.0
-10.760378427820335,1.9961742597533885,-0.3668526453236485,4.0
-10.666925328173173,1.960443939976912,-0.36351762127525156,4.0
-10.573353586981408,1.925025486660413,-0.36018259722685464,4.0
-10.479664244985043,1.8899192937412224,-0.3568475731784577,4.0
-10.385858344232108,1.8551257516835875,-0.3535125491300617,4.0
-10.291936928066963,1.8206452474743209,-0.3501775250816648,4.0
-10.197901041118858,1.7864781646185293,-0.34684250103326786,4.0
-10.103751729290197,1.7526248831353293,-0.34350747698487094,4.0
-10.009490039744968,1.7190857795536196,-0.3401724529364749,4.0
-9.915117020896986,1.6858612269078748,-0.336837428888078,4.0
-9.820633722398394,1.6529515947340379,-0.3335024048396811,4.0
-9.726041195127873,1.6203572490653855,-0.33016738079128416,4.0
-9.631340491179,1.5880785524284562,-0.32683235674288724,4.0
-9.53653266384852,1.5561158638390218,-0.3234973326944903,4.0
-9.441618767624652,1.5244695387980869,-0.3201623086460934,4.0
-9.346599858175354,1.4931399292879597,-0.3168272845976965,4.0
-9.251476992336574,1.4621273837683013,-0.3134922605492996,4.0
-9.156251228100507,1.4314322471722782,-0.31015723650090266,4.0
-9.060923624603824,1.4010548609027111,-0.30682221245250574,4.0
-8.965495242115885,1.3709955628282913,-0.3034871884041088,4.0
-8.869967142026981,1.341254687279804,-0.3001521643557128,4.0
-8.774340386836423,1.3118325650464158,-0.2968171403073159,4.0
-8.678616040140877,1.2827295233720122,-0.29348211625891896,4.0
-8.58279516662243,1.2539458859515378,-0.29014709221052204,4.0
-8.48687883203681,1.2254819729274118,-0.286812068162126,4.0
-8.390868103201413,1.1973381008859327,-0.2834770441137291,4.0
-8.294764047983602,1.169514582853818,-0.2801420200653322,4.0
-8.19856773528873,1.1420117282946656,-0.27680699601693526,4.0
-8.10228023504827,1.114829843105543,-0.27347197196853834,4.0
-8.005902618207914,1.0879692296135701,-0.2701369479201414,4.0
-7.9094359567156705,1.0614301865725722,-0.2668019238717445,4.0
-7.812881323509931,1.0352130091597296,-0.2634668998233476,4.0
-7.716239792507541,1.009317988972331,-0.26013187577495067,4.0
-7.619512438591862,0.9837454140245079,-0.25679685172655375,4.0
-7.522700337600803,0.95849556874402,-0.25346182767815684,4.0
-7.425804566314867,0.9335687339691248,-0.2501268036297599,4.0
-7.3288262024451925,0.9089651869454336,-0.2467917795813639,4.0
-7.231766324621467,0.8846852013228101,-0.24345675553296697,4.0
-7.1346260123800835,0.8607290471523719,-0.24012173148457006,4.0
-7.03740634615203,0.8370969908834489,-0.23678670743617314,4.0
-6.940108407250931,0.8137892953606425,-0.2334516833877771,4.0
-6.842733277860904,0.7908062198208725,-0.2301166593393802,4.0
-6.745282041024689,0.7681480198905319,-0.22678163529098327,4.0
-6.647755780631496,0.7458149475826197,-0.22344661124258636,4.0
-6.550155581404975,0.7238072512939411,-0.22011158719418944,4.0
-6.452482528891151,0.702125175802351,-0.21677656314579252,4.0
-6.354737709446349,0.6807689622640254,-0.2134415390973956,4.0
-6.256922210225117,0.6597388482107789,-0.2101065150489987,4.0
-6.159037119168126,0.6390350675474359,-0.20677149100060177,4.0
-6.0610835249900745,0.6186578505492051,-0.20343646695220485,4.0
-5.96306251716758,0.5986074238591357,-0.20010144290380794,4.0
-5.864975185927058,0.5788840104855986,-0.19676641885541102,4.0
-5.766822622232624,0.5594878297997994,-0.193431394807015,4.0
-5.668605917773856,0.5404190975333236,-0.19009637075861807,4.0
-5.57032616495381,0.521678025775774,-0.18676134671022115,4.0
-5.471984456876758,0.5032648229723691,-0.18342632266182424,4.0
-5.373581887336091,0.4851796939216726,-0.1800912986134282,4.0
-5.275119550802047,0.4674228397732598,-0.1767562745650313,4.0
-5.176598542409691,0.4499944580255324,-0.17342125051663437,4.0
-5.078019957946633,0.43289474252348015,-0.17008622646823746,4.0
-4.979384893840865,0.41612388345656015,-0.16675120241984054,4.0
-4.880694447148569,0.3996820673565544,-0.16341617837144362,4.0
-4.78194971554191,0.3835694770955129,-0.1600811543230467,4.0
-4.683151797296833,0.3677862918837036,-0.1567461302746498,4.0
-4.584301791280841,0.35233268726763356,-0.15341110622625287,4.0
-4.485400796940781,0.3372088351280915,-0.15007608217785595,4.0
-4.386449914290608,0.3224149036782329,-0.14674105812945903,4.0
-4.287450243899157,0.30795105746171103,-0.14340603408106212,4.0
-4.188402886877919,0.2938174573508583,-0.1400710100326661,4.0
-4.089308944868701,0.2800142605448599,-0.13673598598426917,4.0
-3.990169520031521,0.2665416205680593,-0.13340096193587225,4.0
-3.890985715032248,0.25339968726821027,-0.13006593788747534,4.0
-3.7917586330303927,0.24058860681482486,-0.1267309138390793,4.0
-3.6924893776667265,0.2281085216975427,-0.12339588979068239,4.0
-3.5931790530511702,0.21595957072455718,-0.12006086574228547,4.0
-3.4938287637504044,0.20414188902104513,-0.11672584169388855,4.0
-3.394439614775612,0.1926556080277102,-0.11339081764549164,4.0
-3.295012711570189,0.18150085549926942,-0.11005579359709472,4.0
-3.1955491599974466,0.17067775550306408,-0.1067207695486978,4.0
-3.096050066328314,0.16018642841767772,-0.10338574550030089,4.0
-2.9965165372290326,0.15002699093158256,-0.10005072145190397,4.0
-2.8969496797488477,0.14019955604185697,-0.09671569740350705,4.0
-2.7973506013076945,0.13070423305291,-0.09338067335511013,4.0
-2.6977204096838836,0.12154112757528779,-0.09004564930671322,4.0
-2.5980602130018022,0.11271034152449388,-0.08671062525831719,4.0
-2.4983711197194878,0.10421197311983121,-0.08337560120992027,4.0
-2.398654238616454,0.09604611688335041,-0.08004057716152335,4.0
-2.2989106787812577,0.08821286363876624,-0.07670555311312643,4.0
-2.1991415495992093,0.08071230051045575,-0.0733705290647304,4.0
-2.0993479607399337,0.07354451092249548,-0.07003550501633349,4.0
-1.9995310221451852,0.06670957459773064,-0.06670048096793657,4.0
-1.8996918440163955,0.06020756755689405,-0.06336545691953965,4.0
-1.799831536802353,0.05403856211773217,-0.060030432871142736,4.0
-1.699951211186851,0.04820262689425192,-0.05669540882274582,4.0
-1.6000519780763363,0.042699826795907114,-0.0533603847743489,4.0
-1.5001349485875506,0.03753022302690212,-0.050025360725951984,4.0
-1.4002012340351744,0.032693873085516856,-0.04669033667755507,4.0
-1.3002519459194657,0.02819083076344242,-0.04335531262915815,4.0
-1.2002881959138971,0.024021146145205563,-0.04002028858076123,4.0
-1.1003110958527924,0.02018486560760735,-0.036685264532364315,4.0
-1.0003217577189853,0.01668203181919381,-0.033350240483968285,4.0
-0.9003212936313474,0.013512683739797637,-0.030015216435571368,4.0
-0.8003108158325761,0.010676856620097652,-0.02668019238717445,4.0
-0.700291436676719,0.008174582001228003,-0.023345168338777533,4.0
-0.6002642686168544,0.006005887714422897,-0.020010144290381504,4.0
-0.5002304241926119,0.004170797880714616,-0.016675120241984587,4.0
-0.4001910160179577,0.0026693329106599606,-0.01334009619358767,4.0
-0.300147156768714,0.0015015095041164273,-0.010005072145190752,4.0
-0.20009995917020926,0.0006673406500574686,-0.006670048096793835,4.0
-0.1000505359849022,0.000166835626416173,-0.0033350240483969174,4.0
